# celestial_dragon Body_Core.obj: Roblox cue frame, recentred on its bounding box
v -0.00000 0.15250 -3.17387
v -0.00590 0.14875 -3.17659
v -0.00590 0.14125 -3.17660
v 0.00000 0.13750 -3.17388
v 0.00590 0.14125 -3.17115
v 0.00590 0.14875 -3.17115
v -0.01852 0.15242 -3.13375
v -0.02434 0.14869 -3.13655
v -0.02425 0.14123 -3.13674
v -0.01834 0.13751 -3.13412
v -0.01252 0.14123 -3.13132
v -0.01260 0.14869 -3.13114
v -0.03710 0.14997 -3.09345
v -0.04282 0.14627 -3.09640
v -0.04257 0.13887 -3.09695
v -0.03660 0.13517 -3.09455
v -0.03087 0.13888 -3.09160
v -0.03113 0.14628 -3.09105
v -0.05536 0.14515 -3.05316
v -0.06100 0.14148 -3.05622
v -0.06059 0.13416 -3.05712
v -0.05454 0.13051 -3.05496
v -0.04890 0.13418 -3.05191
v -0.04931 0.14150 -3.05101
v -0.07299 0.13799 -3.01288
v -0.07856 0.13436 -3.01600
v -0.07801 0.12714 -3.01724
v -0.07188 0.12355 -3.01537
v -0.06630 0.12718 -3.01225
v -0.06685 0.13440 -3.01101
v -0.08968 0.12858 -2.97262
v -0.09521 0.12498 -2.97576
v -0.09453 0.11788 -2.97733
v -0.08831 0.11437 -2.97576
v -0.08277 0.11797 -2.97261
v -0.08346 0.12507 -2.97104
v -0.10514 0.11705 -2.93238
v -0.11065 0.11347 -2.93550
v -0.10985 0.10649 -2.93738
v -0.10355 0.10308 -2.93613
v -0.09804 0.10666 -2.93300
v -0.09883 0.11364 -2.93113
v -0.11909 0.10354 -2.89216
v -0.12459 0.09998 -2.89522
v -0.12371 0.09312 -2.89738
v -0.11732 0.08984 -2.89647
v -0.11182 0.09341 -2.89341
v -0.11271 0.10026 -2.89125
v -0.13129 0.08828 -2.85197
v -0.13679 0.08470 -2.85493
v -0.13583 0.07798 -2.85734
v -0.12938 0.07485 -2.85678
v -0.12388 0.07842 -2.85382
v -0.12483 0.08514 -2.85142
v -0.14149 0.07148 -2.81181
v -0.14700 0.06787 -2.81463
v -0.14600 0.06128 -2.81725
v -0.13949 0.05831 -2.81707
v -0.13398 0.06192 -2.81425
v -0.13498 0.06850 -2.81162
v -0.14951 0.05341 -2.77169
v -0.15503 0.04975 -2.77433
v -0.15399 0.04329 -2.77713
v -0.14745 0.04049 -2.77731
v -0.14193 0.04415 -2.77468
v -0.14297 0.05061 -2.77187
v -0.15518 0.03437 -2.73161
v -0.16070 0.03064 -2.73403
v -0.15965 0.02428 -2.73698
v -0.15309 0.02166 -2.73752
v -0.14758 0.02539 -2.73510
v -0.14862 0.03175 -2.73215
v -0.15838 0.01467 -2.69157
v -0.16389 0.01084 -2.69374
v -0.16285 0.00457 -2.69679
v -0.15630 0.00214 -2.69768
v -0.15079 0.00596 -2.69552
v -0.15183 0.01223 -2.69246
v -0.15904 -0.00538 -2.65158
v -0.16452 -0.00932 -2.65346
v -0.16349 -0.01551 -2.65657
v -0.15696 -0.01776 -2.65781
v -0.15148 -0.01383 -2.65592
v -0.15252 -0.00763 -2.65281
v -0.15711 -0.02543 -2.61162
v -0.16255 -0.02949 -2.61320
v -0.16152 -0.03563 -2.61633
v -0.15505 -0.03771 -2.61789
v -0.14961 -0.03365 -2.61631
v -0.15064 -0.02751 -2.61317
v -0.15261 -0.04514 -2.57171
v -0.15799 -0.04933 -2.57296
v -0.15696 -0.05544 -2.57607
v -0.15056 -0.05736 -2.57793
v -0.14518 -0.05317 -2.57667
v -0.14621 -0.04705 -2.57356
v -0.14559 -0.06417 -2.53184
v -0.15088 -0.06850 -2.53275
v -0.14985 -0.07460 -2.53580
v -0.14353 -0.07637 -2.53792
v -0.13824 -0.07204 -2.53700
v -0.13927 -0.06594 -2.53396
v -0.13616 -0.08220 -2.49201
v -0.14133 -0.08667 -2.49257
v -0.14028 -0.09277 -2.49551
v -0.13406 -0.09442 -2.49788
v -0.12889 -0.08996 -2.49731
v -0.12993 -0.08385 -2.49437
v -0.12445 -0.09892 -2.45221
v -0.12949 -0.10351 -2.45243
v -0.12841 -0.10964 -2.45522
v -0.12228 -0.11118 -2.45780
v -0.11724 -0.10659 -2.45758
v -0.11832 -0.10046 -2.45479
v -0.11065 -0.11403 -2.41246
v -0.11554 -0.11873 -2.41232
v -0.11440 -0.12489 -2.41493
v -0.10837 -0.12634 -2.41768
v -0.10349 -0.12164 -2.41782
v -0.10462 -0.11548 -2.41521
v -0.09499 -0.12727 -2.37273
v -0.09971 -0.13206 -2.37225
v -0.09849 -0.13825 -2.37464
v -0.09256 -0.13964 -2.37753
v -0.08784 -0.13485 -2.37802
v -0.08906 -0.12866 -2.37562
v -0.07772 -0.13840 -2.33304
v -0.08226 -0.14327 -2.33221
v -0.08094 -0.14948 -2.33436
v -0.07509 -0.15083 -2.33735
v -0.07055 -0.14596 -2.33818
v -0.07187 -0.13975 -2.33602
v -0.05913 -0.14723 -2.29338
v -0.06348 -0.15215 -2.29222
v -0.06205 -0.15838 -2.29410
v -0.05626 -0.15970 -2.29714
v -0.05190 -0.15478 -2.29829
v -0.05334 -0.14854 -2.29642
v -0.03953 -0.15359 -2.25373
v -0.04370 -0.15854 -2.25227
v -0.04212 -0.16478 -2.25385
v -0.03638 -0.16608 -2.25691
v -0.03221 -0.16114 -2.25837
v -0.03379 -0.15489 -2.25679
v -0.01925 -0.15738 -2.21411
v -0.02324 -0.16233 -2.21236
v -0.02151 -0.16856 -2.21363
v -0.01580 -0.16985 -2.21665
v -0.01181 -0.16490 -2.21841
v -0.01353 -0.15867 -2.21714
v 0.00137 -0.15852 -2.17450
v -0.00245 -0.16345 -2.17248
v -0.00057 -0.16966 -2.17343
v 0.00514 -0.17093 -2.17639
v 0.00896 -0.16600 -2.17841
v 0.00708 -0.15980 -2.17746
v 0.02197 -0.15698 -2.13490
v 0.01830 -0.16188 -2.13265
v 0.02035 -0.16804 -2.13326
v 0.02608 -0.16930 -2.13612
v 0.02975 -0.16441 -2.13837
v 0.02770 -0.15825 -2.13776
v 0.04222 -0.15280 -2.09531
v 0.03868 -0.15765 -2.09286
v 0.04089 -0.16373 -2.09312
v 0.04664 -0.16497 -2.09584
v 0.05018 -0.16013 -2.09829
v 0.04797 -0.15404 -2.09802
v 0.06175 -0.14604 -2.05571
v 0.05832 -0.15082 -2.05310
v 0.06069 -0.15682 -2.05302
v 0.06649 -0.15802 -2.05556
v 0.06992 -0.15324 -2.05817
v 0.06755 -0.14724 -2.05825
v 0.08025 -0.13681 -2.01611
v 0.07690 -0.14153 -2.01337
v 0.07941 -0.14741 -2.01295
v 0.08527 -0.14857 -2.01528
v 0.08861 -0.14384 -2.01803
v 0.08610 -0.13796 -2.01844
v 0.09739 -0.12527 -1.97651
v 0.09411 -0.12994 -1.97367
v 0.09674 -0.13569 -1.97292
v 0.10266 -0.13677 -1.97501
v 0.10594 -0.13211 -1.97785
v 0.10330 -0.12636 -1.97860
v 0.11288 -0.11163 -1.93689
v 0.10965 -0.11624 -1.93400
v 0.11239 -0.12185 -1.93294
v 0.11837 -0.12284 -1.93476
v 0.12161 -0.11823 -1.93765
v 0.11886 -0.11263 -1.93871
v 0.12648 -0.09611 -1.89725
v 0.12326 -0.10068 -1.89435
v 0.12609 -0.10614 -1.89299
v 0.13213 -0.10703 -1.89453
v 0.13534 -0.10246 -1.89742
v 0.13251 -0.09700 -1.89878
v 0.13794 -0.07899 -1.85758
v 0.13474 -0.08354 -1.85471
v 0.13762 -0.08884 -1.85308
v 0.14370 -0.08960 -1.85431
v 0.14690 -0.08506 -1.85718
v 0.14402 -0.07975 -1.85882
v 0.14708 -0.06056 -1.81789
v 0.14388 -0.06510 -1.81509
v 0.14680 -0.07026 -1.81321
v 0.15292 -0.07088 -1.81413
v 0.15611 -0.06634 -1.81693
v 0.15319 -0.06118 -1.81881
v 0.15375 -0.04114 -1.77818
v 0.15055 -0.04569 -1.77548
v 0.15349 -0.05071 -1.77338
v 0.15962 -0.05117 -1.77397
v 0.16281 -0.04662 -1.77667
v 0.15988 -0.04161 -1.77877
v 0.15784 -0.02107 -1.73842
v 0.15465 -0.02565 -1.73587
v 0.15758 -0.03053 -1.73358
v 0.16371 -0.03084 -1.73385
v 0.16691 -0.02626 -1.73641
v 0.16397 -0.02137 -1.73869
v 0.15931 -0.00068 -1.69865
v 0.15613 -0.00531 -1.69627
v 0.15904 -0.01009 -1.69383
v 0.16515 -0.01022 -1.69376
v 0.16833 -0.00559 -1.69613
v 0.16541 -0.00082 -1.69858
v 0.15789 0.01965 -1.65883
v 0.15473 0.01494 -1.65667
v 0.15762 0.01027 -1.65411
v 0.16367 0.01030 -1.65370
v 0.16683 0.01501 -1.65585
v 0.16394 0.01968 -1.65842
v 0.15375 0.03951 -1.61896
v 0.15063 0.03473 -1.61705
v 0.15349 0.03012 -1.61441
v 0.15948 0.03031 -1.61369
v 0.16260 0.03509 -1.61561
v 0.15974 0.03970 -1.61824
v 0.14712 0.05857 -1.57906
v 0.14406 0.05370 -1.57740
v 0.14689 0.04915 -1.57473
v 0.15279 0.04947 -1.57372
v 0.15585 0.05434 -1.57538
v 0.15302 0.05889 -1.57805
v 0.13814 0.07651 -1.53912
v 0.13515 0.07155 -1.53773
v 0.13797 0.06704 -1.53506
v 0.14377 0.06747 -1.53379
v 0.14675 0.07243 -1.53518
v 0.14394 0.07695 -1.53784
v 0.12698 0.09304 -1.49914
v 0.12410 0.08800 -1.49803
v 0.12690 0.08350 -1.49541
v 0.13259 0.08404 -1.49389
v 0.13548 0.08908 -1.49500
v 0.13268 0.09358 -1.49762
v 0.11387 0.10789 -1.45912
v 0.11110 0.10278 -1.45831
v 0.11391 0.09828 -1.45577
v 0.11949 0.09891 -1.45403
v 0.12226 0.10402 -1.45485
v 0.11946 0.10852 -1.45739
v 0.09906 0.12084 -1.41908
v 0.09641 0.11567 -1.41856
v 0.09924 0.11117 -1.41612
v 0.10471 0.11186 -1.41420
v 0.10736 0.11704 -1.41472
v 0.10453 0.12153 -1.41716
v 0.08282 0.13170 -1.37900
v 0.08031 0.12647 -1.37878
v 0.08317 0.12198 -1.37648
v 0.08854 0.12271 -1.37441
v 0.09105 0.12794 -1.37463
v 0.08819 0.13243 -1.37692
v 0.06545 0.14031 -1.33889
v 0.06308 0.13505 -1.33897
v 0.06599 0.13055 -1.33684
v 0.07127 0.13131 -1.33464
v 0.07363 0.13657 -1.33457
v 0.07072 0.14107 -1.33670
v 0.04725 0.14656 -1.29877
v 0.04504 0.14129 -1.29912
v 0.04801 0.13680 -1.29718
v 0.05321 0.13758 -1.29489
v 0.05542 0.14284 -1.29454
v 0.05245 0.14734 -1.29648
v 0.02857 0.15039 -1.25862
v 0.02650 0.14513 -1.25924
v 0.02955 0.14065 -1.25751
v 0.03467 0.14143 -1.25517
v 0.03674 0.14670 -1.25455
v 0.03369 0.15118 -1.25627
v 0.00970 0.15179 -1.21845
v 0.00777 0.14655 -1.21932
v 0.01091 0.14209 -1.21783
v 0.01598 0.14287 -1.21546
v 0.01791 0.14811 -1.21458
v 0.01477 0.15257 -1.21608
v -0.00902 0.15076 -1.17827
v -0.01082 0.14556 -1.17938
v -0.00759 0.14114 -1.17813
v -0.00256 0.14192 -1.17577
v -0.00075 0.14712 -1.17466
v -0.00398 0.15154 -1.17591
v -0.02728 0.14737 -1.13807
v -0.02896 0.14222 -1.13940
v -0.02564 0.13786 -1.13841
v -0.02063 0.13864 -1.13609
v -0.01895 0.14379 -1.13476
v -0.02227 0.14815 -1.13576
v -0.04479 0.14173 -1.09788
v -0.04638 0.13665 -1.09939
v -0.04296 0.13235 -1.09866
v -0.03796 0.13313 -1.09641
v -0.03638 0.13822 -1.09490
v -0.03979 0.14252 -1.09563
v -0.06127 0.13398 -1.05767
v -0.06277 0.12896 -1.05935
v -0.05928 0.12474 -1.05889
v -0.05428 0.12554 -1.05674
v -0.05277 0.13056 -1.05506
v -0.05627 0.13478 -1.05553
v -0.07647 0.12429 -1.01747
v -0.07791 0.11934 -1.01929
v -0.07434 0.11522 -1.01908
v -0.06933 0.11604 -1.01706
v -0.06789 0.12098 -1.01525
v -0.07147 0.12511 -1.01546
v -0.09018 0.11286 -0.97728
v -0.09156 0.10798 -0.97920
v -0.08793 0.10396 -0.97925
v -0.08291 0.10481 -0.97739
v -0.08152 0.10969 -0.97546
v -0.08516 0.11372 -0.97541
v -0.10219 0.09993 -0.93709
v -0.10354 0.09511 -0.93909
v -0.09986 0.09119 -0.93939
v -0.09482 0.09209 -0.93770
v -0.09347 0.09690 -0.93570
v -0.09715 0.10082 -0.93540
v -0.11234 0.08572 -0.89692
v -0.11367 0.08096 -0.89896
v -0.10996 0.07715 -0.89950
v -0.10491 0.07810 -0.89800
v -0.10358 0.08287 -0.89596
v -0.10730 0.08668 -0.89541
v -0.12053 0.07052 -0.85676
v -0.12185 0.06580 -0.85882
v -0.11811 0.06210 -0.85958
v -0.11306 0.06312 -0.85829
v -0.11175 0.06783 -0.85622
v -0.11548 0.07153 -0.85546
v -0.12666 0.05458 -0.81661
v -0.12797 0.04990 -0.81866
v -0.12423 0.04631 -0.81963
v -0.11918 0.04739 -0.81855
v -0.11787 0.05207 -0.81651
v -0.12161 0.05567 -0.81554
v -0.13068 0.03818 -0.77649
v -0.13198 0.03352 -0.77850
v -0.12825 0.03003 -0.77966
v -0.12322 0.03120 -0.77880
v -0.12192 0.03585 -0.77679
v -0.12565 0.03935 -0.77564
v -0.13258 0.02159 -0.73639
v -0.13388 0.01695 -0.73833
v -0.13017 0.01355 -0.73965
v -0.12516 0.01480 -0.73903
v -0.12386 0.01944 -0.73709
v -0.12757 0.02284 -0.73577
v -0.13238 0.00509 -0.69631
v -0.13367 0.00045 -0.69816
v -0.12999 -0.00286 -0.69962
v -0.12502 -0.00153 -0.69923
v -0.12373 0.00311 -0.69738
v -0.12741 0.00642 -0.69592
v -0.13014 -0.01107 -0.65626
v -0.13142 -0.01571 -0.65800
v -0.12777 -0.01895 -0.65957
v -0.12285 -0.01755 -0.65941
v -0.12157 -0.01290 -0.65767
v -0.12521 -0.00966 -0.65610
v -0.12594 -0.02664 -0.61624
v -0.12720 -0.03130 -0.61784
v -0.12359 -0.03448 -0.61950
v -0.11873 -0.03300 -0.61956
v -0.11747 -0.02834 -0.61796
v -0.12107 -0.02516 -0.61630
v -0.11989 -0.04139 -0.57624
v -0.12113 -0.04607 -0.57769
v -0.11756 -0.04920 -0.57941
v -0.11276 -0.04765 -0.57969
v -0.11153 -0.04298 -0.57824
v -0.11510 -0.03985 -0.57651
v -0.11214 -0.05512 -0.53626
v -0.11334 -0.05981 -0.53755
v -0.10981 -0.06290 -0.53931
v -0.10509 -0.06130 -0.53979
v -0.10390 -0.05661 -0.53850
v -0.10742 -0.05352 -0.53674
v -0.10285 -0.06764 -0.49631
v -0.10400 -0.07235 -0.49742
v -0.10051 -0.07541 -0.49919
v -0.09586 -0.07376 -0.49986
v -0.09472 -0.06905 -0.49876
v -0.09821 -0.06599 -0.49698
v -0.09220 -0.07878 -0.45639
v -0.09329 -0.08351 -0.45731
v -0.08982 -0.08654 -0.45907
v -0.08526 -0.08486 -0.45991
v -0.08417 -0.08013 -0.45899
v -0.08764 -0.07710 -0.45723
v -0.08037 -0.08841 -0.41649
v -0.08140 -0.09315 -0.41721
v -0.07795 -0.09616 -0.41894
v -0.07348 -0.09445 -0.41994
v -0.07245 -0.08972 -0.41921
v -0.07590 -0.08670 -0.41749
v -0.06759 -0.09642 -0.37661
v -0.06855 -0.10116 -0.37714
v -0.06511 -0.10416 -0.37881
v -0.06071 -0.10243 -0.37994
v -0.05976 -0.09770 -0.37941
v -0.06319 -0.09469 -0.37775
v -0.05405 -0.10273 -0.33675
v -0.05493 -0.10746 -0.33708
v -0.05150 -0.11044 -0.33867
v -0.04718 -0.10870 -0.33993
v -0.04630 -0.10398 -0.33959
v -0.04973 -0.10099 -0.33800
v -0.03998 -0.10727 -0.29691
v -0.04079 -0.11198 -0.29705
v -0.03735 -0.11496 -0.29854
v -0.03311 -0.11322 -0.29990
v -0.03230 -0.10850 -0.29976
v -0.03574 -0.10553 -0.29826
v -0.02560 -0.11002 -0.25708
v -0.02633 -0.11471 -0.25703
v -0.02289 -0.11766 -0.25841
v -0.01871 -0.11593 -0.25985
v -0.01797 -0.11124 -0.25990
v -0.02142 -0.10829 -0.25851
v -0.01113 -0.11097 -0.21727
v -0.01178 -0.11563 -0.21704
v -0.00832 -0.11856 -0.21829
v -0.00420 -0.11684 -0.21978
v -0.00354 -0.11218 -0.22001
v -0.00701 -0.10925 -0.21876
v 0.00323 -0.11015 -0.17748
v 0.00264 -0.11477 -0.17707
v 0.00612 -0.11767 -0.17818
v 0.01019 -0.11596 -0.17970
v 0.01078 -0.11135 -0.18011
v 0.00730 -0.10844 -0.17900
v 0.01725 -0.10761 -0.13769
v 0.01673 -0.11217 -0.13712
v 0.02024 -0.11504 -0.13808
v 0.02426 -0.11335 -0.13962
v 0.02479 -0.10878 -0.14019
v 0.02128 -0.10591 -0.13922
v 0.03075 -0.10339 -0.09791
v 0.03029 -0.10791 -0.09719
v 0.03382 -0.11074 -0.09799
v 0.03781 -0.10905 -0.09952
v 0.03827 -0.10454 -0.10024
v 0.03475 -0.10171 -0.09944
v 0.04353 -0.09758 -0.05814
v 0.04312 -0.10203 -0.05728
v 0.04667 -0.10481 -0.05791
v 0.05063 -0.10314 -0.05941
v 0.05104 -0.09868 -0.06028
v 0.04749 -0.09590 -0.05964
v 0.05538 -0.09025 -0.01838
v 0.05501 -0.09464 -0.01739
v 0.05858 -0.09737 -0.01785
v 0.06252 -0.09570 -0.01931
v 0.06289 -0.09131 -0.02030
v 0.05932 -0.08858 -0.01983
v 0.06617 -0.08159 0.02139
v 0.06584 -0.08592 0.02249
v 0.06942 -0.08859 0.02219
v 0.07335 -0.08692 0.02080
v 0.07368 -0.08259 0.01971
v 0.07009 -0.07992 0.02000
v 0.07576 -0.07174 0.06116
v 0.07545 -0.07601 0.06234
v 0.07905 -0.07862 0.06222
v 0.08296 -0.07695 0.06091
v 0.08326 -0.07268 0.05972
v 0.07966 -0.07007 0.05985
v 0.08403 -0.06087 0.10093
v 0.08375 -0.06508 0.10218
v 0.08735 -0.06762 0.10222
v 0.09124 -0.06594 0.10101
v 0.09152 -0.06173 0.09976
v 0.08792 -0.05919 0.09972
v 0.09088 -0.04913 0.14070
v 0.09061 -0.05329 0.14201
v 0.09421 -0.05576 0.14221
v 0.09808 -0.05407 0.14111
v 0.09835 -0.04991 0.13980
v 0.09476 -0.04744 0.13960
v 0.09623 -0.03671 0.18049
v 0.09596 -0.04082 0.18183
v 0.09955 -0.04322 0.18219
v 0.10341 -0.04151 0.18120
v 0.10367 -0.03740 0.17986
v 0.10008 -0.03500 0.17950
v 0.10001 -0.02379 0.22028
v 0.09975 -0.02785 0.22164
v 0.10332 -0.03018 0.22214
v 0.10715 -0.02844 0.22128
v 0.10741 -0.02438 0.21993
v 0.10384 -0.02205 0.21942
v 0.10218 -0.01054 0.26008
v 0.10192 -0.01457 0.26143
v 0.10547 -0.01683 0.26207
v 0.10927 -0.01507 0.26136
v 0.10953 -0.01104 0.26000
v 0.10599 -0.00878 0.25936
v 0.10273 0.00283 0.29989
v 0.10247 -0.00116 0.30123
v 0.10598 -0.00336 0.30199
v 0.10976 -0.00157 0.30142
v 0.11002 0.00242 0.30008
v 0.10650 0.00462 0.29932
v 0.10164 0.01614 0.33971
v 0.10138 0.01218 0.34102
v 0.10486 0.01003 0.34189
v 0.10860 0.01186 0.34147
v 0.10886 0.01582 0.34017
v 0.10538 0.01796 0.33929
v 0.09895 0.02920 0.37955
v 0.09869 0.02526 0.38080
v 0.10213 0.02317 0.38178
v 0.10583 0.02502 0.38151
v 0.10608 0.02896 0.38026
v 0.10264 0.03105 0.37928
v 0.09469 0.04182 0.41940
v 0.09444 0.03790 0.42059
v 0.09784 0.03586 0.42165
v 0.10148 0.03774 0.42153
v 0.10173 0.04166 0.42035
v 0.09833 0.04370 0.41928
v 0.08892 0.05383 0.45927
v 0.08868 0.04992 0.46037
v 0.09204 0.04792 0.46150
v 0.09563 0.04982 0.46153
v 0.09586 0.05373 0.46043
v 0.09251 0.05573 0.45930
v 0.08172 0.06504 0.49916
v 0.08150 0.06115 0.50016
v 0.08481 0.05918 0.50135
v 0.08835 0.06111 0.50153
v 0.08857 0.06500 0.50052
v 0.08526 0.06697 0.49933
v 0.07321 0.07530 0.53906
v 0.07301 0.07142 0.53996
v 0.07628 0.06948 0.54118
v 0.07974 0.07143 0.54150
v 0.07994 0.07531 0.54060
v 0.07667 0.07725 0.53938
v 0.06348 0.08446 0.57897
v 0.06331 0.08059 0.57976
v 0.06654 0.07868 0.58100
v 0.06994 0.08064 0.58146
v 0.07011 0.08451 0.58067
v 0.06688 0.08642 0.57943
v 0.05268 0.09237 0.61891
v 0.05254 0.08851 0.61957
v 0.05574 0.08662 0.62081
v 0.05907 0.08859 0.62140
v 0.05921 0.09245 0.62074
v 0.05602 0.09433 0.61949
v 0.04096 0.09891 0.65886
v 0.04086 0.09507 0.65938
v 0.04403 0.09320 0.66062
v 0.04729 0.09517 0.66132
v 0.04739 0.09901 0.66079
v 0.04423 0.10088 0.65956
v 0.02849 0.10398 0.69882
v 0.02843 0.10016 0.69921
v 0.03157 0.09830 0.70042
v 0.03477 0.10027 0.70123
v 0.03482 0.10409 0.70084
v 0.03169 0.10594 0.69963
v 0.01544 0.10748 0.73880
v 0.01542 0.10369 0.73906
v 0.01854 0.10185 0.74022
v 0.02167 0.10380 0.74112
v 0.02169 0.10760 0.74087
v 0.01857 0.10944 0.73971
v 0.00200 0.10936 0.77880
v 0.00203 0.10559 0.77891
v 0.00514 0.10377 0.78001
v 0.00821 0.10571 0.78100
v 0.00817 0.10947 0.78089
v 0.00507 0.11130 0.77979
v -0.01163 0.10956 0.81881
v -0.01155 0.10583 0.81878
v -0.00845 0.10403 0.81981
v -0.00544 0.10595 0.82087
v -0.00552 0.10968 0.82090
v -0.00862 0.11148 0.81987
v -0.02524 0.10806 0.85883
v -0.02511 0.10438 0.85866
v -0.02202 0.10260 0.85961
v -0.01906 0.10450 0.86072
v -0.01919 0.10818 0.86089
v -0.02228 0.10996 0.85994
v -0.03863 0.10487 0.89887
v -0.03846 0.10124 0.89856
v -0.03537 0.09948 0.89941
v -0.03246 0.10136 0.90056
v -0.03263 0.10500 0.90086
v -0.03572 0.10675 0.90002
v -0.05159 0.10002 0.93891
v -0.05137 0.09644 0.93848
v -0.04828 0.09471 0.93921
v -0.04541 0.09657 0.94038
v -0.04563 0.10015 0.94082
v -0.04872 0.10188 0.94008
v -0.06392 0.09355 0.97897
v -0.06366 0.09003 0.97841
v -0.06057 0.08834 0.97903
v -0.05773 0.09018 0.98020
v -0.05799 0.09370 0.98076
v -0.06108 0.09539 0.98014
v -0.07541 0.08555 1.01903
v -0.07512 0.08209 1.01836
v -0.07202 0.08045 1.01885
v -0.06922 0.08227 1.02002
v -0.06951 0.08573 1.02069
v -0.07260 0.08737 1.02019
v -0.08587 0.07612 1.05910
v -0.08555 0.07273 1.05832
v -0.08246 0.07113 1.05869
v -0.07968 0.07293 1.05982
v -0.08000 0.07633 1.06060
v -0.08309 0.07793 1.06023
v -0.09512 0.06540 1.09917
v -0.09478 0.06206 1.09830
v -0.09169 0.06052 1.09853
v -0.08894 0.06231 1.09963
v -0.08928 0.06565 1.10049
v -0.09237 0.06719 1.10026
v -0.10300 0.05352 1.13924
v -0.10265 0.05025 1.13830
v -0.09957 0.04876 1.13839
v -0.09684 0.05055 1.13943
v -0.09719 0.05382 1.14037
v -0.10027 0.05531 1.14028
v -0.10937 0.04067 1.17931
v -0.10901 0.03746 1.17830
v -0.10594 0.03603 1.17826
v -0.10323 0.03782 1.17923
v -0.10359 0.04103 1.18024
v -0.10666 0.04246 1.18028
v -0.11410 0.02704 1.21939
v -0.11374 0.02389 1.21833
v -0.11068 0.02252 1.21815
v -0.10800 0.02431 1.21903
v -0.10836 0.02747 1.22009
v -0.11141 0.02883 1.22027
v -0.11709 0.01284 1.25945
v -0.11673 0.00973 1.25836
v -0.11370 0.00843 1.25805
v -0.11104 0.01023 1.25884
v -0.11140 0.01333 1.25993
v -0.11443 0.01464 1.26024
v -0.11827 -0.00172 1.29951
v -0.11791 -0.00478 1.29840
v -0.11492 -0.00602 1.29797
v -0.11228 -0.00420 1.29865
v -0.11264 -0.00115 1.29976
v -0.11563 0.00010 1.30019
v -0.11760 -0.01639 1.33957
v -0.11724 -0.01941 1.33845
v -0.11428 -0.02059 1.33791
v -0.11168 -0.01876 1.33847
v -0.11203 -0.01574 1.33959
v -0.11499 -0.01456 1.34013
v -0.11505 -0.03094 1.37961
v -0.11471 -0.03393 1.37851
v -0.11179 -0.03506 1.37786
v -0.10922 -0.03321 1.37830
v -0.10957 -0.03022 1.37940
v -0.11248 -0.02909 1.38006
v -0.11066 -0.04513 1.41965
v -0.11032 -0.04809 1.41858
v -0.10744 -0.04917 1.41782
v -0.10492 -0.04730 1.41814
v -0.10526 -0.04434 1.41921
v -0.10813 -0.04326 1.41996
v -0.10447 -0.05872 1.45967
v -0.10412 -0.06165 1.45864
v -0.10130 -0.06269 1.45781
v -0.09882 -0.06080 1.45799
v -0.09916 -0.05787 1.45902
v -0.10199 -0.05683 1.45985
v -0.09655 -0.07147 1.49968
v -0.09620 -0.07438 1.49871
v -0.09343 -0.07539 1.49780
v -0.09101 -0.07348 1.49786
v -0.09135 -0.07057 1.49882
v -0.09413 -0.06957 1.49973
v -0.08703 -0.08317 1.53967
v -0.08667 -0.08606 1.53878
v -0.08395 -0.08704 1.53781
v -0.08159 -0.08512 1.53774
v -0.08194 -0.08222 1.53863
v -0.08467 -0.08125 1.53960
v -0.07605 -0.09360 1.57965
v -0.07567 -0.09648 1.57884
v -0.07300 -0.09743 1.57784
v -0.07070 -0.09550 1.57764
v -0.07107 -0.09262 1.57844
v -0.07374 -0.09168 1.57945
v -0.06376 -0.10259 1.61961
v -0.06337 -0.10545 1.61890
v -0.06074 -0.10637 1.61787
v -0.05851 -0.10444 1.61755
v -0.05890 -0.10158 1.61826
v -0.06153 -0.10066 1.61929
v -0.05038 -0.10995 1.65956
v -0.04996 -0.11279 1.65895
v -0.04738 -0.11370 1.65791
v -0.04521 -0.11178 1.65748
v -0.04562 -0.10894 1.65808
v -0.04821 -0.10802 1.65912
v -0.03614 -0.11566 1.69949
v -0.03569 -0.11848 1.69899
v -0.03314 -0.11938 1.69795
v -0.03104 -0.11746 1.69742
v -0.03149 -0.11464 1.69792
v -0.03404 -0.11374 1.69896
v -0.02123 -0.11959 1.73941
v -0.02075 -0.12238 1.73902
v -0.01824 -0.12327 1.73800
v -0.01620 -0.12136 1.73737
v -0.01668 -0.11857 1.73776
v -0.01920 -0.11768 1.73878
v -0.00588 -0.12157 1.77931
v -0.00536 -0.12433 1.77904
v -0.00287 -0.12521 1.77806
v -0.00089 -0.12333 1.77734
v -0.00141 -0.12057 1.77761
v -0.00391 -0.11969 1.77860
v 0.00966 -0.12157 1.81920
v 0.01022 -0.12429 1.81906
v 0.01269 -0.12515 1.81812
v 0.01461 -0.12330 1.81733
v 0.01405 -0.12057 1.81747
v 0.01158 -0.11971 1.81841
v 0.02513 -0.11955 1.85908
v 0.02573 -0.12223 1.85905
v 0.02818 -0.12308 1.85818
v 0.03005 -0.12125 1.85733
v 0.02945 -0.11857 1.85735
v 0.02699 -0.11772 1.85823
v 0.04026 -0.11554 1.89894
v 0.04089 -0.11817 1.89904
v 0.04334 -0.11900 1.89823
v 0.04515 -0.11720 1.89734
v 0.04452 -0.11457 1.89724
v 0.04207 -0.11374 1.89805
v 0.05478 -0.10960 1.93880
v 0.05545 -0.11217 1.93901
v 0.05789 -0.11298 1.93828
v 0.05966 -0.11121 1.93735
v 0.05899 -0.10863 1.93715
v 0.05655 -0.10783 1.93787
v 0.06844 -0.10180 1.97864
v 0.06914 -0.10432 1.97896
v 0.07158 -0.10510 1.97833
v 0.07331 -0.10336 1.97738
v 0.07261 -0.10084 1.97707
v 0.07018 -0.10007 1.97770
v 0.08101 -0.09229 2.01848
v 0.08173 -0.09475 2.01890
v 0.08416 -0.09549 2.01837
v 0.08587 -0.09378 2.01742
v 0.08514 -0.09132 2.01700
v 0.08271 -0.09058 2.01753
v 0.09226 -0.08121 2.05831
v 0.09300 -0.08360 2.05883
v 0.09542 -0.08431 2.05840
v 0.09710 -0.08262 2.05746
v 0.09635 -0.08023 2.05695
v 0.09393 -0.07953 2.05738
v 0.10198 -0.06876 2.09814
v 0.10274 -0.07108 2.09874
v 0.10515 -0.07175 2.09842
v 0.10680 -0.07008 2.09751
v 0.10605 -0.06775 2.09691
v 0.10364 -0.06709 2.09723
v 0.11002 -0.05513 2.13797
v 0.11078 -0.05740 2.13864
v 0.11317 -0.05801 2.13843
v 0.11481 -0.05636 2.13755
v 0.11404 -0.05410 2.13689
v 0.11165 -0.05348 2.13710
v 0.11621 -0.04057 2.17780
v 0.11698 -0.04278 2.17852
v 0.11935 -0.04335 2.17843
v 0.12096 -0.04171 2.17760
v 0.12020 -0.03950 2.17688
v 0.11783 -0.03893 2.17697
v 0.12047 -0.02534 2.21762
v 0.12122 -0.02748 2.21840
v 0.12357 -0.02800 2.21841
v 0.12517 -0.02637 2.21765
v 0.12441 -0.02422 2.21687
v 0.12206 -0.02370 2.21686
v 0.12270 -0.00968 2.25746
v 0.12345 -0.01178 2.25826
v 0.12577 -0.01225 2.25838
v 0.12734 -0.01062 2.25769
v 0.12659 -0.00852 2.25688
v 0.12428 -0.00805 2.25677
v 0.12288 0.00611 2.29729
v 0.12362 0.00406 2.29812
v 0.12590 0.00364 2.29834
v 0.12745 0.00527 2.29773
v 0.12671 0.00732 2.29690
v 0.12443 0.00774 2.29668
v 0.12101 0.02177 2.33714
v 0.12173 0.01976 2.33797
v 0.12397 0.01939 2.33828
v 0.12549 0.02102 2.33776
v 0.12477 0.02303 2.33692
v 0.12253 0.02341 2.33661
v 0.11712 0.03703 2.37699
v 0.11782 0.03505 2.37782
v 0.12002 0.03472 2.37821
v 0.12150 0.03635 2.37778
v 0.12080 0.03833 2.37695
v 0.11860 0.03867 2.37656
v 0.11128 0.05161 2.41685
v 0.11198 0.04967 2.41766
v 0.11412 0.04936 2.41813
v 0.11557 0.05101 2.41779
v 0.11488 0.05295 2.41699
v 0.11273 0.05325 2.41651
v 0.10362 0.06527 2.45672
v 0.10430 0.06335 2.45750
v 0.10640 0.06308 2.45803
v 0.10781 0.06472 2.45780
v 0.10712 0.06664 2.45702
v 0.10503 0.06692 2.45648
v 0.09427 0.07777 2.49660
v 0.09495 0.07588 2.49734
v 0.09699 0.07563 2.49793
v 0.09836 0.07727 2.49779
v 0.09768 0.07917 2.49706
v 0.09564 0.07942 2.49646
v 0.08342 0.08891 2.53650
v 0.08409 0.08704 2.53718
v 0.08608 0.08680 2.53781
v 0.08740 0.08844 2.53777
v 0.08672 0.09032 2.53709
v 0.08473 0.09055 2.53645
v 0.07125 0.09849 2.57640
v 0.07193 0.09664 2.57702
v 0.07387 0.09642 2.57769
v 0.07514 0.09805 2.57774
v 0.07446 0.09990 2.57712
v 0.07252 0.10012 2.57645
v 0.05800 0.10636 2.61632
v 0.05868 0.10454 2.61687
v 0.06058 0.10433 2.61756
v 0.06180 0.10595 2.61769
v 0.06111 0.10778 2.61714
v 0.05922 0.10798 2.61645
v 0.04391 0.11241 2.65625
v 0.04460 0.11061 2.65673
v 0.04646 0.11041 2.65742
v 0.04762 0.11201 2.65764
v 0.04693 0.11381 2.65716
v 0.04507 0.11401 2.65646
v 0.02924 0.11654 2.69619
v 0.02994 0.11477 2.69659
v 0.03176 0.11457 2.69728
v 0.03287 0.11615 2.69757
v 0.03216 0.11793 2.69717
v 0.03035 0.11812 2.69648
v 0.01424 0.11871 2.73614
v 0.01496 0.11697 2.73646
v 0.01674 0.11677 2.73714
v 0.01780 0.11833 2.73750
v 0.01708 0.12007 2.73717
v 0.01530 0.12027 2.73650
v -0.00081 0.11891 2.77610
v -0.00008 0.11720 2.77634
v 0.00167 0.11701 2.77700
v 0.00269 0.11853 2.77741
v 0.00196 0.12024 2.77717
v 0.00021 0.12043 2.77651
v -0.01565 0.11715 2.81607
v -0.01491 0.11548 2.81623
v -0.01319 0.11529 2.81685
v -0.01221 0.11678 2.81731
v -0.01295 0.11846 2.81715
v -0.01468 0.11864 2.81653
v -0.03003 0.11350 2.85605
v -0.02927 0.11187 2.85613
v -0.02758 0.11169 2.85671
v -0.02664 0.11315 2.85721
v -0.02739 0.11478 2.85713
v -0.02909 0.11495 2.85655
v -0.04370 0.10805 2.89604
v -0.04293 0.10646 2.89604
v -0.04126 0.10630 2.89657
v -0.04035 0.10772 2.89710
v -0.04112 0.10930 2.89709
v -0.04279 0.10947 2.89656
v -0.05643 0.10093 2.93603
v -0.05566 0.09939 2.93596
v -0.05401 0.09923 2.93644
v -0.05313 0.10062 2.93698
v -0.05390 0.10216 2.93704
v -0.05556 0.10232 2.93657
v -0.06803 0.09229 2.97603
v -0.06725 0.09080 2.97589
v -0.06562 0.09066 2.97631
v -0.06477 0.09201 2.97686
v -0.06555 0.09350 2.97699
v -0.06718 0.09364 2.97657
v -0.07830 0.08231 3.01603
v -0.07752 0.08087 3.01583
v -0.07592 0.08075 3.01618
v -0.07509 0.08207 3.01673
v -0.07587 0.08351 3.01692
v -0.07747 0.08363 3.01657
v -0.08711 0.07120 3.05603
v -0.08633 0.06980 3.05578
v -0.08475 0.06970 3.05607
v -0.08394 0.07099 3.05660
v -0.08471 0.07238 3.05685
v -0.08630 0.07249 3.05656
v -0.09432 0.05916 3.09603
v -0.09355 0.05781 3.09574
v -0.09200 0.05773 3.09596
v -0.09120 0.05899 3.09648
v -0.09197 0.06033 3.09677
v -0.09353 0.06042 3.09655
v -0.09985 0.04642 3.13603
v -0.09909 0.04513 3.13570
v -0.09757 0.04506 3.13586
v -0.09679 0.04630 3.13635
v -0.09755 0.04760 3.13668
v -0.09908 0.04766 3.13652
v -0.10364 0.03324 3.17600
v -0.10290 0.03198 3.17566
v -0.10141 0.03193 3.17578
v -0.10065 0.03314 3.17625
v -0.10139 0.03440 3.17660
v -0.10288 0.03445 3.17647
v -0.00000 0.14500 -3.17387
v -0.10215 0.03319 3.17613
v -0.00000 -0.13750 -3.17388
v -0.00590 -0.14125 -3.17115
v -0.00590 -0.14875 -3.17115
v 0.00000 -0.15250 -3.17387
v 0.00590 -0.14875 -3.17659
v 0.00590 -0.14125 -3.17660
v 0.01834 -0.13751 -3.13412
v 0.01252 -0.14123 -3.13132
v 0.01260 -0.14869 -3.13114
v 0.01852 -0.15242 -3.13375
v 0.02434 -0.14869 -3.13655
v 0.02425 -0.14123 -3.13674
v 0.03660 -0.13517 -3.09455
v 0.03087 -0.13888 -3.09160
v 0.03113 -0.14628 -3.09105
v 0.03710 -0.14997 -3.09345
v 0.04282 -0.14627 -3.09640
v 0.04257 -0.13887 -3.09695
v 0.05454 -0.13051 -3.05496
v 0.04890 -0.13418 -3.05191
v 0.04931 -0.14150 -3.05101
v 0.05536 -0.14515 -3.05316
v 0.06100 -0.14148 -3.05622
v 0.06059 -0.13416 -3.05712
v 0.07188 -0.12355 -3.01537
v 0.06630 -0.12718 -3.01225
v 0.06685 -0.13440 -3.01101
v 0.07299 -0.13799 -3.01288
v 0.07856 -0.13436 -3.01600
v 0.07801 -0.12714 -3.01724
v 0.08831 -0.11437 -2.97576
v 0.08277 -0.11797 -2.97261
v 0.08346 -0.12507 -2.97104
v 0.08968 -0.12858 -2.97262
v 0.09521 -0.12498 -2.97576
v 0.09453 -0.11788 -2.97733
v 0.10355 -0.10308 -2.93613
v 0.09804 -0.10666 -2.93300
v 0.09883 -0.11364 -2.93113
v 0.10514 -0.11705 -2.93238
v 0.11065 -0.11347 -2.93550
v 0.10985 -0.10649 -2.93738
v 0.11732 -0.08984 -2.89647
v 0.11182 -0.09341 -2.89341
v 0.11271 -0.10026 -2.89125
v 0.11909 -0.10354 -2.89216
v 0.12459 -0.09998 -2.89522
v 0.12371 -0.09312 -2.89738
v 0.12938 -0.07485 -2.85678
v 0.12388 -0.07842 -2.85382
v 0.12483 -0.08514 -2.85142
v 0.13129 -0.08828 -2.85197
v 0.13679 -0.08470 -2.85493
v 0.13583 -0.07798 -2.85734
v 0.13949 -0.05831 -2.81707
v 0.13398 -0.06192 -2.81425
v 0.13498 -0.06850 -2.81162
v 0.14149 -0.07148 -2.81181
v 0.14700 -0.06787 -2.81463
v 0.14600 -0.06128 -2.81725
v 0.14745 -0.04049 -2.77731
v 0.14193 -0.04415 -2.77468
v 0.14297 -0.05061 -2.77187
v 0.14951 -0.05341 -2.77169
v 0.15503 -0.04975 -2.77433
v 0.15399 -0.04329 -2.77713
v 0.15309 -0.02166 -2.73752
v 0.14758 -0.02539 -2.73510
v 0.14862 -0.03175 -2.73215
v 0.15518 -0.03437 -2.73161
v 0.16070 -0.03064 -2.73403
v 0.15965 -0.02428 -2.73698
v 0.15630 -0.00214 -2.69768
v 0.15079 -0.00596 -2.69552
v 0.15183 -0.01223 -2.69246
v 0.15838 -0.01467 -2.69157
v 0.16389 -0.01084 -2.69374
v 0.16285 -0.00457 -2.69679
v 0.15696 0.01776 -2.65781
v 0.15148 0.01383 -2.65592
v 0.15252 0.00763 -2.65281
v 0.15904 0.00538 -2.65158
v 0.16452 0.00932 -2.65346
v 0.16349 0.01551 -2.65657
v 0.15505 0.03771 -2.61789
v 0.14961 0.03365 -2.61631
v 0.15064 0.02751 -2.61317
v 0.15711 0.02543 -2.61162
v 0.16255 0.02949 -2.61320
v 0.16152 0.03563 -2.61633
v 0.15056 0.05736 -2.57793
v 0.14518 0.05317 -2.57667
v 0.14621 0.04705 -2.57356
v 0.15261 0.04514 -2.57171
v 0.15799 0.04933 -2.57296
v 0.15696 0.05544 -2.57607
v 0.14353 0.07637 -2.53792
v 0.13824 0.07204 -2.53700
v 0.13927 0.06594 -2.53396
v 0.14559 0.06417 -2.53184
v 0.15088 0.06850 -2.53275
v 0.14985 0.07460 -2.53580
v 0.13406 0.09442 -2.49788
v 0.12889 0.08996 -2.49731
v 0.12993 0.08385 -2.49437
v 0.13616 0.08220 -2.49201
v 0.14133 0.08667 -2.49257
v 0.14028 0.09277 -2.49551
v 0.12228 0.11118 -2.45780
v 0.11724 0.10659 -2.45758
v 0.11832 0.10046 -2.45479
v 0.12445 0.09892 -2.45221
v 0.12949 0.10351 -2.45243
v 0.12841 0.10964 -2.45522
v 0.10837 0.12634 -2.41768
v 0.10349 0.12164 -2.41782
v 0.10462 0.11548 -2.41521
v 0.11065 0.11403 -2.41246
v 0.11554 0.11873 -2.41232
v 0.11440 0.12489 -2.41493
v 0.09256 0.13964 -2.37753
v 0.08784 0.13485 -2.37802
v 0.08906 0.12866 -2.37562
v 0.09499 0.12727 -2.37273
v 0.09971 0.13206 -2.37225
v 0.09849 0.13825 -2.37464
v 0.07509 0.15083 -2.33735
v 0.07055 0.14596 -2.33818
v 0.07187 0.13975 -2.33602
v 0.07772 0.13840 -2.33304
v 0.08226 0.14327 -2.33221
v 0.08094 0.14948 -2.33436
v 0.05626 0.15970 -2.29714
v 0.05190 0.15478 -2.29829
v 0.05334 0.14854 -2.29642
v 0.05913 0.14723 -2.29338
v 0.06348 0.15215 -2.29222
v 0.06205 0.15838 -2.29410
v 0.03638 0.16608 -2.25691
v 0.03221 0.16114 -2.25837
v 0.03379 0.15489 -2.25679
v 0.03953 0.15359 -2.25373
v 0.04370 0.15854 -2.25227
v 0.04212 0.16478 -2.25385
v 0.01580 0.16985 -2.21665
v 0.01181 0.16490 -2.21841
v 0.01353 0.15867 -2.21714
v 0.01925 0.15738 -2.21411
v 0.02324 0.16233 -2.21236
v 0.02151 0.16856 -2.21363
v -0.00514 0.17093 -2.17639
v -0.00896 0.16600 -2.17841
v -0.00708 0.15980 -2.17746
v -0.00137 0.15852 -2.17450
v 0.00245 0.16345 -2.17248
v 0.00057 0.16966 -2.17343
v -0.02608 0.16930 -2.13612
v -0.02975 0.16441 -2.13837
v -0.02770 0.15825 -2.13776
v -0.02197 0.15698 -2.13490
v -0.01830 0.16188 -2.13265
v -0.02035 0.16804 -2.13326
v -0.04664 0.16497 -2.09584
v -0.05018 0.16013 -2.09829
v -0.04797 0.15404 -2.09802
v -0.04222 0.15280 -2.09531
v -0.03868 0.15765 -2.09286
v -0.04089 0.16373 -2.09312
v -0.06649 0.15802 -2.05556
v -0.06992 0.15324 -2.05817
v -0.06755 0.14724 -2.05825
v -0.06175 0.14604 -2.05571
v -0.05832 0.15082 -2.05310
v -0.06069 0.15682 -2.05302
v -0.08527 0.14857 -2.01528
v -0.08861 0.14384 -2.01803
v -0.08610 0.13796 -2.01844
v -0.08025 0.13681 -2.01611
v -0.07690 0.14153 -2.01337
v -0.07941 0.14741 -2.01295
v -0.10266 0.13677 -1.97501
v -0.10594 0.13211 -1.97785
v -0.10330 0.12636 -1.97860
v -0.09739 0.12527 -1.97651
v -0.09411 0.12994 -1.97367
v -0.09674 0.13569 -1.97292
v -0.11837 0.12284 -1.93476
v -0.12161 0.11823 -1.93765
v -0.11886 0.11263 -1.93871
v -0.11288 0.11163 -1.93689
v -0.10965 0.11624 -1.93400
v -0.11239 0.12185 -1.93294
v -0.13213 0.10703 -1.89453
v -0.13534 0.10246 -1.89742
v -0.13251 0.09700 -1.89878
v -0.12648 0.09611 -1.89725
v -0.12326 0.10068 -1.89435
v -0.12609 0.10614 -1.89299
v -0.14370 0.08960 -1.85431
v -0.14690 0.08506 -1.85718
v -0.14402 0.07975 -1.85882
v -0.13794 0.07899 -1.85758
v -0.13474 0.08354 -1.85471
v -0.13762 0.08884 -1.85308
v -0.15292 0.07088 -1.81413
v -0.15611 0.06634 -1.81693
v -0.15319 0.06118 -1.81881
v -0.14708 0.06056 -1.81789
v -0.14388 0.06510 -1.81509
v -0.14680 0.07026 -1.81321
v -0.15962 0.05117 -1.77397
v -0.16281 0.04662 -1.77667
v -0.15988 0.04161 -1.77877
v -0.15375 0.04114 -1.77818
v -0.15055 0.04569 -1.77548
v -0.15349 0.05071 -1.77338
v -0.16371 0.03084 -1.73385
v -0.16691 0.02626 -1.73641
v -0.16397 0.02137 -1.73869
v -0.15784 0.02107 -1.73842
v -0.15465 0.02565 -1.73587
v -0.15758 0.03053 -1.73358
v -0.16515 0.01022 -1.69376
v -0.16833 0.00559 -1.69613
v -0.16541 0.00082 -1.69858
v -0.15931 0.00068 -1.69865
v -0.15613 0.00531 -1.69627
v -0.15904 0.01009 -1.69383
v -0.16367 -0.01030 -1.65370
v -0.16683 -0.01501 -1.65585
v -0.16394 -0.01968 -1.65842
v -0.15789 -0.01965 -1.65883
v -0.15473 -0.01494 -1.65667
v -0.15762 -0.01027 -1.65411
v -0.15948 -0.03031 -1.61369
v -0.16260 -0.03509 -1.61561
v -0.15974 -0.03970 -1.61824
v -0.15375 -0.03951 -1.61896
v -0.15063 -0.03473 -1.61705
v -0.15349 -0.03012 -1.61441
v -0.15279 -0.04947 -1.57372
v -0.15585 -0.05434 -1.57538
v -0.15302 -0.05889 -1.57805
v -0.14712 -0.05857 -1.57906
v -0.14406 -0.05370 -1.57740
v -0.14689 -0.04915 -1.57473
v -0.14377 -0.06747 -1.53379
v -0.14675 -0.07243 -1.53518
v -0.14394 -0.07695 -1.53784
v -0.13814 -0.07651 -1.53912
v -0.13515 -0.07155 -1.53773
v -0.13797 -0.06704 -1.53506
v -0.13259 -0.08404 -1.49389
v -0.13548 -0.08908 -1.49500
v -0.13268 -0.09358 -1.49762
v -0.12698 -0.09304 -1.49914
v -0.12410 -0.08800 -1.49803
v -0.12690 -0.08350 -1.49541
v -0.11949 -0.09891 -1.45403
v -0.12226 -0.10402 -1.45485
v -0.11946 -0.10852 -1.45739
v -0.11387 -0.10789 -1.45912
v -0.11110 -0.10278 -1.45831
v -0.11391 -0.09828 -1.45577
v -0.10471 -0.11186 -1.41420
v -0.10736 -0.11704 -1.41472
v -0.10453 -0.12153 -1.41716
v -0.09906 -0.12084 -1.41908
v -0.09641 -0.11567 -1.41856
v -0.09924 -0.11117 -1.41612
v -0.08854 -0.12271 -1.37441
v -0.09105 -0.12794 -1.37463
v -0.08819 -0.13243 -1.37692
v -0.08282 -0.13170 -1.37900
v -0.08031 -0.12647 -1.37878
v -0.08317 -0.12198 -1.37648
v -0.07127 -0.13131 -1.33464
v -0.07363 -0.13657 -1.33457
v -0.07072 -0.14107 -1.33670
v -0.06545 -0.14031 -1.33889
v -0.06308 -0.13505 -1.33897
v -0.06599 -0.13055 -1.33684
v -0.05321 -0.13758 -1.29489
v -0.05542 -0.14284 -1.29454
v -0.05245 -0.14734 -1.29648
v -0.04725 -0.14656 -1.29877
v -0.04504 -0.14129 -1.29912
v -0.04801 -0.13680 -1.29718
v -0.03467 -0.14143 -1.25517
v -0.03674 -0.14670 -1.25455
v -0.03369 -0.15118 -1.25627
v -0.02857 -0.15039 -1.25862
v -0.02650 -0.14513 -1.25924
v -0.02955 -0.14065 -1.25751
v -0.01598 -0.14287 -1.21546
v -0.01791 -0.14811 -1.21458
v -0.01477 -0.15257 -1.21608
v -0.00970 -0.15179 -1.21845
v -0.00777 -0.14655 -1.21932
v -0.01091 -0.14209 -1.21783
v 0.00256 -0.14192 -1.17577
v 0.00075 -0.14712 -1.17466
v 0.00398 -0.15154 -1.17591
v 0.00902 -0.15076 -1.17827
v 0.01082 -0.14556 -1.17938
v 0.00759 -0.14114 -1.17813
v 0.02063 -0.13864 -1.13609
v 0.01895 -0.14379 -1.13476
v 0.02227 -0.14815 -1.13576
v 0.02728 -0.14737 -1.13807
v 0.02896 -0.14222 -1.13940
v 0.02564 -0.13786 -1.13841
v 0.03796 -0.13313 -1.09641
v 0.03638 -0.13822 -1.09490
v 0.03979 -0.14252 -1.09563
v 0.04479 -0.14173 -1.09788
v 0.04638 -0.13665 -1.09939
v 0.04296 -0.13235 -1.09866
v 0.05428 -0.12554 -1.05674
v 0.05277 -0.13056 -1.05506
v 0.05627 -0.13478 -1.05553
v 0.06127 -0.13398 -1.05767
v 0.06277 -0.12896 -1.05935
v 0.05928 -0.12474 -1.05889
v 0.06933 -0.11604 -1.01706
v 0.06789 -0.12098 -1.01525
v 0.07147 -0.12511 -1.01546
v 0.07647 -0.12429 -1.01747
v 0.07791 -0.11934 -1.01929
v 0.07434 -0.11522 -1.01908
v 0.08291 -0.10481 -0.97739
v 0.08152 -0.10969 -0.97546
v 0.08516 -0.11372 -0.97541
v 0.09018 -0.11286 -0.97728
v 0.09156 -0.10798 -0.97920
v 0.08793 -0.10396 -0.97925
v 0.09482 -0.09209 -0.93770
v 0.09347 -0.09690 -0.93570
v 0.09715 -0.10082 -0.93540
v 0.10219 -0.09993 -0.93709
v 0.10354 -0.09511 -0.93909
v 0.09986 -0.09119 -0.93939
v 0.10491 -0.07810 -0.89800
v 0.10358 -0.08287 -0.89596
v 0.10730 -0.08668 -0.89541
v 0.11234 -0.08572 -0.89692
v 0.11367 -0.08096 -0.89896
v 0.10996 -0.07715 -0.89950
v 0.11306 -0.06312 -0.85829
v 0.11175 -0.06783 -0.85622
v 0.11548 -0.07153 -0.85546
v 0.12053 -0.07052 -0.85676
v 0.12185 -0.06580 -0.85882
v 0.11811 -0.06210 -0.85958
v 0.11918 -0.04739 -0.81855
v 0.11787 -0.05207 -0.81651
v 0.12161 -0.05567 -0.81554
v 0.12666 -0.05458 -0.81661
v 0.12797 -0.04990 -0.81866
v 0.12423 -0.04631 -0.81963
v 0.12322 -0.03120 -0.77880
v 0.12192 -0.03585 -0.77679
v 0.12565 -0.03935 -0.77564
v 0.13068 -0.03818 -0.77649
v 0.13198 -0.03352 -0.77850
v 0.12825 -0.03003 -0.77966
v 0.12516 -0.01480 -0.73903
v 0.12386 -0.01944 -0.73709
v 0.12757 -0.02284 -0.73577
v 0.13258 -0.02159 -0.73639
v 0.13388 -0.01695 -0.73833
v 0.13017 -0.01355 -0.73965
v 0.12502 0.00153 -0.69923
v 0.12373 -0.00311 -0.69738
v 0.12741 -0.00642 -0.69592
v 0.13238 -0.00509 -0.69631
v 0.13367 -0.00045 -0.69816
v 0.12999 0.00286 -0.69962
v 0.12285 0.01755 -0.65941
v 0.12157 0.01290 -0.65767
v 0.12521 0.00966 -0.65610
v 0.13014 0.01107 -0.65626
v 0.13142 0.01571 -0.65800
v 0.12777 0.01895 -0.65957
v 0.11873 0.03300 -0.61956
v 0.11747 0.02834 -0.61796
v 0.12107 0.02516 -0.61630
v 0.12594 0.02664 -0.61624
v 0.12720 0.03130 -0.61784
v 0.12359 0.03448 -0.61950
v 0.11276 0.04765 -0.57969
v 0.11153 0.04298 -0.57824
v 0.11510 0.03985 -0.57651
v 0.11989 0.04139 -0.57624
v 0.12113 0.04607 -0.57769
v 0.11756 0.04920 -0.57941
v 0.10509 0.06130 -0.53979
v 0.10390 0.05661 -0.53850
v 0.10742 0.05352 -0.53674
v 0.11214 0.05512 -0.53626
v 0.11334 0.05981 -0.53755
v 0.10981 0.06290 -0.53931
v 0.09586 0.07376 -0.49986
v 0.09472 0.06905 -0.49876
v 0.09821 0.06599 -0.49698
v 0.10285 0.06764 -0.49631
v 0.10400 0.07235 -0.49742
v 0.10051 0.07541 -0.49919
v 0.08526 0.08486 -0.45991
v 0.08417 0.08013 -0.45899
v 0.08764 0.07710 -0.45723
v 0.09220 0.07878 -0.45639
v 0.09329 0.08351 -0.45731
v 0.08982 0.08654 -0.45907
v 0.07348 0.09445 -0.41994
v 0.07245 0.08972 -0.41921
v 0.07590 0.08670 -0.41749
v 0.08037 0.08841 -0.41649
v 0.08140 0.09315 -0.41721
v 0.07795 0.09616 -0.41894
v 0.06071 0.10243 -0.37994
v 0.05976 0.09770 -0.37941
v 0.06319 0.09469 -0.37775
v 0.06759 0.09642 -0.37661
v 0.06855 0.10116 -0.37714
v 0.06511 0.10416 -0.37881
v 0.04718 0.10870 -0.33993
v 0.04630 0.10398 -0.33959
v 0.04973 0.10099 -0.33800
v 0.05405 0.10273 -0.33675
v 0.05493 0.10746 -0.33708
v 0.05150 0.11044 -0.33867
v 0.03311 0.11322 -0.29990
v 0.03230 0.10850 -0.29976
v 0.03574 0.10553 -0.29826
v 0.03998 0.10727 -0.29691
v 0.04079 0.11198 -0.29705
v 0.03735 0.11496 -0.29854
v 0.01871 0.11593 -0.25985
v 0.01797 0.11124 -0.25990
v 0.02142 0.10829 -0.25851
v 0.02560 0.11002 -0.25708
v 0.02633 0.11471 -0.25703
v 0.02289 0.11766 -0.25841
v 0.00420 0.11684 -0.21978
v 0.00354 0.11218 -0.22001
v 0.00701 0.10925 -0.21876
v 0.01113 0.11097 -0.21727
v 0.01178 0.11563 -0.21704
v 0.00832 0.11856 -0.21829
v -0.01019 0.11596 -0.17970
v -0.01078 0.11135 -0.18011
v -0.00730 0.10844 -0.17900
v -0.00323 0.11015 -0.17748
v -0.00264 0.11477 -0.17707
v -0.00612 0.11767 -0.17818
v -0.02426 0.11335 -0.13962
v -0.02479 0.10878 -0.14019
v -0.02128 0.10591 -0.13922
v -0.01725 0.10761 -0.13769
v -0.01673 0.11217 -0.13712
v -0.02024 0.11504 -0.13808
v -0.03781 0.10905 -0.09952
v -0.03827 0.10454 -0.10024
v -0.03475 0.10171 -0.09944
v -0.03075 0.10339 -0.09791
v -0.03029 0.10791 -0.09719
v -0.03382 0.11074 -0.09799
v -0.05063 0.10314 -0.05941
v -0.05104 0.09868 -0.06028
v -0.04749 0.09590 -0.05964
v -0.04353 0.09758 -0.05814
v -0.04312 0.10203 -0.05728
v -0.04667 0.10481 -0.05791
v -0.06252 0.09570 -0.01931
v -0.06289 0.09131 -0.02030
v -0.05932 0.08858 -0.01983
v -0.05538 0.09025 -0.01838
v -0.05501 0.09464 -0.01739
v -0.05858 0.09737 -0.01785
v -0.07335 0.08692 0.02080
v -0.07368 0.08259 0.01971
v -0.07009 0.07992 0.02000
v -0.06617 0.08159 0.02139
v -0.06584 0.08592 0.02249
v -0.06942 0.08859 0.02219
v -0.08296 0.07695 0.06091
v -0.08326 0.07268 0.05972
v -0.07966 0.07007 0.05985
v -0.07576 0.07174 0.06116
v -0.07545 0.07601 0.06234
v -0.07905 0.07862 0.06222
v -0.09124 0.06594 0.10101
v -0.09152 0.06173 0.09976
v -0.08792 0.05919 0.09972
v -0.08403 0.06087 0.10093
v -0.08375 0.06508 0.10218
v -0.08735 0.06762 0.10222
v -0.09808 0.05407 0.14111
v -0.09835 0.04991 0.13980
v -0.09476 0.04744 0.13960
v -0.09088 0.04913 0.14070
v -0.09061 0.05329 0.14201
v -0.09421 0.05576 0.14221
v -0.10341 0.04151 0.18120
v -0.10367 0.03740 0.17986
v -0.10008 0.03500 0.17950
v -0.09623 0.03671 0.18049
v -0.09596 0.04082 0.18183
v -0.09955 0.04322 0.18219
v -0.10715 0.02844 0.22128
v -0.10741 0.02438 0.21993
v -0.10384 0.02205 0.21942
v -0.10001 0.02379 0.22028
v -0.09975 0.02785 0.22164
v -0.10332 0.03018 0.22214
v -0.10927 0.01507 0.26136
v -0.10953 0.01104 0.26000
v -0.10599 0.00878 0.25936
v -0.10218 0.01054 0.26008
v -0.10192 0.01457 0.26143
v -0.10547 0.01683 0.26207
v -0.10976 0.00157 0.30142
v -0.11002 -0.00242 0.30008
v -0.10650 -0.00462 0.29932
v -0.10273 -0.00283 0.29989
v -0.10247 0.00116 0.30123
v -0.10598 0.00336 0.30199
v -0.10860 -0.01186 0.34147
v -0.10886 -0.01582 0.34017
v -0.10538 -0.01796 0.33929
v -0.10164 -0.01614 0.33971
v -0.10138 -0.01218 0.34102
v -0.10486 -0.01003 0.34189
v -0.10583 -0.02502 0.38151
v -0.10608 -0.02896 0.38026
v -0.10264 -0.03105 0.37928
v -0.09895 -0.02920 0.37955
v -0.09869 -0.02526 0.38080
v -0.10213 -0.02317 0.38178
v -0.10148 -0.03774 0.42153
v -0.10173 -0.04166 0.42035
v -0.09833 -0.04370 0.41928
v -0.09469 -0.04182 0.41940
v -0.09444 -0.03790 0.42059
v -0.09784 -0.03586 0.42165
v -0.09563 -0.04982 0.46153
v -0.09586 -0.05373 0.46043
v -0.09251 -0.05573 0.45930
v -0.08892 -0.05383 0.45927
v -0.08868 -0.04992 0.46037
v -0.09204 -0.04792 0.46150
v -0.08835 -0.06111 0.50153
v -0.08857 -0.06500 0.50052
v -0.08526 -0.06697 0.49933
v -0.08172 -0.06504 0.49916
v -0.08150 -0.06115 0.50016
v -0.08481 -0.05918 0.50135
v -0.07974 -0.07143 0.54150
v -0.07994 -0.07531 0.54060
v -0.07667 -0.07725 0.53938
v -0.07321 -0.07530 0.53906
v -0.07301 -0.07142 0.53996
v -0.07628 -0.06948 0.54118
v -0.06994 -0.08064 0.58146
v -0.07011 -0.08451 0.58067
v -0.06688 -0.08642 0.57943
v -0.06348 -0.08446 0.57897
v -0.06331 -0.08059 0.57976
v -0.06654 -0.07868 0.58100
v -0.05907 -0.08859 0.62140
v -0.05921 -0.09245 0.62074
v -0.05602 -0.09433 0.61949
v -0.05268 -0.09237 0.61891
v -0.05254 -0.08851 0.61957
v -0.05574 -0.08662 0.62081
v -0.04729 -0.09517 0.66132
v -0.04739 -0.09901 0.66079
v -0.04423 -0.10088 0.65956
v -0.04096 -0.09891 0.65886
v -0.04086 -0.09507 0.65938
v -0.04403 -0.09320 0.66062
v -0.03477 -0.10027 0.70123
v -0.03482 -0.10409 0.70084
v -0.03169 -0.10594 0.69963
v -0.02849 -0.10398 0.69882
v -0.02843 -0.10016 0.69921
v -0.03157 -0.09830 0.70042
v -0.02167 -0.10380 0.74112
v -0.02169 -0.10760 0.74087
v -0.01857 -0.10944 0.73971
v -0.01544 -0.10748 0.73880
v -0.01542 -0.10369 0.73906
v -0.01854 -0.10185 0.74022
v -0.00821 -0.10571 0.78100
v -0.00817 -0.10947 0.78089
v -0.00507 -0.11130 0.77979
v -0.00200 -0.10936 0.77880
v -0.00203 -0.10559 0.77891
v -0.00514 -0.10377 0.78001
v 0.00544 -0.10595 0.82087
v 0.00552 -0.10968 0.82090
v 0.00862 -0.11148 0.81987
v 0.01163 -0.10956 0.81881
v 0.01155 -0.10583 0.81878
v 0.00845 -0.10403 0.81981
v 0.01906 -0.10450 0.86072
v 0.01919 -0.10818 0.86089
v 0.02228 -0.10996 0.85994
v 0.02524 -0.10806 0.85883
v 0.02511 -0.10438 0.85866
v 0.02202 -0.10260 0.85961
v 0.03246 -0.10136 0.90056
v 0.03263 -0.10500 0.90086
v 0.03572 -0.10675 0.90002
v 0.03863 -0.10487 0.89887
v 0.03846 -0.10124 0.89856
v 0.03537 -0.09948 0.89941
v 0.04541 -0.09657 0.94038
v 0.04563 -0.10015 0.94082
v 0.04872 -0.10188 0.94008
v 0.05159 -0.10002 0.93891
v 0.05137 -0.09644 0.93848
v 0.04828 -0.09471 0.93921
v 0.05773 -0.09018 0.98020
v 0.05799 -0.09370 0.98076
v 0.06108 -0.09539 0.98014
v 0.06392 -0.09355 0.97897
v 0.06366 -0.09003 0.97841
v 0.06057 -0.08834 0.97903
v 0.06922 -0.08227 1.02002
v 0.06951 -0.08573 1.02069
v 0.07260 -0.08737 1.02019
v 0.07541 -0.08555 1.01903
v 0.07512 -0.08209 1.01836
v 0.07202 -0.08045 1.01885
v 0.07968 -0.07293 1.05982
v 0.08000 -0.07633 1.06060
v 0.08309 -0.07793 1.06023
v 0.08587 -0.07612 1.05910
v 0.08555 -0.07273 1.05832
v 0.08246 -0.07113 1.05869
v 0.08894 -0.06231 1.09963
v 0.08928 -0.06565 1.10049
v 0.09237 -0.06719 1.10026
v 0.09512 -0.06540 1.09917
v 0.09478 -0.06206 1.09830
v 0.09169 -0.06052 1.09853
v 0.09684 -0.05055 1.13943
v 0.09719 -0.05382 1.14037
v 0.10027 -0.05531 1.14028
v 0.10300 -0.05352 1.13924
v 0.10265 -0.05025 1.13830
v 0.09957 -0.04876 1.13839
v 0.10323 -0.03782 1.17923
v 0.10359 -0.04103 1.18024
v 0.10666 -0.04246 1.18028
v 0.10937 -0.04067 1.17931
v 0.10901 -0.03746 1.17830
v 0.10594 -0.03603 1.17826
v 0.10800 -0.02431 1.21903
v 0.10836 -0.02747 1.22009
v 0.11141 -0.02883 1.22027
v 0.11410 -0.02704 1.21939
v 0.11374 -0.02389 1.21833
v 0.11068 -0.02252 1.21815
v 0.11104 -0.01023 1.25884
v 0.11140 -0.01333 1.25993
v 0.11443 -0.01464 1.26024
v 0.11709 -0.01284 1.25945
v 0.11673 -0.00973 1.25836
v 0.11370 -0.00843 1.25805
v 0.11228 0.00420 1.29865
v 0.11264 0.00115 1.29976
v 0.11563 -0.00010 1.30019
v 0.11827 0.00172 1.29951
v 0.11791 0.00478 1.29840
v 0.11492 0.00602 1.29797
v 0.11168 0.01876 1.33847
v 0.11203 0.01574 1.33959
v 0.11499 0.01456 1.34013
v 0.11760 0.01639 1.33957
v 0.11724 0.01941 1.33845
v 0.11428 0.02059 1.33791
v 0.10922 0.03321 1.37830
v 0.10957 0.03022 1.37940
v 0.11248 0.02909 1.38006
v 0.11505 0.03094 1.37961
v 0.11471 0.03393 1.37851
v 0.11179 0.03506 1.37786
v 0.10492 0.04730 1.41814
v 0.10526 0.04434 1.41921
v 0.10813 0.04326 1.41996
v 0.11066 0.04513 1.41965
v 0.11032 0.04809 1.41858
v 0.10744 0.04917 1.41782
v 0.09882 0.06080 1.45799
v 0.09916 0.05787 1.45902
v 0.10199 0.05683 1.45985
v 0.10447 0.05872 1.45967
v 0.10412 0.06165 1.45864
v 0.10130 0.06269 1.45781
v 0.09101 0.07348 1.49786
v 0.09135 0.07057 1.49882
v 0.09413 0.06957 1.49973
v 0.09655 0.07147 1.49968
v 0.09620 0.07438 1.49871
v 0.09343 0.07539 1.49780
v 0.08159 0.08512 1.53774
v 0.08194 0.08222 1.53863
v 0.08467 0.08125 1.53960
v 0.08703 0.08317 1.53967
v 0.08667 0.08606 1.53878
v 0.08395 0.08704 1.53781
v 0.07070 0.09550 1.57764
v 0.07107 0.09262 1.57844
v 0.07374 0.09168 1.57945
v 0.07605 0.09360 1.57965
v 0.07567 0.09648 1.57884
v 0.07300 0.09743 1.57784
v 0.05851 0.10444 1.61755
v 0.05890 0.10158 1.61826
v 0.06153 0.10066 1.61929
v 0.06376 0.10259 1.61961
v 0.06337 0.10545 1.61890
v 0.06074 0.10637 1.61787
v 0.04521 0.11178 1.65748
v 0.04562 0.10894 1.65808
v 0.04821 0.10802 1.65912
v 0.05038 0.10995 1.65956
v 0.04996 0.11279 1.65895
v 0.04738 0.11370 1.65791
v 0.03104 0.11746 1.69742
v 0.03149 0.11464 1.69792
v 0.03404 0.11374 1.69896
v 0.03614 0.11566 1.69949
v 0.03569 0.11848 1.69899
v 0.03314 0.11938 1.69795
v 0.01620 0.12136 1.73737
v 0.01668 0.11857 1.73776
v 0.01920 0.11768 1.73878
v 0.02123 0.11959 1.73941
v 0.02075 0.12238 1.73902
v 0.01824 0.12327 1.73800
v 0.00089 0.12333 1.77734
v 0.00141 0.12057 1.77761
v 0.00391 0.11969 1.77860
v 0.00588 0.12157 1.77931
v 0.00536 0.12433 1.77904
v 0.00287 0.12521 1.77806
v -0.01461 0.12330 1.81733
v -0.01405 0.12057 1.81747
v -0.01158 0.11971 1.81841
v -0.00966 0.12157 1.81920
v -0.01022 0.12429 1.81906
v -0.01269 0.12515 1.81812
v -0.03005 0.12125 1.85733
v -0.02945 0.11857 1.85735
v -0.02699 0.11772 1.85823
v -0.02513 0.11955 1.85908
v -0.02573 0.12223 1.85905
v -0.02818 0.12308 1.85818
v -0.04515 0.11720 1.89734
v -0.04452 0.11457 1.89724
v -0.04207 0.11374 1.89805
v -0.04026 0.11554 1.89894
v -0.04089 0.11817 1.89904
v -0.04334 0.11900 1.89823
v -0.05966 0.11121 1.93735
v -0.05899 0.10863 1.93715
v -0.05655 0.10783 1.93787
v -0.05478 0.10960 1.93880
v -0.05545 0.11217 1.93901
v -0.05789 0.11298 1.93828
v -0.07331 0.10336 1.97738
v -0.07261 0.10084 1.97707
v -0.07018 0.10007 1.97770
v -0.06844 0.10180 1.97864
v -0.06914 0.10432 1.97896
v -0.07158 0.10510 1.97833
v -0.08587 0.09378 2.01742
v -0.08514 0.09132 2.01700
v -0.08271 0.09058 2.01753
v -0.08101 0.09229 2.01848
v -0.08173 0.09475 2.01890
v -0.08416 0.09549 2.01837
v -0.09710 0.08262 2.05746
v -0.09635 0.08023 2.05695
v -0.09393 0.07953 2.05738
v -0.09226 0.08121 2.05831
v -0.09300 0.08360 2.05883
v -0.09542 0.08431 2.05840
v -0.10680 0.07008 2.09751
v -0.10605 0.06775 2.09691
v -0.10364 0.06709 2.09723
v -0.10198 0.06876 2.09814
v -0.10274 0.07108 2.09874
v -0.10515 0.07175 2.09842
v -0.11481 0.05636 2.13755
v -0.11404 0.05410 2.13689
v -0.11165 0.05348 2.13710
v -0.11002 0.05513 2.13797
v -0.11078 0.05740 2.13864
v -0.11317 0.05801 2.13843
v -0.12096 0.04171 2.17760
v -0.12020 0.03950 2.17688
v -0.11783 0.03893 2.17697
v -0.11621 0.04057 2.17780
v -0.11698 0.04278 2.17852
v -0.11935 0.04335 2.17843
v -0.12517 0.02637 2.21765
v -0.12441 0.02422 2.21687
v -0.12206 0.02370 2.21686
v -0.12047 0.02534 2.21762
v -0.12122 0.02748 2.21840
v -0.12357 0.02800 2.21841
v -0.12734 0.01062 2.25769
v -0.12659 0.00852 2.25688
v -0.12428 0.00805 2.25677
v -0.12270 0.00968 2.25746
v -0.12345 0.01178 2.25826
v -0.12577 0.01225 2.25838
v -0.12745 -0.00527 2.29773
v -0.12671 -0.00732 2.29690
v -0.12443 -0.00774 2.29668
v -0.12288 -0.00611 2.29729
v -0.12362 -0.00406 2.29812
v -0.12590 -0.00364 2.29834
v -0.12549 -0.02102 2.33776
v -0.12477 -0.02303 2.33692
v -0.12253 -0.02341 2.33661
v -0.12101 -0.02177 2.33714
v -0.12173 -0.01976 2.33797
v -0.12397 -0.01939 2.33828
v -0.12150 -0.03635 2.37778
v -0.12080 -0.03833 2.37695
v -0.11860 -0.03867 2.37656
v -0.11712 -0.03703 2.37699
v -0.11782 -0.03505 2.37782
v -0.12002 -0.03472 2.37821
v -0.11557 -0.05101 2.41779
v -0.11488 -0.05295 2.41699
v -0.11273 -0.05325 2.41651
v -0.11128 -0.05161 2.41685
v -0.11198 -0.04967 2.41766
v -0.11412 -0.04936 2.41813
v -0.10781 -0.06472 2.45780
v -0.10712 -0.06664 2.45702
v -0.10503 -0.06692 2.45648
v -0.10362 -0.06527 2.45672
v -0.10430 -0.06335 2.45750
v -0.10640 -0.06308 2.45803
v -0.09836 -0.07727 2.49779
v -0.09768 -0.07917 2.49706
v -0.09564 -0.07942 2.49646
v -0.09427 -0.07777 2.49660
v -0.09495 -0.07588 2.49734
v -0.09699 -0.07563 2.49793
v -0.08740 -0.08844 2.53777
v -0.08672 -0.09032 2.53709
v -0.08473 -0.09055 2.53645
v -0.08342 -0.08891 2.53650
v -0.08409 -0.08704 2.53718
v -0.08608 -0.08680 2.53781
v -0.07514 -0.09805 2.57774
v -0.07446 -0.09990 2.57712
v -0.07252 -0.10012 2.57645
v -0.07125 -0.09849 2.57640
v -0.07193 -0.09664 2.57702
v -0.07387 -0.09642 2.57769
v -0.06180 -0.10595 2.61769
v -0.06111 -0.10778 2.61714
v -0.05922 -0.10798 2.61645
v -0.05800 -0.10636 2.61632
v -0.05868 -0.10454 2.61687
v -0.06058 -0.10433 2.61756
v -0.04762 -0.11201 2.65764
v -0.04693 -0.11381 2.65716
v -0.04507 -0.11401 2.65646
v -0.04391 -0.11241 2.65625
v -0.04460 -0.11061 2.65673
v -0.04646 -0.11041 2.65742
v -0.03287 -0.11615 2.69757
v -0.03216 -0.11793 2.69717
v -0.03035 -0.11812 2.69648
v -0.02924 -0.11654 2.69619
v -0.02994 -0.11477 2.69659
v -0.03176 -0.11457 2.69728
v -0.01780 -0.11833 2.73750
v -0.01708 -0.12007 2.73717
v -0.01530 -0.12027 2.73650
v -0.01424 -0.11871 2.73614
v -0.01496 -0.11697 2.73646
v -0.01674 -0.11677 2.73714
v -0.00269 -0.11853 2.77741
v -0.00196 -0.12024 2.77717
v -0.00021 -0.12043 2.77651
v 0.00081 -0.11891 2.77610
v 0.00008 -0.11720 2.77634
v -0.00167 -0.11701 2.77700
v 0.01221 -0.11678 2.81731
v 0.01295 -0.11846 2.81715
v 0.01468 -0.11864 2.81653
v 0.01565 -0.11715 2.81607
v 0.01491 -0.11548 2.81623
v 0.01319 -0.11529 2.81685
v 0.02664 -0.11315 2.85721
v 0.02739 -0.11478 2.85713
v 0.02909 -0.11495 2.85655
v 0.03003 -0.11350 2.85605
v 0.02927 -0.11187 2.85613
v 0.02758 -0.11169 2.85671
v 0.04035 -0.10772 2.89710
v 0.04112 -0.10930 2.89709
v 0.04279 -0.10947 2.89656
v 0.04370 -0.10805 2.89604
v 0.04293 -0.10646 2.89604
v 0.04126 -0.10630 2.89657
v 0.05313 -0.10062 2.93698
v 0.05390 -0.10216 2.93704
v 0.05556 -0.10232 2.93657
v 0.05643 -0.10093 2.93603
v 0.05566 -0.09939 2.93596
v 0.05401 -0.09923 2.93644
v 0.06477 -0.09201 2.97686
v 0.06555 -0.09350 2.97699
v 0.06718 -0.09364 2.97657
v 0.06803 -0.09229 2.97603
v 0.06725 -0.09080 2.97589
v 0.06562 -0.09066 2.97631
v 0.07509 -0.08207 3.01673
v 0.07587 -0.08351 3.01692
v 0.07747 -0.08363 3.01657
v 0.07830 -0.08231 3.01603
v 0.07752 -0.08087 3.01583
v 0.07592 -0.08075 3.01618
v 0.08394 -0.07099 3.05660
v 0.08471 -0.07238 3.05685
v 0.08630 -0.07249 3.05656
v 0.08711 -0.07120 3.05603
v 0.08633 -0.06980 3.05578
v 0.08475 -0.06970 3.05607
v 0.09120 -0.05899 3.09648
v 0.09197 -0.06033 3.09677
v 0.09353 -0.06042 3.09655
v 0.09432 -0.05916 3.09603
v 0.09355 -0.05781 3.09574
v 0.09200 -0.05773 3.09596
v 0.09679 -0.04630 3.13635
v 0.09755 -0.04760 3.13668
v 0.09908 -0.04766 3.13652
v 0.09985 -0.04642 3.13603
v 0.09909 -0.04513 3.13570
v 0.09757 -0.04506 3.13586
v 0.10065 -0.03314 3.17625
v 0.10139 -0.03440 3.17660
v 0.10288 -0.03445 3.17647
v 0.10364 -0.03324 3.17600
v 0.10290 -0.03198 3.17566
v 0.10141 -0.03193 3.17578
v -0.00000 -0.14500 -3.17387
v 0.10215 -0.03319 3.17613
f 1 8 7
f 2 9 8
f 3 10 9
f 5 10 4
f 6 11 5
f 1 12 6
f 8 13 7
f 8 15 14
f 9 16 15
f 10 17 16
f 12 17 11
f 7 18 12
f 14 19 13
f 15 20 14
f 15 22 21
f 16 23 22
f 17 24 23
f 13 24 18
f 20 25 19
f 21 26 20
f 21 28 27
f 22 29 28
f 23 30 29
f 19 30 24
f 26 31 25
f 27 32 26
f 27 34 33
f 28 35 34
f 29 36 35
f 25 36 30
f 32 37 31
f 33 38 32
f 33 40 39
f 34 41 40
f 35 42 41
f 31 42 36
f 38 43 37
f 39 44 38
f 39 46 45
f 40 47 46
f 41 48 47
f 37 48 42
f 44 49 43
f 45 50 44
f 45 52 51
f 46 53 52
f 47 54 53
f 43 54 48
f 50 55 49
f 51 56 50
f 51 58 57
f 52 59 58
f 53 60 59
f 49 60 54
f 56 61 55
f 57 62 56
f 57 64 63
f 58 65 64
f 59 66 65
f 55 66 60
f 62 67 61
f 63 68 62
f 63 70 69
f 64 71 70
f 65 72 71
f 66 67 72
f 68 73 67
f 69 74 68
f 70 75 69
f 70 77 76
f 71 78 77
f 72 73 78
f 74 79 73
f 75 80 74
f 76 81 75
f 76 83 82
f 77 84 83
f 78 79 84
f 80 85 79
f 81 86 80
f 82 87 81
f 82 89 88
f 83 90 89
f 84 85 90
f 86 91 85
f 87 92 86
f 88 93 87
f 88 95 94
f 89 96 95
f 90 91 96
f 92 97 91
f 93 98 92
f 94 99 93
f 94 101 100
f 95 102 101
f 96 97 102
f 98 103 97
f 99 104 98
f 100 105 99
f 100 107 106
f 101 108 107
f 102 103 108
f 104 109 103
f 105 110 104
f 106 111 105
f 106 113 112
f 107 114 113
f 108 109 114
f 110 115 109
f 111 116 110
f 112 117 111
f 112 119 118
f 113 120 119
f 114 115 120
f 116 121 115
f 117 122 116
f 118 123 117
f 119 124 118
f 119 126 125
f 120 121 126
f 121 128 127
f 123 128 122
f 124 129 123
f 125 130 124
f 125 132 131
f 126 127 132
f 127 134 133
f 129 134 128
f 130 135 129
f 131 136 130
f 131 138 137
f 132 133 138
f 133 140 139
f 135 140 134
f 136 141 135
f 137 142 136
f 137 144 143
f 138 139 144
f 139 146 145
f 141 146 140
f 142 147 141
f 143 148 142
f 143 150 149
f 144 145 150
f 145 152 151
f 147 152 146
f 148 153 147
f 149 154 148
f 149 156 155
f 150 151 156
f 151 158 157
f 153 158 152
f 154 159 153
f 155 160 154
f 155 162 161
f 156 157 162
f 157 164 163
f 159 164 158
f 160 165 159
f 161 166 160
f 161 168 167
f 162 163 168
f 163 170 169
f 165 170 164
f 166 171 165
f 167 172 166
f 167 174 173
f 168 169 174
f 169 176 175
f 170 177 176
f 172 177 171
f 173 178 172
f 174 179 173
f 174 175 180
f 175 182 181
f 176 183 182
f 178 183 177
f 179 184 178
f 180 185 179
f 180 181 186
f 181 188 187
f 182 189 188
f 184 189 183
f 185 190 184
f 186 191 185
f 186 187 192
f 187 194 193
f 188 195 194
f 190 195 189
f 191 196 190
f 192 197 191
f 192 193 198
f 193 200 199
f 194 201 200
f 196 201 195
f 197 202 196
f 198 203 197
f 198 199 204
f 199 206 205
f 200 207 206
f 202 207 201
f 203 208 202
f 204 209 203
f 204 205 210
f 205 212 211
f 206 213 212
f 208 213 207
f 209 214 208
f 210 215 209
f 210 211 216
f 211 218 217
f 212 219 218
f 214 219 213
f 215 220 214
f 216 221 215
f 216 217 222
f 217 224 223
f 218 225 224
f 220 225 219
f 221 226 220
f 222 227 221
f 222 223 228
f 223 230 229
f 224 231 230
f 225 232 231
f 227 232 226
f 228 233 227
f 223 234 228
f 229 236 235
f 230 237 236
f 231 238 237
f 233 238 232
f 234 239 233
f 229 240 234
f 235 242 241
f 236 243 242
f 237 244 243
f 239 244 238
f 240 245 239
f 235 246 240
f 241 248 247
f 242 249 248
f 243 250 249
f 245 250 244
f 246 251 245
f 241 252 246
f 247 254 253
f 248 255 254
f 249 256 255
f 251 256 250
f 252 257 251
f 247 258 252
f 253 260 259
f 254 261 260
f 255 262 261
f 257 262 256
f 258 263 257
f 253 264 258
f 259 266 265
f 260 267 266
f 261 268 267
f 263 268 262
f 264 269 263
f 259 270 264
f 266 271 265
f 266 273 272
f 267 274 273
f 269 274 268
f 270 275 269
f 265 276 270
f 272 277 271
f 272 279 278
f 273 280 279
f 274 281 280
f 276 281 275
f 271 282 276
f 278 283 277
f 278 285 284
f 279 286 285
f 280 287 286
f 282 287 281
f 277 288 282
f 284 289 283
f 284 291 290
f 285 292 291
f 286 293 292
f 288 293 287
f 283 294 288
f 290 295 289
f 290 297 296
f 291 298 297
f 292 299 298
f 294 299 293
f 289 300 294
f 296 301 295
f 296 303 302
f 297 304 303
f 298 305 304
f 300 305 299
f 295 306 300
f 302 307 301
f 302 309 308
f 303 310 309
f 304 311 310
f 306 311 305
f 301 312 306
f 308 313 307
f 308 315 314
f 309 316 315
f 310 317 316
f 312 317 311
f 307 318 312
f 314 319 313
f 314 321 320
f 315 322 321
f 316 323 322
f 318 323 317
f 313 324 318
f 320 325 319
f 321 326 320
f 321 328 327
f 322 329 328
f 324 329 323
f 319 330 324
f 326 331 325
f 327 332 326
f 327 334 333
f 328 335 334
f 329 336 335
f 325 336 330
f 332 337 331
f 333 338 332
f 333 340 339
f 334 341 340
f 335 342 341
f 331 342 336
f 338 343 337
f 339 344 338
f 339 346 345
f 340 347 346
f 341 348 347
f 337 348 342
f 344 349 343
f 345 350 344
f 345 352 351
f 346 353 352
f 347 354 353
f 343 354 348
f 350 355 349
f 351 356 350
f 351 358 357
f 352 359 358
f 353 360 359
f 349 360 354
f 356 361 355
f 357 362 356
f 357 364 363
f 358 365 364
f 359 366 365
f 355 366 360
f 362 367 361
f 363 368 362
f 363 370 369
f 364 371 370
f 365 372 371
f 361 372 366
f 368 373 367
f 369 374 368
f 369 376 375
f 370 377 376
f 371 378 377
f 367 378 372
f 374 379 373
f 375 380 374
f 375 382 381
f 376 383 382
f 377 384 383
f 378 379 384
f 380 385 379
f 381 386 380
f 382 387 381
f 382 389 388
f 383 390 389
f 384 385 390
f 386 391 385
f 387 392 386
f 388 393 387
f 388 395 394
f 389 396 395
f 390 391 396
f 392 397 391
f 393 398 392
f 394 399 393
f 394 401 400
f 395 402 401
f 396 397 402
f 398 403 397
f 399 404 398
f 400 405 399
f 400 407 406
f 401 408 407
f 402 403 408
f 404 409 403
f 405 410 404
f 406 411 405
f 406 413 412
f 407 414 413
f 408 409 414
f 410 415 409
f 411 416 410
f 412 417 411
f 412 419 418
f 413 420 419
f 414 415 420
f 416 421 415
f 417 422 416
f 418 423 417
f 418 425 424
f 419 426 425
f 420 421 426
f 422 427 421
f 423 428 422
f 424 429 423
f 424 431 430
f 425 432 431
f 426 427 432
f 427 434 433
f 429 434 428
f 430 435 429
f 431 436 430
f 431 438 437
f 432 433 438
f 433 440 439
f 435 440 434
f 436 441 435
f 437 442 436
f 437 444 443
f 438 439 444
f 439 446 445
f 441 446 440
f 442 447 441
f 443 448 442
f 443 450 449
f 444 445 450
f 445 452 451
f 447 452 446
f 448 453 447
f 449 454 448
f 449 456 455
f 450 451 456
f 451 458 457
f 453 458 452
f 454 459 453
f 455 460 454
f 455 462 461
f 456 457 462
f 457 464 463
f 459 464 458
f 460 465 459
f 461 466 460
f 461 468 467
f 462 463 468
f 463 470 469
f 465 470 464
f 466 471 465
f 467 472 466
f 467 474 473
f 468 469 474
f 469 476 475
f 471 476 470
f 472 477 471
f 473 478 472
f 474 479 473
f 474 475 480
f 475 482 481
f 477 482 476
f 478 483 477
f 479 484 478
f 479 486 485
f 480 481 486
f 481 488 487
f 483 488 482
f 484 489 483
f 485 490 484
f 486 491 485
f 486 487 492
f 487 494 493
f 488 495 494
f 490 495 489
f 491 496 490
f 492 497 491
f 492 493 498
f 493 500 499
f 494 501 500
f 496 501 495
f 497 502 496
f 498 503 497
f 498 499 504
f 499 506 505
f 500 507 506
f 502 507 501
f 503 508 502
f 504 509 503
f 504 505 510
f 505 512 511
f 506 513 512
f 508 513 507
f 509 514 508
f 510 515 509
f 510 511 516
f 511 518 517
f 512 519 518
f 514 519 513
f 515 520 514
f 516 521 515
f 516 517 522
f 517 524 523
f 518 525 524
f 520 525 519
f 521 526 520
f 522 527 521
f 522 523 528
f 523 530 529
f 524 531 530
f 526 531 525
f 527 532 526
f 528 533 527
f 528 529 534
f 529 536 535
f 530 537 536
f 532 537 531
f 533 538 532
f 534 539 533
f 534 535 540
f 535 542 541
f 536 543 542
f 538 543 537
f 539 544 538
f 540 545 539
f 540 541 546
f 541 548 547
f 542 549 548
f 544 549 543
f 545 550 544
f 546 551 545
f 546 547 552
f 547 554 553
f 548 555 554
f 549 556 555
f 551 556 550
f 552 557 551
f 547 558 552
f 553 560 559
f 554 561 560
f 555 562 561
f 557 562 556
f 558 563 557
f 553 564 558
f 559 566 565
f 560 567 566
f 561 568 567
f 563 568 562
f 564 569 563
f 559 570 564
f 565 572 571
f 566 573 572
f 567 574 573
f 569 574 568
f 570 575 569
f 565 576 570
f 571 578 577
f 572 579 578
f 573 580 579
f 575 580 574
f 576 581 575
f 571 582 576
f 577 584 583
f 578 585 584
f 579 586 585
f 581 586 580
f 582 587 581
f 577 588 582
f 583 590 589
f 584 591 590
f 585 592 591
f 587 592 586
f 588 593 587
f 583 594 588
f 589 596 595
f 590 597 596
f 591 598 597
f 593 598 592
f 594 599 593
f 589 600 594
f 595 602 601
f 596 603 602
f 597 604 603
f 599 604 598
f 600 605 599
f 595 606 600
f 602 607 601
f 602 609 608
f 603 610 609
f 605 610 604
f 606 611 605
f 601 612 606
f 608 613 607
f 608 615 614
f 609 616 615
f 610 617 616
f 612 617 611
f 607 618 612
f 614 619 613
f 614 621 620
f 615 622 621
f 616 623 622
f 618 623 617
f 613 624 618
f 620 625 619
f 620 627 626
f 621 628 627
f 622 629 628
f 624 629 623
f 619 630 624
f 626 631 625
f 626 633 632
f 627 634 633
f 628 635 634
f 630 635 629
f 625 636 630
f 632 637 631
f 632 639 638
f 633 640 639
f 634 641 640
f 636 641 635
f 631 642 636
f 638 643 637
f 638 645 644
f 639 646 645
f 640 647 646
f 642 647 641
f 637 648 642
f 644 649 643
f 644 651 650
f 645 652 651
f 646 653 652
f 648 653 647
f 643 654 648
f 650 655 649
f 650 657 656
f 651 658 657
f 652 659 658
f 654 659 653
f 649 660 654
f 656 661 655
f 656 663 662
f 657 664 663
f 658 665 664
f 660 665 659
f 655 666 660
f 662 667 661
f 663 668 662
f 663 670 669
f 664 671 670
f 665 672 671
f 661 672 666
f 668 673 667
f 669 674 668
f 669 676 675
f 670 677 676
f 671 678 677
f 667 678 672
f 674 679 673
f 675 680 674
f 675 682 681
f 676 683 682
f 677 684 683
f 673 684 678
f 680 685 679
f 681 686 680
f 681 688 687
f 682 689 688
f 683 690 689
f 679 690 684
f 686 691 685
f 687 692 686
f 687 694 693
f 688 695 694
f 689 696 695
f 685 696 690
f 692 697 691
f 693 698 692
f 693 700 699
f 694 701 700
f 695 702 701
f 691 702 696
f 698 703 697
f 699 704 698
f 699 706 705
f 700 707 706
f 701 708 707
f 697 708 702
f 704 709 703
f 705 710 704
f 705 712 711
f 706 713 712
f 707 714 713
f 703 714 708
f 710 715 709
f 711 716 710
f 712 717 711
f 712 719 718
f 713 720 719
f 714 715 720
f 716 721 715
f 717 722 716
f 718 723 717
f 718 725 724
f 719 726 725
f 720 721 726
f 722 727 721
f 723 728 722
f 724 729 723
f 724 731 730
f 725 732 731
f 726 727 732
f 728 733 727
f 729 734 728
f 730 735 729
f 730 737 736
f 731 738 737
f 732 733 738
f 734 739 733
f 735 740 734
f 736 741 735
f 736 743 742
f 737 744 743
f 738 739 744
f 740 745 739
f 741 746 740
f 742 747 741
f 742 749 748
f 743 750 749
f 744 745 750
f 746 751 745
f 747 752 746
f 748 753 747
f 748 755 754
f 749 756 755
f 750 751 756
f 752 757 751
f 753 758 752
f 754 759 753
f 754 761 760
f 755 762 761
f 756 757 762
f 758 763 757
f 759 764 758
f 760 765 759
f 760 767 766
f 761 768 767
f 762 763 768
f 763 770 769
f 765 770 764
f 766 771 765
f 767 772 766
f 767 774 773
f 768 769 774
f 769 776 775
f 771 776 770
f 772 777 771
f 773 778 772
f 773 780 779
f 774 775 780
f 775 782 781
f 777 782 776
f 778 783 777
f 779 784 778
f 779 786 785
f 780 781 786
f 781 788 787
f 783 788 782
f 784 789 783
f 785 790 784
f 785 792 791
f 786 787 792
f 787 794 793
f 789 794 788
f 790 795 789
f 791 796 790
f 791 798 797
f 792 793 798
f 793 800 799
f 795 800 794
f 796 801 795
f 797 802 796
f 797 804 803
f 798 799 804
f 799 806 805
f 801 806 800
f 802 807 801
f 803 808 802
f 803 810 809
f 804 805 810
f 805 812 811
f 807 812 806
f 808 813 807
f 809 814 808
f 809 816 815
f 810 811 816
f 811 818 817
f 812 819 818
f 814 819 813
f 815 820 814
f 816 821 815
f 816 817 822
f 817 824 823
f 818 825 824
f 820 825 819
f 821 826 820
f 822 827 821
f 822 823 828
f 823 830 829
f 824 831 830
f 826 831 825
f 827 832 826
f 828 833 827
f 828 829 834
f 829 836 835
f 830 837 836
f 832 837 831
f 833 838 832
f 834 839 833
f 834 835 840
f 835 842 841
f 836 843 842
f 838 843 837
f 839 844 838
f 840 845 839
f 840 841 846
f 841 848 847
f 842 849 848
f 844 849 843
f 845 850 844
f 846 851 845
f 846 847 852
f 847 854 853
f 848 855 854
f 850 855 849
f 851 856 850
f 852 857 851
f 852 853 858
f 853 860 859
f 854 861 860
f 856 861 855
f 857 862 856
f 858 863 857
f 858 859 864
f 859 866 865
f 860 867 866
f 861 868 867
f 863 868 862
f 864 869 863
f 859 870 864
f 865 872 871
f 866 873 872
f 867 874 873
f 869 874 868
f 870 875 869
f 865 876 870
f 871 878 877
f 872 879 878
f 873 880 879
f 875 880 874
f 876 881 875
f 871 882 876
f 877 884 883
f 878 885 884
f 879 886 885
f 881 886 880
f 882 887 881
f 877 888 882
f 883 890 889
f 884 891 890
f 885 892 891
f 887 892 886
f 888 893 887
f 883 894 888
f 889 896 895
f 890 897 896
f 891 898 897
f 893 898 892
f 894 899 893
f 889 900 894
f 895 902 901
f 896 903 902
f 897 904 903
f 899 904 898
f 900 905 899
f 895 906 900
f 901 908 907
f 902 909 908
f 903 910 909
f 905 910 904
f 906 911 905
f 901 912 906
f 908 913 907
f 908 915 914
f 909 916 915
f 910 917 916
f 912 917 911
f 907 918 912
f 914 919 913
f 914 921 920
f 915 922 921
f 916 923 922
f 918 923 917
f 913 924 918
f 920 925 919
f 920 927 926
f 921 928 927
f 922 929 928
f 924 929 923
f 919 930 924
f 926 931 925
f 926 933 932
f 927 934 933
f 928 935 934
f 930 935 929
f 925 936 930
f 932 937 931
f 932 939 938
f 933 940 939
f 934 941 940
f 936 941 935
f 931 942 936
f 938 943 937
f 938 945 944
f 939 946 945
f 940 947 946
f 942 947 941
f 937 948 942
f 944 949 943
f 944 951 950
f 945 952 951
f 946 953 952
f 948 953 947
f 943 954 948
f 950 955 949
f 951 956 950
f 952 957 951
f 952 959 958
f 953 960 959
f 954 955 960
f 961 2 1
f 961 3 2
f 961 4 3
f 961 5 4
f 961 6 5
f 961 1 6
f 955 956 962
f 956 957 962
f 957 958 962
f 958 959 962
f 959 960 962
f 960 955 962
f 964 969 963
f 965 970 964
f 966 971 965
f 966 973 972
f 967 974 973
f 968 969 974
f 969 976 975
f 971 976 970
f 972 977 971
f 973 978 972
f 973 980 979
f 974 975 980
f 975 982 981
f 976 983 982
f 978 983 977
f 979 984 978
f 980 985 979
f 980 981 986
f 981 988 987
f 982 989 988
f 984 989 983
f 985 990 984
f 986 991 985
f 986 987 992
f 987 994 993
f 988 995 994
f 990 995 989
f 991 996 990
f 992 997 991
f 992 993 998
f 993 1000 999
f 994 1001 1000
f 996 1001 995
f 997 1002 996
f 998 1003 997
f 998 999 1004
f 999 1006 1005
f 1000 1007 1006
f 1002 1007 1001
f 1003 1008 1002
f 1004 1009 1003
f 1004 1005 1010
f 1005 1012 1011
f 1006 1013 1012
f 1008 1013 1007
f 1009 1014 1008
f 1010 1015 1009
f 1010 1011 1016
f 1011 1018 1017
f 1012 1019 1018
f 1014 1019 1013
f 1015 1020 1014
f 1016 1021 1015
f 1016 1017 1022
f 1017 1024 1023
f 1018 1025 1024
f 1020 1025 1019
f 1021 1026 1020
f 1022 1027 1021
f 1022 1023 1028
f 1023 1030 1029
f 1024 1031 1030
f 1025 1032 1031
f 1027 1032 1026
f 1028 1033 1027
f 1028 1029 1034
f 1029 1036 1035
f 1030 1037 1036
f 1031 1038 1037
f 1033 1038 1032
f 1034 1039 1033
f 1029 1040 1034
f 1035 1042 1041
f 1036 1043 1042
f 1037 1044 1043
f 1039 1044 1038
f 1040 1045 1039
f 1035 1046 1040
f 1041 1048 1047
f 1042 1049 1048
f 1043 1050 1049
f 1045 1050 1044
f 1046 1051 1045
f 1041 1052 1046
f 1047 1054 1053
f 1048 1055 1054
f 1049 1056 1055
f 1051 1056 1050
f 1052 1057 1051
f 1047 1058 1052
f 1053 1060 1059
f 1054 1061 1060
f 1055 1062 1061
f 1057 1062 1056
f 1058 1063 1057
f 1053 1064 1058
f 1059 1066 1065
f 1060 1067 1066
f 1061 1068 1067
f 1063 1068 1062
f 1064 1069 1063
f 1059 1070 1064
f 1065 1072 1071
f 1066 1073 1072
f 1067 1074 1073
f 1069 1074 1068
f 1070 1075 1069
f 1065 1076 1070
f 1071 1078 1077
f 1072 1079 1078
f 1073 1080 1079
f 1075 1080 1074
f 1076 1081 1075
f 1071 1082 1076
f 1078 1083 1077
f 1078 1085 1084
f 1079 1086 1085
f 1081 1086 1080
f 1082 1087 1081
f 1077 1088 1082
f 1084 1089 1083
f 1084 1091 1090
f 1085 1092 1091
f 1086 1093 1092
f 1088 1093 1087
f 1083 1094 1088
f 1090 1095 1089
f 1090 1097 1096
f 1091 1098 1097
f 1092 1099 1098
f 1094 1099 1093
f 1089 1100 1094
f 1096 1101 1095
f 1096 1103 1102
f 1097 1104 1103
f 1098 1105 1104
f 1100 1105 1099
f 1095 1106 1100
f 1102 1107 1101
f 1102 1109 1108
f 1103 1110 1109
f 1104 1111 1110
f 1106 1111 1105
f 1101 1112 1106
f 1108 1113 1107
f 1108 1115 1114
f 1109 1116 1115
f 1110 1117 1116
f 1112 1117 1111
f 1107 1118 1112
f 1114 1119 1113
f 1114 1121 1120
f 1115 1122 1121
f 1116 1123 1122
f 1118 1123 1117
f 1113 1124 1118
f 1120 1125 1119
f 1120 1127 1126
f 1121 1128 1127
f 1122 1129 1128
f 1124 1129 1123
f 1119 1130 1124
f 1126 1131 1125
f 1126 1133 1132
f 1127 1134 1133
f 1128 1135 1134
f 1130 1135 1129
f 1125 1136 1130
f 1132 1137 1131
f 1133 1138 1132
f 1133 1140 1139
f 1134 1141 1140
f 1135 1142 1141
f 1131 1142 1136
f 1138 1143 1137
f 1139 1144 1138
f 1139 1146 1145
f 1140 1147 1146
f 1141 1148 1147
f 1137 1148 1142
f 1144 1149 1143
f 1145 1150 1144
f 1145 1152 1151
f 1146 1153 1152
f 1147 1154 1153
f 1143 1154 1148
f 1150 1155 1149
f 1151 1156 1150
f 1151 1158 1157
f 1152 1159 1158
f 1153 1160 1159
f 1149 1160 1154
f 1156 1161 1155
f 1157 1162 1156
f 1157 1164 1163
f 1158 1165 1164
f 1159 1166 1165
f 1155 1166 1160
f 1162 1167 1161
f 1163 1168 1162
f 1163 1170 1169
f 1164 1171 1170
f 1165 1172 1171
f 1161 1172 1166
f 1168 1173 1167
f 1169 1174 1168
f 1169 1176 1175
f 1170 1177 1176
f 1171 1178 1177
f 1167 1178 1172
f 1174 1179 1173
f 1175 1180 1174
f 1175 1182 1181
f 1176 1183 1182
f 1177 1184 1183
f 1173 1184 1178
f 1180 1185 1179
f 1181 1186 1180
f 1181 1188 1187
f 1182 1189 1188
f 1183 1190 1189
f 1179 1190 1184
f 1186 1191 1185
f 1187 1192 1186
f 1188 1193 1187
f 1188 1195 1194
f 1189 1196 1195
f 1190 1191 1196
f 1192 1197 1191
f 1193 1198 1192
f 1194 1199 1193
f 1194 1201 1200
f 1195 1202 1201
f 1196 1197 1202
f 1198 1203 1197
f 1199 1204 1198
f 1200 1205 1199
f 1200 1207 1206
f 1201 1208 1207
f 1202 1203 1208
f 1204 1209 1203
f 1205 1210 1204
f 1206 1211 1205
f 1206 1213 1212
f 1207 1214 1213
f 1208 1209 1214
f 1210 1215 1209
f 1211 1216 1210
f 1212 1217 1211
f 1212 1219 1218
f 1213 1220 1219
f 1214 1215 1220
f 1216 1221 1215
f 1217 1222 1216
f 1218 1223 1217
f 1218 1225 1224
f 1219 1226 1225
f 1220 1221 1226
f 1222 1227 1221
f 1223 1228 1222
f 1224 1229 1223
f 1224 1231 1230
f 1225 1232 1231
f 1226 1227 1232
f 1228 1233 1227
f 1229 1234 1228
f 1230 1235 1229
f 1231 1236 1230
f 1231 1238 1237
f 1232 1233 1238
f 1233 1240 1239
f 1235 1240 1234
f 1236 1241 1235
f 1237 1242 1236
f 1237 1244 1243
f 1238 1239 1244
f 1239 1246 1245
f 1241 1246 1240
f 1242 1247 1241
f 1243 1248 1242
f 1243 1250 1249
f 1244 1245 1250
f 1245 1252 1251
f 1247 1252 1246
f 1248 1253 1247
f 1249 1254 1248
f 1249 1256 1255
f 1250 1251 1256
f 1251 1258 1257
f 1253 1258 1252
f 1254 1259 1253
f 1255 1260 1254
f 1255 1262 1261
f 1256 1257 1262
f 1257 1264 1263
f 1259 1264 1258
f 1260 1265 1259
f 1261 1266 1260
f 1261 1268 1267
f 1262 1263 1268
f 1263 1270 1269
f 1265 1270 1264
f 1266 1271 1265
f 1267 1272 1266
f 1267 1274 1273
f 1268 1269 1274
f 1269 1276 1275
f 1271 1276 1270
f 1272 1277 1271
f 1273 1278 1272
f 1273 1280 1279
f 1274 1275 1280
f 1275 1282 1281
f 1277 1282 1276
f 1278 1283 1277
f 1279 1284 1278
f 1279 1286 1285
f 1280 1281 1286
f 1281 1288 1287
f 1283 1288 1282
f 1284 1289 1283
f 1285 1290 1284
f 1286 1291 1285
f 1286 1287 1292
f 1287 1294 1293
f 1288 1295 1294
f 1290 1295 1289
f 1291 1296 1290
f 1292 1297 1291
f 1292 1293 1298
f 1293 1300 1299
f 1294 1301 1300
f 1296 1301 1295
f 1297 1302 1296
f 1298 1303 1297
f 1298 1299 1304
f 1299 1306 1305
f 1300 1307 1306
f 1302 1307 1301
f 1303 1308 1302
f 1304 1309 1303
f 1304 1305 1310
f 1305 1312 1311
f 1306 1313 1312
f 1308 1313 1307
f 1309 1314 1308
f 1310 1315 1309
f 1310 1311 1316
f 1311 1318 1317
f 1312 1319 1318
f 1314 1319 1313
f 1315 1320 1314
f 1316 1321 1315
f 1316 1317 1322
f 1317 1324 1323
f 1318 1325 1324
f 1320 1325 1319
f 1321 1326 1320
f 1322 1327 1321
f 1322 1323 1328
f 1323 1330 1329
f 1324 1331 1330
f 1326 1331 1325
f 1327 1332 1326
f 1328 1333 1327
f 1328 1329 1334
f 1329 1336 1335
f 1330 1337 1336
f 1332 1337 1331
f 1333 1338 1332
f 1334 1339 1333
f 1334 1335 1340
f 1335 1342 1341
f 1336 1343 1342
f 1337 1344 1343
f 1339 1344 1338
f 1340 1345 1339
f 1340 1341 1346
f 1341 1348 1347
f 1342 1349 1348
f 1343 1350 1349
f 1345 1350 1344
f 1346 1351 1345
f 1341 1352 1346
f 1347 1354 1353
f 1348 1355 1354
f 1349 1356 1355
f 1351 1356 1350
f 1352 1357 1351
f 1347 1358 1352
f 1353 1360 1359
f 1354 1361 1360
f 1355 1362 1361
f 1357 1362 1356
f 1358 1363 1357
f 1353 1364 1358
f 1359 1366 1365
f 1360 1367 1366
f 1361 1368 1367
f 1363 1368 1362
f 1364 1369 1363
f 1359 1370 1364
f 1365 1372 1371
f 1366 1373 1372
f 1367 1374 1373
f 1369 1374 1368
f 1370 1375 1369
f 1365 1376 1370
f 1371 1378 1377
f 1372 1379 1378
f 1373 1380 1379
f 1375 1380 1374
f 1376 1381 1375
f 1371 1382 1376
f 1377 1384 1383
f 1378 1385 1384
f 1379 1386 1385
f 1381 1386 1380
f 1382 1387 1381
f 1377 1388 1382
f 1383 1390 1389
f 1384 1391 1390
f 1385 1392 1391
f 1387 1392 1386
f 1388 1393 1387
f 1383 1394 1388
f 1390 1395 1389
f 1390 1397 1396
f 1391 1398 1397
f 1392 1399 1398
f 1394 1399 1393
f 1389 1400 1394
f 1396 1401 1395
f 1396 1403 1402
f 1397 1404 1403
f 1398 1405 1404
f 1400 1405 1399
f 1395 1406 1400
f 1402 1407 1401
f 1402 1409 1408
f 1403 1410 1409
f 1404 1411 1410
f 1406 1411 1405
f 1401 1412 1406
f 1408 1413 1407
f 1408 1415 1414
f 1409 1416 1415
f 1410 1417 1416
f 1412 1417 1411
f 1407 1418 1412
f 1414 1419 1413
f 1414 1421 1420
f 1415 1422 1421
f 1416 1423 1422
f 1418 1423 1417
f 1413 1424 1418
f 1420 1425 1419
f 1420 1427 1426
f 1421 1428 1427
f 1422 1429 1428
f 1424 1429 1423
f 1419 1430 1424
f 1426 1431 1425
f 1426 1433 1432
f 1427 1434 1433
f 1428 1435 1434
f 1430 1435 1429
f 1425 1436 1430
f 1432 1437 1431
f 1433 1438 1432
f 1433 1440 1439
f 1434 1441 1440
f 1436 1441 1435
f 1431 1442 1436
f 1438 1443 1437
f 1438 1445 1444
f 1439 1446 1445
f 1440 1447 1446
f 1442 1447 1441
f 1437 1448 1442
f 1444 1449 1443
f 1445 1450 1444
f 1445 1452 1451
f 1446 1453 1452
f 1448 1453 1447
f 1443 1454 1448
f 1450 1455 1449
f 1451 1456 1450
f 1451 1458 1457
f 1452 1459 1458
f 1453 1460 1459
f 1449 1460 1454
f 1456 1461 1455
f 1457 1462 1456
f 1457 1464 1463
f 1458 1465 1464
f 1459 1466 1465
f 1455 1466 1460
f 1462 1467 1461
f 1463 1468 1462
f 1463 1470 1469
f 1464 1471 1470
f 1465 1472 1471
f 1461 1472 1466
f 1468 1473 1467
f 1469 1474 1468
f 1469 1476 1475
f 1470 1477 1476
f 1471 1478 1477
f 1467 1478 1472
f 1474 1479 1473
f 1475 1480 1474
f 1475 1482 1481
f 1476 1483 1482
f 1477 1484 1483
f 1473 1484 1478
f 1480 1485 1479
f 1481 1486 1480
f 1481 1488 1487
f 1482 1489 1488
f 1483 1490 1489
f 1479 1490 1484
f 1486 1491 1485
f 1487 1492 1486
f 1487 1494 1493
f 1488 1495 1494
f 1489 1496 1495
f 1485 1496 1490
f 1492 1497 1491
f 1493 1498 1492
f 1493 1500 1499
f 1494 1501 1500
f 1495 1502 1501
f 1491 1502 1496
f 1498 1503 1497
f 1499 1504 1498
f 1499 1506 1505
f 1500 1507 1506
f 1501 1508 1507
f 1497 1508 1502
f 1504 1509 1503
f 1505 1510 1504
f 1505 1512 1511
f 1506 1513 1512
f 1507 1514 1513
f 1503 1514 1508
f 1510 1515 1509
f 1511 1516 1510
f 1512 1517 1511
f 1512 1519 1518
f 1513 1520 1519
f 1514 1515 1520
f 1516 1521 1515
f 1517 1522 1516
f 1518 1523 1517
f 1518 1525 1524
f 1519 1526 1525
f 1520 1521 1526
f 1522 1527 1521
f 1523 1528 1522
f 1524 1529 1523
f 1524 1531 1530
f 1525 1532 1531
f 1526 1527 1532
f 1528 1533 1527
f 1529 1534 1528
f 1530 1535 1529
f 1530 1537 1536
f 1531 1538 1537
f 1532 1533 1538
f 1534 1539 1533
f 1535 1540 1534
f 1536 1541 1535
f 1536 1543 1542
f 1537 1544 1543
f 1538 1539 1544
f 1540 1545 1539
f 1541 1546 1540
f 1542 1547 1541
f 1542 1549 1548
f 1543 1550 1549
f 1544 1545 1550
f 1546 1551 1545
f 1547 1552 1546
f 1548 1553 1547
f 1548 1555 1554
f 1549 1556 1555
f 1550 1551 1556
f 1552 1557 1551
f 1553 1558 1552
f 1554 1559 1553
f 1554 1561 1560
f 1555 1562 1561
f 1556 1557 1562
f 1558 1563 1557
f 1559 1564 1558
f 1560 1565 1559
f 1560 1567 1566
f 1561 1568 1567
f 1562 1563 1568
f 1564 1569 1563
f 1565 1570 1564
f 1566 1571 1565
f 1567 1572 1566
f 1567 1574 1573
f 1568 1569 1574
f 1569 1576 1575
f 1571 1576 1570
f 1572 1577 1571
f 1573 1578 1572
f 1573 1580 1579
f 1574 1575 1580
f 1575 1582 1581
f 1577 1582 1576
f 1578 1583 1577
f 1579 1584 1578
f 1579 1586 1585
f 1580 1581 1586
f 1581 1588 1587
f 1583 1588 1582
f 1584 1589 1583
f 1585 1590 1584
f 1585 1592 1591
f 1586 1587 1592
f 1587 1594 1593
f 1589 1594 1588
f 1590 1595 1589
f 1591 1596 1590
f 1591 1598 1597
f 1592 1593 1598
f 1593 1600 1599
f 1595 1600 1594
f 1596 1601 1595
f 1597 1602 1596
f 1597 1604 1603
f 1598 1599 1604
f 1599 1606 1605
f 1601 1606 1600
f 1602 1607 1601
f 1603 1608 1602
f 1603 1610 1609
f 1604 1605 1610
f 1605 1612 1611
f 1607 1612 1606
f 1608 1613 1607
f 1609 1614 1608
f 1609 1616 1615
f 1610 1611 1616
f 1611 1618 1617
f 1613 1618 1612
f 1614 1619 1613
f 1615 1620 1614
f 1615 1622 1621
f 1616 1617 1622
f 1617 1624 1623
f 1619 1624 1618
f 1620 1625 1619
f 1621 1626 1620
f 1621 1628 1627
f 1622 1623 1628
f 1623 1630 1629
f 1624 1631 1630
f 1626 1631 1625
f 1627 1632 1626
f 1628 1633 1627
f 1628 1629 1634
f 1629 1636 1635
f 1630 1637 1636
f 1632 1637 1631
f 1633 1638 1632
f 1634 1639 1633
f 1634 1635 1640
f 1635 1642 1641
f 1636 1643 1642
f 1638 1643 1637
f 1639 1644 1638
f 1640 1645 1639
f 1640 1641 1646
f 1641 1648 1647
f 1642 1649 1648
f 1644 1649 1643
f 1645 1650 1644
f 1646 1651 1645
f 1646 1647 1652
f 1647 1654 1653
f 1648 1655 1654
f 1650 1655 1649
f 1651 1656 1650
f 1652 1657 1651
f 1652 1653 1658
f 1653 1660 1659
f 1654 1661 1660
f 1656 1661 1655
f 1657 1662 1656
f 1658 1663 1657
f 1658 1659 1664
f 1659 1666 1665
f 1660 1667 1666
f 1662 1667 1661
f 1663 1668 1662
f 1664 1669 1663
f 1664 1665 1670
f 1665 1672 1671
f 1666 1673 1672
f 1668 1673 1667
f 1669 1674 1668
f 1670 1675 1669
f 1670 1671 1676
f 1671 1678 1677
f 1672 1679 1678
f 1673 1680 1679
f 1675 1680 1674
f 1676 1681 1675
f 1671 1682 1676
f 1677 1684 1683
f 1678 1685 1684
f 1679 1686 1685
f 1681 1686 1680
f 1682 1687 1681
f 1677 1688 1682
f 1683 1690 1689
f 1684 1691 1690
f 1685 1692 1691
f 1687 1692 1686
f 1688 1693 1687
f 1683 1694 1688
f 1689 1696 1695
f 1690 1697 1696
f 1691 1698 1697
f 1693 1698 1692
f 1694 1699 1693
f 1689 1700 1694
f 1695 1702 1701
f 1696 1703 1702
f 1697 1704 1703
f 1699 1704 1698
f 1700 1705 1699
f 1695 1706 1700
f 1701 1708 1707
f 1702 1709 1708
f 1703 1710 1709
f 1705 1710 1704
f 1706 1711 1705
f 1701 1712 1706
f 1707 1714 1713
f 1708 1715 1714
f 1709 1716 1715
f 1711 1716 1710
f 1712 1717 1711
f 1707 1718 1712
f 1713 1720 1719
f 1714 1721 1720
f 1715 1722 1721
f 1717 1722 1716
f 1718 1723 1717
f 1713 1724 1718
f 1719 1726 1725
f 1720 1727 1726
f 1721 1728 1727
f 1723 1728 1722
f 1724 1729 1723
f 1719 1730 1724
f 1726 1731 1725
f 1726 1733 1732
f 1727 1734 1733
f 1728 1735 1734
f 1730 1735 1729
f 1725 1736 1730
f 1732 1737 1731
f 1732 1739 1738
f 1733 1740 1739
f 1734 1741 1740
f 1736 1741 1735
f 1731 1742 1736
f 1738 1743 1737
f 1738 1745 1744
f 1739 1746 1745
f 1740 1747 1746
f 1742 1747 1741
f 1737 1748 1742
f 1744 1749 1743
f 1744 1751 1750
f 1745 1752 1751
f 1746 1753 1752
f 1748 1753 1747
f 1743 1754 1748
f 1750 1755 1749
f 1750 1757 1756
f 1751 1758 1757
f 1752 1759 1758
f 1754 1759 1753
f 1749 1760 1754
f 1756 1761 1755
f 1756 1763 1762
f 1757 1764 1763
f 1758 1765 1764
f 1760 1765 1759
f 1755 1766 1760
f 1762 1767 1761
f 1762 1769 1768
f 1763 1770 1769
f 1764 1771 1770
f 1766 1771 1765
f 1761 1772 1766
f 1768 1773 1767
f 1768 1775 1774
f 1769 1776 1775
f 1770 1777 1776
f 1772 1777 1771
f 1767 1778 1772
f 1774 1779 1773
f 1775 1780 1774
f 1775 1782 1781
f 1776 1783 1782
f 1777 1784 1783
f 1773 1784 1778
f 1780 1785 1779
f 1781 1786 1780
f 1781 1788 1787
f 1782 1789 1788
f 1783 1790 1789
f 1779 1790 1784
f 1786 1791 1785
f 1787 1792 1786
f 1787 1794 1793
f 1788 1795 1794
f 1789 1796 1795
f 1785 1796 1790
f 1792 1797 1791
f 1793 1798 1792
f 1793 1800 1799
f 1794 1801 1800
f 1795 1802 1801
f 1791 1802 1796
f 1798 1803 1797
f 1799 1804 1798
f 1799 1806 1805
f 1800 1807 1806
f 1801 1808 1807
f 1797 1808 1802
f 1804 1809 1803
f 1805 1810 1804
f 1805 1812 1811
f 1806 1813 1812
f 1807 1814 1813
f 1803 1814 1808
f 1810 1815 1809
f 1811 1816 1810
f 1811 1818 1817
f 1812 1819 1818
f 1813 1820 1819
f 1809 1820 1814
f 1816 1821 1815
f 1817 1822 1816
f 1817 1824 1823
f 1818 1825 1824
f 1819 1826 1825
f 1815 1826 1820
f 1822 1827 1821
f 1823 1828 1822
f 1824 1829 1823
f 1824 1831 1830
f 1825 1832 1831
f 1826 1827 1832
f 1828 1833 1827
f 1829 1834 1828
f 1830 1835 1829
f 1830 1837 1836
f 1831 1838 1837
f 1832 1833 1838
f 1834 1839 1833
f 1835 1840 1834
f 1836 1841 1835
f 1836 1843 1842
f 1837 1844 1843
f 1838 1839 1844
f 1840 1845 1839
f 1841 1846 1840
f 1842 1847 1841
f 1842 1849 1848
f 1843 1850 1849
f 1844 1845 1850
f 1846 1851 1845
f 1847 1852 1846
f 1848 1853 1847
f 1848 1855 1854
f 1849 1856 1855
f 1850 1851 1856
f 1852 1857 1851
f 1853 1858 1852
f 1854 1859 1853
f 1854 1861 1860
f 1855 1862 1861
f 1856 1857 1862
f 1858 1863 1857
f 1859 1864 1858
f 1860 1865 1859
f 1860 1867 1866
f 1861 1868 1867
f 1862 1863 1868
f 1864 1869 1863
f 1865 1870 1864
f 1866 1871 1865
f 1866 1873 1872
f 1867 1874 1873
f 1868 1869 1874
f 1869 1876 1875
f 1871 1876 1870
f 1872 1877 1871
f 1873 1878 1872
f 1873 1880 1879
f 1874 1875 1880
f 1875 1882 1881
f 1877 1882 1876
f 1878 1883 1877
f 1879 1884 1878
f 1879 1886 1885
f 1880 1881 1886
f 1881 1888 1887
f 1883 1888 1882
f 1884 1889 1883
f 1885 1890 1884
f 1885 1892 1891
f 1886 1887 1892
f 1887 1894 1893
f 1889 1894 1888
f 1890 1895 1889
f 1891 1896 1890
f 1891 1898 1897
f 1892 1893 1898
f 1893 1900 1899
f 1895 1900 1894
f 1896 1901 1895
f 1897 1902 1896
f 1897 1904 1903
f 1898 1899 1904
f 1899 1906 1905
f 1901 1906 1900
f 1902 1907 1901
f 1903 1908 1902
f 1903 1910 1909
f 1904 1905 1910
f 1905 1912 1911
f 1907 1912 1906
f 1908 1913 1907
f 1909 1914 1908
f 1909 1916 1915
f 1910 1911 1916
f 1911 1918 1917
f 1912 1919 1918
f 1913 1920 1919
f 1915 1920 1914
f 1916 1921 1915
f 1911 1922 1916
f 1923 964 963
f 1923 965 964
f 1923 966 965
f 1923 967 966
f 1923 968 967
f 1923 963 968
f 1917 1918 1924
f 1918 1919 1924
f 1919 1920 1924
f 1920 1921 1924
f 1921 1922 1924
f 1922 1917 1924
f 1 2 8
f 2 3 9
f 3 4 10
f 5 11 10
f 6 12 11
f 1 7 12
f 8 14 13
f 8 9 15
f 9 10 16
f 10 11 17
f 12 18 17
f 7 13 18
f 14 20 19
f 15 21 20
f 15 16 22
f 16 17 23
f 17 18 24
f 13 19 24
f 20 26 25
f 21 27 26
f 21 22 28
f 22 23 29
f 23 24 30
f 19 25 30
f 26 32 31
f 27 33 32
f 27 28 34
f 28 29 35
f 29 30 36
f 25 31 36
f 32 38 37
f 33 39 38
f 33 34 40
f 34 35 41
f 35 36 42
f 31 37 42
f 38 44 43
f 39 45 44
f 39 40 46
f 40 41 47
f 41 42 48
f 37 43 48
f 44 50 49
f 45 51 50
f 45 46 52
f 46 47 53
f 47 48 54
f 43 49 54
f 50 56 55
f 51 57 56
f 51 52 58
f 52 53 59
f 53 54 60
f 49 55 60
f 56 62 61
f 57 63 62
f 57 58 64
f 58 59 65
f 59 60 66
f 55 61 66
f 62 68 67
f 63 69 68
f 63 64 70
f 64 65 71
f 65 66 72
f 66 61 67
f 68 74 73
f 69 75 74
f 70 76 75
f 70 71 77
f 71 72 78
f 72 67 73
f 74 80 79
f 75 81 80
f 76 82 81
f 76 77 83
f 77 78 84
f 78 73 79
f 80 86 85
f 81 87 86
f 82 88 87
f 82 83 89
f 83 84 90
f 84 79 85
f 86 92 91
f 87 93 92
f 88 94 93
f 88 89 95
f 89 90 96
f 90 85 91
f 92 98 97
f 93 99 98
f 94 100 99
f 94 95 101
f 95 96 102
f 96 91 97
f 98 104 103
f 99 105 104
f 100 106 105
f 100 101 107
f 101 102 108
f 102 97 103
f 104 110 109
f 105 111 110
f 106 112 111
f 106 107 113
f 107 108 114
f 108 103 109
f 110 116 115
f 111 117 116
f 112 118 117
f 112 113 119
f 113 114 120
f 114 109 115
f 116 122 121
f 117 123 122
f 118 124 123
f 119 125 124
f 119 120 126
f 120 115 121
f 121 122 128
f 123 129 128
f 124 130 129
f 125 131 130
f 125 126 132
f 126 121 127
f 127 128 134
f 129 135 134
f 130 136 135
f 131 137 136
f 131 132 138
f 132 127 133
f 133 134 140
f 135 141 140
f 136 142 141
f 137 143 142
f 137 138 144
f 138 133 139
f 139 140 146
f 141 147 146
f 142 148 147
f 143 149 148
f 143 144 150
f 144 139 145
f 145 146 152
f 147 153 152
f 148 154 153
f 149 155 154
f 149 150 156
f 150 145 151
f 151 152 158
f 153 159 158
f 154 160 159
f 155 161 160
f 155 156 162
f 156 151 157
f 157 158 164
f 159 165 164
f 160 166 165
f 161 167 166
f 161 162 168
f 162 157 163
f 163 164 170
f 165 171 170
f 166 172 171
f 167 173 172
f 167 168 174
f 168 163 169
f 169 170 176
f 170 171 177
f 172 178 177
f 173 179 178
f 174 180 179
f 174 169 175
f 175 176 182
f 176 177 183
f 178 184 183
f 179 185 184
f 180 186 185
f 180 175 181
f 181 182 188
f 182 183 189
f 184 190 189
f 185 191 190
f 186 192 191
f 186 181 187
f 187 188 194
f 188 189 195
f 190 196 195
f 191 197 196
f 192 198 197
f 192 187 193
f 193 194 200
f 194 195 201
f 196 202 201
f 197 203 202
f 198 204 203
f 198 193 199
f 199 200 206
f 200 201 207
f 202 208 207
f 203 209 208
f 204 210 209
f 204 199 205
f 205 206 212
f 206 207 213
f 208 214 213
f 209 215 214
f 210 216 215
f 210 205 211
f 211 212 218
f 212 213 219
f 214 220 219
f 215 221 220
f 216 222 221
f 216 211 217
f 217 218 224
f 218 219 225
f 220 226 225
f 221 227 226
f 222 228 227
f 222 217 223
f 223 224 230
f 224 225 231
f 225 226 232
f 227 233 232
f 228 234 233
f 223 229 234
f 229 230 236
f 230 231 237
f 231 232 238
f 233 239 238
f 234 240 239
f 229 235 240
f 235 236 242
f 236 237 243
f 237 238 244
f 239 245 244
f 240 246 245
f 235 241 246
f 241 242 248
f 242 243 249
f 243 244 250
f 245 251 250
f 246 252 251
f 241 247 252
f 247 248 254
f 248 249 255
f 249 250 256
f 251 257 256
f 252 258 257
f 247 253 258
f 253 254 260
f 254 255 261
f 255 256 262
f 257 263 262
f 258 264 263
f 253 259 264
f 259 260 266
f 260 261 267
f 261 262 268
f 263 269 268
f 264 270 269
f 259 265 270
f 266 272 271
f 266 267 273
f 267 268 274
f 269 275 274
f 270 276 275
f 265 271 276
f 272 278 277
f 272 273 279
f 273 274 280
f 274 275 281
f 276 282 281
f 271 277 282
f 278 284 283
f 278 279 285
f 279 280 286
f 280 281 287
f 282 288 287
f 277 283 288
f 284 290 289
f 284 285 291
f 285 286 292
f 286 287 293
f 288 294 293
f 283 289 294
f 290 296 295
f 290 291 297
f 291 292 298
f 292 293 299
f 294 300 299
f 289 295 300
f 296 302 301
f 296 297 303
f 297 298 304
f 298 299 305
f 300 306 305
f 295 301 306
f 302 308 307
f 302 303 309
f 303 304 310
f 304 305 311
f 306 312 311
f 301 307 312
f 308 314 313
f 308 309 315
f 309 310 316
f 310 311 317
f 312 318 317
f 307 313 318
f 314 320 319
f 314 315 321
f 315 316 322
f 316 317 323
f 318 324 323
f 313 319 324
f 320 326 325
f 321 327 326
f 321 322 328
f 322 323 329
f 324 330 329
f 319 325 330
f 326 332 331
f 327 333 332
f 327 328 334
f 328 329 335
f 329 330 336
f 325 331 336
f 332 338 337
f 333 339 338
f 333 334 340
f 334 335 341
f 335 336 342
f 331 337 342
f 338 344 343
f 339 345 344
f 339 340 346
f 340 341 347
f 341 342 348
f 337 343 348
f 344 350 349
f 345 351 350
f 345 346 352
f 346 347 353
f 347 348 354
f 343 349 354
f 350 356 355
f 351 357 356
f 351 352 358
f 352 353 359
f 353 354 360
f 349 355 360
f 356 362 361
f 357 363 362
f 357 358 364
f 358 359 365
f 359 360 366
f 355 361 366
f 362 368 367
f 363 369 368
f 363 364 370
f 364 365 371
f 365 366 372
f 361 367 372
f 368 374 373
f 369 375 374
f 369 370 376
f 370 371 377
f 371 372 378
f 367 373 378
f 374 380 379
f 375 381 380
f 375 376 382
f 376 377 383
f 377 378 384
f 378 373 379
f 380 386 385
f 381 387 386
f 382 388 387
f 382 383 389
f 383 384 390
f 384 379 385
f 386 392 391
f 387 393 392
f 388 394 393
f 388 389 395
f 389 390 396
f 390 385 391
f 392 398 397
f 393 399 398
f 394 400 399
f 394 395 401
f 395 396 402
f 396 391 397
f 398 404 403
f 399 405 404
f 400 406 405
f 400 401 407
f 401 402 408
f 402 397 403
f 404 410 409
f 405 411 410
f 406 412 411
f 406 407 413
f 407 408 414
f 408 403 409
f 410 416 415
f 411 417 416
f 412 418 417
f 412 413 419
f 413 414 420
f 414 409 415
f 416 422 421
f 417 423 422
f 418 424 423
f 418 419 425
f 419 420 426
f 420 415 421
f 422 428 427
f 423 429 428
f 424 430 429
f 424 425 431
f 425 426 432
f 426 421 427
f 427 428 434
f 429 435 434
f 430 436 435
f 431 437 436
f 431 432 438
f 432 427 433
f 433 434 440
f 435 441 440
f 436 442 441
f 437 443 442
f 437 438 444
f 438 433 439
f 439 440 446
f 441 447 446
f 442 448 447
f 443 449 448
f 443 444 450
f 444 439 445
f 445 446 452
f 447 453 452
f 448 454 453
f 449 455 454
f 449 450 456
f 450 445 451
f 451 452 458
f 453 459 458
f 454 460 459
f 455 461 460
f 455 456 462
f 456 451 457
f 457 458 464
f 459 465 464
f 460 466 465
f 461 467 466
f 461 462 468
f 462 457 463
f 463 464 470
f 465 471 470
f 466 472 471
f 467 473 472
f 467 468 474
f 468 463 469
f 469 470 476
f 471 477 476
f 472 478 477
f 473 479 478
f 474 480 479
f 474 469 475
f 475 476 482
f 477 483 482
f 478 484 483
f 479 485 484
f 479 480 486
f 480 475 481
f 481 482 488
f 483 489 488
f 484 490 489
f 485 491 490
f 486 492 491
f 486 481 487
f 487 488 494
f 488 489 495
f 490 496 495
f 491 497 496
f 492 498 497
f 492 487 493
f 493 494 500
f 494 495 501
f 496 502 501
f 497 503 502
f 498 504 503
f 498 493 499
f 499 500 506
f 500 501 507
f 502 508 507
f 503 509 508
f 504 510 509
f 504 499 505
f 505 506 512
f 506 507 513
f 508 514 513
f 509 515 514
f 510 516 515
f 510 505 511
f 511 512 518
f 512 513 519
f 514 520 519
f 515 521 520
f 516 522 521
f 516 511 517
f 517 518 524
f 518 519 525
f 520 526 525
f 521 527 526
f 522 528 527
f 522 517 523
f 523 524 530
f 524 525 531
f 526 532 531
f 527 533 532
f 528 534 533
f 528 523 529
f 529 530 536
f 530 531 537
f 532 538 537
f 533 539 538
f 534 540 539
f 534 529 535
f 535 536 542
f 536 537 543
f 538 544 543
f 539 545 544
f 540 546 545
f 540 535 541
f 541 542 548
f 542 543 549
f 544 550 549
f 545 551 550
f 546 552 551
f 546 541 547
f 547 548 554
f 548 549 555
f 549 550 556
f 551 557 556
f 552 558 557
f 547 553 558
f 553 554 560
f 554 555 561
f 555 556 562
f 557 563 562
f 558 564 563
f 553 559 564
f 559 560 566
f 560 561 567
f 561 562 568
f 563 569 568
f 564 570 569
f 559 565 570
f 565 566 572
f 566 567 573
f 567 568 574
f 569 575 574
f 570 576 575
f 565 571 576
f 571 572 578
f 572 573 579
f 573 574 580
f 575 581 580
f 576 582 581
f 571 577 582
f 577 578 584
f 578 579 585
f 579 580 586
f 581 587 586
f 582 588 587
f 577 583 588
f 583 584 590
f 584 585 591
f 585 586 592
f 587 593 592
f 588 594 593
f 583 589 594
f 589 590 596
f 590 591 597
f 591 592 598
f 593 599 598
f 594 600 599
f 589 595 600
f 595 596 602
f 596 597 603
f 597 598 604
f 599 605 604
f 600 606 605
f 595 601 606
f 602 608 607
f 602 603 609
f 603 604 610
f 605 611 610
f 606 612 611
f 601 607 612
f 608 614 613
f 608 609 615
f 609 610 616
f 610 611 617
f 612 618 617
f 607 613 618
f 614 620 619
f 614 615 621
f 615 616 622
f 616 617 623
f 618 624 623
f 613 619 624
f 620 626 625
f 620 621 627
f 621 622 628
f 622 623 629
f 624 630 629
f 619 625 630
f 626 632 631
f 626 627 633
f 627 628 634
f 628 629 635
f 630 636 635
f 625 631 636
f 632 638 637
f 632 633 639
f 633 634 640
f 634 635 641
f 636 642 641
f 631 637 642
f 638 644 643
f 638 639 645
f 639 640 646
f 640 641 647
f 642 648 647
f 637 643 648
f 644 650 649
f 644 645 651
f 645 646 652
f 646 647 653
f 648 654 653
f 643 649 654
f 650 656 655
f 650 651 657
f 651 652 658
f 652 653 659
f 654 660 659
f 649 655 660
f 656 662 661
f 656 657 663
f 657 658 664
f 658 659 665
f 660 666 665
f 655 661 666
f 662 668 667
f 663 669 668
f 663 664 670
f 664 665 671
f 665 666 672
f 661 667 672
f 668 674 673
f 669 675 674
f 669 670 676
f 670 671 677
f 671 672 678
f 667 673 678
f 674 680 679
f 675 681 680
f 675 676 682
f 676 677 683
f 677 678 684
f 673 679 684
f 680 686 685
f 681 687 686
f 681 682 688
f 682 683 689
f 683 684 690
f 679 685 690
f 686 692 691
f 687 693 692
f 687 688 694
f 688 689 695
f 689 690 696
f 685 691 696
f 692 698 697
f 693 699 698
f 693 694 700
f 694 695 701
f 695 696 702
f 691 697 702
f 698 704 703
f 699 705 704
f 699 700 706
f 700 701 707
f 701 702 708
f 697 703 708
f 704 710 709
f 705 711 710
f 705 706 712
f 706 707 713
f 707 708 714
f 703 709 714
f 710 716 715
f 711 717 716
f 712 718 717
f 712 713 719
f 713 714 720
f 714 709 715
f 716 722 721
f 717 723 722
f 718 724 723
f 718 719 725
f 719 720 726
f 720 715 721
f 722 728 727
f 723 729 728
f 724 730 729
f 724 725 731
f 725 726 732
f 726 721 727
f 728 734 733
f 729 735 734
f 730 736 735
f 730 731 737
f 731 732 738
f 732 727 733
f 734 740 739
f 735 741 740
f 736 742 741
f 736 737 743
f 737 738 744
f 738 733 739
f 740 746 745
f 741 747 746
f 742 748 747
f 742 743 749
f 743 744 750
f 744 739 745
f 746 752 751
f 747 753 752
f 748 754 753
f 748 749 755
f 749 750 756
f 750 745 751
f 752 758 757
f 753 759 758
f 754 760 759
f 754 755 761
f 755 756 762
f 756 751 757
f 758 764 763
f 759 765 764
f 760 766 765
f 760 761 767
f 761 762 768
f 762 757 763
f 763 764 770
f 765 771 770
f 766 772 771
f 767 773 772
f 767 768 774
f 768 763 769
f 769 770 776
f 771 777 776
f 772 778 777
f 773 779 778
f 773 774 780
f 774 769 775
f 775 776 782
f 777 783 782
f 778 784 783
f 779 785 784
f 779 780 786
f 780 775 781
f 781 782 788
f 783 789 788
f 784 790 789
f 785 791 790
f 785 786 792
f 786 781 787
f 787 788 794
f 789 795 794
f 790 796 795
f 791 797 796
f 791 792 798
f 792 787 793
f 793 794 800
f 795 801 800
f 796 802 801
f 797 803 802
f 797 798 804
f 798 793 799
f 799 800 806
f 801 807 806
f 802 808 807
f 803 809 808
f 803 804 810
f 804 799 805
f 805 806 812
f 807 813 812
f 808 814 813
f 809 815 814
f 809 810 816
f 810 805 811
f 811 812 818
f 812 813 819
f 814 820 819
f 815 821 820
f 816 822 821
f 816 811 817
f 817 818 824
f 818 819 825
f 820 826 825
f 821 827 826
f 822 828 827
f 822 817 823
f 823 824 830
f 824 825 831
f 826 832 831
f 827 833 832
f 828 834 833
f 828 823 829
f 829 830 836
f 830 831 837
f 832 838 837
f 833 839 838
f 834 840 839
f 834 829 835
f 835 836 842
f 836 837 843
f 838 844 843
f 839 845 844
f 840 846 845
f 840 835 841
f 841 842 848
f 842 843 849
f 844 850 849
f 845 851 850
f 846 852 851
f 846 841 847
f 847 848 854
f 848 849 855
f 850 856 855
f 851 857 856
f 852 858 857
f 852 847 853
f 853 854 860
f 854 855 861
f 856 862 861
f 857 863 862
f 858 864 863
f 858 853 859
f 859 860 866
f 860 861 867
f 861 862 868
f 863 869 868
f 864 870 869
f 859 865 870
f 865 866 872
f 866 867 873
f 867 868 874
f 869 875 874
f 870 876 875
f 865 871 876
f 871 872 878
f 872 873 879
f 873 874 880
f 875 881 880
f 876 882 881
f 871 877 882
f 877 878 884
f 878 879 885
f 879 880 886
f 881 887 886
f 882 888 887
f 877 883 888
f 883 884 890
f 884 885 891
f 885 886 892
f 887 893 892
f 888 894 893
f 883 889 894
f 889 890 896
f 890 891 897
f 891 892 898
f 893 899 898
f 894 900 899
f 889 895 900
f 895 896 902
f 896 897 903
f 897 898 904
f 899 905 904
f 900 906 905
f 895 901 906
f 901 902 908
f 902 903 909
f 903 904 910
f 905 911 910
f 906 912 911
f 901 907 912
f 908 914 913
f 908 909 915
f 909 910 916
f 910 911 917
f 912 918 917
f 907 913 918
f 914 920 919
f 914 915 921
f 915 916 922
f 916 917 923
f 918 924 923
f 913 919 924
f 920 926 925
f 920 921 927
f 921 922 928
f 922 923 929
f 924 930 929
f 919 925 930
f 926 932 931
f 926 927 933
f 927 928 934
f 928 929 935
f 930 936 935
f 925 931 936
f 932 938 937
f 932 933 939
f 933 934 940
f 934 935 941
f 936 942 941
f 931 937 942
f 938 944 943
f 938 939 945
f 939 940 946
f 940 941 947
f 942 948 947
f 937 943 948
f 944 950 949
f 944 945 951
f 945 946 952
f 946 947 953
f 948 954 953
f 943 949 954
f 950 956 955
f 951 957 956
f 952 958 957
f 952 953 959
f 953 954 960
f 954 949 955
f 964 970 969
f 965 971 970
f 966 972 971
f 966 967 973
f 967 968 974
f 968 963 969
f 969 970 976
f 971 977 976
f 972 978 977
f 973 979 978
f 973 974 980
f 974 969 975
f 975 976 982
f 976 977 983
f 978 984 983
f 979 985 984
f 980 986 985
f 980 975 981
f 981 982 988
f 982 983 989
f 984 990 989
f 985 991 990
f 986 992 991
f 986 981 987
f 987 988 994
f 988 989 995
f 990 996 995
f 991 997 996
f 992 998 997
f 992 987 993
f 993 994 1000
f 994 995 1001
f 996 1002 1001
f 997 1003 1002
f 998 1004 1003
f 998 993 999
f 999 1000 1006
f 1000 1001 1007
f 1002 1008 1007
f 1003 1009 1008
f 1004 1010 1009
f 1004 999 1005
f 1005 1006 1012
f 1006 1007 1013
f 1008 1014 1013
f 1009 1015 1014
f 1010 1016 1015
f 1010 1005 1011
f 1011 1012 1018
f 1012 1013 1019
f 1014 1020 1019
f 1015 1021 1020
f 1016 1022 1021
f 1016 1011 1017
f 1017 1018 1024
f 1018 1019 1025
f 1020 1026 1025
f 1021 1027 1026
f 1022 1028 1027
f 1022 1017 1023
f 1023 1024 1030
f 1024 1025 1031
f 1025 1026 1032
f 1027 1033 1032
f 1028 1034 1033
f 1028 1023 1029
f 1029 1030 1036
f 1030 1031 1037
f 1031 1032 1038
f 1033 1039 1038
f 1034 1040 1039
f 1029 1035 1040
f 1035 1036 1042
f 1036 1037 1043
f 1037 1038 1044
f 1039 1045 1044
f 1040 1046 1045
f 1035 1041 1046
f 1041 1042 1048
f 1042 1043 1049
f 1043 1044 1050
f 1045 1051 1050
f 1046 1052 1051
f 1041 1047 1052
f 1047 1048 1054
f 1048 1049 1055
f 1049 1050 1056
f 1051 1057 1056
f 1052 1058 1057
f 1047 1053 1058
f 1053 1054 1060
f 1054 1055 1061
f 1055 1056 1062
f 1057 1063 1062
f 1058 1064 1063
f 1053 1059 1064
f 1059 1060 1066
f 1060 1061 1067
f 1061 1062 1068
f 1063 1069 1068
f 1064 1070 1069
f 1059 1065 1070
f 1065 1066 1072
f 1066 1067 1073
f 1067 1068 1074
f 1069 1075 1074
f 1070 1076 1075
f 1065 1071 1076
f 1071 1072 1078
f 1072 1073 1079
f 1073 1074 1080
f 1075 1081 1080
f 1076 1082 1081
f 1071 1077 1082
f 1078 1084 1083
f 1078 1079 1085
f 1079 1080 1086
f 1081 1087 1086
f 1082 1088 1087
f 1077 1083 1088
f 1084 1090 1089
f 1084 1085 1091
f 1085 1086 1092
f 1086 1087 1093
f 1088 1094 1093
f 1083 1089 1094
f 1090 1096 1095
f 1090 1091 1097
f 1091 1092 1098
f 1092 1093 1099
f 1094 1100 1099
f 1089 1095 1100
f 1096 1102 1101
f 1096 1097 1103
f 1097 1098 1104
f 1098 1099 1105
f 1100 1106 1105
f 1095 1101 1106
f 1102 1108 1107
f 1102 1103 1109
f 1103 1104 1110
f 1104 1105 1111
f 1106 1112 1111
f 1101 1107 1112
f 1108 1114 1113
f 1108 1109 1115
f 1109 1110 1116
f 1110 1111 1117
f 1112 1118 1117
f 1107 1113 1118
f 1114 1120 1119
f 1114 1115 1121
f 1115 1116 1122
f 1116 1117 1123
f 1118 1124 1123
f 1113 1119 1124
f 1120 1126 1125
f 1120 1121 1127
f 1121 1122 1128
f 1122 1123 1129
f 1124 1130 1129
f 1119 1125 1130
f 1126 1132 1131
f 1126 1127 1133
f 1127 1128 1134
f 1128 1129 1135
f 1130 1136 1135
f 1125 1131 1136
f 1132 1138 1137
f 1133 1139 1138
f 1133 1134 1140
f 1134 1135 1141
f 1135 1136 1142
f 1131 1137 1142
f 1138 1144 1143
f 1139 1145 1144
f 1139 1140 1146
f 1140 1141 1147
f 1141 1142 1148
f 1137 1143 1148
f 1144 1150 1149
f 1145 1151 1150
f 1145 1146 1152
f 1146 1147 1153
f 1147 1148 1154
f 1143 1149 1154
f 1150 1156 1155
f 1151 1157 1156
f 1151 1152 1158
f 1152 1153 1159
f 1153 1154 1160
f 1149 1155 1160
f 1156 1162 1161
f 1157 1163 1162
f 1157 1158 1164
f 1158 1159 1165
f 1159 1160 1166
f 1155 1161 1166
f 1162 1168 1167
f 1163 1169 1168
f 1163 1164 1170
f 1164 1165 1171
f 1165 1166 1172
f 1161 1167 1172
f 1168 1174 1173
f 1169 1175 1174
f 1169 1170 1176
f 1170 1171 1177
f 1171 1172 1178
f 1167 1173 1178
f 1174 1180 1179
f 1175 1181 1180
f 1175 1176 1182
f 1176 1177 1183
f 1177 1178 1184
f 1173 1179 1184
f 1180 1186 1185
f 1181 1187 1186
f 1181 1182 1188
f 1182 1183 1189
f 1183 1184 1190
f 1179 1185 1190
f 1186 1192 1191
f 1187 1193 1192
f 1188 1194 1193
f 1188 1189 1195
f 1189 1190 1196
f 1190 1185 1191
f 1192 1198 1197
f 1193 1199 1198
f 1194 1200 1199
f 1194 1195 1201
f 1195 1196 1202
f 1196 1191 1197
f 1198 1204 1203
f 1199 1205 1204
f 1200 1206 1205
f 1200 1201 1207
f 1201 1202 1208
f 1202 1197 1203
f 1204 1210 1209
f 1205 1211 1210
f 1206 1212 1211
f 1206 1207 1213
f 1207 1208 1214
f 1208 1203 1209
f 1210 1216 1215
f 1211 1217 1216
f 1212 1218 1217
f 1212 1213 1219
f 1213 1214 1220
f 1214 1209 1215
f 1216 1222 1221
f 1217 1223 1222
f 1218 1224 1223
f 1218 1219 1225
f 1219 1220 1226
f 1220 1215 1221
f 1222 1228 1227
f 1223 1229 1228
f 1224 1230 1229
f 1224 1225 1231
f 1225 1226 1232
f 1226 1221 1227
f 1228 1234 1233
f 1229 1235 1234
f 1230 1236 1235
f 1231 1237 1236
f 1231 1232 1238
f 1232 1227 1233
f 1233 1234 1240
f 1235 1241 1240
f 1236 1242 1241
f 1237 1243 1242
f 1237 1238 1244
f 1238 1233 1239
f 1239 1240 1246
f 1241 1247 1246
f 1242 1248 1247
f 1243 1249 1248
f 1243 1244 1250
f 1244 1239 1245
f 1245 1246 1252
f 1247 1253 1252
f 1248 1254 1253
f 1249 1255 1254
f 1249 1250 1256
f 1250 1245 1251
f 1251 1252 1258
f 1253 1259 1258
f 1254 1260 1259
f 1255 1261 1260
f 1255 1256 1262
f 1256 1251 1257
f 1257 1258 1264
f 1259 1265 1264
f 1260 1266 1265
f 1261 1267 1266
f 1261 1262 1268
f 1262 1257 1263
f 1263 1264 1270
f 1265 1271 1270
f 1266 1272 1271
f 1267 1273 1272
f 1267 1268 1274
f 1268 1263 1269
f 1269 1270 1276
f 1271 1277 1276
f 1272 1278 1277
f 1273 1279 1278
f 1273 1274 1280
f 1274 1269 1275
f 1275 1276 1282
f 1277 1283 1282
f 1278 1284 1283
f 1279 1285 1284
f 1279 1280 1286
f 1280 1275 1281
f 1281 1282 1288
f 1283 1289 1288
f 1284 1290 1289
f 1285 1291 1290
f 1286 1292 1291
f 1286 1281 1287
f 1287 1288 1294
f 1288 1289 1295
f 1290 1296 1295
f 1291 1297 1296
f 1292 1298 1297
f 1292 1287 1293
f 1293 1294 1300
f 1294 1295 1301
f 1296 1302 1301
f 1297 1303 1302
f 1298 1304 1303
f 1298 1293 1299
f 1299 1300 1306
f 1300 1301 1307
f 1302 1308 1307
f 1303 1309 1308
f 1304 1310 1309
f 1304 1299 1305
f 1305 1306 1312
f 1306 1307 1313
f 1308 1314 1313
f 1309 1315 1314
f 1310 1316 1315
f 1310 1305 1311
f 1311 1312 1318
f 1312 1313 1319
f 1314 1320 1319
f 1315 1321 1320
f 1316 1322 1321
f 1316 1311 1317
f 1317 1318 1324
f 1318 1319 1325
f 1320 1326 1325
f 1321 1327 1326
f 1322 1328 1327
f 1322 1317 1323
f 1323 1324 1330
f 1324 1325 1331
f 1326 1332 1331
f 1327 1333 1332
f 1328 1334 1333
f 1328 1323 1329
f 1329 1330 1336
f 1330 1331 1337
f 1332 1338 1337
f 1333 1339 1338
f 1334 1340 1339
f 1334 1329 1335
f 1335 1336 1342
f 1336 1337 1343
f 1337 1338 1344
f 1339 1345 1344
f 1340 1346 1345
f 1340 1335 1341
f 1341 1342 1348
f 1342 1343 1349
f 1343 1344 1350
f 1345 1351 1350
f 1346 1352 1351
f 1341 1347 1352
f 1347 1348 1354
f 1348 1349 1355
f 1349 1350 1356
f 1351 1357 1356
f 1352 1358 1357
f 1347 1353 1358
f 1353 1354 1360
f 1354 1355 1361
f 1355 1356 1362
f 1357 1363 1362
f 1358 1364 1363
f 1353 1359 1364
f 1359 1360 1366
f 1360 1361 1367
f 1361 1362 1368
f 1363 1369 1368
f 1364 1370 1369
f 1359 1365 1370
f 1365 1366 1372
f 1366 1367 1373
f 1367 1368 1374
f 1369 1375 1374
f 1370 1376 1375
f 1365 1371 1376
f 1371 1372 1378
f 1372 1373 1379
f 1373 1374 1380
f 1375 1381 1380
f 1376 1382 1381
f 1371 1377 1382
f 1377 1378 1384
f 1378 1379 1385
f 1379 1380 1386
f 1381 1387 1386
f 1382 1388 1387
f 1377 1383 1388
f 1383 1384 1390
f 1384 1385 1391
f 1385 1386 1392
f 1387 1393 1392
f 1388 1394 1393
f 1383 1389 1394
f 1390 1396 1395
f 1390 1391 1397
f 1391 1392 1398
f 1392 1393 1399
f 1394 1400 1399
f 1389 1395 1400
f 1396 1402 1401
f 1396 1397 1403
f 1397 1398 1404
f 1398 1399 1405
f 1400 1406 1405
f 1395 1401 1406
f 1402 1408 1407
f 1402 1403 1409
f 1403 1404 1410
f 1404 1405 1411
f 1406 1412 1411
f 1401 1407 1412
f 1408 1414 1413
f 1408 1409 1415
f 1409 1410 1416
f 1410 1411 1417
f 1412 1418 1417
f 1407 1413 1418
f 1414 1420 1419
f 1414 1415 1421
f 1415 1416 1422
f 1416 1417 1423
f 1418 1424 1423
f 1413 1419 1424
f 1420 1426 1425
f 1420 1421 1427
f 1421 1422 1428
f 1422 1423 1429
f 1424 1430 1429
f 1419 1425 1430
f 1426 1432 1431
f 1426 1427 1433
f 1427 1428 1434
f 1428 1429 1435
f 1430 1436 1435
f 1425 1431 1436
f 1432 1438 1437
f 1433 1439 1438
f 1433 1434 1440
f 1434 1435 1441
f 1436 1442 1441
f 1431 1437 1442
f 1438 1444 1443
f 1438 1439 1445
f 1439 1440 1446
f 1440 1441 1447
f 1442 1448 1447
f 1437 1443 1448
f 1444 1450 1449
f 1445 1451 1450
f 1445 1446 1452
f 1446 1447 1453
f 1448 1454 1453
f 1443 1449 1454
f 1450 1456 1455
f 1451 1457 1456
f 1451 1452 1458
f 1452 1453 1459
f 1453 1454 1460
f 1449 1455 1460
f 1456 1462 1461
f 1457 1463 1462
f 1457 1458 1464
f 1458 1459 1465
f 1459 1460 1466
f 1455 1461 1466
f 1462 1468 1467
f 1463 1469 1468
f 1463 1464 1470
f 1464 1465 1471
f 1465 1466 1472
f 1461 1467 1472
f 1468 1474 1473
f 1469 1475 1474
f 1469 1470 1476
f 1470 1471 1477
f 1471 1472 1478
f 1467 1473 1478
f 1474 1480 1479
f 1475 1481 1480
f 1475 1476 1482
f 1476 1477 1483
f 1477 1478 1484
f 1473 1479 1484
f 1480 1486 1485
f 1481 1487 1486
f 1481 1482 1488
f 1482 1483 1489
f 1483 1484 1490
f 1479 1485 1490
f 1486 1492 1491
f 1487 1493 1492
f 1487 1488 1494
f 1488 1489 1495
f 1489 1490 1496
f 1485 1491 1496
f 1492 1498 1497
f 1493 1499 1498
f 1493 1494 1500
f 1494 1495 1501
f 1495 1496 1502
f 1491 1497 1502
f 1498 1504 1503
f 1499 1505 1504
f 1499 1500 1506
f 1500 1501 1507
f 1501 1502 1508
f 1497 1503 1508
f 1504 1510 1509
f 1505 1511 1510
f 1505 1506 1512
f 1506 1507 1513
f 1507 1508 1514
f 1503 1509 1514
f 1510 1516 1515
f 1511 1517 1516
f 1512 1518 1517
f 1512 1513 1519
f 1513 1514 1520
f 1514 1509 1515
f 1516 1522 1521
f 1517 1523 1522
f 1518 1524 1523
f 1518 1519 1525
f 1519 1520 1526
f 1520 1515 1521
f 1522 1528 1527
f 1523 1529 1528
f 1524 1530 1529
f 1524 1525 1531
f 1525 1526 1532
f 1526 1521 1527
f 1528 1534 1533
f 1529 1535 1534
f 1530 1536 1535
f 1530 1531 1537
f 1531 1532 1538
f 1532 1527 1533
f 1534 1540 1539
f 1535 1541 1540
f 1536 1542 1541
f 1536 1537 1543
f 1537 1538 1544
f 1538 1533 1539
f 1540 1546 1545
f 1541 1547 1546
f 1542 1548 1547
f 1542 1543 1549
f 1543 1544 1550
f 1544 1539 1545
f 1546 1552 1551
f 1547 1553 1552
f 1548 1554 1553
f 1548 1549 1555
f 1549 1550 1556
f 1550 1545 1551
f 1552 1558 1557
f 1553 1559 1558
f 1554 1560 1559
f 1554 1555 1561
f 1555 1556 1562
f 1556 1551 1557
f 1558 1564 1563
f 1559 1565 1564
f 1560 1566 1565
f 1560 1561 1567
f 1561 1562 1568
f 1562 1557 1563
f 1564 1570 1569
f 1565 1571 1570
f 1566 1572 1571
f 1567 1573 1572
f 1567 1568 1574
f 1568 1563 1569
f 1569 1570 1576
f 1571 1577 1576
f 1572 1578 1577
f 1573 1579 1578
f 1573 1574 1580
f 1574 1569 1575
f 1575 1576 1582
f 1577 1583 1582
f 1578 1584 1583
f 1579 1585 1584
f 1579 1580 1586
f 1580 1575 1581
f 1581 1582 1588
f 1583 1589 1588
f 1584 1590 1589
f 1585 1591 1590
f 1585 1586 1592
f 1586 1581 1587
f 1587 1588 1594
f 1589 1595 1594
f 1590 1596 1595
f 1591 1597 1596
f 1591 1592 1598
f 1592 1587 1593
f 1593 1594 1600
f 1595 1601 1600
f 1596 1602 1601
f 1597 1603 1602
f 1597 1598 1604
f 1598 1593 1599
f 1599 1600 1606
f 1601 1607 1606
f 1602 1608 1607
f 1603 1609 1608
f 1603 1604 1610
f 1604 1599 1605
f 1605 1606 1612
f 1607 1613 1612
f 1608 1614 1613
f 1609 1615 1614
f 1609 1610 1616
f 1610 1605 1611
f 1611 1612 1618
f 1613 1619 1618
f 1614 1620 1619
f 1615 1621 1620
f 1615 1616 1622
f 1616 1611 1617
f 1617 1618 1624
f 1619 1625 1624
f 1620 1626 1625
f 1621 1627 1626
f 1621 1622 1628
f 1622 1617 1623
f 1623 1624 1630
f 1624 1625 1631
f 1626 1632 1631
f 1627 1633 1632
f 1628 1634 1633
f 1628 1623 1629
f 1629 1630 1636
f 1630 1631 1637
f 1632 1638 1637
f 1633 1639 1638
f 1634 1640 1639
f 1634 1629 1635
f 1635 1636 1642
f 1636 1637 1643
f 1638 1644 1643
f 1639 1645 1644
f 1640 1646 1645
f 1640 1635 1641
f 1641 1642 1648
f 1642 1643 1649
f 1644 1650 1649
f 1645 1651 1650
f 1646 1652 1651
f 1646 1641 1647
f 1647 1648 1654
f 1648 1649 1655
f 1650 1656 1655
f 1651 1657 1656
f 1652 1658 1657
f 1652 1647 1653
f 1653 1654 1660
f 1654 1655 1661
f 1656 1662 1661
f 1657 1663 1662
f 1658 1664 1663
f 1658 1653 1659
f 1659 1660 1666
f 1660 1661 1667
f 1662 1668 1667
f 1663 1669 1668
f 1664 1670 1669
f 1664 1659 1665
f 1665 1666 1672
f 1666 1667 1673
f 1668 1674 1673
f 1669 1675 1674
f 1670 1676 1675
f 1670 1665 1671
f 1671 1672 1678
f 1672 1673 1679
f 1673 1674 1680
f 1675 1681 1680
f 1676 1682 1681
f 1671 1677 1682
f 1677 1678 1684
f 1678 1679 1685
f 1679 1680 1686
f 1681 1687 1686
f 1682 1688 1687
f 1677 1683 1688
f 1683 1684 1690
f 1684 1685 1691
f 1685 1686 1692
f 1687 1693 1692
f 1688 1694 1693
f 1683 1689 1694
f 1689 1690 1696
f 1690 1691 1697
f 1691 1692 1698
f 1693 1699 1698
f 1694 1700 1699
f 1689 1695 1700
f 1695 1696 1702
f 1696 1697 1703
f 1697 1698 1704
f 1699 1705 1704
f 1700 1706 1705
f 1695 1701 1706
f 1701 1702 1708
f 1702 1703 1709
f 1703 1704 1710
f 1705 1711 1710
f 1706 1712 1711
f 1701 1707 1712
f 1707 1708 1714
f 1708 1709 1715
f 1709 1710 1716
f 1711 1717 1716
f 1712 1718 1717
f 1707 1713 1718
f 1713 1714 1720
f 1714 1715 1721
f 1715 1716 1722
f 1717 1723 1722
f 1718 1724 1723
f 1713 1719 1724
f 1719 1720 1726
f 1720 1721 1727
f 1721 1722 1728
f 1723 1729 1728
f 1724 1730 1729
f 1719 1725 1730
f 1726 1732 1731
f 1726 1727 1733
f 1727 1728 1734
f 1728 1729 1735
f 1730 1736 1735
f 1725 1731 1736
f 1732 1738 1737
f 1732 1733 1739
f 1733 1734 1740
f 1734 1735 1741
f 1736 1742 1741
f 1731 1737 1742
f 1738 1744 1743
f 1738 1739 1745
f 1739 1740 1746
f 1740 1741 1747
f 1742 1748 1747
f 1737 1743 1748
f 1744 1750 1749
f 1744 1745 1751
f 1745 1746 1752
f 1746 1747 1753
f 1748 1754 1753
f 1743 1749 1754
f 1750 1756 1755
f 1750 1751 1757
f 1751 1752 1758
f 1752 1753 1759
f 1754 1760 1759
f 1749 1755 1760
f 1756 1762 1761
f 1756 1757 1763
f 1757 1758 1764
f 1758 1759 1765
f 1760 1766 1765
f 1755 1761 1766
f 1762 1768 1767
f 1762 1763 1769
f 1763 1764 1770
f 1764 1765 1771
f 1766 1772 1771
f 1761 1767 1772
f 1768 1774 1773
f 1768 1769 1775
f 1769 1770 1776
f 1770 1771 1777
f 1772 1778 1777
f 1767 1773 1778
f 1774 1780 1779
f 1775 1781 1780
f 1775 1776 1782
f 1776 1777 1783
f 1777 1778 1784
f 1773 1779 1784
f 1780 1786 1785
f 1781 1787 1786
f 1781 1782 1788
f 1782 1783 1789
f 1783 1784 1790
f 1779 1785 1790
f 1786 1792 1791
f 1787 1793 1792
f 1787 1788 1794
f 1788 1789 1795
f 1789 1790 1796
f 1785 1791 1796
f 1792 1798 1797
f 1793 1799 1798
f 1793 1794 1800
f 1794 1795 1801
f 1795 1796 1802
f 1791 1797 1802
f 1798 1804 1803
f 1799 1805 1804
f 1799 1800 1806
f 1800 1801 1807
f 1801 1802 1808
f 1797 1803 1808
f 1804 1810 1809
f 1805 1811 1810
f 1805 1806 1812
f 1806 1807 1813
f 1807 1808 1814
f 1803 1809 1814
f 1810 1816 1815
f 1811 1817 1816
f 1811 1812 1818
f 1812 1813 1819
f 1813 1814 1820
f 1809 1815 1820
f 1816 1822 1821
f 1817 1823 1822
f 1817 1818 1824
f 1818 1819 1825
f 1819 1820 1826
f 1815 1821 1826
f 1822 1828 1827
f 1823 1829 1828
f 1824 1830 1829
f 1824 1825 1831
f 1825 1826 1832
f 1826 1821 1827
f 1828 1834 1833
f 1829 1835 1834
f 1830 1836 1835
f 1830 1831 1837
f 1831 1832 1838
f 1832 1827 1833
f 1834 1840 1839
f 1835 1841 1840
f 1836 1842 1841
f 1836 1837 1843
f 1837 1838 1844
f 1838 1833 1839
f 1840 1846 1845
f 1841 1847 1846
f 1842 1848 1847
f 1842 1843 1849
f 1843 1844 1850
f 1844 1839 1845
f 1846 1852 1851
f 1847 1853 1852
f 1848 1854 1853
f 1848 1849 1855
f 1849 1850 1856
f 1850 1845 1851
f 1852 1858 1857
f 1853 1859 1858
f 1854 1860 1859
f 1854 1855 1861
f 1855 1856 1862
f 1856 1851 1857
f 1858 1864 1863
f 1859 1865 1864
f 1860 1866 1865
f 1860 1861 1867
f 1861 1862 1868
f 1862 1857 1863
f 1864 1870 1869
f 1865 1871 1870
f 1866 1872 1871
f 1866 1867 1873
f 1867 1868 1874
f 1868 1863 1869
f 1869 1870 1876
f 1871 1877 1876
f 1872 1878 1877
f 1873 1879 1878
f 1873 1874 1880
f 1874 1869 1875
f 1875 1876 1882
f 1877 1883 1882
f 1878 1884 1883
f 1879 1885 1884
f 1879 1880 1886
f 1880 1875 1881
f 1881 1882 1888
f 1883 1889 1888
f 1884 1890 1889
f 1885 1891 1890
f 1885 1886 1892
f 1886 1881 1887
f 1887 1888 1894
f 1889 1895 1894
f 1890 1896 1895
f 1891 1897 1896
f 1891 1892 1898
f 1892 1887 1893
f 1893 1894 1900
f 1895 1901 1900
f 1896 1902 1901
f 1897 1903 1902
f 1897 1898 1904
f 1898 1893 1899
f 1899 1900 1906
f 1901 1907 1906
f 1902 1908 1907
f 1903 1909 1908
f 1903 1904 1910
f 1904 1899 1905
f 1905 1906 1912
f 1907 1913 1912
f 1908 1914 1913
f 1909 1915 1914
f 1909 1910 1916
f 1910 1905 1911
f 1911 1912 1918
f 1912 1913 1919
f 1913 1914 1920
f 1915 1921 1920
f 1916 1922 1921
f 1911 1917 1922
