# celestial_dragon Body_Energy.obj: Roblox cue frame, recentred on its bounding box
v -0.00001 0.18500 -3.17295
v -0.00642 0.17736 -3.17591
v -0.01037 0.15736 -3.17775
v -0.01036 0.13264 -3.17776
v -0.00639 0.11264 -3.17595
v 0.00001 0.10500 -3.17300
v 0.00642 0.11264 -3.17004
v 0.01037 0.13264 -3.16820
v 0.01036 0.15736 -3.16818
v 0.00639 0.17736 -3.17000
v -0.01889 0.18482 -3.13204
v -0.02519 0.17721 -3.13518
v -0.02890 0.15728 -3.13749
v -0.02862 0.13265 -3.13811
v -0.02444 0.11272 -3.13679
v -0.01797 0.10511 -3.13404
v -0.01167 0.11272 -3.13090
v -0.00796 0.13265 -3.12858
v -0.00824 0.15728 -3.12796
v -0.01242 0.17721 -3.12928
v -0.03819 0.18219 -3.09018
v -0.04431 0.17462 -3.09365
v -0.04757 0.15481 -3.09691
v -0.04675 0.13033 -3.09872
v -0.04214 0.11053 -3.09838
v -0.03551 0.10296 -3.09603
v -0.02939 0.11053 -3.09255
v -0.02612 0.13034 -3.08929
v -0.02695 0.15482 -3.08748
v -0.03156 0.17462 -3.08782
v -0.05714 0.17709 -3.04834
v -0.06310 0.16958 -3.05210
v -0.06595 0.14995 -3.05627
v -0.06460 0.12569 -3.05926
v -0.05956 0.10606 -3.05991
v -0.05276 0.09857 -3.05799
v -0.04680 0.10608 -3.05422
v -0.04395 0.12571 -3.05005
v -0.04530 0.14997 -3.04707
v -0.05034 0.16960 -3.04641
v -0.07541 0.16957 -3.00655
v -0.08124 0.16214 -3.01056
v -0.08371 0.14273 -3.01559
v -0.08187 0.11875 -3.01971
v -0.07643 0.09936 -3.02136
v -0.06945 0.09197 -3.01990
v -0.06362 0.09940 -3.01589
v -0.06115 0.11881 -3.01087
v -0.06299 0.14279 -3.00674
v -0.06844 0.16218 -3.00509
v -0.09268 0.15974 -2.96484
v -0.09841 0.15238 -2.96904
v -0.10055 0.13322 -2.97486
v -0.09827 0.10957 -2.98008
v -0.09245 0.09047 -2.98271
v -0.08531 0.08321 -2.98174
v -0.07957 0.09057 -2.97754
v -0.07743 0.10973 -2.97172
v -0.07971 0.13338 -2.96649
v -0.08553 0.15248 -2.96387
v -0.10863 0.14772 -2.92324
v -0.11430 0.14043 -2.92757
v -0.11616 0.12155 -2.93411
v -0.11351 0.09828 -2.94036
v -0.10736 0.07951 -2.94393
v -0.10005 0.07241 -2.94346
v -0.09439 0.07969 -2.93913
v -0.09252 0.09858 -2.93259
v -0.09518 0.12185 -2.92634
v -0.10133 0.14062 -2.92277
v -0.12300 0.13370 -2.88177
v -0.12862 0.12648 -2.88617
v -0.13027 0.10787 -2.89335
v -0.12731 0.08500 -2.90055
v -0.12087 0.06659 -2.90502
v -0.11342 0.05968 -2.90506
v -0.10780 0.06691 -2.90065
v -0.10615 0.08551 -2.89348
v -0.10911 0.10839 -2.88628
v -0.11555 0.12679 -2.88181
v -0.13550 0.11791 -2.84045
v -0.14111 0.11073 -2.84487
v -0.14259 0.09240 -2.85258
v -0.13940 0.06993 -2.86063
v -0.13274 0.05191 -2.86595
v -0.12516 0.04521 -2.86651
v -0.11956 0.05239 -2.86209
v -0.11808 0.07072 -2.85437
v -0.12127 0.09319 -2.84632
v -0.12793 0.11122 -2.84100
v -0.14593 0.10061 -2.79930
v -0.15153 0.09344 -2.80368
v -0.15291 0.07536 -2.81182
v -0.14954 0.05329 -2.82062
v -0.14272 0.03565 -2.82672
v -0.13505 0.02918 -2.82778
v -0.12946 0.03635 -2.82340
v -0.12807 0.05442 -2.81526
v -0.13144 0.07649 -2.80646
v -0.13826 0.09414 -2.80036
v -0.15408 0.08207 -2.75835
v -0.15968 0.07489 -2.76262
v -0.16101 0.05704 -2.77109
v -0.15754 0.03533 -2.78052
v -0.15062 0.01806 -2.78731
v -0.14288 0.01183 -2.78886
v -0.13728 0.01901 -2.78459
v -0.13595 0.03686 -2.77612
v -0.13942 0.05857 -2.76669
v -0.14634 0.07584 -2.75990
v -0.15982 0.06262 -2.71760
v -0.16543 0.05539 -2.72171
v -0.16672 0.03771 -2.73038
v -0.16321 0.01633 -2.74031
v -0.15623 -0.00059 -2.74770
v -0.14846 -0.00658 -2.74973
v -0.14285 0.00064 -2.74563
v -0.14155 0.01832 -2.73695
v -0.14506 0.03971 -2.72702
v -0.15204 0.05662 -2.71963
v -0.16303 0.04257 -2.67707
v -0.16864 0.03527 -2.68096
v -0.16993 0.01771 -2.68972
v -0.16642 -0.00341 -2.70002
v -0.15943 -0.02001 -2.70791
v -0.15165 -0.02577 -2.71039
v -0.14604 -0.01847 -2.70650
v -0.14475 -0.00091 -2.69773
v -0.14826 0.02021 -2.68744
v -0.15525 0.03682 -2.67955
v -0.16367 0.02227 -2.63677
v -0.16927 0.01487 -2.64038
v -0.17056 -0.00263 -2.64912
v -0.16706 -0.02354 -2.65964
v -0.16009 -0.03989 -2.66793
v -0.15233 -0.04541 -2.67082
v -0.14674 -0.03801 -2.66720
v -0.14544 -0.02051 -2.65846
v -0.14895 0.00040 -2.64794
v -0.15591 0.01674 -2.63966
v -0.16172 0.00206 -2.59670
v -0.16728 -0.00547 -2.59999
v -0.16857 -0.02296 -2.60858
v -0.16508 -0.04375 -2.61918
v -0.15816 -0.05988 -2.62775
v -0.15045 -0.06520 -2.63101
v -0.14488 -0.05767 -2.62772
v -0.14360 -0.04017 -2.61913
v -0.14708 -0.01939 -2.60853
v -0.15400 -0.00326 -2.59996
v -0.15720 -0.01772 -2.55686
v -0.16271 -0.02539 -2.55979
v -0.16396 -0.04294 -2.56811
v -0.16049 -0.06367 -2.57865
v -0.15362 -0.07965 -2.58739
v -0.14596 -0.08478 -2.59098
v -0.14046 -0.07710 -2.58805
v -0.13921 -0.05955 -2.57973
v -0.14268 -0.03883 -2.56918
v -0.14955 -0.02285 -2.56045
v -0.15022 -0.03673 -2.51725
v -0.15563 -0.04457 -2.51977
v -0.15682 -0.06222 -2.52772
v -0.15332 -0.08295 -2.53806
v -0.14648 -0.09884 -2.54684
v -0.13891 -0.10381 -2.55071
v -0.13349 -0.09597 -2.54819
v -0.13231 -0.07832 -2.54024
v -0.13580 -0.05759 -2.52990
v -0.14264 -0.04171 -2.52112
v -0.14088 -0.05467 -2.47787
v -0.14617 -0.06268 -2.47995
v -0.14723 -0.08047 -2.48741
v -0.14367 -0.10126 -2.49741
v -0.13683 -0.11711 -2.50612
v -0.12934 -0.12195 -2.51022
v -0.12405 -0.11395 -2.50814
v -0.12299 -0.09615 -2.50067
v -0.12655 -0.07536 -2.49068
v -0.13338 -0.05952 -2.48196
v -0.12934 -0.07124 -2.43870
v -0.13447 -0.07941 -2.44031
v -0.13536 -0.09737 -2.44720
v -0.13167 -0.11827 -2.45672
v -0.12480 -0.13412 -2.46525
v -0.11739 -0.13886 -2.46951
v -0.11226 -0.13069 -2.46790
v -0.11137 -0.11272 -2.46101
v -0.11506 -0.09183 -2.45149
v -0.12193 -0.07598 -2.44297
v -0.11581 -0.08615 -2.39973
v -0.12075 -0.09448 -2.40086
v -0.12140 -0.11263 -2.40708
v -0.11751 -0.13366 -2.41600
v -0.11056 -0.14955 -2.42422
v -0.10321 -0.15422 -2.42861
v -0.09827 -0.14589 -2.42748
v -0.09763 -0.12775 -2.42126
v -0.10152 -0.10671 -2.41234
v -0.10847 -0.09083 -2.40412
v -0.10052 -0.09918 -2.36096
v -0.10524 -0.10765 -2.36159
v -0.10558 -0.12597 -2.36705
v -0.10141 -0.14715 -2.37526
v -0.09433 -0.16310 -2.38307
v -0.08703 -0.16772 -2.38751
v -0.08231 -0.15926 -2.38688
v -0.08197 -0.14094 -2.38141
v -0.08614 -0.11976 -2.37321
v -0.09322 -0.10381 -2.36540
v -0.08371 -0.11012 -2.32235
v -0.08819 -0.11870 -2.32248
v -0.08817 -0.13718 -2.32712
v -0.08365 -0.15849 -2.33450
v -0.07636 -0.17451 -2.34180
v -0.06910 -0.17911 -2.34624
v -0.06462 -0.17053 -2.34611
v -0.06464 -0.15205 -2.34147
v -0.06916 -0.13073 -2.33409
v -0.07645 -0.11472 -2.32679
v -0.06568 -0.11878 -2.28390
v -0.06990 -0.12744 -2.28352
v -0.06946 -0.14605 -2.28728
v -0.06452 -0.16748 -2.29374
v -0.05697 -0.18356 -2.30044
v -0.04970 -0.18814 -2.30481
v -0.04549 -0.17948 -2.30519
v -0.04593 -0.16088 -2.30143
v -0.05087 -0.13945 -2.29497
v -0.05842 -0.12337 -2.28827
v -0.04673 -0.12504 -2.24559
v -0.05068 -0.13375 -2.24471
v -0.04976 -0.15243 -2.24754
v -0.04434 -0.17394 -2.25300
v -0.03648 -0.19006 -2.25900
v -0.02918 -0.19463 -2.26326
v -0.02524 -0.18592 -2.26413
v -0.02615 -0.16724 -2.26130
v -0.03157 -0.14574 -2.25584
v -0.03943 -0.12962 -2.24984
v -0.02716 -0.12879 -2.20738
v -0.03084 -0.13753 -2.20602
v -0.02943 -0.15622 -2.20789
v -0.02347 -0.17774 -2.21228
v -0.01525 -0.19387 -2.21751
v -0.00789 -0.19844 -2.22159
v -0.00421 -0.18970 -2.22295
v -0.00562 -0.17101 -2.22108
v -0.01157 -0.14949 -2.21669
v -0.01980 -0.13336 -2.21146
v -0.00730 -0.12999 -2.16926
v -0.01071 -0.13871 -2.16744
v -0.00879 -0.15736 -2.16833
v -0.00227 -0.17883 -2.17159
v 0.00636 -0.19491 -2.17598
v 0.01381 -0.19946 -2.17983
v 0.01722 -0.19075 -2.18166
v 0.01530 -0.17209 -2.18077
v 0.00878 -0.15063 -2.17750
v 0.00015 -0.13455 -2.17311
v 0.01253 -0.12862 -2.13121
v 0.00936 -0.13728 -2.12894
v 0.01180 -0.15583 -2.12884
v 0.01890 -0.17716 -2.13094
v 0.02796 -0.19314 -2.13445
v 0.03552 -0.19767 -2.13801
v 0.03868 -0.18900 -2.14028
v 0.03625 -0.17046 -2.14038
v 0.02915 -0.14912 -2.13828
v 0.02009 -0.13314 -2.13477
v 0.03200 -0.12470 -2.09319
v 0.02906 -0.13329 -2.09052
v 0.03199 -0.15166 -2.08943
v 0.03967 -0.17279 -2.09035
v 0.04917 -0.18861 -2.09292
v 0.05686 -0.19307 -2.09616
v 0.05980 -0.18449 -2.09883
v 0.05687 -0.16612 -2.09991
v 0.04919 -0.14499 -2.09899
v 0.03969 -0.12917 -2.09643
v 0.05079 -0.11830 -2.05518
v 0.04805 -0.12679 -2.05214
v 0.05144 -0.14493 -2.05009
v 0.05968 -0.16577 -2.04982
v 0.06961 -0.18137 -2.05142
v 0.07745 -0.18576 -2.05429
v 0.08019 -0.17727 -2.05733
v 0.07680 -0.15913 -2.05938
v 0.06856 -0.13829 -2.05965
v 0.05862 -0.12269 -2.05805
v 0.06860 -0.10953 -2.01715
v 0.06602 -0.11791 -2.01379
v 0.06983 -0.13576 -2.01081
v 0.07859 -0.15625 -2.00936
v 0.08893 -0.17156 -2.00998
v 0.09692 -0.17584 -2.01244
v 0.09950 -0.16746 -2.01581
v 0.09568 -0.14962 -2.01878
v 0.08693 -0.12913 -2.02024
v 0.07658 -0.11381 -2.01962
v 0.08512 -0.09853 -1.97908
v 0.08268 -0.10680 -1.97544
v 0.08686 -0.12431 -1.97158
v 0.09607 -0.14439 -1.96897
v 0.10679 -0.15937 -1.96861
v 0.11492 -0.16351 -1.97064
v 0.11737 -0.15525 -1.97428
v 0.11319 -0.13773 -1.97814
v 0.10398 -0.11765 -1.98075
v 0.09326 -0.10268 -1.98111
v 0.10010 -0.08549 -1.94094
v 0.09775 -0.09363 -1.93707
v 0.10223 -0.11080 -1.93239
v 0.11183 -0.13042 -1.92867
v 0.12287 -0.14501 -1.92734
v 0.13115 -0.14899 -1.92891
v 0.13350 -0.14084 -1.93277
v 0.12902 -0.12368 -1.93746
v 0.11943 -0.10405 -1.94118
v 0.10838 -0.08947 -1.94251
v 0.11327 -0.07061 -1.90270
v 0.11099 -0.07865 -1.89866
v 0.11570 -0.09544 -1.89322
v 0.12561 -0.11458 -1.88846
v 0.13693 -0.12875 -1.88618
v 0.14533 -0.13254 -1.88727
v 0.14761 -0.12449 -1.89131
v 0.14290 -0.10770 -1.89675
v 0.13299 -0.08856 -1.90152
v 0.12168 -0.07439 -1.90379
v 0.12442 -0.05413 -1.86434
v 0.12218 -0.06208 -1.86019
v 0.12705 -0.07852 -1.85408
v 0.13719 -0.09716 -1.84833
v 0.14871 -0.11089 -1.84516
v 0.15722 -0.11446 -1.84576
v 0.15946 -0.10651 -1.84991
v 0.15459 -0.09008 -1.85602
v 0.14445 -0.07143 -1.86176
v 0.13293 -0.05770 -1.86494
v 0.13335 -0.03634 -1.82584
v 0.13113 -0.04422 -1.82163
v 0.13611 -0.06032 -1.81493
v 0.14640 -0.07848 -1.80831
v 0.15806 -0.09176 -1.80428
v 0.16664 -0.09510 -1.80439
v 0.16886 -0.08722 -1.80860
v 0.16388 -0.07112 -1.81529
v 0.15360 -0.05296 -1.82192
v 0.14194 -0.03968 -1.82595
v 0.13991 -0.01752 -1.78717
v 0.13769 -0.02536 -1.78297
v 0.14272 -0.04115 -1.77579
v 0.15309 -0.05885 -1.76837
v 0.16482 -0.07170 -1.76356
v 0.17345 -0.07480 -1.76318
v 0.17567 -0.06695 -1.76739
v 0.17064 -0.05117 -1.77457
v 0.16028 -0.03347 -1.78198
v 0.14854 -0.02062 -1.78679
v 0.14399 0.00201 -1.74833
v 0.14176 -0.00582 -1.74418
v 0.14680 -0.02134 -1.73662
v 0.15718 -0.03862 -1.72853
v 0.16893 -0.05107 -1.72300
v 0.17757 -0.05392 -1.72215
v 0.17979 -0.04609 -1.72630
v 0.17475 -0.03057 -1.73386
v 0.16438 -0.01328 -1.74195
v 0.15263 -0.00084 -1.74747
v 0.14550 0.02191 -1.70932
v 0.14327 0.01406 -1.70530
v 0.14829 -0.00124 -1.69746
v 0.15863 -0.01816 -1.68879
v 0.17034 -0.03021 -1.68261
v 0.17896 -0.03282 -1.68128
v 0.18119 -0.02496 -1.68530
v 0.17617 -0.00966 -1.69315
v 0.16583 0.00725 -1.70181
v 0.15412 0.01931 -1.70799
v 0.14417 0.04184 -1.67011
v 0.14195 0.03394 -1.66627
v 0.14692 0.01879 -1.65827
v 0.15719 0.00219 -1.64915
v 0.16883 -0.00954 -1.64241
v 0.17739 -0.01189 -1.64062
v 0.17961 -0.00399 -1.64446
v 0.17463 0.01116 -1.65246
v 0.16437 0.02776 -1.66157
v 0.15273 0.03948 -1.66831
v 0.14014 0.06142 -1.63062
v 0.13795 0.05344 -1.62702
v 0.14289 0.03839 -1.61899
v 0.15307 0.02200 -1.60960
v 0.16461 0.01055 -1.60243
v 0.17309 0.00840 -1.60023
v 0.17528 0.01637 -1.60384
v 0.17034 0.03143 -1.61187
v 0.16016 0.04782 -1.62126
v 0.14862 0.05927 -1.62842
v 0.13360 0.08030 -1.59090
v 0.13146 0.07223 -1.58757
v 0.13639 0.05720 -1.57963
v 0.14649 0.04096 -1.57011
v 0.15792 0.02971 -1.56264
v 0.16631 0.02774 -1.56008
v 0.16845 0.03581 -1.56341
v 0.16353 0.05084 -1.57135
v 0.15342 0.06708 -1.58087
v 0.14199 0.07833 -1.58834
v 0.12468 0.09813 -1.55096
v 0.12262 0.08996 -1.54795
v 0.12756 0.07493 -1.54020
v 0.13761 0.05877 -1.53068
v 0.14894 0.04767 -1.52302
v 0.15722 0.04585 -1.52015
v 0.15929 0.05403 -1.52316
v 0.15435 0.06906 -1.53090
v 0.14429 0.08522 -1.54042
v 0.13296 0.09632 -1.54808
v 0.11354 0.11463 -1.51081
v 0.11158 0.10635 -1.50815
v 0.11657 0.09127 -1.50070
v 0.12662 0.07515 -1.49131
v 0.13787 0.06414 -1.48357
v 0.14603 0.06245 -1.48042
v 0.14799 0.07073 -1.48308
v 0.14300 0.08581 -1.49053
v 0.13296 0.10193 -1.49992
v 0.12171 0.11294 -1.50767
v 0.10038 0.12950 -1.47046
v 0.09855 0.12112 -1.46818
v 0.10365 0.10597 -1.46113
v 0.11372 0.08984 -1.45199
v 0.12493 0.07889 -1.44426
v 0.13298 0.07730 -1.44090
v 0.13481 0.08568 -1.44318
v 0.12971 0.10083 -1.45023
v 0.11964 0.11696 -1.45937
v 0.10843 0.12791 -1.46709
v 0.08544 0.14251 -1.42992
v 0.08377 0.13404 -1.42804
v 0.08902 0.11881 -1.42147
v 0.09918 0.10264 -1.41271
v 0.11038 0.09172 -1.40510
v 0.11833 0.09020 -1.40156
v 0.12000 0.09867 -1.40344
v 0.11475 0.11389 -1.41001
v 0.10459 0.13006 -1.41878
v 0.09339 0.14099 -1.42638
v 0.06899 0.15343 -1.38920
v 0.06750 0.14488 -1.38774
v 0.07295 0.12958 -1.38173
v 0.08326 0.11337 -1.37345
v 0.09450 0.10245 -1.36607
v 0.10236 0.10098 -1.36241
v 0.10385 0.10952 -1.36387
v 0.09840 0.12483 -1.36988
v 0.08809 0.14103 -1.37816
v 0.07686 0.15196 -1.38554
v 0.05134 0.16210 -1.34831
v 0.05004 0.15350 -1.34729
v 0.05574 0.13814 -1.34190
v 0.06626 0.12189 -1.33421
v 0.07758 0.11096 -1.32715
v 0.08537 0.10952 -1.32342
v 0.08667 0.11812 -1.32445
v 0.08097 0.13348 -1.32984
v 0.07045 0.14973 -1.33753
v 0.05913 0.16066 -1.34459
v 0.03279 0.16839 -1.30728
v 0.03171 0.15976 -1.30669
v 0.03769 0.14437 -1.30199
v 0.04847 0.12810 -1.29497
v 0.05992 0.11717 -1.28832
v 0.06767 0.11574 -1.28458
v 0.06875 0.12438 -1.28517
v 0.06277 0.13977 -1.28987
v 0.05199 0.15604 -1.29689
v 0.04054 0.16697 -1.30354
v 0.01369 0.17222 -1.26612
v 0.01282 0.16358 -1.26596
v 0.01912 0.14820 -1.26199
v 0.03020 0.13194 -1.25574
v 0.04182 0.12102 -1.24958
v 0.04954 0.11961 -1.24587
v 0.05042 0.12825 -1.24603
v 0.04412 0.14363 -1.24999
v 0.03304 0.15989 -1.25625
v 0.02142 0.17081 -1.26241
v -0.00563 0.17355 -1.22485
v -0.00630 0.16494 -1.22511
v 0.00035 0.14960 -1.22192
v 0.01176 0.13339 -1.21649
v 0.02359 0.12251 -1.21089
v 0.03131 0.12111 -1.20727
v 0.03198 0.12972 -1.20700
v 0.02534 0.14506 -1.21019
v 0.01392 0.16127 -1.21562
v 0.00209 0.17215 -1.22122
v -0.02484 0.17240 -1.18348
v -0.02530 0.16383 -1.18416
v -0.01831 0.14858 -1.18177
v -0.00654 0.13248 -1.17722
v 0.00552 0.12167 -1.17225
v 0.01327 0.12028 -1.16875
v 0.01373 0.12885 -1.16808
v 0.00674 0.14410 -1.17047
v -0.00503 0.16020 -1.17502
v -0.01709 0.17101 -1.17999
v -0.04360 0.16881 -1.14206
v -0.04388 0.16032 -1.14313
v -0.03655 0.14521 -1.14155
v -0.02441 0.12926 -1.13792
v -0.01210 0.11856 -1.13362
v -0.00431 0.11720 -1.13031
v -0.00403 0.12569 -1.12924
v -0.01136 0.14080 -1.13082
v -0.02350 0.15675 -1.13445
v -0.03581 0.16745 -1.13874
v -0.06159 0.16290 -1.10058
v -0.06171 0.15450 -1.10202
v -0.05405 0.13958 -1.10126
v -0.04156 0.12383 -1.09858
v -0.02899 0.11329 -1.09500
v -0.02116 0.11196 -1.09191
v -0.02104 0.12037 -1.09047
v -0.02870 0.13529 -1.09123
v -0.04119 0.15103 -1.09391
v -0.05376 0.16158 -1.09749
v -0.07854 0.15482 -1.05909
v -0.07850 0.14652 -1.06087
v -0.07055 0.13182 -1.06091
v -0.05772 0.11633 -1.05919
v -0.04491 0.10598 -1.05637
v -0.03701 0.10471 -1.05353
v -0.03704 0.11301 -1.05175
v -0.04500 0.12771 -1.05171
v -0.05783 0.14319 -1.05343
v -0.07064 0.15355 -1.05624
v -0.09416 0.14473 -1.01759
v -0.09400 0.13654 -1.01968
v -0.08579 0.12210 -1.02050
v -0.07265 0.10692 -1.01975
v -0.05961 0.09679 -1.01771
v -0.05165 0.09560 -1.01515
v -0.05180 0.10378 -1.01306
v -0.06002 0.11823 -1.01224
v -0.07315 0.13341 -1.01299
v -0.08619 0.14353 -1.01503
v -0.10822 0.13286 -0.97612
v -0.10797 0.12479 -0.97848
v -0.09954 0.11063 -0.98006
v -0.08614 0.09578 -0.98025
v -0.07290 0.08592 -0.97899
v -0.06487 0.08482 -0.97675
v -0.06512 0.09288 -0.97439
v -0.07355 0.10705 -0.97281
v -0.08694 0.12189 -0.97261
v -0.10019 0.13175 -0.97388
v -0.12052 0.11944 -0.93468
v -0.12020 0.11149 -0.93728
v -0.11160 0.09762 -0.93957
v -0.09799 0.08314 -0.94069
v -0.08458 0.07357 -0.94021
v -0.07649 0.07257 -0.93831
v -0.07681 0.08052 -0.93572
v -0.08541 0.09439 -0.93342
v -0.09902 0.10887 -0.93230
v -0.11243 0.11844 -0.93278
v -0.13089 0.10474 -0.89332
v -0.13053 0.09690 -0.89610
v -0.12180 0.08333 -0.89906
v -0.10804 0.06922 -0.90106
v -0.09450 0.05996 -0.90135
v -0.08637 0.05909 -0.89980
v -0.08673 0.06693 -0.89702
v -0.09546 0.08050 -0.89406
v -0.10922 0.09461 -0.89206
v -0.12275 0.10386 -0.89177
v -0.13922 0.08903 -0.85203
v -0.13883 0.08129 -0.85496
v -0.13002 0.06801 -0.85853
v -0.11616 0.05428 -0.86136
v -0.10255 0.04534 -0.86239
v -0.09437 0.04460 -0.86121
v -0.09476 0.05235 -0.85828
v -0.10357 0.06562 -0.85472
v -0.11743 0.07935 -0.85188
v -0.13105 0.08829 -0.85086
v -0.14542 0.07260 -0.81085
v -0.14501 0.06494 -0.81388
v -0.13617 0.05195 -0.81798
v -0.12227 0.03859 -0.82159
v -0.10861 0.02996 -0.82332
v -0.10042 0.02937 -0.82252
v -0.10083 0.03703 -0.81949
v -0.10967 0.05003 -0.81539
v -0.12357 0.06339 -0.81178
v -0.13723 0.07201 -0.81005
v -0.14944 0.05574 -0.76978
v -0.14904 0.04815 -0.77287
v -0.14020 0.03541 -0.77744
v -0.12630 0.02240 -0.78175
v -0.11265 0.01408 -0.78414
v -0.10446 0.01363 -0.78372
v -0.10486 0.02123 -0.78063
v -0.11370 0.03397 -0.77606
v -0.12760 0.04698 -0.77175
v -0.14125 0.05530 -0.76935
v -0.15129 0.03874 -0.72884
v -0.15089 0.03119 -0.73194
v -0.14208 0.01868 -0.73690
v -0.12823 0.00598 -0.74183
v -0.11462 -0.00204 -0.74484
v -0.10645 -0.00234 -0.74478
v -0.10685 0.00521 -0.74168
v -0.11566 0.01772 -0.73672
v -0.12951 0.03041 -0.73179
v -0.14312 0.03844 -0.72878
v -0.15099 0.02186 -0.68804
v -0.15060 0.01434 -0.69111
v -0.14184 0.00203 -0.69638
v -0.12807 -0.01038 -0.70184
v -0.11453 -0.01815 -0.70540
v -0.10641 -0.01830 -0.70571
v -0.10680 -0.01078 -0.70264
v -0.11556 0.00153 -0.69737
v -0.12933 0.01394 -0.69191
v -0.14287 0.02171 -0.68834
v -0.14862 0.00538 -0.64738
v -0.14823 -0.00212 -0.65038
v -0.13954 -0.01428 -0.65589
v -0.12586 -0.02645 -0.66179
v -0.11243 -0.03398 -0.66584
v -0.10437 -0.03399 -0.66649
v -0.10476 -0.02649 -0.66349
v -0.11345 -0.01433 -0.65799
v -0.12712 -0.00217 -0.65208
v -0.14056 0.00536 -0.64803
v -0.14427 -0.01046 -0.60688
v -0.14388 -0.01796 -0.60977
v -0.13526 -0.02999 -0.61542
v -0.12170 -0.04196 -0.62167
v -0.10838 -0.04929 -0.62614
v -0.10039 -0.04918 -0.62712
v -0.10078 -0.04168 -0.62423
v -0.10941 -0.02964 -0.61858
v -0.12297 -0.01768 -0.61233
v -0.13629 -0.01035 -0.60786
v -0.13808 -0.02542 -0.56654
v -0.13767 -0.03293 -0.56928
v -0.12911 -0.04487 -0.57499
v -0.11567 -0.05668 -0.58150
v -0.10248 -0.06384 -0.58631
v -0.09457 -0.06362 -0.58759
v -0.09498 -0.05611 -0.58485
v -0.10354 -0.04417 -0.57913
v -0.11699 -0.03237 -0.57263
v -0.13018 -0.02520 -0.56782
v -0.13019 -0.03931 -0.52635
v -0.12976 -0.04684 -0.52891
v -0.12125 -0.05871 -0.53461
v -0.10791 -0.07040 -0.54127
v -0.09485 -0.07743 -0.54635
v -0.08704 -0.07712 -0.54790
v -0.08748 -0.06959 -0.54534
v -0.09599 -0.05771 -0.53964
v -0.10932 -0.04603 -0.53298
v -0.12239 -0.03900 -0.52790
v -0.12079 -0.05194 -0.48631
v -0.12031 -0.05949 -0.48866
v -0.11183 -0.07133 -0.49427
v -0.09859 -0.08292 -0.50099
v -0.08564 -0.08985 -0.50626
v -0.07793 -0.08946 -0.50807
v -0.07841 -0.08191 -0.50572
v -0.08689 -0.07007 -0.50011
v -0.10013 -0.05848 -0.49338
v -0.11308 -0.05155 -0.48811
v -0.11004 -0.06316 -0.44642
v -0.10951 -0.07073 -0.44854
v -0.10104 -0.08254 -0.45398
v -0.08787 -0.09408 -0.46068
v -0.07503 -0.10093 -0.46606
v -0.06742 -0.10048 -0.46808
v -0.06795 -0.09290 -0.46596
v -0.07642 -0.08110 -0.46052
v -0.08960 -0.06956 -0.45383
v -0.10244 -0.06271 -0.44844
v -0.09817 -0.07284 -0.40668
v -0.09756 -0.08043 -0.40854
v -0.08908 -0.09223 -0.41375
v -0.07595 -0.10372 -0.42032
v -0.06319 -0.11052 -0.42575
v -0.05568 -0.11002 -0.42795
v -0.05629 -0.10243 -0.42609
v -0.06478 -0.09064 -0.42088
v -0.07790 -0.07915 -0.41430
v -0.09066 -0.07235 -0.40888
v -0.08537 -0.08089 -0.36707
v -0.08468 -0.08849 -0.36866
v -0.07615 -0.10027 -0.37357
v -0.06304 -0.11173 -0.37994
v -0.05035 -0.11849 -0.38533
v -0.04293 -0.11797 -0.38768
v -0.04362 -0.11036 -0.38610
v -0.05215 -0.09858 -0.38118
v -0.06526 -0.08712 -0.37481
v -0.07795 -0.08036 -0.36942
v -0.07186 -0.08722 -0.32759
v -0.07108 -0.09483 -0.32889
v -0.06249 -0.10659 -0.33346
v -0.04936 -0.11803 -0.33954
v -0.03671 -0.12476 -0.34483
v -0.02937 -0.12421 -0.34729
v -0.03015 -0.11661 -0.34599
v -0.03875 -0.10484 -0.34142
v -0.05188 -0.09341 -0.33534
v -0.06453 -0.08668 -0.33005
v -0.05786 -0.09180 -0.28823
v -0.05698 -0.09939 -0.28923
v -0.04830 -0.11114 -0.29340
v -0.03512 -0.12254 -0.29913
v -0.02249 -0.12924 -0.30424
v -0.01522 -0.12869 -0.30678
v -0.01610 -0.12109 -0.30577
v -0.02479 -0.10935 -0.30161
v -0.03797 -0.09795 -0.29588
v -0.05060 -0.09124 -0.29077
v -0.04359 -0.09460 -0.24897
v -0.04261 -0.10217 -0.24968
v -0.03381 -0.11387 -0.25339
v -0.02056 -0.12523 -0.25870
v -0.00792 -0.13191 -0.26358
v -0.00072 -0.13135 -0.26616
v -0.00170 -0.12378 -0.26546
v -0.01050 -0.11208 -0.26174
v -0.02374 -0.10072 -0.25643
v -0.03638 -0.09404 -0.25155
v -0.02925 -0.09562 -0.20981
v -0.02816 -0.10316 -0.21021
v -0.01924 -0.11481 -0.21345
v -0.00590 -0.12611 -0.21828
v 0.00677 -0.13275 -0.22286
v 0.01392 -0.13219 -0.22545
v 0.01283 -0.12465 -0.22505
v 0.00392 -0.11301 -0.22181
v -0.00943 -0.10171 -0.21698
v -0.02209 -0.09507 -0.21239
v -0.01506 -0.09491 -0.17073
v -0.01386 -0.10240 -0.17083
v -0.00481 -0.11396 -0.17355
v 0.00864 -0.12518 -0.17786
v 0.02135 -0.13177 -0.18210
v 0.02847 -0.13121 -0.18466
v 0.02728 -0.12372 -0.18455
v 0.01823 -0.11216 -0.18183
v 0.00478 -0.10094 -0.17753
v -0.00793 -0.09435 -0.17328
v -0.00120 -0.09249 -0.13171
v 0.00009 -0.09992 -0.13152
v 0.00928 -0.11138 -0.13371
v 0.02285 -0.12250 -0.13745
v 0.03562 -0.12902 -0.14130
v 0.04272 -0.12846 -0.14380
v 0.04142 -0.12103 -0.14399
v 0.03224 -0.10957 -0.14180
v 0.01867 -0.09845 -0.13806
v 0.00589 -0.09193 -0.13421
v 0.01212 -0.08845 -0.09277
v 0.01350 -0.09581 -0.09229
v 0.02283 -0.10714 -0.09393
v 0.03652 -0.11813 -0.09705
v 0.04936 -0.12456 -0.10046
v 0.05644 -0.12399 -0.10287
v 0.05506 -0.11664 -0.10335
v 0.04574 -0.10530 -0.10171
v 0.03204 -0.09432 -0.09859
v 0.01920 -0.08789 -0.09517
v 0.02471 -0.08285 -0.05388
v 0.02618 -0.09012 -0.05312
v 0.03563 -0.10130 -0.05419
v 0.04945 -0.11212 -0.05666
v 0.06237 -0.11845 -0.05960
v 0.06944 -0.11787 -0.06188
v 0.06798 -0.11060 -0.06264
v 0.05853 -0.09941 -0.06157
v 0.04470 -0.08859 -0.05910
v 0.03179 -0.08226 -0.05616
v 0.03640 -0.07576 -0.01501
v 0.03794 -0.08294 -0.01400
v 0.04751 -0.09395 -0.01450
v 0.06144 -0.10459 -0.01631
v 0.07443 -0.11079 -0.01874
v 0.08150 -0.11018 -0.02088
v 0.07996 -0.10300 -0.02189
v 0.07040 -0.09199 -0.02139
v 0.05646 -0.08135 -0.01958
v 0.04348 -0.07516 -0.01714
v 0.04706 -0.06738 0.02386
v 0.04865 -0.07446 0.02510
v 0.05831 -0.08529 0.02516
v 0.07234 -0.09572 0.02401
v 0.08538 -0.10177 0.02209
v 0.09246 -0.10113 0.02013
v 0.09086 -0.09404 0.01888
v 0.08120 -0.08322 0.01883
v 0.06717 -0.07279 0.01998
v 0.05413 -0.06674 0.02190
v 0.05654 -0.05784 0.06273
v 0.05818 -0.06482 0.06419
v 0.06791 -0.07545 0.06478
v 0.08201 -0.08565 0.06429
v 0.09510 -0.09154 0.06290
v 0.10218 -0.09086 0.06113
v 0.10054 -0.08387 0.05968
v 0.09081 -0.07324 0.05908
v 0.07671 -0.06304 0.05957
v 0.06362 -0.05715 0.06097
v 0.06474 -0.04728 0.10161
v 0.06641 -0.05417 0.10326
v 0.07619 -0.06459 0.10437
v 0.09034 -0.07456 0.10453
v 0.10346 -0.08026 0.10367
v 0.11053 -0.07953 0.10212
v 0.10886 -0.07264 0.10048
v 0.09908 -0.06222 0.09936
v 0.08493 -0.05225 0.09920
v 0.07181 -0.04655 0.10006
v 0.07155 -0.03588 0.14052
v 0.07324 -0.04268 0.14233
v 0.08304 -0.05288 0.14394
v 0.09721 -0.06260 0.14473
v 0.11034 -0.06812 0.14441
v 0.11741 -0.06733 0.14309
v 0.11572 -0.06053 0.14128
v 0.10592 -0.05032 0.13967
v 0.09175 -0.04060 0.13888
v 0.07862 -0.03509 0.13920
v 0.07690 -0.02379 0.17947
v 0.07860 -0.03050 0.18141
v 0.08840 -0.04050 0.18349
v 0.10256 -0.04997 0.18489
v 0.11568 -0.05529 0.18510
v 0.12274 -0.05443 0.18402
v 0.12104 -0.04772 0.18207
v 0.11124 -0.03772 0.18000
v 0.09707 -0.02825 0.17859
v 0.08396 -0.02293 0.17839
v 0.08072 -0.01120 0.21846
v 0.08242 -0.01783 0.22052
v 0.09220 -0.02762 0.22302
v 0.10632 -0.03684 0.22501
v 0.11941 -0.04196 0.22573
v 0.12644 -0.04103 0.22490
v 0.12474 -0.03440 0.22284
v 0.11496 -0.02461 0.22034
v 0.10083 -0.01539 0.21835
v 0.08775 -0.01027 0.21763
v 0.08297 0.00172 0.25751
v 0.08466 -0.00483 0.25965
v 0.09439 -0.01443 0.26254
v 0.10846 -0.02341 0.26508
v 0.12148 -0.02834 0.26629
v 0.12849 -0.02733 0.26572
v 0.12680 -0.02078 0.26358
v 0.11706 -0.01118 0.26069
v 0.10300 -0.00220 0.25816
v 0.08997 0.00273 0.25694
v 0.08362 0.01479 0.29663
v 0.08530 0.00830 0.29882
v 0.09497 -0.00112 0.30206
v 0.10895 -0.00987 0.30510
v 0.12190 -0.01461 0.30679
v 0.12886 -0.01353 0.30648
v 0.12718 -0.00704 0.30429
v 0.11751 0.00238 0.30105
v 0.10353 0.01113 0.29801
v 0.09059 0.01587 0.29632
v 0.08268 0.02782 0.33583
v 0.08434 0.02138 0.33804
v 0.09394 0.01212 0.34157
v 0.10781 0.00358 0.34507
v 0.12065 -0.00098 0.34721
v 0.12757 0.00018 0.34716
v 0.12590 0.00662 0.34494
v 0.11630 0.01587 0.34141
v 0.10243 0.02441 0.33791
v 0.08959 0.02898 0.33578
v 0.08014 0.04062 0.37511
v 0.08179 0.03423 0.37732
v 0.09131 0.02512 0.38110
v 0.10505 0.01676 0.38500
v 0.11778 0.01237 0.38754
v 0.12463 0.01360 0.38775
v 0.12298 0.01999 0.38554
v 0.11347 0.02910 0.38176
v 0.09972 0.03745 0.37785
v 0.08699 0.04185 0.37531
v 0.07606 0.05302 0.41448
v 0.07769 0.04666 0.41665
v 0.08712 0.03767 0.42063
v 0.10073 0.02949 0.42488
v 0.11333 0.02524 0.42779
v 0.12011 0.02654 0.42825
v 0.11847 0.03290 0.42608
v 0.10905 0.04188 0.42210
v 0.09544 0.05007 0.41785
v 0.08283 0.05432 0.41494
v 0.07047 0.06483 0.45395
v 0.07210 0.05850 0.45606
v 0.08144 0.04962 0.46018
v 0.09491 0.04158 0.46472
v 0.10737 0.03746 0.46796
v 0.11407 0.03882 0.46866
v 0.11244 0.04515 0.46654
v 0.10311 0.05403 0.46243
v 0.08963 0.06207 0.45788
v 0.07717 0.06619 0.45465
v 0.06347 0.07588 0.49352
v 0.06510 0.06957 0.49554
v 0.07434 0.06078 0.49974
v 0.08767 0.05287 0.50451
v 0.10000 0.04886 0.50803
v 0.10661 0.05027 0.50896
v 0.10497 0.05658 0.50693
v 0.09573 0.06537 0.50274
v 0.08240 0.07328 0.49797
v 0.07007 0.07729 0.49445
v 0.05513 0.08600 0.53320
v 0.05676 0.07971 0.53511
v 0.06593 0.07100 0.53933
v 0.07913 0.06319 0.54427
v 0.09131 0.05927 0.54802
v 0.09782 0.06073 0.54916
v 0.09619 0.06702 0.54725
v 0.08702 0.07573 0.54302
v 0.07382 0.08354 0.53809
v 0.06164 0.08747 0.53434
v 0.04556 0.09505 0.57298
v 0.04722 0.08878 0.57475
v 0.05632 0.08012 0.57895
v 0.06939 0.07239 0.58398
v 0.08144 0.06854 0.58791
v 0.08786 0.07004 0.58925
v 0.08620 0.07632 0.58747
v 0.07710 0.08497 0.58327
v 0.06403 0.09270 0.57825
v 0.05198 0.09655 0.57432
v 0.03491 0.10288 0.61287
v 0.03659 0.09662 0.61448
v 0.04564 0.08801 0.61860
v 0.05860 0.08035 0.62366
v 0.07052 0.07656 0.62772
v 0.07684 0.07808 0.62923
v 0.07516 0.08434 0.62762
v 0.06611 0.09294 0.62350
v 0.05315 0.10061 0.61844
v 0.04123 0.10440 0.61438
v 0.02331 0.10935 0.65287
v 0.02503 0.10311 0.65431
v 0.03405 0.09455 0.65829
v 0.04691 0.08694 0.66331
v 0.05871 0.08319 0.66744
v 0.06494 0.08473 0.66910
v 0.06322 0.09097 0.66767
v 0.05421 0.09953 0.66369
v 0.04134 0.10714 0.65867
v 0.02954 0.11089 0.65454
v 0.01093 0.11435 0.69298
v 0.01269 0.10813 0.69422
v 0.02169 0.09962 0.69801
v 0.03449 0.09206 0.70292
v 0.04619 0.08834 0.70707
v 0.05233 0.08989 0.70887
v 0.05056 0.09611 0.70763
v 0.04156 0.10463 0.70384
v 0.02877 0.11218 0.69893
v 0.01707 0.11590 0.69478
v -0.00206 0.11780 0.73319
v -0.00024 0.11161 0.73422
v 0.00876 0.10314 0.73778
v 0.02150 0.09563 0.74252
v 0.03312 0.09194 0.74663
v 0.03918 0.09349 0.74853
v 0.03735 0.09968 0.74751
v 0.02835 0.10815 0.74395
v 0.01561 0.11566 0.73920
v 0.00399 0.11935 0.73510
v -0.01547 0.11961 0.77350
v -0.01359 0.11345 0.77430
v -0.00457 0.10504 0.77759
v 0.00815 0.09758 0.78210
v 0.01970 0.09392 0.78611
v 0.02568 0.09546 0.78810
v 0.02380 0.10161 0.78730
v 0.01477 0.11003 0.78401
v 0.00206 0.11749 0.77950
v -0.00949 0.12115 0.77549
v -0.02910 0.11973 0.81391
v -0.02715 0.11362 0.81448
v -0.01809 0.10527 0.81744
v -0.00538 0.09787 0.82166
v 0.00612 0.09424 0.82552
v 0.01203 0.09578 0.82756
v 0.01008 0.10188 0.82700
v 0.00102 0.11023 0.82404
v -0.01168 0.11764 0.81982
v -0.02319 0.12126 0.81595
v -0.04273 0.11814 0.85440
v -0.04072 0.11209 0.85473
v -0.03161 0.10382 0.85733
v -0.01889 0.09649 0.86121
v -0.00742 0.09290 0.86488
v -0.00157 0.09442 0.86694
v -0.00359 0.10047 0.86661
v -0.01269 0.10874 0.86402
v -0.02541 0.11607 0.86014
v -0.03688 0.11966 0.85647
v -0.05616 0.11483 0.89498
v -0.05408 0.10884 0.89507
v -0.04492 0.10067 0.89727
v -0.03218 0.09344 0.90075
v -0.02072 0.08990 0.90418
v -0.01492 0.09141 0.90624
v -0.01700 0.09739 0.90615
v -0.02617 0.10556 0.90395
v -0.03891 0.11280 0.90047
v -0.05037 0.11634 0.89704
v -0.06918 0.10982 0.93563
v -0.06704 0.10392 0.93547
v -0.05781 0.09586 0.93726
v -0.04504 0.08874 0.94030
v -0.03358 0.08527 0.94344
v -0.02783 0.08677 0.94547
v -0.02997 0.09267 0.94562
v -0.03919 0.10073 0.94384
v -0.05197 0.10785 0.94080
v -0.06343 0.11133 0.93766
v -0.08157 0.10317 0.97634
v -0.07936 0.09735 0.97595
v -0.07008 0.08944 0.97729
v -0.05726 0.08245 0.97985
v -0.04581 0.07906 0.98266
v -0.04009 0.08056 0.98463
v -0.04229 0.08638 0.98502
v -0.05157 0.09429 0.98368
v -0.06439 0.10128 0.98112
v -0.07585 0.10467 0.97831
v -0.09311 0.09496 1.01710
v -0.09086 0.08923 1.01648
v -0.08152 0.08148 1.01736
v -0.06867 0.07465 1.01941
v -0.05720 0.07136 1.02185
v -0.05151 0.07286 1.02374
v -0.05377 0.07858 1.02436
v -0.06310 0.08634 1.02348
v -0.07596 0.09317 1.02143
v -0.08742 0.09646 1.01899
v -0.10362 0.08528 1.05791
v -0.10133 0.07966 1.05707
v -0.09195 0.07208 1.05748
v -0.07906 0.06543 1.05899
v -0.06759 0.06226 1.06103
v -0.06192 0.06378 1.06281
v -0.06422 0.06940 1.06365
v -0.07360 0.07698 1.06324
v -0.08649 0.08363 1.06173
v -0.09796 0.08680 1.05969
v -0.11291 0.07428 1.09875
v -0.11058 0.06876 1.09769
v -0.10117 0.06137 1.09763
v -0.08826 0.05493 1.09859
v -0.07680 0.05190 1.10020
v -0.07115 0.05343 1.10184
v -0.07348 0.05895 1.10290
v -0.08289 0.06634 1.10296
v -0.09580 0.07278 1.10200
v -0.10726 0.07581 1.10039
v -0.12080 0.06210 1.13960
v -0.11845 0.05669 1.13836
v -0.10903 0.04950 1.13783
v -0.09612 0.04328 1.13822
v -0.08467 0.04041 1.13938
v -0.07904 0.04197 1.14086
v -0.08139 0.04738 1.14211
v -0.09082 0.05457 1.14264
v -0.10372 0.06079 1.14225
v -0.11517 0.06366 1.14109
v -0.12714 0.04893 1.18046
v -0.12479 0.04362 1.17904
v -0.11537 0.03665 1.17805
v -0.10249 0.03067 1.17787
v -0.09106 0.02796 1.17857
v -0.08546 0.02957 1.17988
v -0.08782 0.03487 1.18130
v -0.09723 0.04184 1.18229
v -0.11012 0.04783 1.18247
v -0.12154 0.05053 1.18177
v -0.13181 0.03496 1.22131
v -0.12946 0.02976 1.21974
v -0.12007 0.02300 1.21830
v -0.10724 0.01726 1.21756
v -0.09586 0.01474 1.21779
v -0.09028 0.01639 1.21890
v -0.09264 0.02159 1.22048
v -0.10203 0.02835 1.22191
v -0.11486 0.03409 1.22266
v -0.12624 0.03661 1.22243
v -0.13471 0.02042 1.26214
v -0.13236 0.01532 1.26043
v -0.12303 0.00877 1.25858
v -0.11027 0.00328 1.25729
v -0.09896 0.00094 1.25705
v -0.09342 0.00265 1.25795
v -0.09577 0.00775 1.25966
v -0.10510 0.01429 1.26151
v -0.11786 0.01979 1.26280
v -0.12917 0.02213 1.26304
v -0.13575 0.00553 1.30293
v -0.13343 0.00052 1.30112
v -0.12417 -0.00582 1.29888
v -0.11151 -0.01107 1.29705
v -0.10029 -0.01322 1.29635
v -0.09480 -0.01146 1.29703
v -0.09712 -0.00644 1.29884
v -0.10638 -0.00010 1.30109
v -0.11904 0.00515 1.30291
v -0.13026 0.00730 1.30361
v -0.13491 -0.00946 1.34367
v -0.13260 -0.01439 1.34179
v -0.12344 -0.02054 1.33919
v -0.11091 -0.02555 1.33686
v -0.09981 -0.02752 1.33571
v -0.09437 -0.02569 1.33616
v -0.09667 -0.02076 1.33805
v -0.10583 -0.01462 1.34065
v -0.11836 -0.00960 1.34297
v -0.12946 -0.00763 1.34413
v -0.13216 -0.02431 1.38436
v -0.12989 -0.02917 1.38242
v -0.12083 -0.03514 1.37950
v -0.10846 -0.03994 1.37672
v -0.09749 -0.04173 1.37514
v -0.09211 -0.03984 1.37535
v -0.09438 -0.03498 1.37729
v -0.10344 -0.02901 1.38021
v -0.11581 -0.02421 1.38299
v -0.12678 -0.02241 1.38458
v -0.12753 -0.03877 1.42497
v -0.12529 -0.04357 1.42301
v -0.11636 -0.04938 1.41982
v -0.10416 -0.05398 1.41662
v -0.09334 -0.05562 1.41464
v -0.08804 -0.05366 1.41462
v -0.09029 -0.04886 1.41658
v -0.09921 -0.04305 1.41976
v -0.11142 -0.03845 1.42296
v -0.12223 -0.03681 1.42495
v -0.12109 -0.05259 1.46550
v -0.11887 -0.05734 1.46355
v -0.11008 -0.06301 1.46014
v -0.09806 -0.06744 1.45657
v -0.08741 -0.06894 1.45422
v -0.08220 -0.06693 1.45396
v -0.08441 -0.06218 1.45591
v -0.09321 -0.05650 1.45932
v -0.10523 -0.05207 1.46289
v -0.11588 -0.05058 1.46524
v -0.11292 -0.06555 1.50594
v -0.11072 -0.07026 1.50402
v -0.10206 -0.07581 1.50044
v -0.09023 -0.08009 1.49657
v -0.07976 -0.08147 1.49388
v -0.07464 -0.07940 1.49340
v -0.07684 -0.07470 1.49531
v -0.08550 -0.06914 1.49889
v -0.09733 -0.06486 1.50276
v -0.10780 -0.06349 1.50545
v -0.10314 -0.07741 1.54627
v -0.10096 -0.08209 1.54443
v -0.09242 -0.08755 1.54074
v -0.08078 -0.09170 1.53661
v -0.07049 -0.09298 1.53363
v -0.06548 -0.09087 1.53293
v -0.06766 -0.08620 1.53478
v -0.07620 -0.08074 1.53847
v -0.08784 -0.07658 1.54260
v -0.09813 -0.07531 1.54558
v -0.09190 -0.08798 1.58651
v -0.08972 -0.09262 1.58475
v -0.08130 -0.09800 1.58100
v -0.06985 -0.10207 1.57670
v -0.05975 -0.10326 1.57348
v -0.05485 -0.10112 1.57257
v -0.05702 -0.09648 1.57433
v -0.06544 -0.09110 1.57808
v -0.07689 -0.08704 1.58238
v -0.08700 -0.08585 1.58561
v -0.07938 -0.09707 1.62664
v -0.07720 -0.10168 1.62500
v -0.06888 -0.10700 1.62125
v -0.05761 -0.11098 1.61682
v -0.04768 -0.11212 1.61341
v -0.04289 -0.10996 1.61232
v -0.04507 -0.10534 1.61396
v -0.05339 -0.10003 1.61771
v -0.06466 -0.09604 1.62213
v -0.07459 -0.09491 1.62554
v -0.06578 -0.10451 1.66666
v -0.06359 -0.10910 1.66515
v -0.05536 -0.11436 1.66145
v -0.04424 -0.11829 1.65698
v -0.03448 -0.11938 1.65343
v -0.02980 -0.11721 1.65217
v -0.03200 -0.11263 1.65368
v -0.04023 -0.10737 1.65738
v -0.05134 -0.10344 1.66185
v -0.06111 -0.10235 1.66540
v -0.05135 -0.11029 1.70657
v -0.04914 -0.11484 1.70522
v -0.04098 -0.12005 1.70162
v -0.03000 -0.12393 1.69716
v -0.02039 -0.12499 1.69353
v -0.01582 -0.12283 1.69213
v -0.01804 -0.11828 1.69349
v -0.02620 -0.11306 1.69708
v -0.03718 -0.10919 1.70155
v -0.04679 -0.10813 1.70517
v -0.03629 -0.11427 1.74639
v -0.03404 -0.11879 1.74521
v -0.02594 -0.12395 1.74176
v -0.01508 -0.12779 1.73737
v -0.00560 -0.12883 1.73372
v -0.00114 -0.12668 1.73219
v -0.00339 -0.12216 1.73337
v -0.01149 -0.11700 1.73682
v -0.02236 -0.11316 1.74121
v -0.03183 -0.11212 1.74486
v -0.02081 -0.11632 1.78611
v -0.01852 -0.12079 1.78511
v -0.01045 -0.12590 1.78187
v 0.00032 -0.12969 1.77762
v 0.00967 -0.13071 1.77398
v 0.01404 -0.12858 1.77235
v 0.01174 -0.12411 1.77334
v 0.00367 -0.11900 1.77658
v -0.00710 -0.11521 1.78084
v -0.01645 -0.11419 1.78447
v -0.00517 -0.11638 1.82572
v -0.00284 -0.12080 1.82493
v 0.00522 -0.12584 1.82193
v 0.01592 -0.12958 1.81788
v 0.02517 -0.13059 1.81432
v 0.02944 -0.12849 1.81261
v 0.02711 -0.12407 1.81340
v 0.01905 -0.11902 1.81640
v 0.00835 -0.11528 1.82045
v -0.00090 -0.11427 1.82401
v 0.01036 -0.11444 1.86524
v 0.01275 -0.11880 1.86466
v 0.02080 -0.12376 1.86195
v 0.03145 -0.12744 1.85816
v 0.04062 -0.12843 1.85472
v 0.04482 -0.12635 1.85296
v 0.04243 -0.12200 1.85354
v 0.03437 -0.11704 1.85625
v 0.02372 -0.11335 1.86005
v 0.01455 -0.11236 1.86348
v 0.02553 -0.11054 1.90468
v 0.02797 -0.11482 1.90431
v 0.03604 -0.11969 1.90193
v 0.04665 -0.12329 1.89844
v 0.05576 -0.12425 1.89518
v 0.05988 -0.12220 1.89340
v 0.05744 -0.11792 1.89377
v 0.04937 -0.11305 1.89615
v 0.03876 -0.10945 1.89964
v 0.02965 -0.10849 1.90289
v 0.04008 -0.10473 1.94404
v 0.04257 -0.10892 1.94389
v 0.05065 -0.11368 1.94186
v 0.06124 -0.11718 1.93873
v 0.07030 -0.11810 1.93569
v 0.07436 -0.11607 1.93391
v 0.07187 -0.11188 1.93406
v 0.06379 -0.10713 1.93609
v 0.05320 -0.10363 1.93922
v 0.04414 -0.10271 1.94226
v 0.05377 -0.09711 1.98334
v 0.05630 -0.10120 1.98340
v 0.06439 -0.10582 1.98174
v 0.07497 -0.10920 1.97901
v 0.08398 -0.11006 1.97624
v 0.08799 -0.10806 1.97449
v 0.08546 -0.10396 1.97443
v 0.07736 -0.09935 1.97608
v 0.06679 -0.09596 1.97882
v 0.05778 -0.09511 1.98159
v 0.06636 -0.08780 2.02258
v 0.06892 -0.09178 2.02285
v 0.07703 -0.09625 2.02159
v 0.08758 -0.09948 2.01928
v 0.09655 -0.10026 2.01681
v 0.10052 -0.09827 2.01512
v 0.09795 -0.09429 2.01485
v 0.08985 -0.08983 2.01611
v 0.07929 -0.08659 2.01842
v 0.07032 -0.08582 2.02089
v 0.07764 -0.07695 2.06179
v 0.08023 -0.08082 2.06225
v 0.08833 -0.08511 2.06140
v 0.09886 -0.08818 2.05954
v 0.10779 -0.08886 2.05740
v 0.11171 -0.08688 2.05579
v 0.10912 -0.08301 2.05532
v 0.10102 -0.07872 2.05618
v 0.09050 -0.07566 2.05803
v 0.08157 -0.07498 2.06017
v 0.08743 -0.06475 2.10096
v 0.09002 -0.06851 2.10162
v 0.09811 -0.07261 2.10116
v 0.10859 -0.07549 2.09978
v 0.11747 -0.07605 2.09799
v 0.12136 -0.07408 2.09649
v 0.11876 -0.07033 2.09583
v 0.11068 -0.06623 2.09628
v 0.10019 -0.06334 2.09767
v 0.09131 -0.06278 2.09945
v 0.09555 -0.05141 2.14012
v 0.09814 -0.05505 2.14095
v 0.10619 -0.05895 2.14090
v 0.11661 -0.06163 2.14000
v 0.12543 -0.06206 2.13858
v 0.12927 -0.06008 2.13720
v 0.12668 -0.05645 2.13637
v 0.11863 -0.05254 2.13642
v 0.10821 -0.04986 2.13732
v 0.09939 -0.04943 2.13874
v 0.10187 -0.03715 2.17928
v 0.10445 -0.04067 2.18026
v 0.11243 -0.04437 2.18061
v 0.12277 -0.04683 2.18018
v 0.13151 -0.04712 2.17915
v 0.13531 -0.04513 2.17791
v 0.13273 -0.04161 2.17693
v 0.12475 -0.03791 2.17659
v 0.11441 -0.03545 2.17701
v 0.10567 -0.03516 2.17804
v 0.10628 -0.02221 2.21846
v 0.10884 -0.02562 2.21957
v 0.11673 -0.02911 2.22029
v 0.12696 -0.03136 2.22034
v 0.13560 -0.03151 2.21970
v 0.13936 -0.02949 2.21861
v 0.13680 -0.02609 2.21750
v 0.12890 -0.02259 2.21678
v 0.11868 -0.02034 2.21673
v 0.11004 -0.02020 2.21737
v 0.10871 -0.00686 2.25765
v 0.11123 -0.01016 2.25888
v 0.11902 -0.01345 2.25995
v 0.12910 -0.01549 2.26046
v 0.13762 -0.01548 2.26021
v 0.14133 -0.01344 2.25929
v 0.13881 -0.01014 2.25806
v 0.13102 -0.00685 2.25699
v 0.12094 -0.00481 2.25648
v 0.11242 -0.00482 2.25674
v 0.10913 0.00865 2.29689
v 0.11161 0.00545 2.29820
v 0.11927 0.00234 2.29960
v 0.12918 0.00051 2.30054
v 0.13755 0.00067 2.30067
v 0.14120 0.00274 2.29993
v 0.13872 0.00594 2.29861
v 0.13106 0.00904 2.29722
v 0.12115 0.01087 2.29628
v 0.11277 0.01072 2.29615
v 0.10752 0.02404 2.33617
v 0.10995 0.02093 2.33755
v 0.11746 0.01800 2.33924
v 0.12718 0.01637 2.34059
v 0.13540 0.01665 2.34108
v 0.13897 0.01875 2.34052
v 0.13654 0.02186 2.33914
v 0.12903 0.02480 2.33745
v 0.11931 0.02643 2.33611
v 0.11110 0.02614 2.33561
v 0.10393 0.03905 2.37551
v 0.10631 0.03602 2.37694
v 0.11366 0.03325 2.37888
v 0.12316 0.03179 2.38059
v 0.13119 0.03220 2.38142
v 0.13468 0.03433 2.38106
v 0.13231 0.03736 2.37963
v 0.12496 0.04013 2.37769
v 0.11546 0.04159 2.37597
v 0.10743 0.04118 2.37514
v 0.09843 0.05342 2.41492
v 0.10075 0.05047 2.41636
v 0.10792 0.04783 2.41852
v 0.11719 0.04652 2.42056
v 0.12502 0.04705 2.42171
v 0.12843 0.04920 2.42152
v 0.12610 0.05215 2.42008
v 0.11893 0.05479 2.41792
v 0.10966 0.05609 2.41588
v 0.10183 0.05557 2.41474
v 0.09111 0.06690 2.45440
v 0.09338 0.06401 2.45584
v 0.10037 0.06149 2.45816
v 0.10939 0.06032 2.46048
v 0.11702 0.06093 2.46191
v 0.12032 0.06309 2.46191
v 0.11805 0.06599 2.46047
v 0.11106 0.06850 2.45815
v 0.10203 0.06968 2.45583
v 0.09441 0.06907 2.45440
v 0.08211 0.07926 2.49397
v 0.08434 0.07642 2.49538
v 0.09114 0.07401 2.49782
v 0.09992 0.07293 2.50037
v 0.10732 0.07362 2.50205
v 0.11052 0.07579 2.50222
v 0.10829 0.07863 2.50081
v 0.10149 0.08104 2.49837
v 0.09271 0.08211 2.49582
v 0.08531 0.08143 2.49414
v 0.07161 0.09028 2.53362
v 0.07379 0.08749 2.53498
v 0.08041 0.08516 2.53750
v 0.08894 0.08417 2.54022
v 0.09612 0.08490 2.54211
v 0.09920 0.08707 2.54244
v 0.09702 0.08986 2.54109
v 0.09040 0.09219 2.53856
v 0.08188 0.09318 2.53584
v 0.07470 0.09245 2.53395
v 0.05980 0.09977 2.57336
v 0.06194 0.09704 2.57464
v 0.06839 0.09478 2.57720
v 0.07667 0.09385 2.58005
v 0.08362 0.09461 2.58210
v 0.08659 0.09677 2.58258
v 0.08445 0.09950 2.58129
v 0.07800 0.10176 2.57874
v 0.06972 0.10269 2.57589
v 0.06277 0.10193 2.57384
v 0.04689 0.10758 2.61319
v 0.04900 0.10490 2.61438
v 0.05528 0.10270 2.61692
v 0.06332 0.10182 2.61984
v 0.07005 0.10259 2.62202
v 0.07291 0.10473 2.62262
v 0.07079 0.10741 2.62143
v 0.06452 0.10961 2.61889
v 0.05648 0.11049 2.61597
v 0.04974 0.10972 2.61380
v 0.03313 0.11359 2.65310
v 0.03521 0.11096 2.65419
v 0.04133 0.10881 2.65668
v 0.04914 0.10796 2.65961
v 0.05566 0.10873 2.66186
v 0.05840 0.11083 2.66258
v 0.05632 0.11346 2.66149
v 0.05020 0.11561 2.65901
v 0.04239 0.11646 2.65608
v 0.03587 0.11569 2.65382
v 0.01877 0.11768 2.69310
v 0.02083 0.11512 2.69407
v 0.02680 0.11302 2.69646
v 0.03439 0.11219 2.69935
v 0.04071 0.11296 2.70164
v 0.04334 0.11501 2.70246
v 0.04127 0.11758 2.70149
v 0.03530 0.11968 2.69910
v 0.02771 0.12050 2.69621
v 0.02139 0.11974 2.69392
v 0.00407 0.11982 2.73317
v 0.00612 0.11732 2.73402
v 0.01195 0.11528 2.73628
v 0.01933 0.11447 2.73909
v 0.02545 0.11522 2.74137
v 0.02797 0.11722 2.74226
v 0.02592 0.11972 2.74141
v 0.02009 0.12177 2.73916
v 0.01271 0.12257 2.73635
v 0.00659 0.12182 2.73406
v -0.01068 0.11998 2.77332
v -0.00866 0.11755 2.77403
v -0.00297 0.11557 2.77613
v 0.00422 0.11479 2.77881
v 0.01015 0.11551 2.78104
v 0.01256 0.11746 2.78199
v 0.01053 0.11989 2.78128
v 0.00484 0.12187 2.77918
v -0.00234 0.12265 2.77650
v -0.00827 0.12192 2.77426
v -0.02523 0.11817 2.81353
v -0.02323 0.11583 2.81411
v -0.01767 0.11392 2.81601
v -0.01069 0.11317 2.81852
v -0.00494 0.11387 2.82068
v -0.00263 0.11576 2.82165
v -0.00463 0.11810 2.82108
v -0.01019 0.12001 2.81917
v -0.01717 0.12076 2.81666
v -0.02292 0.12006 2.81451
v -0.03932 0.11447 2.85380
v -0.03734 0.11222 2.85424
v -0.03192 0.11039 2.85593
v -0.02513 0.10968 2.85824
v -0.01957 0.11036 2.86028
v -0.01735 0.11218 2.86126
v -0.01933 0.11443 2.86082
v -0.02475 0.11626 2.85912
v -0.03153 0.11697 2.85682
v -0.03710 0.11628 2.85478
v -0.05268 0.10895 2.89411
v -0.05073 0.10680 2.89441
v -0.04546 0.10506 2.89588
v -0.03888 0.10440 2.89796
v -0.03350 0.10507 2.89985
v -0.03137 0.10682 2.90083
v -0.03332 0.10897 2.90052
v -0.03859 0.11071 2.89905
v -0.04517 0.11136 2.89697
v -0.05055 0.11069 2.89508
v -0.06508 0.10175 2.93445
v -0.06318 0.09970 2.93463
v -0.05807 0.09807 2.93587
v -0.05170 0.09747 2.93769
v -0.04651 0.09813 2.93941
v -0.04448 0.09980 2.94035
v -0.04638 0.10185 2.94018
v -0.05149 0.10348 2.93894
v -0.05786 0.10408 2.93711
v -0.06305 0.10342 2.93540
v -0.07631 0.09301 2.97482
v -0.07446 0.09108 2.97488
v -0.06953 0.08957 2.97588
v -0.06341 0.08904 2.97744
v -0.05842 0.08970 2.97896
v -0.05648 0.09129 2.97986
v -0.05833 0.09322 2.97980
v -0.06326 0.09473 2.97880
v -0.06939 0.09526 2.97724
v -0.07437 0.09460 2.97572
v -0.08617 0.08292 3.01520
v -0.08439 0.08112 3.01515
v -0.07967 0.07973 3.01592
v -0.07381 0.07928 3.01720
v -0.06906 0.07994 3.01851
v -0.06722 0.08146 3.01935
v -0.06900 0.08326 3.01940
v -0.07372 0.08465 3.01864
v -0.07957 0.08510 3.01735
v -0.08433 0.08444 3.01604
v -0.09450 0.07169 3.05558
v -0.09280 0.07003 3.05544
v -0.08833 0.06877 3.05598
v -0.08278 0.06841 3.05699
v -0.07828 0.06907 3.05808
v -0.07655 0.07050 3.05885
v -0.07824 0.07216 3.05899
v -0.08272 0.07341 3.05845
v -0.08826 0.07378 3.05744
v -0.09276 0.07312 3.05634
v -0.10113 0.05953 3.09595
v -0.09954 0.05802 3.09574
v -0.09537 0.05691 3.09606
v -0.09020 0.05663 3.09680
v -0.08601 0.05728 3.09768
v -0.08440 0.05862 3.09835
v -0.08598 0.06013 3.09857
v -0.09015 0.06124 3.09824
v -0.09532 0.06152 3.09750
v -0.09951 0.06087 3.09662
v -0.10590 0.04667 3.13630
v -0.10446 0.04534 3.13604
v -0.10068 0.04439 3.13617
v -0.09600 0.04420 3.13666
v -0.09220 0.04483 3.13731
v -0.09074 0.04605 3.13788
v -0.09218 0.04739 3.13814
v -0.09596 0.04833 3.13800
v -0.10065 0.04853 3.13752
v -0.10444 0.04789 3.13687
v -0.10812 0.03340 3.17652
v -0.10699 0.03235 3.17629
v -0.10400 0.03163 3.17633
v -0.10031 0.03150 3.17664
v -0.09732 0.03202 3.17710
v -0.09617 0.03298 3.17753
v -0.09730 0.03403 3.17776
v -0.10029 0.03475 3.17772
v -0.10398 0.03488 3.17741
v -0.10697 0.03436 3.17695
v 0.00000 0.14500 -3.17297
v -0.10215 0.03319 3.17703
v -0.00001 -0.10500 -3.17300
v -0.00642 -0.11264 -3.17004
v -0.01037 -0.13264 -3.16820
v -0.01036 -0.15736 -3.16818
v -0.00639 -0.17736 -3.17000
v 0.00001 -0.18500 -3.17295
v 0.00642 -0.17736 -3.17591
v 0.01037 -0.15736 -3.17775
v 0.01036 -0.13264 -3.17776
v 0.00639 -0.11264 -3.17595
v 0.01797 -0.10511 -3.13404
v 0.01167 -0.11272 -3.13090
v 0.00796 -0.13265 -3.12858
v 0.00824 -0.15728 -3.12796
v 0.01242 -0.17721 -3.12928
v 0.01889 -0.18482 -3.13204
v 0.02519 -0.17721 -3.13518
v 0.02890 -0.15728 -3.13749
v 0.02862 -0.13265 -3.13811
v 0.02444 -0.11272 -3.13679
v 0.03551 -0.10296 -3.09603
v 0.02939 -0.11053 -3.09255
v 0.02612 -0.13034 -3.08929
v 0.02695 -0.15482 -3.08748
v 0.03156 -0.17462 -3.08782
v 0.03819 -0.18219 -3.09018
v 0.04431 -0.17462 -3.09365
v 0.04757 -0.15481 -3.09691
v 0.04675 -0.13033 -3.09872
v 0.04214 -0.11053 -3.09838
v 0.05276 -0.09857 -3.05799
v 0.04680 -0.10608 -3.05422
v 0.04395 -0.12571 -3.05005
v 0.04530 -0.14997 -3.04707
v 0.05034 -0.16960 -3.04641
v 0.05714 -0.17709 -3.04834
v 0.06310 -0.16958 -3.05210
v 0.06595 -0.14995 -3.05627
v 0.06460 -0.12569 -3.05926
v 0.05956 -0.10606 -3.05991
v 0.06945 -0.09197 -3.01990
v 0.06362 -0.09940 -3.01589
v 0.06115 -0.11881 -3.01087
v 0.06299 -0.14279 -3.00674
v 0.06844 -0.16218 -3.00509
v 0.07541 -0.16957 -3.00655
v 0.08124 -0.16214 -3.01056
v 0.08371 -0.14273 -3.01559
v 0.08187 -0.11875 -3.01971
v 0.07643 -0.09936 -3.02136
v 0.08531 -0.08321 -2.98174
v 0.07957 -0.09057 -2.97754
v 0.07743 -0.10973 -2.97172
v 0.07971 -0.13338 -2.96649
v 0.08553 -0.15248 -2.96387
v 0.09268 -0.15974 -2.96484
v 0.09841 -0.15238 -2.96904
v 0.10055 -0.13322 -2.97486
v 0.09827 -0.10957 -2.98008
v 0.09245 -0.09047 -2.98271
v 0.10005 -0.07241 -2.94346
v 0.09439 -0.07969 -2.93913
v 0.09252 -0.09858 -2.93259
v 0.09518 -0.12185 -2.92634
v 0.10133 -0.14062 -2.92277
v 0.10863 -0.14772 -2.92324
v 0.11430 -0.14043 -2.92757
v 0.11616 -0.12155 -2.93411
v 0.11351 -0.09828 -2.94036
v 0.10736 -0.07951 -2.94393
v 0.11342 -0.05968 -2.90506
v 0.10780 -0.06691 -2.90065
v 0.10615 -0.08551 -2.89348
v 0.10911 -0.10839 -2.88628
v 0.11555 -0.12679 -2.88181
v 0.12300 -0.13370 -2.88177
v 0.12862 -0.12648 -2.88617
v 0.13027 -0.10787 -2.89335
v 0.12731 -0.08500 -2.90055
v 0.12087 -0.06659 -2.90502
v 0.12516 -0.04521 -2.86651
v 0.11956 -0.05239 -2.86209
v 0.11808 -0.07072 -2.85437
v 0.12127 -0.09319 -2.84632
v 0.12793 -0.11122 -2.84100
v 0.13550 -0.11791 -2.84045
v 0.14111 -0.11073 -2.84487
v 0.14259 -0.09240 -2.85258
v 0.13940 -0.06993 -2.86063
v 0.13274 -0.05191 -2.86595
v 0.13505 -0.02918 -2.82778
v 0.12946 -0.03635 -2.82340
v 0.12807 -0.05442 -2.81526
v 0.13144 -0.07649 -2.80646
v 0.13826 -0.09414 -2.80036
v 0.14593 -0.10061 -2.79930
v 0.15153 -0.09344 -2.80368
v 0.15291 -0.07536 -2.81182
v 0.14954 -0.05329 -2.82062
v 0.14272 -0.03565 -2.82672
v 0.14288 -0.01183 -2.78886
v 0.13728 -0.01901 -2.78459
v 0.13595 -0.03686 -2.77612
v 0.13942 -0.05857 -2.76669
v 0.14634 -0.07584 -2.75990
v 0.15408 -0.08207 -2.75835
v 0.15968 -0.07489 -2.76262
v 0.16101 -0.05704 -2.77109
v 0.15754 -0.03533 -2.78052
v 0.15062 -0.01806 -2.78731
v 0.14846 0.00658 -2.74973
v 0.14285 -0.00064 -2.74563
v 0.14155 -0.01832 -2.73695
v 0.14506 -0.03971 -2.72702
v 0.15204 -0.05662 -2.71963
v 0.15982 -0.06262 -2.71760
v 0.16543 -0.05539 -2.72171
v 0.16672 -0.03771 -2.73038
v 0.16321 -0.01633 -2.74031
v 0.15623 0.00059 -2.74770
v 0.15165 0.02577 -2.71039
v 0.14604 0.01847 -2.70650
v 0.14475 0.00091 -2.69773
v 0.14826 -0.02021 -2.68744
v 0.15525 -0.03682 -2.67955
v 0.16303 -0.04257 -2.67707
v 0.16864 -0.03527 -2.68096
v 0.16993 -0.01771 -2.68972
v 0.16642 0.00341 -2.70002
v 0.15943 0.02001 -2.70791
v 0.15233 0.04541 -2.67082
v 0.14674 0.03801 -2.66720
v 0.14544 0.02051 -2.65846
v 0.14895 -0.00040 -2.64794
v 0.15591 -0.01674 -2.63966
v 0.16367 -0.02227 -2.63677
v 0.16927 -0.01487 -2.64038
v 0.17056 0.00263 -2.64912
v 0.16706 0.02354 -2.65964
v 0.16009 0.03989 -2.66793
v 0.15045 0.06520 -2.63101
v 0.14488 0.05767 -2.62772
v 0.14360 0.04017 -2.61913
v 0.14708 0.01939 -2.60853
v 0.15400 0.00326 -2.59996
v 0.16172 -0.00206 -2.59670
v 0.16728 0.00547 -2.59999
v 0.16857 0.02296 -2.60858
v 0.16508 0.04375 -2.61918
v 0.15816 0.05988 -2.62775
v 0.14596 0.08478 -2.59098
v 0.14046 0.07710 -2.58805
v 0.13921 0.05955 -2.57973
v 0.14268 0.03883 -2.56918
v 0.14955 0.02285 -2.56045
v 0.15720 0.01772 -2.55686
v 0.16271 0.02539 -2.55979
v 0.16396 0.04294 -2.56811
v 0.16049 0.06367 -2.57865
v 0.15362 0.07965 -2.58739
v 0.13891 0.10381 -2.55071
v 0.13349 0.09597 -2.54819
v 0.13231 0.07832 -2.54024
v 0.13580 0.05759 -2.52990
v 0.14264 0.04171 -2.52112
v 0.15022 0.03673 -2.51725
v 0.15563 0.04457 -2.51977
v 0.15682 0.06222 -2.52772
v 0.15332 0.08295 -2.53806
v 0.14648 0.09884 -2.54684
v 0.12934 0.12195 -2.51022
v 0.12405 0.11395 -2.50814
v 0.12299 0.09615 -2.50067
v 0.12655 0.07536 -2.49068
v 0.13338 0.05952 -2.48196
v 0.14088 0.05467 -2.47787
v 0.14617 0.06268 -2.47995
v 0.14723 0.08047 -2.48741
v 0.14367 0.10126 -2.49741
v 0.13683 0.11711 -2.50612
v 0.11739 0.13886 -2.46951
v 0.11226 0.13069 -2.46790
v 0.11137 0.11272 -2.46101
v 0.11506 0.09183 -2.45149
v 0.12193 0.07598 -2.44297
v 0.12934 0.07124 -2.43870
v 0.13447 0.07941 -2.44031
v 0.13536 0.09737 -2.44720
v 0.13167 0.11827 -2.45672
v 0.12480 0.13412 -2.46525
v 0.10321 0.15422 -2.42861
v 0.09827 0.14589 -2.42748
v 0.09763 0.12775 -2.42126
v 0.10152 0.10671 -2.41234
v 0.10847 0.09083 -2.40412
v 0.11581 0.08615 -2.39973
v 0.12075 0.09448 -2.40086
v 0.12140 0.11263 -2.40708
v 0.11751 0.13366 -2.41600
v 0.11056 0.14955 -2.42422
v 0.08703 0.16772 -2.38751
v 0.08231 0.15926 -2.38688
v 0.08197 0.14094 -2.38141
v 0.08614 0.11976 -2.37321
v 0.09322 0.10381 -2.36540
v 0.10052 0.09918 -2.36096
v 0.10524 0.10765 -2.36159
v 0.10558 0.12597 -2.36705
v 0.10141 0.14715 -2.37526
v 0.09433 0.16310 -2.38307
v 0.06910 0.17911 -2.34624
v 0.06462 0.17053 -2.34611
v 0.06464 0.15205 -2.34147
v 0.06916 0.13073 -2.33409
v 0.07645 0.11472 -2.32679
v 0.08371 0.11012 -2.32235
v 0.08819 0.11870 -2.32248
v 0.08817 0.13718 -2.32712
v 0.08365 0.15849 -2.33450
v 0.07636 0.17451 -2.34180
v 0.04970 0.18814 -2.30481
v 0.04549 0.17948 -2.30519
v 0.04593 0.16088 -2.30143
v 0.05087 0.13945 -2.29497
v 0.05842 0.12337 -2.28827
v 0.06568 0.11878 -2.28390
v 0.06990 0.12744 -2.28352
v 0.06946 0.14605 -2.28728
v 0.06452 0.16748 -2.29374
v 0.05697 0.18356 -2.30044
v 0.02918 0.19463 -2.26326
v 0.02524 0.18592 -2.26413
v 0.02615 0.16724 -2.26130
v 0.03157 0.14574 -2.25584
v 0.03943 0.12962 -2.24984
v 0.04673 0.12504 -2.24559
v 0.05068 0.13375 -2.24471
v 0.04976 0.15243 -2.24754
v 0.04434 0.17394 -2.25300
v 0.03648 0.19006 -2.25900
v 0.00789 0.19844 -2.22159
v 0.00421 0.18970 -2.22295
v 0.00562 0.17101 -2.22108
v 0.01157 0.14949 -2.21669
v 0.01980 0.13336 -2.21146
v 0.02716 0.12879 -2.20738
v 0.03084 0.13753 -2.20602
v 0.02943 0.15622 -2.20789
v 0.02347 0.17774 -2.21228
v 0.01525 0.19387 -2.21751
v -0.01381 0.19946 -2.17983
v -0.01722 0.19075 -2.18166
v -0.01530 0.17209 -2.18077
v -0.00878 0.15063 -2.17750
v -0.00015 0.13455 -2.17311
v 0.00730 0.12999 -2.16926
v 0.01071 0.13871 -2.16744
v 0.00879 0.15736 -2.16833
v 0.00227 0.17883 -2.17159
v -0.00636 0.19491 -2.17598
v -0.03552 0.19767 -2.13801
v -0.03868 0.18900 -2.14028
v -0.03625 0.17046 -2.14038
v -0.02915 0.14912 -2.13828
v -0.02009 0.13314 -2.13477
v -0.01253 0.12862 -2.13121
v -0.00936 0.13728 -2.12894
v -0.01180 0.15583 -2.12884
v -0.01890 0.17716 -2.13094
v -0.02796 0.19314 -2.13445
v -0.05686 0.19307 -2.09616
v -0.05980 0.18449 -2.09883
v -0.05687 0.16612 -2.09991
v -0.04919 0.14499 -2.09899
v -0.03969 0.12917 -2.09643
v -0.03200 0.12470 -2.09319
v -0.02906 0.13329 -2.09052
v -0.03199 0.15166 -2.08943
v -0.03967 0.17279 -2.09035
v -0.04917 0.18861 -2.09292
v -0.07745 0.18576 -2.05429
v -0.08019 0.17727 -2.05733
v -0.07680 0.15913 -2.05938
v -0.06856 0.13829 -2.05965
v -0.05862 0.12269 -2.05805
v -0.05079 0.11830 -2.05518
v -0.04805 0.12679 -2.05214
v -0.05144 0.14493 -2.05009
v -0.05968 0.16577 -2.04982
v -0.06961 0.18137 -2.05142
v -0.09692 0.17584 -2.01244
v -0.09950 0.16746 -2.01581
v -0.09568 0.14962 -2.01878
v -0.08693 0.12913 -2.02024
v -0.07658 0.11381 -2.01962
v -0.06860 0.10953 -2.01715
v -0.06602 0.11791 -2.01379
v -0.06983 0.13576 -2.01081
v -0.07859 0.15625 -2.00936
v -0.08893 0.17156 -2.00998
v -0.11492 0.16351 -1.97064
v -0.11737 0.15525 -1.97428
v -0.11319 0.13773 -1.97814
v -0.10398 0.11765 -1.98075
v -0.09326 0.10268 -1.98111
v -0.08512 0.09853 -1.97908
v -0.08268 0.10680 -1.97544
v -0.08686 0.12431 -1.97158
v -0.09607 0.14439 -1.96897
v -0.10679 0.15937 -1.96861
v -0.13115 0.14899 -1.92891
v -0.13350 0.14084 -1.93277
v -0.12902 0.12368 -1.93746
v -0.11943 0.10405 -1.94118
v -0.10838 0.08947 -1.94251
v -0.10010 0.08549 -1.94094
v -0.09775 0.09363 -1.93707
v -0.10223 0.11080 -1.93239
v -0.11183 0.13042 -1.92867
v -0.12287 0.14501 -1.92734
v -0.14533 0.13254 -1.88727
v -0.14761 0.12449 -1.89131
v -0.14290 0.10770 -1.89675
v -0.13299 0.08856 -1.90152
v -0.12168 0.07439 -1.90379
v -0.11327 0.07061 -1.90270
v -0.11099 0.07865 -1.89866
v -0.11570 0.09544 -1.89322
v -0.12561 0.11458 -1.88846
v -0.13693 0.12875 -1.88618
v -0.15722 0.11446 -1.84576
v -0.15946 0.10651 -1.84991
v -0.15459 0.09008 -1.85602
v -0.14445 0.07143 -1.86176
v -0.13293 0.05770 -1.86494
v -0.12442 0.05413 -1.86434
v -0.12218 0.06208 -1.86019
v -0.12705 0.07852 -1.85408
v -0.13719 0.09716 -1.84833
v -0.14871 0.11089 -1.84516
v -0.16664 0.09510 -1.80439
v -0.16886 0.08722 -1.80860
v -0.16388 0.07112 -1.81529
v -0.15360 0.05296 -1.82192
v -0.14194 0.03968 -1.82595
v -0.13335 0.03634 -1.82584
v -0.13113 0.04422 -1.82163
v -0.13611 0.06032 -1.81493
v -0.14640 0.07848 -1.80831
v -0.15806 0.09176 -1.80428
v -0.17345 0.07480 -1.76318
v -0.17567 0.06695 -1.76739
v -0.17064 0.05117 -1.77457
v -0.16028 0.03347 -1.78198
v -0.14854 0.02062 -1.78679
v -0.13991 0.01752 -1.78717
v -0.13769 0.02536 -1.78297
v -0.14272 0.04115 -1.77579
v -0.15309 0.05885 -1.76837
v -0.16482 0.07170 -1.76356
v -0.17757 0.05392 -1.72215
v -0.17979 0.04609 -1.72630
v -0.17475 0.03057 -1.73386
v -0.16438 0.01328 -1.74195
v -0.15263 0.00084 -1.74747
v -0.14399 -0.00201 -1.74833
v -0.14176 0.00582 -1.74418
v -0.14680 0.02134 -1.73662
v -0.15718 0.03862 -1.72853
v -0.16893 0.05107 -1.72300
v -0.17896 0.03282 -1.68128
v -0.18119 0.02496 -1.68530
v -0.17617 0.00966 -1.69315
v -0.16583 -0.00725 -1.70181
v -0.15412 -0.01931 -1.70799
v -0.14550 -0.02191 -1.70932
v -0.14327 -0.01406 -1.70530
v -0.14829 0.00124 -1.69746
v -0.15863 0.01816 -1.68879
v -0.17034 0.03021 -1.68261
v -0.17739 0.01189 -1.64062
v -0.17961 0.00399 -1.64446
v -0.17463 -0.01116 -1.65246
v -0.16437 -0.02776 -1.66157
v -0.15273 -0.03948 -1.66831
v -0.14417 -0.04184 -1.67011
v -0.14195 -0.03394 -1.66627
v -0.14692 -0.01879 -1.65827
v -0.15719 -0.00219 -1.64915
v -0.16883 0.00954 -1.64241
v -0.17309 -0.00840 -1.60023
v -0.17528 -0.01637 -1.60384
v -0.17034 -0.03143 -1.61187
v -0.16016 -0.04782 -1.62126
v -0.14862 -0.05927 -1.62842
v -0.14014 -0.06142 -1.63062
v -0.13795 -0.05344 -1.62702
v -0.14289 -0.03839 -1.61899
v -0.15307 -0.02200 -1.60960
v -0.16461 -0.01055 -1.60243
v -0.16631 -0.02774 -1.56008
v -0.16845 -0.03581 -1.56341
v -0.16353 -0.05084 -1.57135
v -0.15342 -0.06708 -1.58087
v -0.14199 -0.07833 -1.58834
v -0.13360 -0.08030 -1.59090
v -0.13146 -0.07223 -1.58757
v -0.13639 -0.05720 -1.57963
v -0.14649 -0.04096 -1.57011
v -0.15792 -0.02971 -1.56264
v -0.15722 -0.04585 -1.52015
v -0.15929 -0.05403 -1.52316
v -0.15435 -0.06906 -1.53090
v -0.14429 -0.08522 -1.54042
v -0.13296 -0.09632 -1.54808
v -0.12468 -0.09813 -1.55096
v -0.12262 -0.08996 -1.54795
v -0.12756 -0.07493 -1.54020
v -0.13761 -0.05877 -1.53068
v -0.14894 -0.04767 -1.52302
v -0.14603 -0.06245 -1.48042
v -0.14799 -0.07073 -1.48308
v -0.14300 -0.08581 -1.49053
v -0.13296 -0.10193 -1.49992
v -0.12171 -0.11294 -1.50767
v -0.11354 -0.11463 -1.51081
v -0.11158 -0.10635 -1.50815
v -0.11657 -0.09127 -1.50070
v -0.12662 -0.07515 -1.49131
v -0.13787 -0.06414 -1.48357
v -0.13298 -0.07730 -1.44090
v -0.13481 -0.08568 -1.44318
v -0.12971 -0.10083 -1.45023
v -0.11964 -0.11696 -1.45937
v -0.10843 -0.12791 -1.46709
v -0.10038 -0.12950 -1.47046
v -0.09855 -0.12112 -1.46818
v -0.10365 -0.10597 -1.46113
v -0.11372 -0.08984 -1.45199
v -0.12493 -0.07889 -1.44426
v -0.11833 -0.09020 -1.40156
v -0.12000 -0.09867 -1.40344
v -0.11475 -0.11389 -1.41001
v -0.10459 -0.13006 -1.41878
v -0.09339 -0.14099 -1.42638
v -0.08544 -0.14251 -1.42992
v -0.08377 -0.13404 -1.42804
v -0.08902 -0.11881 -1.42147
v -0.09918 -0.10264 -1.41271
v -0.11038 -0.09172 -1.40510
v -0.10236 -0.10098 -1.36241
v -0.10385 -0.10952 -1.36387
v -0.09840 -0.12483 -1.36988
v -0.08809 -0.14103 -1.37816
v -0.07686 -0.15196 -1.38554
v -0.06899 -0.15343 -1.38920
v -0.06750 -0.14488 -1.38774
v -0.07295 -0.12958 -1.38173
v -0.08326 -0.11337 -1.37345
v -0.09450 -0.10245 -1.36607
v -0.08537 -0.10952 -1.32342
v -0.08667 -0.11812 -1.32445
v -0.08097 -0.13348 -1.32984
v -0.07045 -0.14973 -1.33753
v -0.05913 -0.16066 -1.34459
v -0.05134 -0.16210 -1.34831
v -0.05004 -0.15350 -1.34729
v -0.05574 -0.13814 -1.34190
v -0.06626 -0.12189 -1.33421
v -0.07758 -0.11096 -1.32715
v -0.06767 -0.11574 -1.28458
v -0.06875 -0.12438 -1.28517
v -0.06277 -0.13977 -1.28987
v -0.05199 -0.15604 -1.29689
v -0.04054 -0.16697 -1.30354
v -0.03279 -0.16839 -1.30728
v -0.03171 -0.15976 -1.30669
v -0.03769 -0.14437 -1.30199
v -0.04847 -0.12810 -1.29497
v -0.05992 -0.11717 -1.28832
v -0.04954 -0.11961 -1.24587
v -0.05042 -0.12825 -1.24603
v -0.04412 -0.14363 -1.24999
v -0.03304 -0.15989 -1.25625
v -0.02142 -0.17081 -1.26241
v -0.01369 -0.17222 -1.26612
v -0.01282 -0.16358 -1.26596
v -0.01912 -0.14820 -1.26199
v -0.03020 -0.13194 -1.25574
v -0.04182 -0.12102 -1.24958
v -0.03131 -0.12111 -1.20727
v -0.03198 -0.12972 -1.20700
v -0.02534 -0.14506 -1.21019
v -0.01392 -0.16127 -1.21562
v -0.00209 -0.17215 -1.22122
v 0.00563 -0.17355 -1.22485
v 0.00630 -0.16494 -1.22511
v -0.00035 -0.14960 -1.22192
v -0.01176 -0.13339 -1.21649
v -0.02359 -0.12251 -1.21089
v -0.01327 -0.12028 -1.16875
v -0.01373 -0.12885 -1.16808
v -0.00674 -0.14410 -1.17047
v 0.00503 -0.16020 -1.17502
v 0.01709 -0.17101 -1.17999
v 0.02484 -0.17240 -1.18348
v 0.02530 -0.16383 -1.18416
v 0.01831 -0.14858 -1.18177
v 0.00654 -0.13248 -1.17722
v -0.00552 -0.12167 -1.17225
v 0.00431 -0.11720 -1.13031
v 0.00403 -0.12569 -1.12924
v 0.01136 -0.14080 -1.13082
v 0.02350 -0.15675 -1.13445
v 0.03581 -0.16745 -1.13874
v 0.04360 -0.16881 -1.14206
v 0.04388 -0.16032 -1.14313
v 0.03655 -0.14521 -1.14155
v 0.02441 -0.12926 -1.13792
v 0.01210 -0.11856 -1.13362
v 0.02116 -0.11196 -1.09191
v 0.02104 -0.12037 -1.09047
v 0.02870 -0.13529 -1.09123
v 0.04119 -0.15103 -1.09391
v 0.05376 -0.16158 -1.09749
v 0.06159 -0.16290 -1.10058
v 0.06171 -0.15450 -1.10202
v 0.05405 -0.13958 -1.10126
v 0.04156 -0.12383 -1.09858
v 0.02899 -0.11329 -1.09500
v 0.03701 -0.10471 -1.05353
v 0.03704 -0.11301 -1.05175
v 0.04500 -0.12771 -1.05171
v 0.05783 -0.14319 -1.05343
v 0.07064 -0.15355 -1.05624
v 0.07854 -0.15482 -1.05909
v 0.07850 -0.14652 -1.06087
v 0.07055 -0.13182 -1.06091
v 0.05772 -0.11633 -1.05919
v 0.04491 -0.10598 -1.05637
v 0.05165 -0.09560 -1.01515
v 0.05180 -0.10378 -1.01306
v 0.06002 -0.11823 -1.01224
v 0.07315 -0.13341 -1.01299
v 0.08619 -0.14353 -1.01503
v 0.09416 -0.14473 -1.01759
v 0.09400 -0.13654 -1.01968
v 0.08579 -0.12210 -1.02050
v 0.07265 -0.10692 -1.01975
v 0.05961 -0.09679 -1.01771
v 0.06487 -0.08482 -0.97675
v 0.06512 -0.09288 -0.97439
v 0.07355 -0.10705 -0.97281
v 0.08694 -0.12189 -0.97261
v 0.10019 -0.13175 -0.97388
v 0.10822 -0.13286 -0.97612
v 0.10797 -0.12479 -0.97848
v 0.09954 -0.11063 -0.98006
v 0.08614 -0.09578 -0.98025
v 0.07290 -0.08592 -0.97899
v 0.07649 -0.07257 -0.93831
v 0.07681 -0.08052 -0.93572
v 0.08541 -0.09439 -0.93342
v 0.09902 -0.10887 -0.93230
v 0.11243 -0.11844 -0.93278
v 0.12052 -0.11944 -0.93468
v 0.12020 -0.11149 -0.93728
v 0.11160 -0.09762 -0.93957
v 0.09799 -0.08314 -0.94069
v 0.08458 -0.07357 -0.94021
v 0.08637 -0.05909 -0.89980
v 0.08673 -0.06693 -0.89702
v 0.09546 -0.08050 -0.89406
v 0.10922 -0.09461 -0.89206
v 0.12275 -0.10386 -0.89177
v 0.13089 -0.10474 -0.89332
v 0.13053 -0.09690 -0.89610
v 0.12180 -0.08333 -0.89906
v 0.10804 -0.06922 -0.90106
v 0.09450 -0.05996 -0.90135
v 0.09437 -0.04460 -0.86121
v 0.09476 -0.05235 -0.85828
v 0.10357 -0.06562 -0.85472
v 0.11743 -0.07935 -0.85188
v 0.13105 -0.08829 -0.85086
v 0.13922 -0.08903 -0.85203
v 0.13883 -0.08129 -0.85496
v 0.13002 -0.06801 -0.85853
v 0.11616 -0.05428 -0.86136
v 0.10255 -0.04534 -0.86239
v 0.10042 -0.02937 -0.82252
v 0.10083 -0.03703 -0.81949
v 0.10967 -0.05003 -0.81539
v 0.12357 -0.06339 -0.81178
v 0.13723 -0.07201 -0.81005
v 0.14542 -0.07260 -0.81085
v 0.14501 -0.06494 -0.81388
v 0.13617 -0.05195 -0.81798
v 0.12227 -0.03859 -0.82159
v 0.10861 -0.02996 -0.82332
v 0.10446 -0.01363 -0.78372
v 0.10486 -0.02123 -0.78063
v 0.11370 -0.03397 -0.77606
v 0.12760 -0.04698 -0.77175
v 0.14125 -0.05530 -0.76935
v 0.14944 -0.05574 -0.76978
v 0.14904 -0.04815 -0.77287
v 0.14020 -0.03541 -0.77744
v 0.12630 -0.02240 -0.78175
v 0.11265 -0.01408 -0.78414
v 0.10645 0.00234 -0.74478
v 0.10685 -0.00521 -0.74168
v 0.11566 -0.01772 -0.73672
v 0.12951 -0.03041 -0.73179
v 0.14312 -0.03844 -0.72878
v 0.15129 -0.03874 -0.72884
v 0.15089 -0.03119 -0.73194
v 0.14208 -0.01868 -0.73690
v 0.12823 -0.00598 -0.74183
v 0.11462 0.00204 -0.74484
v 0.10641 0.01830 -0.70571
v 0.10680 0.01078 -0.70264
v 0.11556 -0.00153 -0.69737
v 0.12933 -0.01394 -0.69191
v 0.14287 -0.02171 -0.68834
v 0.15099 -0.02186 -0.68804
v 0.15060 -0.01434 -0.69111
v 0.14184 -0.00203 -0.69638
v 0.12807 0.01038 -0.70184
v 0.11453 0.01815 -0.70540
v 0.10437 0.03399 -0.66649
v 0.10476 0.02649 -0.66349
v 0.11345 0.01433 -0.65799
v 0.12712 0.00217 -0.65208
v 0.14056 -0.00536 -0.64803
v 0.14862 -0.00538 -0.64738
v 0.14823 0.00212 -0.65038
v 0.13954 0.01428 -0.65589
v 0.12586 0.02645 -0.66179
v 0.11243 0.03398 -0.66584
v 0.10039 0.04918 -0.62712
v 0.10078 0.04168 -0.62423
v 0.10941 0.02964 -0.61858
v 0.12297 0.01768 -0.61233
v 0.13629 0.01035 -0.60786
v 0.14427 0.01046 -0.60688
v 0.14388 0.01796 -0.60977
v 0.13526 0.02999 -0.61542
v 0.12170 0.04196 -0.62167
v 0.10838 0.04929 -0.62614
v 0.09457 0.06362 -0.58759
v 0.09498 0.05611 -0.58485
v 0.10354 0.04417 -0.57913
v 0.11699 0.03237 -0.57263
v 0.13018 0.02520 -0.56782
v 0.13808 0.02542 -0.56654
v 0.13767 0.03293 -0.56928
v 0.12911 0.04487 -0.57499
v 0.11567 0.05668 -0.58150
v 0.10248 0.06384 -0.58631
v 0.08704 0.07712 -0.54790
v 0.08748 0.06959 -0.54534
v 0.09599 0.05771 -0.53964
v 0.10932 0.04603 -0.53298
v 0.12239 0.03900 -0.52790
v 0.13019 0.03931 -0.52635
v 0.12976 0.04684 -0.52891
v 0.12125 0.05871 -0.53461
v 0.10791 0.07040 -0.54127
v 0.09485 0.07743 -0.54635
v 0.07793 0.08946 -0.50807
v 0.07841 0.08191 -0.50572
v 0.08689 0.07007 -0.50011
v 0.10013 0.05848 -0.49338
v 0.11308 0.05155 -0.48811
v 0.12079 0.05194 -0.48631
v 0.12031 0.05949 -0.48866
v 0.11183 0.07133 -0.49427
v 0.09859 0.08292 -0.50099
v 0.08564 0.08985 -0.50626
v 0.06742 0.10048 -0.46808
v 0.06795 0.09290 -0.46596
v 0.07642 0.08110 -0.46052
v 0.08960 0.06956 -0.45383
v 0.10244 0.06271 -0.44844
v 0.11004 0.06316 -0.44642
v 0.10951 0.07073 -0.44854
v 0.10104 0.08254 -0.45398
v 0.08787 0.09408 -0.46068
v 0.07503 0.10093 -0.46606
v 0.05568 0.11002 -0.42795
v 0.05629 0.10243 -0.42609
v 0.06478 0.09064 -0.42088
v 0.07790 0.07915 -0.41430
v 0.09066 0.07235 -0.40888
v 0.09817 0.07284 -0.40668
v 0.09756 0.08043 -0.40854
v 0.08908 0.09223 -0.41375
v 0.07595 0.10372 -0.42032
v 0.06319 0.11052 -0.42575
v 0.04293 0.11797 -0.38768
v 0.04362 0.11036 -0.38610
v 0.05215 0.09858 -0.38118
v 0.06526 0.08712 -0.37481
v 0.07795 0.08036 -0.36942
v 0.08537 0.08089 -0.36707
v 0.08468 0.08849 -0.36866
v 0.07615 0.10027 -0.37357
v 0.06304 0.11173 -0.37994
v 0.05035 0.11849 -0.38533
v 0.02937 0.12421 -0.34729
v 0.03015 0.11661 -0.34599
v 0.03875 0.10484 -0.34142
v 0.05188 0.09341 -0.33534
v 0.06453 0.08668 -0.33005
v 0.07186 0.08722 -0.32759
v 0.07108 0.09483 -0.32889
v 0.06249 0.10659 -0.33346
v 0.04936 0.11803 -0.33954
v 0.03671 0.12476 -0.34483
v 0.01522 0.12869 -0.30678
v 0.01610 0.12109 -0.30577
v 0.02479 0.10935 -0.30161
v 0.03797 0.09795 -0.29588
v 0.05060 0.09124 -0.29077
v 0.05786 0.09180 -0.28823
v 0.05698 0.09939 -0.28923
v 0.04830 0.11114 -0.29340
v 0.03512 0.12254 -0.29913
v 0.02249 0.12924 -0.30424
v 0.00072 0.13135 -0.26616
v 0.00170 0.12378 -0.26546
v 0.01050 0.11208 -0.26174
v 0.02374 0.10072 -0.25643
v 0.03638 0.09404 -0.25155
v 0.04359 0.09460 -0.24897
v 0.04261 0.10217 -0.24968
v 0.03381 0.11387 -0.25339
v 0.02056 0.12523 -0.25870
v 0.00792 0.13191 -0.26358
v -0.01392 0.13219 -0.22545
v -0.01283 0.12465 -0.22505
v -0.00392 0.11301 -0.22181
v 0.00943 0.10171 -0.21698
v 0.02209 0.09507 -0.21239
v 0.02925 0.09562 -0.20981
v 0.02816 0.10316 -0.21021
v 0.01924 0.11481 -0.21345
v 0.00590 0.12611 -0.21828
v -0.00677 0.13275 -0.22286
v -0.02847 0.13121 -0.18466
v -0.02728 0.12372 -0.18455
v -0.01823 0.11216 -0.18183
v -0.00478 0.10094 -0.17753
v 0.00793 0.09435 -0.17328
v 0.01506 0.09491 -0.17073
v 0.01386 0.10240 -0.17083
v 0.00481 0.11396 -0.17355
v -0.00864 0.12518 -0.17786
v -0.02135 0.13177 -0.18210
v -0.04272 0.12846 -0.14380
v -0.04142 0.12103 -0.14399
v -0.03224 0.10957 -0.14180
v -0.01867 0.09845 -0.13806
v -0.00589 0.09193 -0.13421
v 0.00120 0.09249 -0.13171
v -0.00009 0.09992 -0.13152
v -0.00928 0.11138 -0.13371
v -0.02285 0.12250 -0.13745
v -0.03562 0.12902 -0.14130
v -0.05644 0.12399 -0.10287
v -0.05506 0.11664 -0.10335
v -0.04574 0.10530 -0.10171
v -0.03204 0.09432 -0.09859
v -0.01920 0.08789 -0.09517
v -0.01212 0.08845 -0.09277
v -0.01350 0.09581 -0.09229
v -0.02283 0.10714 -0.09393
v -0.03652 0.11813 -0.09705
v -0.04936 0.12456 -0.10046
v -0.06944 0.11787 -0.06188
v -0.06798 0.11060 -0.06264
v -0.05853 0.09941 -0.06157
v -0.04470 0.08859 -0.05910
v -0.03179 0.08226 -0.05616
v -0.02471 0.08285 -0.05388
v -0.02618 0.09012 -0.05312
v -0.03563 0.10130 -0.05419
v -0.04945 0.11212 -0.05666
v -0.06237 0.11845 -0.05960
v -0.08150 0.11018 -0.02088
v -0.07996 0.10300 -0.02189
v -0.07040 0.09199 -0.02139
v -0.05646 0.08135 -0.01958
v -0.04348 0.07516 -0.01714
v -0.03640 0.07576 -0.01501
v -0.03794 0.08294 -0.01400
v -0.04751 0.09395 -0.01450
v -0.06144 0.10459 -0.01631
v -0.07443 0.11079 -0.01874
v -0.09246 0.10113 0.02013
v -0.09086 0.09404 0.01888
v -0.08120 0.08322 0.01883
v -0.06717 0.07279 0.01998
v -0.05413 0.06674 0.02190
v -0.04706 0.06738 0.02386
v -0.04865 0.07446 0.02510
v -0.05831 0.08529 0.02516
v -0.07234 0.09572 0.02401
v -0.08538 0.10177 0.02209
v -0.10218 0.09086 0.06113
v -0.10054 0.08387 0.05968
v -0.09081 0.07324 0.05908
v -0.07671 0.06304 0.05957
v -0.06362 0.05715 0.06097
v -0.05654 0.05784 0.06273
v -0.05818 0.06482 0.06419
v -0.06791 0.07545 0.06478
v -0.08201 0.08565 0.06429
v -0.09510 0.09154 0.06290
v -0.11053 0.07953 0.10212
v -0.10886 0.07264 0.10048
v -0.09908 0.06222 0.09936
v -0.08493 0.05225 0.09920
v -0.07181 0.04655 0.10006
v -0.06474 0.04728 0.10161
v -0.06641 0.05417 0.10326
v -0.07619 0.06459 0.10437
v -0.09034 0.07456 0.10453
v -0.10346 0.08026 0.10367
v -0.11741 0.06733 0.14309
v -0.11572 0.06053 0.14128
v -0.10592 0.05032 0.13967
v -0.09175 0.04060 0.13888
v -0.07862 0.03509 0.13920
v -0.07155 0.03588 0.14052
v -0.07324 0.04268 0.14233
v -0.08304 0.05288 0.14394
v -0.09721 0.06260 0.14473
v -0.11034 0.06812 0.14441
v -0.12274 0.05443 0.18402
v -0.12104 0.04772 0.18207
v -0.11124 0.03772 0.18000
v -0.09707 0.02825 0.17859
v -0.08396 0.02293 0.17839
v -0.07690 0.02379 0.17947
v -0.07860 0.03050 0.18141
v -0.08840 0.04050 0.18349
v -0.10256 0.04997 0.18489
v -0.11568 0.05529 0.18510
v -0.12644 0.04103 0.22490
v -0.12474 0.03440 0.22284
v -0.11496 0.02461 0.22034
v -0.10083 0.01539 0.21835
v -0.08775 0.01027 0.21763
v -0.08072 0.01120 0.21846
v -0.08242 0.01783 0.22052
v -0.09220 0.02762 0.22302
v -0.10632 0.03684 0.22501
v -0.11941 0.04196 0.22573
v -0.12849 0.02733 0.26572
v -0.12680 0.02078 0.26358
v -0.11706 0.01118 0.26069
v -0.10300 0.00220 0.25816
v -0.08997 -0.00273 0.25694
v -0.08297 -0.00172 0.25751
v -0.08466 0.00483 0.25965
v -0.09439 0.01443 0.26254
v -0.10846 0.02341 0.26508
v -0.12148 0.02834 0.26629
v -0.12886 0.01353 0.30648
v -0.12718 0.00704 0.30429
v -0.11751 -0.00238 0.30105
v -0.10353 -0.01113 0.29801
v -0.09059 -0.01587 0.29632
v -0.08362 -0.01479 0.29663
v -0.08530 -0.00830 0.29882
v -0.09497 0.00112 0.30206
v -0.10895 0.00987 0.30510
v -0.12190 0.01461 0.30679
v -0.12757 -0.00018 0.34716
v -0.12590 -0.00662 0.34494
v -0.11630 -0.01587 0.34141
v -0.10243 -0.02441 0.33791
v -0.08959 -0.02898 0.33578
v -0.08268 -0.02782 0.33583
v -0.08434 -0.02138 0.33804
v -0.09394 -0.01212 0.34157
v -0.10781 -0.00358 0.34507
v -0.12065 0.00098 0.34721
v -0.12463 -0.01360 0.38775
v -0.12298 -0.01999 0.38554
v -0.11347 -0.02910 0.38176
v -0.09972 -0.03745 0.37785
v -0.08699 -0.04185 0.37531
v -0.08014 -0.04062 0.37511
v -0.08179 -0.03423 0.37732
v -0.09131 -0.02512 0.38110
v -0.10505 -0.01676 0.38500
v -0.11778 -0.01237 0.38754
v -0.12011 -0.02654 0.42825
v -0.11847 -0.03290 0.42608
v -0.10905 -0.04188 0.42210
v -0.09544 -0.05007 0.41785
v -0.08283 -0.05432 0.41494
v -0.07606 -0.05302 0.41448
v -0.07769 -0.04666 0.41665
v -0.08712 -0.03767 0.42063
v -0.10073 -0.02949 0.42488
v -0.11333 -0.02524 0.42779
v -0.11407 -0.03882 0.46866
v -0.11244 -0.04515 0.46654
v -0.10311 -0.05403 0.46243
v -0.08963 -0.06207 0.45788
v -0.07717 -0.06619 0.45465
v -0.07047 -0.06483 0.45395
v -0.07210 -0.05850 0.45606
v -0.08144 -0.04962 0.46018
v -0.09491 -0.04158 0.46472
v -0.10737 -0.03746 0.46796
v -0.10661 -0.05027 0.50896
v -0.10497 -0.05658 0.50693
v -0.09573 -0.06537 0.50274
v -0.08240 -0.07328 0.49797
v -0.07007 -0.07729 0.49445
v -0.06347 -0.07588 0.49352
v -0.06510 -0.06957 0.49554
v -0.07434 -0.06078 0.49974
v -0.08767 -0.05287 0.50451
v -0.10000 -0.04886 0.50803
v -0.09782 -0.06073 0.54916
v -0.09619 -0.06702 0.54725
v -0.08702 -0.07573 0.54302
v -0.07382 -0.08354 0.53809
v -0.06164 -0.08747 0.53434
v -0.05513 -0.08600 0.53320
v -0.05676 -0.07971 0.53511
v -0.06593 -0.07100 0.53933
v -0.07913 -0.06319 0.54427
v -0.09131 -0.05927 0.54802
v -0.08786 -0.07004 0.58925
v -0.08620 -0.07632 0.58747
v -0.07710 -0.08497 0.58327
v -0.06403 -0.09270 0.57825
v -0.05198 -0.09655 0.57432
v -0.04556 -0.09505 0.57298
v -0.04722 -0.08878 0.57475
v -0.05632 -0.08012 0.57895
v -0.06939 -0.07239 0.58398
v -0.08144 -0.06854 0.58791
v -0.07684 -0.07808 0.62923
v -0.07516 -0.08434 0.62762
v -0.06611 -0.09294 0.62350
v -0.05315 -0.10061 0.61844
v -0.04123 -0.10440 0.61438
v -0.03491 -0.10288 0.61287
v -0.03659 -0.09662 0.61448
v -0.04564 -0.08801 0.61860
v -0.05860 -0.08035 0.62366
v -0.07052 -0.07656 0.62772
v -0.06494 -0.08473 0.66910
v -0.06322 -0.09097 0.66767
v -0.05421 -0.09953 0.66369
v -0.04134 -0.10714 0.65867
v -0.02954 -0.11089 0.65454
v -0.02331 -0.10935 0.65287
v -0.02503 -0.10311 0.65431
v -0.03405 -0.09455 0.65829
v -0.04691 -0.08694 0.66331
v -0.05871 -0.08319 0.66744
v -0.05233 -0.08989 0.70887
v -0.05056 -0.09611 0.70763
v -0.04156 -0.10463 0.70384
v -0.02877 -0.11218 0.69893
v -0.01707 -0.11590 0.69478
v -0.01093 -0.11435 0.69298
v -0.01269 -0.10813 0.69422
v -0.02169 -0.09962 0.69801
v -0.03449 -0.09206 0.70292
v -0.04619 -0.08834 0.70707
v -0.03918 -0.09349 0.74853
v -0.03735 -0.09968 0.74751
v -0.02835 -0.10815 0.74395
v -0.01561 -0.11566 0.73920
v -0.00399 -0.11935 0.73510
v 0.00206 -0.11780 0.73319
v 0.00024 -0.11161 0.73422
v -0.00876 -0.10314 0.73778
v -0.02150 -0.09563 0.74252
v -0.03312 -0.09194 0.74663
v -0.02568 -0.09546 0.78810
v -0.02380 -0.10161 0.78730
v -0.01477 -0.11003 0.78401
v -0.00206 -0.11749 0.77950
v 0.00949 -0.12115 0.77549
v 0.01547 -0.11961 0.77350
v 0.01359 -0.11345 0.77430
v 0.00457 -0.10504 0.77759
v -0.00815 -0.09758 0.78210
v -0.01970 -0.09392 0.78611
v -0.01203 -0.09578 0.82756
v -0.01008 -0.10188 0.82700
v -0.00102 -0.11023 0.82404
v 0.01168 -0.11764 0.81982
v 0.02319 -0.12126 0.81595
v 0.02910 -0.11973 0.81391
v 0.02715 -0.11362 0.81448
v 0.01809 -0.10527 0.81744
v 0.00538 -0.09787 0.82166
v -0.00612 -0.09424 0.82552
v 0.00157 -0.09442 0.86694
v 0.00359 -0.10047 0.86661
v 0.01269 -0.10874 0.86402
v 0.02541 -0.11607 0.86014
v 0.03688 -0.11966 0.85647
v 0.04273 -0.11814 0.85440
v 0.04072 -0.11209 0.85473
v 0.03161 -0.10382 0.85733
v 0.01889 -0.09649 0.86121
v 0.00742 -0.09290 0.86488
v 0.01492 -0.09141 0.90624
v 0.01700 -0.09739 0.90615
v 0.02617 -0.10556 0.90395
v 0.03891 -0.11280 0.90047
v 0.05037 -0.11634 0.89704
v 0.05616 -0.11483 0.89498
v 0.05408 -0.10884 0.89507
v 0.04492 -0.10067 0.89727
v 0.03218 -0.09344 0.90075
v 0.02072 -0.08990 0.90418
v 0.02783 -0.08677 0.94547
v 0.02997 -0.09267 0.94562
v 0.03919 -0.10073 0.94384
v 0.05197 -0.10785 0.94080
v 0.06343 -0.11133 0.93766
v 0.06918 -0.10982 0.93563
v 0.06704 -0.10392 0.93547
v 0.05781 -0.09586 0.93726
v 0.04504 -0.08874 0.94030
v 0.03358 -0.08527 0.94344
v 0.04009 -0.08056 0.98463
v 0.04229 -0.08638 0.98502
v 0.05157 -0.09429 0.98368
v 0.06439 -0.10128 0.98112
v 0.07585 -0.10467 0.97831
v 0.08157 -0.10317 0.97634
v 0.07936 -0.09735 0.97595
v 0.07008 -0.08944 0.97729
v 0.05726 -0.08245 0.97985
v 0.04581 -0.07906 0.98266
v 0.05151 -0.07286 1.02374
v 0.05377 -0.07858 1.02436
v 0.06310 -0.08634 1.02348
v 0.07596 -0.09317 1.02143
v 0.08742 -0.09646 1.01899
v 0.09311 -0.09496 1.01710
v 0.09086 -0.08923 1.01648
v 0.08152 -0.08148 1.01736
v 0.06867 -0.07465 1.01941
v 0.05720 -0.07136 1.02185
v 0.06192 -0.06378 1.06281
v 0.06422 -0.06940 1.06365
v 0.07360 -0.07698 1.06324
v 0.08649 -0.08363 1.06173
v 0.09796 -0.08680 1.05969
v 0.10362 -0.08528 1.05791
v 0.10133 -0.07966 1.05707
v 0.09195 -0.07208 1.05748
v 0.07906 -0.06543 1.05899
v 0.06759 -0.06226 1.06103
v 0.07115 -0.05343 1.10184
v 0.07348 -0.05895 1.10290
v 0.08289 -0.06634 1.10296
v 0.09580 -0.07278 1.10200
v 0.10726 -0.07581 1.10039
v 0.11291 -0.07428 1.09875
v 0.11058 -0.06876 1.09769
v 0.10117 -0.06137 1.09763
v 0.08826 -0.05493 1.09859
v 0.07680 -0.05190 1.10020
v 0.07904 -0.04197 1.14086
v 0.08139 -0.04738 1.14211
v 0.09082 -0.05457 1.14264
v 0.10372 -0.06079 1.14225
v 0.11517 -0.06366 1.14109
v 0.12080 -0.06210 1.13960
v 0.11845 -0.05669 1.13836
v 0.10903 -0.04950 1.13783
v 0.09612 -0.04328 1.13822
v 0.08467 -0.04041 1.13938
v 0.08546 -0.02957 1.17988
v 0.08782 -0.03487 1.18130
v 0.09723 -0.04184 1.18229
v 0.11012 -0.04783 1.18247
v 0.12154 -0.05053 1.18177
v 0.12714 -0.04893 1.18046
v 0.12479 -0.04362 1.17904
v 0.11537 -0.03665 1.17805
v 0.10249 -0.03067 1.17787
v 0.09106 -0.02796 1.17857
v 0.09028 -0.01639 1.21890
v 0.09264 -0.02159 1.22048
v 0.10203 -0.02835 1.22191
v 0.11486 -0.03409 1.22266
v 0.12624 -0.03661 1.22243
v 0.13181 -0.03496 1.22131
v 0.12946 -0.02976 1.21974
v 0.12007 -0.02300 1.21830
v 0.10724 -0.01726 1.21756
v 0.09586 -0.01474 1.21779
v 0.09342 -0.00265 1.25795
v 0.09577 -0.00775 1.25966
v 0.10510 -0.01429 1.26151
v 0.11786 -0.01979 1.26280
v 0.12917 -0.02213 1.26304
v 0.13471 -0.02042 1.26214
v 0.13236 -0.01532 1.26043
v 0.12303 -0.00877 1.25858
v 0.11027 -0.00328 1.25729
v 0.09896 -0.00094 1.25705
v 0.09480 0.01146 1.29703
v 0.09712 0.00644 1.29884
v 0.10638 0.00010 1.30109
v 0.11904 -0.00515 1.30291
v 0.13026 -0.00730 1.30361
v 0.13575 -0.00553 1.30293
v 0.13343 -0.00052 1.30112
v 0.12417 0.00582 1.29888
v 0.11151 0.01107 1.29705
v 0.10029 0.01322 1.29635
v 0.09437 0.02569 1.33616
v 0.09667 0.02076 1.33805
v 0.10583 0.01462 1.34065
v 0.11836 0.00960 1.34297
v 0.12946 0.00763 1.34413
v 0.13491 0.00946 1.34367
v 0.13260 0.01439 1.34179
v 0.12344 0.02054 1.33919
v 0.11091 0.02555 1.33686
v 0.09981 0.02752 1.33571
v 0.09211 0.03984 1.37535
v 0.09438 0.03498 1.37729
v 0.10344 0.02901 1.38021
v 0.11581 0.02421 1.38299
v 0.12678 0.02241 1.38458
v 0.13216 0.02431 1.38436
v 0.12989 0.02917 1.38242
v 0.12083 0.03514 1.37950
v 0.10846 0.03994 1.37672
v 0.09749 0.04173 1.37514
v 0.08804 0.05366 1.41462
v 0.09029 0.04886 1.41658
v 0.09921 0.04305 1.41976
v 0.11142 0.03845 1.42296
v 0.12223 0.03681 1.42495
v 0.12753 0.03877 1.42497
v 0.12529 0.04357 1.42301
v 0.11636 0.04938 1.41982
v 0.10416 0.05398 1.41662
v 0.09334 0.05562 1.41464
v 0.08220 0.06693 1.45396
v 0.08441 0.06218 1.45591
v 0.09321 0.05650 1.45932
v 0.10523 0.05207 1.46289
v 0.11588 0.05058 1.46524
v 0.12109 0.05259 1.46550
v 0.11887 0.05734 1.46355
v 0.11008 0.06301 1.46014
v 0.09806 0.06744 1.45657
v 0.08741 0.06894 1.45422
v 0.07464 0.07940 1.49340
v 0.07684 0.07470 1.49531
v 0.08550 0.06914 1.49889
v 0.09733 0.06486 1.50276
v 0.10780 0.06349 1.50545
v 0.11292 0.06555 1.50594
v 0.11072 0.07026 1.50402
v 0.10206 0.07581 1.50044
v 0.09023 0.08009 1.49657
v 0.07976 0.08147 1.49388
v 0.06548 0.09087 1.53293
v 0.06766 0.08620 1.53478
v 0.07620 0.08074 1.53847
v 0.08784 0.07658 1.54260
v 0.09813 0.07531 1.54558
v 0.10314 0.07741 1.54627
v 0.10096 0.08209 1.54443
v 0.09242 0.08755 1.54074
v 0.08078 0.09170 1.53661
v 0.07049 0.09298 1.53363
v 0.05485 0.10112 1.57257
v 0.05702 0.09648 1.57433
v 0.06544 0.09110 1.57808
v 0.07689 0.08704 1.58238
v 0.08700 0.08585 1.58561
v 0.09190 0.08798 1.58651
v 0.08972 0.09262 1.58475
v 0.08130 0.09800 1.58100
v 0.06985 0.10207 1.57670
v 0.05975 0.10326 1.57348
v 0.04289 0.10996 1.61232
v 0.04507 0.10534 1.61396
v 0.05339 0.10003 1.61771
v 0.06466 0.09604 1.62213
v 0.07459 0.09491 1.62554
v 0.07938 0.09707 1.62664
v 0.07720 0.10168 1.62500
v 0.06888 0.10700 1.62125
v 0.05761 0.11098 1.61682
v 0.04768 0.11212 1.61341
v 0.02980 0.11721 1.65217
v 0.03200 0.11263 1.65368
v 0.04023 0.10737 1.65738
v 0.05134 0.10344 1.66185
v 0.06111 0.10235 1.66540
v 0.06578 0.10451 1.66666
v 0.06359 0.10910 1.66515
v 0.05536 0.11436 1.66145
v 0.04424 0.11829 1.65698
v 0.03448 0.11938 1.65343
v 0.01582 0.12283 1.69213
v 0.01804 0.11828 1.69349
v 0.02620 0.11306 1.69708
v 0.03718 0.10919 1.70155
v 0.04679 0.10813 1.70517
v 0.05135 0.11029 1.70657
v 0.04914 0.11484 1.70522
v 0.04098 0.12005 1.70162
v 0.03000 0.12393 1.69716
v 0.02039 0.12499 1.69353
v 0.00114 0.12668 1.73219
v 0.00339 0.12216 1.73337
v 0.01149 0.11700 1.73682
v 0.02236 0.11316 1.74121
v 0.03183 0.11212 1.74486
v 0.03629 0.11427 1.74639
v 0.03404 0.11879 1.74521
v 0.02594 0.12395 1.74176
v 0.01508 0.12779 1.73737
v 0.00560 0.12883 1.73372
v -0.01404 0.12858 1.77235
v -0.01174 0.12411 1.77334
v -0.00367 0.11900 1.77658
v 0.00710 0.11521 1.78084
v 0.01645 0.11419 1.78447
v 0.02081 0.11632 1.78611
v 0.01852 0.12079 1.78511
v 0.01045 0.12590 1.78187
v -0.00032 0.12969 1.77762
v -0.00967 0.13071 1.77398
v -0.02944 0.12849 1.81261
v -0.02711 0.12407 1.81340
v -0.01905 0.11902 1.81640
v -0.00835 0.11528 1.82045
v 0.00090 0.11427 1.82401
v 0.00517 0.11638 1.82572
v 0.00284 0.12080 1.82493
v -0.00522 0.12584 1.82193
v -0.01592 0.12958 1.81788
v -0.02517 0.13059 1.81432
v -0.04482 0.12635 1.85296
v -0.04243 0.12200 1.85354
v -0.03437 0.11704 1.85625
v -0.02372 0.11335 1.86005
v -0.01455 0.11236 1.86348
v -0.01036 0.11444 1.86524
v -0.01275 0.11880 1.86466
v -0.02080 0.12376 1.86195
v -0.03145 0.12744 1.85816
v -0.04062 0.12843 1.85472
v -0.05988 0.12220 1.89340
v -0.05744 0.11792 1.89377
v -0.04937 0.11305 1.89615
v -0.03876 0.10945 1.89964
v -0.02965 0.10849 1.90289
v -0.02553 0.11054 1.90468
v -0.02797 0.11482 1.90431
v -0.03604 0.11969 1.90193
v -0.04665 0.12329 1.89844
v -0.05576 0.12425 1.89518
v -0.07436 0.11607 1.93391
v -0.07187 0.11188 1.93406
v -0.06379 0.10713 1.93609
v -0.05320 0.10363 1.93922
v -0.04414 0.10271 1.94226
v -0.04008 0.10473 1.94404
v -0.04257 0.10892 1.94389
v -0.05065 0.11368 1.94186
v -0.06124 0.11718 1.93873
v -0.07030 0.11810 1.93569
v -0.08799 0.10806 1.97449
v -0.08546 0.10396 1.97443
v -0.07736 0.09935 1.97608
v -0.06679 0.09596 1.97882
v -0.05778 0.09511 1.98159
v -0.05377 0.09711 1.98334
v -0.05630 0.10120 1.98340
v -0.06439 0.10582 1.98174
v -0.07497 0.10920 1.97901
v -0.08398 0.11006 1.97624
v -0.10052 0.09827 2.01512
v -0.09795 0.09429 2.01485
v -0.08985 0.08983 2.01611
v -0.07929 0.08659 2.01842
v -0.07032 0.08582 2.02089
v -0.06636 0.08780 2.02258
v -0.06892 0.09178 2.02285
v -0.07703 0.09625 2.02159
v -0.08758 0.09948 2.01928
v -0.09655 0.10026 2.01681
v -0.11171 0.08688 2.05579
v -0.10912 0.08301 2.05532
v -0.10102 0.07872 2.05618
v -0.09050 0.07566 2.05803
v -0.08157 0.07498 2.06017
v -0.07764 0.07695 2.06179
v -0.08023 0.08082 2.06225
v -0.08833 0.08511 2.06140
v -0.09886 0.08818 2.05954
v -0.10779 0.08886 2.05740
v -0.12136 0.07408 2.09649
v -0.11876 0.07033 2.09583
v -0.11068 0.06623 2.09628
v -0.10019 0.06334 2.09767
v -0.09131 0.06278 2.09945
v -0.08743 0.06475 2.10096
v -0.09002 0.06851 2.10162
v -0.09811 0.07261 2.10116
v -0.10859 0.07549 2.09978
v -0.11747 0.07605 2.09799
v -0.12927 0.06008 2.13720
v -0.12668 0.05645 2.13637
v -0.11863 0.05254 2.13642
v -0.10821 0.04986 2.13732
v -0.09939 0.04943 2.13874
v -0.09555 0.05141 2.14012
v -0.09814 0.05505 2.14095
v -0.10619 0.05895 2.14090
v -0.11661 0.06163 2.14000
v -0.12543 0.06206 2.13858
v -0.13531 0.04513 2.17791
v -0.13273 0.04161 2.17693
v -0.12475 0.03791 2.17659
v -0.11441 0.03545 2.17701
v -0.10567 0.03516 2.17804
v -0.10187 0.03715 2.17928
v -0.10445 0.04067 2.18026
v -0.11243 0.04437 2.18061
v -0.12277 0.04683 2.18018
v -0.13151 0.04712 2.17915
v -0.13936 0.02949 2.21861
v -0.13680 0.02609 2.21750
v -0.12890 0.02259 2.21678
v -0.11868 0.02034 2.21673
v -0.11004 0.02020 2.21737
v -0.10628 0.02221 2.21846
v -0.10884 0.02562 2.21957
v -0.11673 0.02911 2.22029
v -0.12696 0.03136 2.22034
v -0.13560 0.03151 2.21970
v -0.14133 0.01344 2.25929
v -0.13881 0.01014 2.25806
v -0.13102 0.00685 2.25699
v -0.12094 0.00481 2.25648
v -0.11242 0.00482 2.25674
v -0.10871 0.00686 2.25765
v -0.11123 0.01016 2.25888
v -0.11902 0.01345 2.25995
v -0.12910 0.01549 2.26046
v -0.13762 0.01548 2.26021
v -0.14120 -0.00274 2.29993
v -0.13872 -0.00594 2.29861
v -0.13106 -0.00904 2.29722
v -0.12115 -0.01087 2.29628
v -0.11277 -0.01072 2.29615
v -0.10913 -0.00865 2.29689
v -0.11161 -0.00545 2.29820
v -0.11927 -0.00234 2.29960
v -0.12918 -0.00051 2.30054
v -0.13755 -0.00067 2.30067
v -0.13897 -0.01875 2.34052
v -0.13654 -0.02186 2.33914
v -0.12903 -0.02480 2.33745
v -0.11931 -0.02643 2.33611
v -0.11110 -0.02614 2.33561
v -0.10752 -0.02404 2.33617
v -0.10995 -0.02093 2.33755
v -0.11746 -0.01800 2.33924
v -0.12718 -0.01637 2.34059
v -0.13540 -0.01665 2.34108
v -0.13468 -0.03433 2.38106
v -0.13231 -0.03736 2.37963
v -0.12496 -0.04013 2.37769
v -0.11546 -0.04159 2.37597
v -0.10743 -0.04118 2.37514
v -0.10393 -0.03905 2.37551
v -0.10631 -0.03602 2.37694
v -0.11366 -0.03325 2.37888
v -0.12316 -0.03179 2.38059
v -0.13119 -0.03220 2.38142
v -0.12843 -0.04920 2.42152
v -0.12610 -0.05215 2.42008
v -0.11893 -0.05479 2.41792
v -0.10966 -0.05609 2.41588
v -0.10183 -0.05557 2.41474
v -0.09843 -0.05342 2.41492
v -0.10075 -0.05047 2.41636
v -0.10792 -0.04783 2.41852
v -0.11719 -0.04652 2.42056
v -0.12502 -0.04705 2.42171
v -0.12032 -0.06309 2.46191
v -0.11805 -0.06599 2.46047
v -0.11106 -0.06850 2.45815
v -0.10203 -0.06968 2.45583
v -0.09441 -0.06907 2.45440
v -0.09111 -0.06690 2.45440
v -0.09338 -0.06401 2.45584
v -0.10037 -0.06149 2.45816
v -0.10939 -0.06032 2.46048
v -0.11702 -0.06093 2.46191
v -0.11052 -0.07579 2.50222
v -0.10829 -0.07863 2.50081
v -0.10149 -0.08104 2.49837
v -0.09271 -0.08211 2.49582
v -0.08531 -0.08143 2.49414
v -0.08211 -0.07926 2.49397
v -0.08434 -0.07642 2.49538
v -0.09114 -0.07401 2.49782
v -0.09992 -0.07293 2.50037
v -0.10732 -0.07362 2.50205
v -0.09920 -0.08707 2.54244
v -0.09702 -0.08986 2.54109
v -0.09040 -0.09219 2.53856
v -0.08188 -0.09318 2.53584
v -0.07470 -0.09245 2.53395
v -0.07161 -0.09028 2.53362
v -0.07379 -0.08749 2.53498
v -0.08041 -0.08516 2.53750
v -0.08894 -0.08417 2.54022
v -0.09612 -0.08490 2.54211
v -0.08659 -0.09677 2.58258
v -0.08445 -0.09950 2.58129
v -0.07800 -0.10176 2.57874
v -0.06972 -0.10269 2.57589
v -0.06277 -0.10193 2.57384
v -0.05980 -0.09977 2.57336
v -0.06194 -0.09704 2.57464
v -0.06839 -0.09478 2.57720
v -0.07667 -0.09385 2.58005
v -0.08362 -0.09461 2.58210
v -0.07291 -0.10473 2.62262
v -0.07079 -0.10741 2.62143
v -0.06452 -0.10961 2.61889
v -0.05648 -0.11049 2.61597
v -0.04974 -0.10972 2.61380
v -0.04689 -0.10758 2.61319
v -0.04900 -0.10490 2.61438
v -0.05528 -0.10270 2.61692
v -0.06332 -0.10182 2.61984
v -0.07005 -0.10259 2.62202
v -0.05840 -0.11083 2.66258
v -0.05632 -0.11346 2.66149
v -0.05020 -0.11561 2.65901
v -0.04239 -0.11646 2.65608
v -0.03587 -0.11569 2.65382
v -0.03313 -0.11359 2.65310
v -0.03521 -0.11096 2.65419
v -0.04133 -0.10881 2.65668
v -0.04914 -0.10796 2.65961
v -0.05566 -0.10873 2.66186
v -0.04334 -0.11501 2.70246
v -0.04127 -0.11758 2.70149
v -0.03530 -0.11968 2.69910
v -0.02771 -0.12050 2.69621
v -0.02139 -0.11974 2.69392
v -0.01877 -0.11768 2.69310
v -0.02083 -0.11512 2.69407
v -0.02680 -0.11302 2.69646
v -0.03439 -0.11219 2.69935
v -0.04071 -0.11296 2.70164
v -0.02797 -0.11722 2.74226
v -0.02592 -0.11972 2.74141
v -0.02009 -0.12177 2.73916
v -0.01271 -0.12257 2.73635
v -0.00659 -0.12182 2.73406
v -0.00407 -0.11982 2.73317
v -0.00612 -0.11732 2.73402
v -0.01195 -0.11528 2.73628
v -0.01933 -0.11447 2.73909
v -0.02545 -0.11522 2.74137
v -0.01256 -0.11746 2.78199
v -0.01053 -0.11989 2.78128
v -0.00484 -0.12187 2.77918
v 0.00234 -0.12265 2.77650
v 0.00827 -0.12192 2.77426
v 0.01068 -0.11998 2.77332
v 0.00866 -0.11755 2.77403
v 0.00297 -0.11557 2.77613
v -0.00422 -0.11479 2.77881
v -0.01015 -0.11551 2.78104
v 0.00263 -0.11576 2.82165
v 0.00463 -0.11810 2.82108
v 0.01019 -0.12001 2.81917
v 0.01717 -0.12076 2.81666
v 0.02292 -0.12006 2.81451
v 0.02523 -0.11817 2.81353
v 0.02323 -0.11583 2.81411
v 0.01767 -0.11392 2.81601
v 0.01069 -0.11317 2.81852
v 0.00494 -0.11387 2.82068
v 0.01735 -0.11218 2.86126
v 0.01933 -0.11443 2.86082
v 0.02475 -0.11626 2.85912
v 0.03153 -0.11697 2.85682
v 0.03710 -0.11628 2.85478
v 0.03932 -0.11447 2.85380
v 0.03734 -0.11222 2.85424
v 0.03192 -0.11039 2.85593
v 0.02513 -0.10968 2.85824
v 0.01957 -0.11036 2.86028
v 0.03137 -0.10682 2.90083
v 0.03332 -0.10897 2.90052
v 0.03859 -0.11071 2.89905
v 0.04517 -0.11136 2.89697
v 0.05055 -0.11069 2.89508
v 0.05268 -0.10895 2.89411
v 0.05073 -0.10680 2.89441
v 0.04546 -0.10506 2.89588
v 0.03888 -0.10440 2.89796
v 0.03350 -0.10507 2.89985
v 0.04448 -0.09980 2.94035
v 0.04638 -0.10185 2.94018
v 0.05149 -0.10348 2.93894
v 0.05786 -0.10408 2.93711
v 0.06305 -0.10342 2.93540
v 0.06508 -0.10175 2.93445
v 0.06318 -0.09970 2.93463
v 0.05807 -0.09807 2.93587
v 0.05170 -0.09747 2.93769
v 0.04651 -0.09813 2.93941
v 0.05648 -0.09129 2.97986
v 0.05833 -0.09322 2.97980
v 0.06326 -0.09473 2.97880
v 0.06939 -0.09526 2.97724
v 0.07437 -0.09460 2.97572
v 0.07631 -0.09301 2.97482
v 0.07446 -0.09108 2.97488
v 0.06953 -0.08957 2.97588
v 0.06341 -0.08904 2.97744
v 0.05842 -0.08970 2.97896
v 0.06722 -0.08146 3.01935
v 0.06900 -0.08326 3.01940
v 0.07372 -0.08465 3.01864
v 0.07957 -0.08510 3.01735
v 0.08433 -0.08444 3.01604
v 0.08617 -0.08292 3.01520
v 0.08439 -0.08112 3.01515
v 0.07967 -0.07973 3.01592
v 0.07381 -0.07928 3.01720
v 0.06906 -0.07994 3.01851
v 0.07655 -0.07050 3.05885
v 0.07824 -0.07216 3.05899
v 0.08272 -0.07341 3.05845
v 0.08826 -0.07378 3.05744
v 0.09276 -0.07312 3.05634
v 0.09450 -0.07169 3.05558
v 0.09280 -0.07003 3.05544
v 0.08833 -0.06877 3.05598
v 0.08278 -0.06841 3.05699
v 0.07828 -0.06907 3.05808
v 0.08440 -0.05862 3.09835
v 0.08598 -0.06013 3.09857
v 0.09015 -0.06124 3.09824
v 0.09532 -0.06152 3.09750
v 0.09951 -0.06087 3.09662
v 0.10113 -0.05953 3.09595
v 0.09954 -0.05802 3.09574
v 0.09537 -0.05691 3.09606
v 0.09020 -0.05663 3.09680
v 0.08601 -0.05728 3.09768
v 0.09074 -0.04605 3.13788
v 0.09218 -0.04739 3.13814
v 0.09596 -0.04833 3.13800
v 0.10065 -0.04853 3.13752
v 0.10444 -0.04789 3.13687
v 0.10590 -0.04667 3.13630
v 0.10446 -0.04534 3.13604
v 0.10068 -0.04439 3.13617
v 0.09600 -0.04420 3.13666
v 0.09220 -0.04483 3.13731
v 0.09617 -0.03298 3.17753
v 0.09730 -0.03403 3.17776
v 0.10029 -0.03475 3.17772
v 0.10398 -0.03488 3.17741
v 0.10697 -0.03436 3.17695
v 0.10812 -0.03340 3.17652
v 0.10699 -0.03235 3.17629
v 0.10400 -0.03163 3.17633
v 0.10031 -0.03150 3.17664
v 0.09732 -0.03202 3.17710
v 0.00000 -0.14500 -3.17297
v 0.10215 -0.03319 3.17703
f 1 12 11
f 2 13 12
f 3 14 13
f 4 15 14
f 5 16 15
f 7 16 6
f 8 17 7
f 9 18 8
f 10 19 9
f 1 20 10
f 12 21 11
f 13 22 12
f 13 24 23
f 14 25 24
f 15 26 25
f 17 26 16
f 18 27 17
f 19 28 18
f 19 30 29
f 20 21 30
f 22 31 21
f 23 32 22
f 24 33 23
f 24 35 34
f 25 36 35
f 27 36 26
f 28 37 27
f 28 39 38
f 29 40 39
f 30 31 40
f 32 41 31
f 33 42 32
f 34 43 33
f 34 45 44
f 35 46 45
f 37 46 36
f 38 47 37
f 38 49 48
f 39 50 49
f 40 41 50
f 42 51 41
f 43 52 42
f 44 53 43
f 44 55 54
f 45 56 55
f 46 57 56
f 48 57 47
f 48 59 58
f 49 60 59
f 50 51 60
f 52 61 51
f 53 62 52
f 54 63 53
f 54 65 64
f 55 66 65
f 56 67 66
f 58 67 57
f 58 69 68
f 59 70 69
f 60 61 70
f 62 71 61
f 63 72 62
f 64 73 63
f 64 75 74
f 65 76 75
f 66 77 76
f 68 77 67
f 68 79 78
f 69 80 79
f 70 71 80
f 72 81 71
f 73 82 72
f 74 83 73
f 74 85 84
f 75 86 85
f 76 87 86
f 77 88 87
f 78 89 88
f 79 90 89
f 80 81 90
f 82 91 81
f 83 92 82
f 84 93 83
f 84 95 94
f 85 96 95
f 86 97 96
f 87 98 97
f 88 99 98
f 89 100 99
f 90 91 100
f 92 101 91
f 93 102 92
f 94 103 93
f 94 105 104
f 95 106 105
f 96 107 106
f 97 108 107
f 98 109 108
f 99 110 109
f 100 101 110
f 102 111 101
f 103 112 102
f 104 113 103
f 104 115 114
f 105 116 115
f 106 117 116
f 107 118 117
f 108 119 118
f 109 120 119
f 110 111 120
f 112 121 111
f 113 122 112
f 114 123 113
f 114 125 124
f 115 126 125
f 116 127 126
f 117 128 127
f 118 129 128
f 119 130 129
f 120 121 130
f 122 131 121
f 123 132 122
f 124 133 123
f 124 135 134
f 125 136 135
f 127 136 126
f 127 138 137
f 128 139 138
f 129 140 139
f 130 131 140
f 132 141 131
f 133 142 132
f 134 143 133
f 135 144 134
f 135 146 145
f 137 146 136
f 137 148 147
f 138 149 148
f 139 150 149
f 140 141 150
f 142 151 141
f 143 152 142
f 144 153 143
f 145 154 144
f 145 156 155
f 147 156 146
f 147 158 157
f 148 159 158
f 149 160 159
f 150 151 160
f 152 161 151
f 153 162 152
f 154 163 153
f 155 164 154
f 155 166 165
f 157 166 156
f 157 168 167
f 158 169 168
f 159 170 169
f 160 161 170
f 162 171 161
f 163 172 162
f 164 173 163
f 165 174 164
f 165 176 175
f 167 176 166
f 168 177 167
f 168 179 178
f 169 180 179
f 170 171 180
f 172 181 171
f 173 182 172
f 174 183 173
f 175 184 174
f 176 185 175
f 177 186 176
f 178 187 177
f 178 189 188
f 179 190 189
f 180 181 190
f 182 191 181
f 183 192 182
f 184 193 183
f 185 194 184
f 186 195 185
f 187 196 186
f 188 197 187
f 188 199 198
f 189 200 199
f 190 191 200
f 192 201 191
f 193 202 192
f 194 203 193
f 195 204 194
f 196 205 195
f 197 206 196
f 198 207 197
f 198 209 208
f 199 210 209
f 200 201 210
f 202 211 201
f 203 212 202
f 204 213 203
f 205 214 204
f 206 215 205
f 207 216 206
f 208 217 207
f 208 219 218
f 209 220 219
f 210 211 220
f 212 221 211
f 213 222 212
f 214 223 213
f 215 224 214
f 216 225 215
f 217 226 216
f 218 227 217
f 218 229 228
f 219 230 229
f 220 221 230
f 222 231 221
f 223 232 222
f 224 233 223
f 225 234 224
f 226 235 225
f 227 236 226
f 228 237 227
f 228 239 238
f 229 240 239
f 230 231 240
f 232 241 231
f 233 242 232
f 234 243 233
f 234 245 244
f 236 245 235
f 237 246 236
f 238 247 237
f 238 249 248
f 239 250 249
f 240 241 250
f 242 251 241
f 243 252 242
f 244 253 243
f 244 255 254
f 246 255 245
f 247 256 246
f 248 257 247
f 248 259 258
f 249 260 259
f 250 251 260
f 252 261 251
f 253 262 252
f 254 263 253
f 254 265 264
f 255 266 265
f 257 266 256
f 258 267 257
f 258 269 268
f 259 270 269
f 260 261 270
f 262 271 261
f 263 272 262
f 264 273 263
f 264 275 274
f 265 276 275
f 267 276 266
f 268 277 267
f 268 279 278
f 269 280 279
f 270 271 280
f 272 281 271
f 273 282 272
f 274 283 273
f 274 285 284
f 275 286 285
f 277 286 276
f 278 287 277
f 278 289 288
f 279 290 289
f 280 281 290
f 282 291 281
f 283 292 282
f 283 294 293
f 284 295 294
f 285 296 295
f 287 296 286
f 288 297 287
f 289 298 288
f 289 300 299
f 290 291 300
f 292 301 291
f 293 302 292
f 293 304 303
f 294 305 304
f 295 306 305
f 297 306 296
f 298 307 297
f 299 308 298
f 299 310 309
f 300 301 310
f 302 311 301
f 303 312 302
f 303 314 313
f 304 315 314
f 305 316 315
f 307 316 306
f 308 317 307
f 309 318 308
f 309 320 319
f 310 311 320
f 311 322 321
f 313 322 312
f 313 324 323
f 314 325 324
f 315 326 325
f 317 326 316
f 318 327 317
f 319 328 318
f 319 330 329
f 320 321 330
f 321 332 331
f 323 332 322
f 323 334 333
f 324 335 334
f 325 336 335
f 327 336 326
f 328 337 327
f 329 338 328
f 329 340 339
f 330 331 340
f 331 342 341
f 332 343 342
f 333 344 343
f 334 345 344
f 335 346 345
f 337 346 336
f 338 347 337
f 339 348 338
f 339 350 349
f 340 341 350
f 341 352 351
f 342 353 352
f 343 354 353
f 344 355 354
f 345 356 355
f 347 356 346
f 348 357 347
f 349 358 348
f 349 360 359
f 350 351 360
f 351 362 361
f 352 363 362
f 353 364 363
f 354 365 364
f 355 366 365
f 357 366 356
f 358 367 357
f 359 368 358
f 359 370 369
f 360 361 370
f 361 372 371
f 362 373 372
f 363 374 373
f 364 375 374
f 365 376 375
f 367 376 366
f 368 377 367
f 369 378 368
f 369 380 379
f 370 371 380
f 371 382 381
f 372 383 382
f 373 384 383
f 374 385 384
f 375 386 385
f 377 386 376
f 378 387 377
f 379 388 378
f 380 389 379
f 380 381 390
f 382 391 381
f 382 393 392
f 383 394 393
f 384 395 394
f 385 396 395
f 387 396 386
f 388 397 387
f 389 398 388
f 390 399 389
f 390 391 400
f 392 401 391
f 392 403 402
f 393 404 403
f 394 405 404
f 395 406 405
f 397 406 396
f 398 407 397
f 399 408 398
f 399 410 409
f 400 401 410
f 402 411 401
f 402 413 412
f 403 414 413
f 404 415 414
f 405 416 415
f 407 416 406
f 408 417 407
f 409 418 408
f 410 419 409
f 410 411 420
f 412 421 411
f 413 422 412
f 413 424 423
f 414 425 424
f 415 426 425
f 417 426 416
f 418 427 417
f 419 428 418
f 420 429 419
f 420 421 430
f 422 431 421
f 423 432 422
f 423 434 433
f 424 435 434
f 425 436 435
f 427 436 426
f 428 437 427
f 429 438 428
f 430 439 429
f 430 431 440
f 432 441 431
f 433 442 432
f 433 444 443
f 434 445 444
f 435 446 445
f 437 446 436
f 438 447 437
f 439 448 438
f 440 449 439
f 440 441 450
f 442 451 441
f 443 452 442
f 443 454 453
f 444 455 454
f 445 456 455
f 447 456 446
f 448 457 447
f 449 458 448
f 450 459 449
f 450 451 460
f 452 461 451
f 453 462 452
f 453 464 463
f 454 465 464
f 455 466 465
f 457 466 456
f 458 467 457
f 459 468 458
f 460 469 459
f 451 470 460
f 462 471 461
f 463 472 462
f 463 474 473
f 464 475 474
f 465 476 475
f 467 476 466
f 468 477 467
f 469 478 468
f 469 480 479
f 461 480 470
f 472 481 471
f 473 482 472
f 473 484 483
f 474 485 484
f 475 486 485
f 477 486 476
f 478 487 477
f 479 488 478
f 479 490 489
f 480 481 490
f 482 491 481
f 483 492 482
f 483 494 493
f 484 495 494
f 485 496 495
f 487 496 486
f 488 497 487
f 489 498 488
f 489 500 499
f 490 491 500
f 492 501 491
f 493 502 492
f 493 504 503
f 494 505 504
f 495 506 505
f 497 506 496
f 498 507 497
f 499 508 498
f 499 510 509
f 500 501 510
f 502 511 501
f 503 512 502
f 503 514 513
f 504 515 514
f 505 516 515
f 507 516 506
f 508 517 507
f 509 518 508
f 509 520 519
f 510 511 520
f 512 521 511
f 513 522 512
f 513 524 523
f 514 525 524
f 515 526 525
f 517 526 516
f 518 527 517
f 519 528 518
f 519 530 529
f 520 521 530
f 522 531 521
f 523 532 522
f 523 534 533
f 524 535 534
f 525 536 535
f 527 536 526
f 528 537 527
f 529 538 528
f 529 540 539
f 530 531 540
f 532 541 531
f 533 542 532
f 534 543 533
f 534 545 544
f 535 546 545
f 537 546 536
f 538 547 537
f 538 549 548
f 539 550 549
f 540 541 550
f 542 551 541
f 543 552 542
f 544 553 543
f 544 555 554
f 545 556 555
f 547 556 546
f 548 557 547
f 548 559 558
f 549 560 559
f 550 551 560
f 552 561 551
f 553 562 552
f 554 563 553
f 554 565 564
f 555 566 565
f 557 566 556
f 558 567 557
f 558 569 568
f 559 570 569
f 560 561 570
f 562 571 561
f 563 572 562
f 564 573 563
f 564 575 574
f 565 576 575
f 567 576 566
f 568 577 567
f 568 579 578
f 569 580 579
f 570 571 580
f 572 581 571
f 573 582 572
f 574 583 573
f 574 585 584
f 575 586 585
f 577 586 576
f 578 587 577
f 578 589 588
f 579 590 589
f 580 581 590
f 582 591 581
f 583 592 582
f 584 593 583
f 584 595 594
f 585 596 595
f 587 596 586
f 588 597 587
f 588 599 598
f 589 600 599
f 590 591 600
f 592 601 591
f 593 602 592
f 594 603 593
f 594 605 604
f 595 606 605
f 597 606 596
f 598 607 597
f 598 609 608
f 599 610 609
f 600 601 610
f 602 611 601
f 603 612 602
f 604 613 603
f 604 615 614
f 605 616 615
f 607 616 606
f 608 617 607
f 608 619 618
f 609 620 619
f 610 611 620
f 612 621 611
f 613 622 612
f 614 623 613
f 614 625 624
f 615 626 625
f 617 626 616
f 618 627 617
f 618 629 628
f 619 630 629
f 620 621 630
f 622 631 621
f 623 632 622
f 624 633 623
f 624 635 634
f 625 636 635
f 627 636 626
f 628 637 627
f 628 639 638
f 629 640 639
f 630 631 640
f 632 641 631
f 633 642 632
f 634 643 633
f 634 645 644
f 635 646 645
f 637 646 636
f 638 647 637
f 638 649 648
f 639 650 649
f 640 641 650
f 642 651 641
f 643 652 642
f 644 653 643
f 644 655 654
f 645 656 655
f 647 656 646
f 648 657 647
f 648 659 658
f 649 660 659
f 650 651 660
f 652 661 651
f 653 662 652
f 654 663 653
f 654 665 664
f 655 666 665
f 657 666 656
f 658 667 657
f 658 669 668
f 659 670 669
f 660 661 670
f 662 671 661
f 663 672 662
f 664 673 663
f 664 675 674
f 665 676 675
f 667 676 666
f 668 677 667
f 668 679 678
f 669 680 679
f 670 671 680
f 672 681 671
f 673 682 672
f 674 683 673
f 674 685 684
f 675 686 685
f 677 686 676
f 678 687 677
f 678 689 688
f 679 690 689
f 680 681 690
f 682 691 681
f 683 692 682
f 684 693 683
f 684 695 694
f 685 696 695
f 687 696 686
f 688 697 687
f 688 699 698
f 689 700 699
f 690 691 700
f 692 701 691
f 693 702 692
f 694 703 693
f 694 705 704
f 695 706 705
f 697 706 696
f 698 707 697
f 698 709 708
f 699 710 709
f 700 701 710
f 702 711 701
f 703 712 702
f 704 713 703
f 704 715 714
f 705 716 715
f 707 716 706
f 708 717 707
f 708 719 718
f 709 720 719
f 710 711 720
f 712 721 711
f 713 722 712
f 714 723 713
f 714 725 724
f 715 726 725
f 717 726 716
f 718 727 717
f 718 729 728
f 719 730 729
f 720 721 730
f 722 731 721
f 723 732 722
f 724 733 723
f 724 735 734
f 725 736 735
f 727 736 726
f 728 737 727
f 728 739 738
f 729 740 739
f 730 731 740
f 732 741 731
f 733 742 732
f 734 743 733
f 734 745 744
f 735 746 745
f 737 746 736
f 738 747 737
f 738 749 748
f 739 750 749
f 740 741 750
f 742 751 741
f 743 752 742
f 744 753 743
f 744 755 754
f 745 756 755
f 747 756 746
f 748 757 747
f 748 759 758
f 749 760 759
f 750 751 760
f 752 761 751
f 753 762 752
f 754 763 753
f 754 765 764
f 755 766 765
f 757 766 756
f 758 767 757
f 758 769 768
f 759 770 769
f 760 761 770
f 762 771 761
f 763 772 762
f 764 773 763
f 764 775 774
f 765 776 775
f 767 776 766
f 768 777 767
f 768 779 778
f 769 780 779
f 770 771 780
f 772 781 771
f 773 782 772
f 774 783 773
f 774 785 784
f 775 786 785
f 777 786 776
f 778 787 777
f 778 789 788
f 779 790 789
f 780 781 790
f 782 791 781
f 783 792 782
f 784 793 783
f 784 795 794
f 785 796 795
f 787 796 786
f 788 797 787
f 789 798 788
f 789 800 799
f 790 791 800
f 792 801 791
f 793 802 792
f 794 803 793
f 794 805 804
f 795 806 805
f 797 806 796
f 798 807 797
f 798 809 808
f 799 810 809
f 800 801 810
f 802 811 801
f 803 812 802
f 804 813 803
f 804 815 814
f 805 816 815
f 807 816 806
f 808 817 807
f 808 819 818
f 809 820 819
f 810 811 820
f 812 821 811
f 813 822 812
f 813 824 823
f 814 825 824
f 815 826 825
f 817 826 816
f 818 827 817
f 819 828 818
f 819 830 829
f 820 821 830
f 822 831 821
f 823 832 822
f 823 834 833
f 824 835 834
f 825 836 835
f 827 836 826
f 828 837 827
f 829 838 828
f 829 840 839
f 830 831 840
f 832 841 831
f 833 842 832
f 833 844 843
f 834 845 844
f 835 846 845
f 837 846 836
f 838 847 837
f 839 848 838
f 839 850 849
f 840 841 850
f 842 851 841
f 843 852 842
f 843 854 853
f 844 855 854
f 845 856 855
f 847 856 846
f 848 857 847
f 849 858 848
f 849 860 859
f 850 851 860
f 852 861 851
f 853 862 852
f 853 864 863
f 854 865 864
f 855 866 865
f 857 866 856
f 858 867 857
f 859 868 858
f 859 870 869
f 860 861 870
f 862 871 861
f 863 872 862
f 863 874 873
f 864 875 874
f 865 876 875
f 867 876 866
f 868 877 867
f 869 878 868
f 869 880 879
f 870 871 880
f 872 881 871
f 873 882 872
f 873 884 883
f 874 885 884
f 875 886 885
f 877 886 876
f 878 887 877
f 879 888 878
f 879 890 889
f 880 881 890
f 882 891 881
f 883 892 882
f 883 894 893
f 884 895 894
f 885 896 895
f 887 896 886
f 888 897 887
f 889 898 888
f 889 900 899
f 890 891 900
f 892 901 891
f 893 902 892
f 893 904 903
f 894 905 904
f 895 906 905
f 897 906 896
f 898 907 897
f 899 908 898
f 899 910 909
f 900 901 910
f 902 911 901
f 903 912 902
f 903 914 913
f 904 915 914
f 905 916 915
f 907 916 906
f 908 917 907
f 909 918 908
f 909 920 919
f 910 911 920
f 912 921 911
f 913 922 912
f 913 924 923
f 914 925 924
f 915 926 925
f 917 926 916
f 918 927 917
f 919 928 918
f 919 930 929
f 920 921 930
f 922 931 921
f 923 932 922
f 923 934 933
f 924 935 934
f 925 936 935
f 927 936 926
f 928 937 927
f 929 938 928
f 929 940 939
f 930 931 940
f 932 941 931
f 933 942 932
f 933 944 943
f 934 945 944
f 935 946 945
f 937 946 936
f 938 947 937
f 939 948 938
f 939 950 949
f 940 941 950
f 942 951 941
f 943 952 942
f 943 954 953
f 944 955 954
f 945 956 955
f 947 956 946
f 948 957 947
f 949 958 948
f 949 960 959
f 950 951 960
f 952 961 951
f 953 962 952
f 953 964 963
f 954 965 964
f 955 966 965
f 957 966 956
f 958 967 957
f 959 968 958
f 959 970 969
f 960 961 970
f 962 971 961
f 963 972 962
f 963 974 973
f 964 975 974
f 965 976 975
f 967 976 966
f 968 977 967
f 969 978 968
f 969 980 979
f 970 971 980
f 972 981 971
f 973 982 972
f 973 984 983
f 974 985 984
f 975 986 985
f 977 986 976
f 978 987 977
f 979 988 978
f 979 990 989
f 980 981 990
f 982 991 981
f 983 992 982
f 983 994 993
f 984 995 994
f 985 996 995
f 987 996 986
f 988 997 987
f 989 998 988
f 989 1000 999
f 990 991 1000
f 992 1001 991
f 993 1002 992
f 993 1004 1003
f 994 1005 1004
f 995 1006 1005
f 997 1006 996
f 998 1007 997
f 999 1008 998
f 999 1010 1009
f 1000 1001 1010
f 1002 1011 1001
f 1003 1012 1002
f 1003 1014 1013
f 1004 1015 1014
f 1005 1016 1015
f 1007 1016 1006
f 1008 1017 1007
f 1009 1018 1008
f 1009 1020 1019
f 1010 1011 1020
f 1012 1021 1011
f 1013 1022 1012
f 1013 1024 1023
f 1014 1025 1024
f 1015 1026 1025
f 1017 1026 1016
f 1018 1027 1017
f 1019 1028 1018
f 1019 1030 1029
f 1020 1021 1030
f 1022 1031 1021
f 1023 1032 1022
f 1023 1034 1033
f 1024 1035 1034
f 1025 1036 1035
f 1027 1036 1026
f 1028 1037 1027
f 1029 1038 1028
f 1029 1040 1039
f 1030 1031 1040
f 1032 1041 1031
f 1033 1042 1032
f 1033 1044 1043
f 1034 1045 1044
f 1035 1046 1045
f 1037 1046 1036
f 1038 1047 1037
f 1039 1048 1038
f 1039 1050 1049
f 1040 1041 1050
f 1042 1051 1041
f 1043 1052 1042
f 1043 1054 1053
f 1044 1055 1054
f 1045 1056 1055
f 1047 1056 1046
f 1048 1057 1047
f 1049 1058 1048
f 1049 1060 1059
f 1050 1051 1060
f 1052 1061 1051
f 1053 1062 1052
f 1053 1064 1063
f 1054 1065 1064
f 1055 1066 1065
f 1057 1066 1056
f 1058 1067 1057
f 1059 1068 1058
f 1059 1070 1069
f 1060 1061 1070
f 1062 1071 1061
f 1063 1072 1062
f 1063 1074 1073
f 1064 1075 1074
f 1065 1076 1075
f 1067 1076 1066
f 1068 1077 1067
f 1069 1078 1068
f 1069 1080 1079
f 1070 1071 1080
f 1072 1081 1071
f 1073 1082 1072
f 1073 1084 1083
f 1074 1085 1084
f 1075 1086 1085
f 1077 1086 1076
f 1078 1087 1077
f 1079 1088 1078
f 1079 1090 1089
f 1080 1081 1090
f 1082 1091 1081
f 1083 1092 1082
f 1083 1094 1093
f 1084 1095 1094
f 1085 1096 1095
f 1087 1096 1086
f 1088 1097 1087
f 1089 1098 1088
f 1089 1100 1099
f 1090 1091 1100
f 1092 1101 1091
f 1093 1102 1092
f 1093 1104 1103
f 1094 1105 1104
f 1095 1106 1105
f 1097 1106 1096
f 1098 1107 1097
f 1099 1108 1098
f 1099 1110 1109
f 1100 1101 1110
f 1102 1111 1101
f 1103 1112 1102
f 1104 1113 1103
f 1104 1115 1114
f 1105 1116 1115
f 1107 1116 1106
f 1108 1117 1107
f 1108 1119 1118
f 1109 1120 1119
f 1110 1111 1120
f 1112 1121 1111
f 1113 1122 1112
f 1114 1123 1113
f 1114 1125 1124
f 1115 1126 1125
f 1117 1126 1116
f 1118 1127 1117
f 1118 1129 1128
f 1119 1130 1129
f 1120 1121 1130
f 1122 1131 1121
f 1123 1132 1122
f 1124 1133 1123
f 1124 1135 1134
f 1125 1136 1135
f 1127 1136 1126
f 1128 1137 1127
f 1128 1139 1138
f 1129 1140 1139
f 1130 1131 1140
f 1132 1141 1131
f 1133 1142 1132
f 1134 1143 1133
f 1134 1145 1144
f 1135 1146 1145
f 1137 1146 1136
f 1138 1147 1137
f 1138 1149 1148
f 1139 1150 1149
f 1140 1141 1150
f 1142 1151 1141
f 1143 1152 1142
f 1144 1153 1143
f 1144 1155 1154
f 1145 1156 1155
f 1147 1156 1146
f 1148 1157 1147
f 1148 1159 1158
f 1149 1160 1159
f 1150 1151 1160
f 1152 1161 1151
f 1153 1162 1152
f 1154 1163 1153
f 1154 1165 1164
f 1155 1166 1165
f 1157 1166 1156
f 1158 1167 1157
f 1158 1169 1168
f 1159 1170 1169
f 1160 1161 1170
f 1162 1171 1161
f 1163 1172 1162
f 1164 1173 1163
f 1164 1175 1174
f 1165 1176 1175
f 1167 1176 1166
f 1168 1177 1167
f 1168 1179 1178
f 1169 1180 1179
f 1170 1171 1180
f 1172 1181 1171
f 1173 1182 1172
f 1174 1183 1173
f 1174 1185 1184
f 1175 1186 1185
f 1177 1186 1176
f 1178 1187 1177
f 1178 1189 1188
f 1179 1190 1189
f 1180 1181 1190
f 1182 1191 1181
f 1183 1192 1182
f 1184 1193 1183
f 1184 1195 1194
f 1185 1196 1195
f 1187 1196 1186
f 1188 1197 1187
f 1188 1199 1198
f 1189 1200 1199
f 1190 1191 1200
f 1192 1201 1191
f 1193 1202 1192
f 1194 1203 1193
f 1194 1205 1204
f 1195 1206 1205
f 1197 1206 1196
f 1198 1207 1197
f 1198 1209 1208
f 1199 1210 1209
f 1200 1201 1210
f 1202 1211 1201
f 1203 1212 1202
f 1204 1213 1203
f 1204 1215 1214
f 1205 1216 1215
f 1207 1216 1206
f 1208 1217 1207
f 1208 1219 1218
f 1209 1220 1219
f 1210 1211 1220
f 1212 1221 1211
f 1213 1222 1212
f 1214 1223 1213
f 1214 1225 1224
f 1215 1226 1225
f 1217 1226 1216
f 1218 1227 1217
f 1218 1229 1228
f 1219 1230 1229
f 1220 1221 1230
f 1222 1231 1221
f 1223 1232 1222
f 1224 1233 1223
f 1224 1235 1234
f 1225 1236 1235
f 1227 1236 1226
f 1228 1237 1227
f 1228 1239 1238
f 1229 1240 1239
f 1230 1231 1240
f 1232 1241 1231
f 1233 1242 1232
f 1234 1243 1233
f 1234 1245 1244
f 1235 1246 1245
f 1237 1246 1236
f 1238 1247 1237
f 1238 1249 1248
f 1239 1250 1249
f 1240 1241 1250
f 1242 1251 1241
f 1243 1252 1242
f 1244 1253 1243
f 1244 1255 1254
f 1245 1256 1255
f 1247 1256 1246
f 1248 1257 1247
f 1248 1259 1258
f 1249 1260 1259
f 1250 1251 1260
f 1252 1261 1251
f 1253 1262 1252
f 1254 1263 1253
f 1254 1265 1264
f 1255 1266 1265
f 1257 1266 1256
f 1258 1267 1257
f 1258 1269 1268
f 1259 1270 1269
f 1260 1261 1270
f 1262 1271 1261
f 1263 1272 1262
f 1264 1273 1263
f 1264 1275 1274
f 1265 1276 1275
f 1267 1276 1266
f 1268 1277 1267
f 1268 1279 1278
f 1269 1280 1279
f 1270 1271 1280
f 1272 1281 1271
f 1273 1282 1272
f 1274 1283 1273
f 1274 1285 1284
f 1275 1286 1285
f 1277 1286 1276
f 1278 1287 1277
f 1278 1289 1288
f 1279 1290 1289
f 1280 1281 1290
f 1282 1291 1281
f 1283 1292 1282
f 1284 1293 1283
f 1284 1295 1294
f 1285 1296 1295
f 1287 1296 1286
f 1288 1297 1287
f 1288 1299 1298
f 1289 1300 1299
f 1290 1291 1300
f 1292 1301 1291
f 1293 1302 1292
f 1294 1303 1293
f 1294 1305 1304
f 1295 1306 1305
f 1297 1306 1296
f 1298 1307 1297
f 1298 1309 1308
f 1299 1310 1309
f 1300 1301 1310
f 1302 1311 1301
f 1303 1312 1302
f 1304 1313 1303
f 1304 1315 1314
f 1305 1316 1315
f 1307 1316 1306
f 1308 1317 1307
f 1308 1319 1318
f 1309 1320 1319
f 1310 1311 1320
f 1312 1321 1311
f 1313 1322 1312
f 1314 1323 1313
f 1314 1325 1324
f 1315 1326 1325
f 1317 1326 1316
f 1318 1327 1317
f 1318 1329 1328
f 1319 1330 1329
f 1320 1321 1330
f 1322 1331 1321
f 1323 1332 1322
f 1324 1333 1323
f 1324 1335 1334
f 1325 1336 1335
f 1327 1336 1326
f 1328 1337 1327
f 1328 1339 1338
f 1329 1340 1339
f 1330 1331 1340
f 1332 1341 1331
f 1333 1342 1332
f 1334 1343 1333
f 1334 1345 1344
f 1335 1346 1345
f 1337 1346 1336
f 1338 1347 1337
f 1338 1349 1348
f 1339 1350 1349
f 1340 1341 1350
f 1342 1351 1341
f 1343 1352 1342
f 1344 1353 1343
f 1344 1355 1354
f 1345 1356 1355
f 1347 1356 1346
f 1348 1357 1347
f 1348 1359 1358
f 1349 1360 1359
f 1350 1351 1360
f 1352 1361 1351
f 1353 1362 1352
f 1353 1364 1363
f 1354 1365 1364
f 1355 1366 1365
f 1357 1366 1356
f 1358 1367 1357
f 1359 1368 1358
f 1359 1370 1369
f 1360 1361 1370
f 1362 1371 1361
f 1363 1372 1362
f 1363 1374 1373
f 1364 1375 1374
f 1365 1376 1375
f 1367 1376 1366
f 1368 1377 1367
f 1369 1378 1368
f 1369 1380 1379
f 1370 1371 1380
f 1372 1381 1371
f 1373 1382 1372
f 1373 1384 1383
f 1374 1385 1384
f 1375 1386 1385
f 1377 1386 1376
f 1378 1387 1377
f 1379 1388 1378
f 1379 1390 1389
f 1380 1381 1390
f 1382 1391 1381
f 1383 1392 1382
f 1383 1394 1393
f 1384 1395 1394
f 1385 1396 1395
f 1387 1396 1386
f 1388 1397 1387
f 1389 1398 1388
f 1389 1400 1399
f 1390 1391 1400
f 1392 1401 1391
f 1393 1402 1392
f 1393 1404 1403
f 1394 1405 1404
f 1395 1406 1405
f 1397 1406 1396
f 1398 1407 1397
f 1399 1408 1398
f 1399 1410 1409
f 1400 1401 1410
f 1402 1411 1401
f 1403 1412 1402
f 1403 1414 1413
f 1404 1415 1414
f 1405 1416 1415
f 1407 1416 1406
f 1408 1417 1407
f 1409 1418 1408
f 1409 1420 1419
f 1410 1411 1420
f 1412 1421 1411
f 1413 1422 1412
f 1413 1424 1423
f 1414 1425 1424
f 1415 1426 1425
f 1417 1426 1416
f 1418 1427 1417
f 1419 1428 1418
f 1419 1430 1429
f 1420 1421 1430
f 1422 1431 1421
f 1423 1432 1422
f 1423 1434 1433
f 1424 1435 1434
f 1425 1436 1435
f 1427 1436 1426
f 1428 1437 1427
f 1429 1438 1428
f 1429 1440 1439
f 1430 1431 1440
f 1432 1441 1431
f 1433 1442 1432
f 1433 1444 1443
f 1434 1445 1444
f 1435 1446 1445
f 1437 1446 1436
f 1438 1447 1437
f 1439 1448 1438
f 1439 1450 1449
f 1440 1441 1450
f 1442 1451 1441
f 1443 1452 1442
f 1443 1454 1453
f 1444 1455 1454
f 1445 1456 1455
f 1447 1456 1446
f 1448 1457 1447
f 1449 1458 1448
f 1449 1460 1459
f 1450 1451 1460
f 1452 1461 1451
f 1453 1462 1452
f 1453 1464 1463
f 1454 1465 1464
f 1455 1466 1465
f 1457 1466 1456
f 1458 1467 1457
f 1459 1468 1458
f 1459 1470 1469
f 1460 1461 1470
f 1462 1471 1461
f 1463 1472 1462
f 1463 1474 1473
f 1464 1475 1474
f 1465 1476 1475
f 1467 1476 1466
f 1468 1477 1467
f 1469 1478 1468
f 1469 1480 1479
f 1470 1471 1480
f 1472 1481 1471
f 1473 1482 1472
f 1473 1484 1483
f 1474 1485 1484
f 1475 1486 1485
f 1477 1486 1476
f 1478 1487 1477
f 1479 1488 1478
f 1479 1490 1489
f 1480 1481 1490
f 1482 1491 1481
f 1483 1492 1482
f 1483 1494 1493
f 1484 1495 1494
f 1485 1496 1495
f 1487 1496 1486
f 1488 1497 1487
f 1489 1498 1488
f 1489 1500 1499
f 1490 1491 1500
f 1492 1501 1491
f 1493 1502 1492
f 1493 1504 1503
f 1494 1505 1504
f 1495 1506 1505
f 1497 1506 1496
f 1498 1507 1497
f 1499 1508 1498
f 1499 1510 1509
f 1500 1501 1510
f 1502 1511 1501
f 1503 1512 1502
f 1503 1514 1513
f 1504 1515 1514
f 1505 1516 1515
f 1507 1516 1506
f 1508 1517 1507
f 1509 1518 1508
f 1509 1520 1519
f 1510 1511 1520
f 1512 1521 1511
f 1513 1522 1512
f 1513 1524 1523
f 1514 1525 1524
f 1515 1526 1525
f 1517 1526 1516
f 1518 1527 1517
f 1519 1528 1518
f 1519 1530 1529
f 1520 1521 1530
f 1522 1531 1521
f 1523 1532 1522
f 1523 1534 1533
f 1524 1535 1534
f 1525 1536 1535
f 1527 1536 1526
f 1528 1537 1527
f 1529 1538 1528
f 1529 1540 1539
f 1530 1531 1540
f 1532 1541 1531
f 1533 1542 1532
f 1533 1544 1543
f 1534 1545 1544
f 1535 1546 1545
f 1537 1546 1536
f 1538 1547 1537
f 1539 1548 1538
f 1539 1550 1549
f 1540 1541 1550
f 1542 1551 1541
f 1543 1552 1542
f 1543 1554 1553
f 1544 1555 1554
f 1545 1556 1555
f 1547 1556 1546
f 1548 1557 1547
f 1549 1558 1548
f 1549 1560 1559
f 1550 1551 1560
f 1552 1561 1551
f 1553 1562 1552
f 1553 1564 1563
f 1554 1565 1564
f 1555 1566 1565
f 1557 1566 1556
f 1558 1567 1557
f 1559 1568 1558
f 1559 1570 1569
f 1560 1561 1570
f 1562 1571 1561
f 1563 1572 1562
f 1563 1574 1573
f 1564 1575 1574
f 1565 1576 1575
f 1567 1576 1566
f 1568 1577 1567
f 1569 1578 1568
f 1569 1580 1579
f 1570 1571 1580
f 1572 1581 1571
f 1573 1582 1572
f 1573 1584 1583
f 1574 1585 1584
f 1575 1586 1585
f 1577 1586 1576
f 1578 1587 1577
f 1579 1588 1578
f 1579 1590 1589
f 1580 1581 1590
f 1582 1591 1581
f 1583 1592 1582
f 1584 1593 1583
f 1584 1595 1594
f 1585 1596 1595
f 1587 1596 1586
f 1588 1597 1587
f 1588 1599 1598
f 1589 1600 1599
f 1590 1591 1600
f 1601 2 1
f 1601 3 2
f 1601 4 3
f 1601 5 4
f 1601 6 5
f 1601 7 6
f 1601 8 7
f 1601 9 8
f 1601 10 9
f 1601 1 10
f 1591 1592 1602
f 1592 1593 1602
f 1593 1594 1602
f 1594 1595 1602
f 1595 1596 1602
f 1596 1597 1602
f 1597 1598 1602
f 1598 1599 1602
f 1599 1600 1602
f 1600 1591 1602
f 1604 1613 1603
f 1605 1614 1604
f 1606 1615 1605
f 1607 1616 1606
f 1608 1617 1607
f 1608 1619 1618
f 1609 1620 1619
f 1610 1621 1620
f 1611 1622 1621
f 1612 1613 1622
f 1614 1623 1613
f 1615 1624 1614
f 1616 1625 1615
f 1616 1627 1626
f 1617 1628 1627
f 1619 1628 1618
f 1620 1629 1619
f 1620 1631 1630
f 1621 1632 1631
f 1622 1623 1632
f 1624 1633 1623
f 1625 1634 1624
f 1625 1636 1635
f 1626 1637 1636
f 1627 1638 1637
f 1629 1638 1628
f 1630 1639 1629
f 1631 1640 1630
f 1631 1642 1641
f 1632 1633 1642
f 1634 1643 1633
f 1635 1644 1634
f 1635 1646 1645
f 1636 1647 1646
f 1637 1648 1647
f 1639 1648 1638
f 1640 1649 1639
f 1641 1650 1640
f 1641 1652 1651
f 1642 1643 1652
f 1643 1654 1653
f 1645 1654 1644
f 1645 1656 1655
f 1646 1657 1656
f 1647 1658 1657
f 1649 1658 1648
f 1650 1659 1649
f 1651 1660 1650
f 1651 1662 1661
f 1652 1653 1662
f 1653 1664 1663
f 1655 1664 1654
f 1655 1666 1665
f 1656 1667 1666
f 1657 1668 1667
f 1659 1668 1658
f 1660 1669 1659
f 1661 1670 1660
f 1661 1672 1671
f 1662 1663 1672
f 1663 1674 1673
f 1665 1674 1664
f 1665 1676 1675
f 1666 1677 1676
f 1667 1678 1677
f 1669 1678 1668
f 1670 1679 1669
f 1671 1680 1670
f 1671 1682 1681
f 1672 1673 1682
f 1673 1684 1683
f 1674 1685 1684
f 1675 1686 1685
f 1676 1687 1686
f 1677 1688 1687
f 1679 1688 1678
f 1680 1689 1679
f 1681 1690 1680
f 1681 1692 1691
f 1682 1683 1692
f 1683 1694 1693
f 1684 1695 1694
f 1685 1696 1695
f 1686 1697 1696
f 1687 1698 1697
f 1689 1698 1688
f 1690 1699 1689
f 1691 1700 1690
f 1691 1702 1701
f 1692 1693 1702
f 1693 1704 1703
f 1694 1705 1704
f 1695 1706 1705
f 1696 1707 1706
f 1697 1708 1707
f 1699 1708 1698
f 1700 1709 1699
f 1701 1710 1700
f 1701 1712 1711
f 1702 1703 1712
f 1703 1714 1713
f 1704 1715 1714
f 1705 1716 1715
f 1706 1717 1716
f 1707 1718 1717
f 1709 1718 1708
f 1710 1719 1709
f 1711 1720 1710
f 1711 1722 1721
f 1712 1713 1722
f 1713 1724 1723
f 1714 1725 1724
f 1715 1726 1725
f 1716 1727 1726
f 1717 1728 1727
f 1719 1728 1718
f 1720 1729 1719
f 1721 1730 1720
f 1721 1732 1731
f 1722 1723 1732
f 1724 1733 1723
f 1724 1735 1734
f 1725 1736 1735
f 1726 1737 1736
f 1727 1738 1737
f 1729 1738 1728
f 1730 1739 1729
f 1731 1740 1730
f 1731 1742 1741
f 1732 1733 1742
f 1734 1743 1733
f 1734 1745 1744
f 1735 1746 1745
f 1736 1747 1746
f 1737 1748 1747
f 1739 1748 1738
f 1740 1749 1739
f 1741 1750 1740
f 1742 1751 1741
f 1742 1743 1752
f 1744 1753 1743
f 1744 1755 1754
f 1745 1756 1755
f 1746 1757 1756
f 1747 1758 1757
f 1749 1758 1748
f 1750 1759 1749
f 1751 1760 1750
f 1752 1761 1751
f 1752 1753 1762
f 1754 1763 1753
f 1754 1765 1764
f 1755 1766 1765
f 1756 1767 1766
f 1757 1768 1767
f 1759 1768 1758
f 1760 1769 1759
f 1761 1770 1760
f 1762 1771 1761
f 1762 1763 1772
f 1764 1773 1763
f 1765 1774 1764
f 1765 1776 1775
f 1766 1777 1776
f 1767 1778 1777
f 1769 1778 1768
f 1770 1779 1769
f 1771 1780 1770
f 1772 1781 1771
f 1772 1773 1782
f 1774 1783 1773
f 1775 1784 1774
f 1775 1786 1785
f 1776 1787 1786
f 1777 1788 1787
f 1779 1788 1778
f 1780 1789 1779
f 1781 1790 1780
f 1782 1791 1781
f 1773 1792 1782
f 1784 1793 1783
f 1785 1794 1784
f 1785 1796 1795
f 1786 1797 1796
f 1787 1798 1797
f 1789 1798 1788
f 1790 1799 1789
f 1791 1800 1790
f 1792 1801 1791
f 1783 1802 1792
f 1794 1803 1793
f 1795 1804 1794
f 1795 1806 1805
f 1796 1807 1806
f 1797 1808 1807
f 1799 1808 1798
f 1800 1809 1799
f 1801 1810 1800
f 1802 1811 1801
f 1793 1812 1802
f 1804 1813 1803
f 1805 1814 1804
f 1805 1816 1815
f 1806 1817 1816
f 1807 1818 1817
f 1809 1818 1808
f 1810 1819 1809
f 1811 1820 1810
f 1812 1821 1811
f 1803 1822 1812
f 1814 1823 1813
f 1815 1824 1814
f 1815 1826 1825
f 1816 1827 1826
f 1817 1828 1827
f 1819 1828 1818
f 1820 1829 1819
f 1821 1830 1820
f 1822 1831 1821
f 1813 1832 1822
f 1824 1833 1823
f 1825 1834 1824
f 1825 1836 1835
f 1826 1837 1836
f 1827 1838 1837
f 1829 1838 1828
f 1830 1839 1829
f 1831 1840 1830
f 1832 1841 1831
f 1823 1842 1832
f 1834 1843 1833
f 1835 1844 1834
f 1835 1846 1845
f 1836 1847 1846
f 1837 1848 1847
f 1839 1848 1838
f 1840 1849 1839
f 1841 1850 1840
f 1841 1852 1851
f 1833 1852 1842
f 1844 1853 1843
f 1845 1854 1844
f 1845 1856 1855
f 1846 1857 1856
f 1847 1858 1857
f 1849 1858 1848
f 1850 1859 1849
f 1851 1860 1850
f 1851 1862 1861
f 1843 1862 1852
f 1854 1863 1853
f 1855 1864 1854
f 1855 1866 1865
f 1856 1867 1866
f 1857 1868 1867
f 1859 1868 1858
f 1860 1869 1859
f 1861 1870 1860
f 1861 1872 1871
f 1862 1863 1872
f 1864 1873 1863
f 1865 1874 1864
f 1865 1876 1875
f 1866 1877 1876
f 1867 1878 1877
f 1869 1878 1868
f 1870 1879 1869
f 1871 1880 1870
f 1871 1882 1881
f 1872 1873 1882
f 1874 1883 1873
f 1875 1884 1874
f 1875 1886 1885
f 1876 1887 1886
f 1877 1888 1887
f 1879 1888 1878
f 1880 1889 1879
f 1881 1890 1880
f 1881 1892 1891
f 1882 1883 1892
f 1884 1893 1883
f 1885 1894 1884
f 1886 1895 1885
f 1886 1897 1896
f 1887 1898 1897
f 1889 1898 1888
f 1890 1899 1889
f 1890 1901 1900
f 1891 1902 1901
f 1892 1893 1902
f 1894 1903 1893
f 1895 1904 1894
f 1896 1905 1895
f 1896 1907 1906
f 1897 1908 1907
f 1899 1908 1898
f 1900 1909 1899
f 1900 1911 1910
f 1901 1912 1911
f 1902 1903 1912
f 1904 1913 1903
f 1905 1914 1904
f 1906 1915 1905
f 1906 1917 1916
f 1907 1918 1917
f 1909 1918 1908
f 1910 1919 1909
f 1910 1921 1920
f 1911 1922 1921
f 1912 1913 1922
f 1914 1923 1913
f 1915 1924 1914
f 1916 1925 1915
f 1916 1927 1926
f 1917 1928 1927
f 1918 1929 1928
f 1920 1929 1919
f 1920 1931 1930
f 1921 1932 1931
f 1922 1923 1932
f 1924 1933 1923
f 1925 1934 1924
f 1926 1935 1925
f 1926 1937 1936
f 1927 1938 1937
f 1928 1939 1938
f 1930 1939 1929
f 1930 1941 1940
f 1931 1942 1941
f 1932 1933 1942
f 1934 1943 1933
f 1935 1944 1934
f 1936 1945 1935
f 1936 1947 1946
f 1937 1948 1947
f 1938 1949 1948
f 1939 1950 1949
f 1940 1951 1950
f 1941 1952 1951
f 1942 1943 1952
f 1944 1953 1943
f 1945 1954 1944
f 1946 1955 1945
f 1946 1957 1956
f 1947 1958 1957
f 1948 1959 1958
f 1949 1960 1959
f 1950 1961 1960
f 1951 1962 1961
f 1952 1953 1962
f 1954 1963 1953
f 1955 1964 1954
f 1956 1965 1955
f 1956 1967 1966
f 1957 1968 1967
f 1958 1969 1968
f 1959 1970 1969
f 1960 1971 1970
f 1961 1972 1971
f 1962 1963 1972
f 1964 1973 1963
f 1965 1974 1964
f 1966 1975 1965
f 1966 1977 1976
f 1967 1978 1977
f 1968 1979 1978
f 1969 1980 1979
f 1970 1981 1980
f 1971 1982 1981
f 1972 1973 1982
f 1974 1983 1973
f 1975 1984 1974
f 1976 1985 1975
f 1977 1986 1976
f 1977 1988 1987
f 1978 1989 1988
f 1979 1990 1989
f 1980 1991 1990
f 1981 1992 1991
f 1982 1983 1992
f 1984 1993 1983
f 1985 1994 1984
f 1986 1995 1985
f 1987 1996 1986
f 1987 1998 1997
f 1989 1998 1988
f 1989 2000 1999
f 1990 2001 2000
f 1991 2002 2001
f 1992 1993 2002
f 1994 2003 1993
f 1995 2004 1994
f 1996 2005 1995
f 1996 2007 2006
f 1997 2008 2007
f 1999 2008 1998
f 1999 2010 2009
f 2000 2011 2010
f 2001 2012 2011
f 2002 2003 2012
f 2004 2013 2003
f 2005 2014 2004
f 2006 2015 2005
f 2007 2016 2006
f 2007 2018 2017
f 2009 2018 2008
f 2009 2020 2019
f 2010 2021 2020
f 2011 2022 2021
f 2012 2013 2022
f 2014 2023 2013
f 2015 2024 2014
f 2016 2025 2015
f 2017 2026 2016
f 2017 2028 2027
f 2019 2028 2018
f 2020 2029 2019
f 2020 2031 2030
f 2021 2032 2031
f 2022 2023 2032
f 2024 2033 2023
f 2025 2034 2024
f 2026 2035 2025
f 2027 2036 2026
f 2027 2038 2037
f 2029 2038 2028
f 2030 2039 2029
f 2030 2041 2040
f 2031 2042 2041
f 2032 2033 2042
f 2034 2043 2033
f 2035 2044 2034
f 2036 2045 2035
f 2037 2046 2036
f 2037 2048 2047
f 2039 2048 2038
f 2040 2049 2039
f 2040 2051 2050
f 2041 2052 2051
f 2042 2043 2052
f 2044 2053 2043
f 2045 2054 2044
f 2046 2055 2045
f 2047 2056 2046
f 2047 2058 2057
f 2049 2058 2048
f 2050 2059 2049
f 2050 2061 2060
f 2051 2062 2061
f 2052 2053 2062
f 2054 2063 2053
f 2055 2064 2054
f 2056 2065 2055
f 2057 2066 2056
f 2058 2067 2057
f 2059 2068 2058
f 2060 2069 2059
f 2060 2071 2070
f 2061 2072 2071
f 2062 2063 2072
f 2064 2073 2063
f 2065 2074 2064
f 2066 2075 2065
f 2066 2077 2076
f 2068 2077 2067
f 2069 2078 2068
f 2070 2079 2069
f 2070 2081 2080
f 2071 2082 2081
f 2072 2073 2082
f 2074 2083 2073
f 2075 2084 2074
f 2076 2085 2075
f 2076 2087 2086
f 2077 2088 2087
f 2079 2088 2078
f 2080 2089 2079
f 2080 2091 2090
f 2081 2092 2091
f 2082 2083 2092
f 2084 2093 2083
f 2085 2094 2084
f 2086 2095 2085
f 2086 2097 2096
f 2087 2098 2097
f 2089 2098 2088
f 2090 2099 2089
f 2090 2101 2100
f 2091 2102 2101
f 2092 2093 2102
f 2094 2103 2093
f 2095 2104 2094
f 2096 2105 2095
f 2096 2107 2106
f 2097 2108 2107
f 2099 2108 2098
f 2100 2109 2099
f 2100 2111 2110
f 2101 2112 2111
f 2102 2103 2112
f 2104 2113 2103
f 2105 2114 2104
f 2106 2115 2105
f 2106 2117 2116
f 2107 2118 2117
f 2109 2118 2108
f 2110 2119 2109
f 2110 2121 2120
f 2111 2122 2121
f 2112 2113 2122
f 2114 2123 2113
f 2115 2124 2114
f 2116 2125 2115
f 2116 2127 2126
f 2117 2128 2127
f 2119 2128 2118
f 2120 2129 2119
f 2120 2131 2130
f 2121 2132 2131
f 2122 2123 2132
f 2124 2133 2123
f 2125 2134 2124
f 2126 2135 2125
f 2126 2137 2136
f 2127 2138 2137
f 2129 2138 2128
f 2130 2139 2129
f 2130 2141 2140
f 2131 2142 2141
f 2132 2133 2142
f 2134 2143 2133
f 2135 2144 2134
f 2135 2146 2145
f 2136 2147 2146
f 2137 2148 2147
f 2139 2148 2138
f 2140 2149 2139
f 2141 2150 2140
f 2141 2152 2151
f 2142 2143 2152
f 2144 2153 2143
f 2145 2154 2144
f 2145 2156 2155
f 2146 2157 2156
f 2147 2158 2157
f 2149 2158 2148
f 2150 2159 2149
f 2151 2160 2150
f 2151 2162 2161
f 2152 2153 2162
f 2154 2163 2153
f 2155 2164 2154
f 2155 2166 2165
f 2156 2167 2166
f 2157 2168 2167
f 2159 2168 2158
f 2160 2169 2159
f 2161 2170 2160
f 2161 2172 2171
f 2162 2163 2172
f 2164 2173 2163
f 2165 2174 2164
f 2165 2176 2175
f 2166 2177 2176
f 2167 2178 2177
f 2169 2178 2168
f 2170 2179 2169
f 2171 2180 2170
f 2171 2182 2181
f 2172 2173 2182
f 2174 2183 2173
f 2175 2184 2174
f 2175 2186 2185
f 2176 2187 2186
f 2177 2188 2187
f 2179 2188 2178
f 2180 2189 2179
f 2181 2190 2180
f 2181 2192 2191
f 2182 2183 2192
f 2184 2193 2183
f 2185 2194 2184
f 2185 2196 2195
f 2186 2197 2196
f 2187 2198 2197
f 2189 2198 2188
f 2190 2199 2189
f 2191 2200 2190
f 2191 2202 2201
f 2192 2193 2202
f 2194 2203 2193
f 2195 2204 2194
f 2195 2206 2205
f 2196 2207 2206
f 2197 2208 2207
f 2199 2208 2198
f 2200 2209 2199
f 2201 2210 2200
f 2201 2212 2211
f 2202 2203 2212
f 2204 2213 2203
f 2205 2214 2204
f 2205 2216 2215
f 2206 2217 2216
f 2207 2218 2217
f 2209 2218 2208
f 2210 2219 2209
f 2211 2220 2210
f 2211 2222 2221
f 2212 2213 2222
f 2214 2223 2213
f 2215 2224 2214
f 2215 2226 2225
f 2216 2227 2226
f 2217 2228 2227
f 2219 2228 2218
f 2220 2229 2219
f 2221 2230 2220
f 2221 2232 2231
f 2222 2223 2232
f 2224 2233 2223
f 2225 2234 2224
f 2225 2236 2235
f 2226 2237 2236
f 2227 2238 2237
f 2229 2238 2228
f 2230 2239 2229
f 2231 2240 2230
f 2231 2242 2241
f 2232 2233 2242
f 2234 2243 2233
f 2235 2244 2234
f 2235 2246 2245
f 2236 2247 2246
f 2237 2248 2247
f 2239 2248 2238
f 2240 2249 2239
f 2241 2250 2240
f 2241 2252 2251
f 2242 2243 2252
f 2244 2253 2243
f 2245 2254 2244
f 2245 2256 2255
f 2246 2257 2256
f 2247 2258 2257
f 2249 2258 2248
f 2250 2259 2249
f 2251 2260 2250
f 2251 2262 2261
f 2252 2253 2262
f 2254 2263 2253
f 2255 2264 2254
f 2255 2266 2265
f 2256 2267 2266
f 2257 2268 2267
f 2259 2268 2258
f 2260 2269 2259
f 2261 2270 2260
f 2261 2272 2271
f 2262 2263 2272
f 2264 2273 2263
f 2265 2274 2264
f 2265 2276 2275
f 2266 2277 2276
f 2267 2278 2277
f 2269 2278 2268
f 2270 2279 2269
f 2271 2280 2270
f 2271 2282 2281
f 2272 2273 2282
f 2274 2283 2273
f 2275 2284 2274
f 2275 2286 2285
f 2276 2287 2286
f 2277 2288 2287
f 2279 2288 2278
f 2280 2289 2279
f 2281 2290 2280
f 2281 2292 2291
f 2282 2283 2292
f 2284 2293 2283
f 2285 2294 2284
f 2285 2296 2295
f 2286 2297 2296
f 2287 2298 2297
f 2289 2298 2288
f 2290 2299 2289
f 2291 2300 2290
f 2291 2302 2301
f 2292 2293 2302
f 2294 2303 2293
f 2295 2304 2294
f 2295 2306 2305
f 2296 2307 2306
f 2297 2308 2307
f 2299 2308 2298
f 2300 2309 2299
f 2301 2310 2300
f 2301 2312 2311
f 2302 2303 2312
f 2304 2313 2303
f 2305 2314 2304
f 2305 2316 2315
f 2306 2317 2316
f 2307 2318 2317
f 2309 2318 2308
f 2310 2319 2309
f 2311 2320 2310
f 2311 2322 2321
f 2312 2313 2322
f 2314 2323 2313
f 2315 2324 2314
f 2315 2326 2325
f 2316 2327 2326
f 2317 2328 2327
f 2319 2328 2318
f 2320 2329 2319
f 2321 2330 2320
f 2321 2332 2331
f 2322 2323 2332
f 2324 2333 2323
f 2325 2334 2324
f 2325 2336 2335
f 2326 2337 2336
f 2327 2338 2337
f 2329 2338 2328
f 2330 2339 2329
f 2331 2340 2330
f 2331 2342 2341
f 2332 2333 2342
f 2334 2343 2333
f 2335 2344 2334
f 2335 2346 2345
f 2336 2347 2346
f 2337 2348 2347
f 2339 2348 2338
f 2340 2349 2339
f 2341 2350 2340
f 2341 2352 2351
f 2342 2343 2352
f 2344 2353 2343
f 2345 2354 2344
f 2345 2356 2355
f 2346 2357 2356
f 2347 2358 2357
f 2349 2358 2348
f 2350 2359 2349
f 2351 2360 2350
f 2351 2362 2361
f 2352 2353 2362
f 2354 2363 2353
f 2355 2364 2354
f 2355 2366 2365
f 2356 2367 2366
f 2357 2368 2367
f 2359 2368 2358
f 2360 2369 2359
f 2361 2370 2360
f 2361 2372 2371
f 2362 2363 2372
f 2364 2373 2363
f 2365 2374 2364
f 2365 2376 2375
f 2366 2377 2376
f 2367 2378 2377
f 2369 2378 2368
f 2370 2379 2369
f 2371 2380 2370
f 2371 2382 2381
f 2372 2373 2382
f 2374 2383 2373
f 2375 2384 2374
f 2375 2386 2385
f 2376 2387 2386
f 2377 2388 2387
f 2379 2388 2378
f 2380 2389 2379
f 2381 2390 2380
f 2381 2392 2391
f 2382 2383 2392
f 2384 2393 2383
f 2385 2394 2384
f 2386 2395 2385
f 2386 2397 2396
f 2387 2398 2397
f 2389 2398 2388
f 2390 2399 2389
f 2391 2400 2390
f 2391 2402 2401
f 2392 2393 2402
f 2394 2403 2393
f 2395 2404 2394
f 2395 2406 2405
f 2396 2407 2406
f 2397 2408 2407
f 2399 2408 2398
f 2400 2409 2399
f 2401 2410 2400
f 2401 2412 2411
f 2402 2403 2412
f 2404 2413 2403
f 2405 2414 2404
f 2405 2416 2415
f 2406 2417 2416
f 2407 2418 2417
f 2409 2418 2408
f 2410 2419 2409
f 2411 2420 2410
f 2411 2422 2421
f 2412 2413 2422
f 2414 2423 2413
f 2415 2424 2414
f 2416 2425 2415
f 2416 2427 2426
f 2417 2428 2427
f 2419 2428 2418
f 2420 2429 2419
f 2420 2431 2430
f 2421 2432 2431
f 2422 2423 2432
f 2424 2433 2423
f 2425 2434 2424
f 2426 2435 2425
f 2426 2437 2436
f 2427 2438 2437
f 2429 2438 2428
f 2430 2439 2429
f 2430 2441 2440
f 2431 2442 2441
f 2432 2433 2442
f 2434 2443 2433
f 2435 2444 2434
f 2436 2445 2435
f 2436 2447 2446
f 2437 2448 2447
f 2439 2448 2438
f 2440 2449 2439
f 2440 2451 2450
f 2441 2452 2451
f 2442 2443 2452
f 2444 2453 2443
f 2445 2454 2444
f 2446 2455 2445
f 2446 2457 2456
f 2447 2458 2457
f 2449 2458 2448
f 2450 2459 2449
f 2450 2461 2460
f 2451 2462 2461
f 2452 2453 2462
f 2454 2463 2453
f 2455 2464 2454
f 2456 2465 2455
f 2456 2467 2466
f 2457 2468 2467
f 2459 2468 2458
f 2460 2469 2459
f 2460 2471 2470
f 2461 2472 2471
f 2462 2463 2472
f 2464 2473 2463
f 2465 2474 2464
f 2466 2475 2465
f 2466 2477 2476
f 2467 2478 2477
f 2469 2478 2468
f 2470 2479 2469
f 2470 2481 2480
f 2471 2482 2481
f 2472 2473 2482
f 2474 2483 2473
f 2475 2484 2474
f 2476 2485 2475
f 2476 2487 2486
f 2477 2488 2487
f 2479 2488 2478
f 2480 2489 2479
f 2480 2491 2490
f 2481 2492 2491
f 2482 2483 2492
f 2484 2493 2483
f 2485 2494 2484
f 2486 2495 2485
f 2486 2497 2496
f 2487 2498 2497
f 2489 2498 2488
f 2490 2499 2489
f 2490 2501 2500
f 2491 2502 2501
f 2492 2493 2502
f 2494 2503 2493
f 2495 2504 2494
f 2496 2505 2495
f 2496 2507 2506
f 2497 2508 2507
f 2499 2508 2498
f 2500 2509 2499
f 2500 2511 2510
f 2501 2512 2511
f 2502 2503 2512
f 2504 2513 2503
f 2505 2514 2504
f 2506 2515 2505
f 2506 2517 2516
f 2507 2518 2517
f 2509 2518 2508
f 2510 2519 2509
f 2510 2521 2520
f 2511 2522 2521
f 2512 2513 2522
f 2514 2523 2513
f 2515 2524 2514
f 2516 2525 2515
f 2516 2527 2526
f 2517 2528 2527
f 2519 2528 2518
f 2520 2529 2519
f 2520 2531 2530
f 2521 2532 2531
f 2522 2523 2532
f 2524 2533 2523
f 2525 2534 2524
f 2526 2535 2525
f 2526 2537 2536
f 2527 2538 2537
f 2529 2538 2528
f 2530 2539 2529
f 2530 2541 2540
f 2531 2542 2541
f 2532 2533 2542
f 2534 2543 2533
f 2535 2544 2534
f 2536 2545 2535
f 2536 2547 2546
f 2537 2548 2547
f 2539 2548 2538
f 2540 2549 2539
f 2540 2551 2550
f 2541 2552 2551
f 2542 2543 2552
f 2544 2553 2543
f 2545 2554 2544
f 2546 2555 2545
f 2546 2557 2556
f 2547 2558 2557
f 2549 2558 2548
f 2550 2559 2549
f 2550 2561 2560
f 2551 2562 2561
f 2552 2553 2562
f 2554 2563 2553
f 2555 2564 2554
f 2556 2565 2555
f 2556 2567 2566
f 2557 2568 2567
f 2559 2568 2558
f 2560 2569 2559
f 2560 2571 2570
f 2561 2572 2571
f 2562 2563 2572
f 2564 2573 2563
f 2565 2574 2564
f 2566 2575 2565
f 2566 2577 2576
f 2567 2578 2577
f 2569 2578 2568
f 2570 2579 2569
f 2570 2581 2580
f 2571 2582 2581
f 2572 2573 2582
f 2574 2583 2573
f 2575 2584 2574
f 2576 2585 2575
f 2576 2587 2586
f 2577 2588 2587
f 2579 2588 2578
f 2580 2589 2579
f 2580 2591 2590
f 2581 2592 2591
f 2582 2583 2592
f 2584 2593 2583
f 2585 2594 2584
f 2586 2595 2585
f 2586 2597 2596
f 2587 2598 2597
f 2589 2598 2588
f 2590 2599 2589
f 2590 2601 2600
f 2591 2602 2601
f 2592 2593 2602
f 2594 2603 2593
f 2595 2604 2594
f 2596 2605 2595
f 2596 2607 2606
f 2597 2608 2607
f 2599 2608 2598
f 2600 2609 2599
f 2600 2611 2610
f 2601 2612 2611
f 2602 2603 2612
f 2604 2613 2603
f 2605 2614 2604
f 2606 2615 2605
f 2606 2617 2616
f 2607 2618 2617
f 2609 2618 2608
f 2610 2619 2609
f 2610 2621 2620
f 2611 2622 2621
f 2612 2613 2622
f 2614 2623 2613
f 2615 2624 2614
f 2616 2625 2615
f 2616 2627 2626
f 2617 2628 2627
f 2619 2628 2618
f 2620 2629 2619
f 2620 2631 2630
f 2621 2632 2631
f 2622 2623 2632
f 2624 2633 2623
f 2625 2634 2624
f 2626 2635 2625
f 2626 2637 2636
f 2627 2638 2637
f 2629 2638 2628
f 2630 2639 2629
f 2630 2641 2640
f 2631 2642 2641
f 2632 2633 2642
f 2634 2643 2633
f 2635 2644 2634
f 2636 2645 2635
f 2636 2647 2646
f 2637 2648 2647
f 2639 2648 2638
f 2640 2649 2639
f 2640 2651 2650
f 2641 2652 2651
f 2642 2643 2652
f 2644 2653 2643
f 2645 2654 2644
f 2646 2655 2645
f 2646 2657 2656
f 2647 2658 2657
f 2649 2658 2648
f 2650 2659 2649
f 2650 2661 2660
f 2651 2662 2661
f 2652 2653 2662
f 2654 2663 2653
f 2655 2664 2654
f 2656 2665 2655
f 2656 2667 2666
f 2657 2668 2667
f 2659 2668 2658
f 2660 2669 2659
f 2660 2671 2670
f 2661 2672 2671
f 2662 2663 2672
f 2664 2673 2663
f 2665 2674 2664
f 2666 2675 2665
f 2666 2677 2676
f 2667 2678 2677
f 2669 2678 2668
f 2670 2679 2669
f 2670 2681 2680
f 2671 2682 2681
f 2672 2673 2682
f 2674 2683 2673
f 2675 2684 2674
f 2676 2685 2675
f 2676 2687 2686
f 2677 2688 2687
f 2679 2688 2678
f 2680 2689 2679
f 2680 2691 2690
f 2681 2692 2691
f 2682 2683 2692
f 2684 2693 2683
f 2685 2694 2684
f 2686 2695 2685
f 2686 2697 2696
f 2687 2698 2697
f 2689 2698 2688
f 2690 2699 2689
f 2690 2701 2700
f 2691 2702 2701
f 2692 2693 2702
f 2694 2703 2693
f 2695 2704 2694
f 2696 2705 2695
f 2696 2707 2706
f 2697 2708 2707
f 2699 2708 2698
f 2700 2709 2699
f 2700 2711 2710
f 2701 2712 2711
f 2702 2703 2712
f 2704 2713 2703
f 2705 2714 2704
f 2705 2716 2715
f 2706 2717 2716
f 2707 2718 2717
f 2709 2718 2708
f 2710 2719 2709
f 2711 2720 2710
f 2711 2722 2721
f 2712 2713 2722
f 2714 2723 2713
f 2715 2724 2714
f 2715 2726 2725
f 2716 2727 2726
f 2717 2728 2727
f 2719 2728 2718
f 2720 2729 2719
f 2721 2730 2720
f 2721 2732 2731
f 2722 2723 2732
f 2724 2733 2723
f 2725 2734 2724
f 2725 2736 2735
f 2726 2737 2736
f 2727 2738 2737
f 2729 2738 2728
f 2730 2739 2729
f 2731 2740 2730
f 2731 2742 2741
f 2732 2733 2742
f 2734 2743 2733
f 2735 2744 2734
f 2735 2746 2745
f 2736 2747 2746
f 2737 2748 2747
f 2739 2748 2738
f 2740 2749 2739
f 2741 2750 2740
f 2741 2752 2751
f 2742 2743 2752
f 2744 2753 2743
f 2745 2754 2744
f 2745 2756 2755
f 2746 2757 2756
f 2747 2758 2757
f 2749 2758 2748
f 2750 2759 2749
f 2751 2760 2750
f 2751 2762 2761
f 2752 2753 2762
f 2754 2763 2753
f 2755 2764 2754
f 2755 2766 2765
f 2756 2767 2766
f 2757 2768 2767
f 2759 2768 2758
f 2760 2769 2759
f 2761 2770 2760
f 2761 2772 2771
f 2762 2763 2772
f 2764 2773 2763
f 2765 2774 2764
f 2765 2776 2775
f 2766 2777 2776
f 2767 2778 2777
f 2769 2778 2768
f 2770 2779 2769
f 2771 2780 2770
f 2771 2782 2781
f 2772 2773 2782
f 2774 2783 2773
f 2775 2784 2774
f 2775 2786 2785
f 2776 2787 2786
f 2777 2788 2787
f 2779 2788 2778
f 2780 2789 2779
f 2781 2790 2780
f 2781 2792 2791
f 2782 2783 2792
f 2784 2793 2783
f 2785 2794 2784
f 2785 2796 2795
f 2786 2797 2796
f 2787 2798 2797
f 2789 2798 2788
f 2790 2799 2789
f 2791 2800 2790
f 2791 2802 2801
f 2792 2793 2802
f 2794 2803 2793
f 2795 2804 2794
f 2795 2806 2805
f 2796 2807 2806
f 2797 2808 2807
f 2799 2808 2798
f 2800 2809 2799
f 2801 2810 2800
f 2801 2812 2811
f 2802 2803 2812
f 2804 2813 2803
f 2805 2814 2804
f 2805 2816 2815
f 2806 2817 2816
f 2807 2818 2817
f 2809 2818 2808
f 2810 2819 2809
f 2811 2820 2810
f 2811 2822 2821
f 2812 2813 2822
f 2814 2823 2813
f 2815 2824 2814
f 2815 2826 2825
f 2816 2827 2826
f 2817 2828 2827
f 2819 2828 2818
f 2820 2829 2819
f 2821 2830 2820
f 2821 2832 2831
f 2822 2823 2832
f 2824 2833 2823
f 2825 2834 2824
f 2825 2836 2835
f 2826 2837 2836
f 2827 2838 2837
f 2829 2838 2828
f 2830 2839 2829
f 2831 2840 2830
f 2831 2842 2841
f 2832 2833 2842
f 2834 2843 2833
f 2835 2844 2834
f 2835 2846 2845
f 2836 2847 2846
f 2837 2848 2847
f 2839 2848 2838
f 2840 2849 2839
f 2841 2850 2840
f 2841 2852 2851
f 2842 2843 2852
f 2844 2853 2843
f 2845 2854 2844
f 2845 2856 2855
f 2846 2857 2856
f 2847 2858 2857
f 2849 2858 2848
f 2850 2859 2849
f 2851 2860 2850
f 2851 2862 2861
f 2852 2853 2862
f 2854 2863 2853
f 2855 2864 2854
f 2855 2866 2865
f 2856 2867 2866
f 2857 2868 2867
f 2859 2868 2858
f 2860 2869 2859
f 2861 2870 2860
f 2861 2872 2871
f 2862 2863 2872
f 2864 2873 2863
f 2865 2874 2864
f 2865 2876 2875
f 2866 2877 2876
f 2867 2878 2877
f 2869 2878 2868
f 2870 2879 2869
f 2871 2880 2870
f 2871 2882 2881
f 2872 2873 2882
f 2874 2883 2873
f 2875 2884 2874
f 2875 2886 2885
f 2876 2887 2886
f 2877 2888 2887
f 2879 2888 2878
f 2880 2889 2879
f 2881 2890 2880
f 2881 2892 2891
f 2882 2883 2892
f 2884 2893 2883
f 2885 2894 2884
f 2885 2896 2895
f 2886 2897 2896
f 2887 2898 2897
f 2889 2898 2888
f 2890 2899 2889
f 2891 2900 2890
f 2891 2902 2901
f 2892 2893 2902
f 2894 2903 2893
f 2895 2904 2894
f 2895 2906 2905
f 2896 2907 2906
f 2897 2908 2907
f 2899 2908 2898
f 2900 2909 2899
f 2901 2910 2900
f 2901 2912 2911
f 2902 2903 2912
f 2904 2913 2903
f 2905 2914 2904
f 2905 2916 2915
f 2906 2917 2916
f 2907 2918 2917
f 2909 2918 2908
f 2910 2919 2909
f 2911 2920 2910
f 2911 2922 2921
f 2912 2913 2922
f 2914 2923 2913
f 2915 2924 2914
f 2915 2926 2925
f 2916 2927 2926
f 2917 2928 2927
f 2919 2928 2918
f 2920 2929 2919
f 2921 2930 2920
f 2921 2932 2931
f 2922 2923 2932
f 2924 2933 2923
f 2925 2934 2924
f 2925 2936 2935
f 2926 2937 2936
f 2927 2938 2937
f 2929 2938 2928
f 2930 2939 2929
f 2931 2940 2930
f 2931 2942 2941
f 2932 2933 2942
f 2934 2943 2933
f 2935 2944 2934
f 2935 2946 2945
f 2936 2947 2946
f 2937 2948 2947
f 2939 2948 2938
f 2940 2949 2939
f 2941 2950 2940
f 2941 2952 2951
f 2942 2943 2952
f 2944 2953 2943
f 2945 2954 2944
f 2945 2956 2955
f 2946 2957 2956
f 2947 2958 2957
f 2949 2958 2948
f 2950 2959 2949
f 2951 2960 2950
f 2951 2962 2961
f 2952 2953 2962
f 2954 2963 2953
f 2955 2964 2954
f 2956 2965 2955
f 2956 2967 2966
f 2957 2968 2967
f 2959 2968 2958
f 2960 2969 2959
f 2960 2971 2970
f 2961 2972 2971
f 2962 2963 2972
f 2964 2973 2963
f 2965 2974 2964
f 2966 2975 2965
f 2966 2977 2976
f 2967 2978 2977
f 2969 2978 2968
f 2970 2979 2969
f 2970 2981 2980
f 2971 2982 2981
f 2972 2973 2982
f 2974 2983 2973
f 2975 2984 2974
f 2976 2985 2975
f 2976 2987 2986
f 2977 2988 2987
f 2979 2988 2978
f 2980 2989 2979
f 2980 2991 2990
f 2981 2992 2991
f 2982 2983 2992
f 2984 2993 2983
f 2985 2994 2984
f 2986 2995 2985
f 2986 2997 2996
f 2987 2998 2997
f 2989 2998 2988
f 2990 2999 2989
f 2990 3001 3000
f 2991 3002 3001
f 2992 2993 3002
f 2994 3003 2993
f 2995 3004 2994
f 2996 3005 2995
f 2996 3007 3006
f 2997 3008 3007
f 2999 3008 2998
f 3000 3009 2999
f 3000 3011 3010
f 3001 3012 3011
f 3002 3003 3012
f 3004 3013 3003
f 3005 3014 3004
f 3006 3015 3005
f 3006 3017 3016
f 3007 3018 3017
f 3009 3018 3008
f 3010 3019 3009
f 3010 3021 3020
f 3011 3022 3021
f 3012 3013 3022
f 3014 3023 3013
f 3015 3024 3014
f 3016 3025 3015
f 3016 3027 3026
f 3017 3028 3027
f 3019 3028 3018
f 3020 3029 3019
f 3020 3031 3030
f 3021 3032 3031
f 3022 3023 3032
f 3024 3033 3023
f 3025 3034 3024
f 3026 3035 3025
f 3026 3037 3036
f 3027 3038 3037
f 3029 3038 3028
f 3030 3039 3029
f 3030 3041 3040
f 3031 3042 3041
f 3032 3033 3042
f 3034 3043 3033
f 3035 3044 3034
f 3036 3045 3035
f 3036 3047 3046
f 3037 3048 3047
f 3039 3048 3038
f 3040 3049 3039
f 3040 3051 3050
f 3041 3052 3051
f 3042 3043 3052
f 3044 3053 3043
f 3045 3054 3044
f 3046 3055 3045
f 3046 3057 3056
f 3047 3058 3057
f 3049 3058 3048
f 3050 3059 3049
f 3050 3061 3060
f 3051 3062 3061
f 3052 3053 3062
f 3054 3063 3053
f 3055 3064 3054
f 3056 3065 3055
f 3056 3067 3066
f 3057 3068 3067
f 3059 3068 3058
f 3060 3069 3059
f 3060 3071 3070
f 3061 3072 3071
f 3062 3063 3072
f 3064 3073 3063
f 3065 3074 3064
f 3066 3075 3065
f 3066 3077 3076
f 3067 3078 3077
f 3069 3078 3068
f 3070 3079 3069
f 3070 3081 3080
f 3071 3082 3081
f 3072 3073 3082
f 3074 3083 3073
f 3075 3084 3074
f 3076 3085 3075
f 3076 3087 3086
f 3077 3088 3087
f 3079 3088 3078
f 3080 3089 3079
f 3080 3091 3090
f 3081 3092 3091
f 3082 3083 3092
f 3084 3093 3083
f 3085 3094 3084
f 3086 3095 3085
f 3086 3097 3096
f 3087 3098 3097
f 3089 3098 3088
f 3090 3099 3089
f 3090 3101 3100
f 3091 3102 3101
f 3092 3093 3102
f 3094 3103 3093
f 3095 3104 3094
f 3096 3105 3095
f 3096 3107 3106
f 3097 3108 3107
f 3099 3108 3098
f 3100 3109 3099
f 3100 3111 3110
f 3101 3112 3111
f 3102 3103 3112
f 3104 3113 3103
f 3105 3114 3104
f 3106 3115 3105
f 3106 3117 3116
f 3107 3118 3117
f 3109 3118 3108
f 3110 3119 3109
f 3110 3121 3120
f 3111 3122 3121
f 3112 3113 3122
f 3114 3123 3113
f 3115 3124 3114
f 3116 3125 3115
f 3116 3127 3126
f 3117 3128 3127
f 3119 3128 3118
f 3120 3129 3119
f 3120 3131 3130
f 3121 3132 3131
f 3122 3123 3132
f 3124 3133 3123
f 3125 3134 3124
f 3126 3135 3125
f 3126 3137 3136
f 3127 3138 3137
f 3129 3138 3128
f 3130 3139 3129
f 3130 3141 3140
f 3131 3142 3141
f 3132 3133 3142
f 3134 3143 3133
f 3135 3144 3134
f 3136 3145 3135
f 3136 3147 3146
f 3137 3148 3147
f 3139 3148 3138
f 3140 3149 3139
f 3140 3151 3150
f 3141 3152 3151
f 3142 3143 3152
f 3144 3153 3143
f 3145 3154 3144
f 3146 3155 3145
f 3146 3157 3156
f 3147 3158 3157
f 3149 3158 3148
f 3150 3159 3149
f 3150 3161 3160
f 3151 3162 3161
f 3152 3153 3162
f 3154 3163 3153
f 3155 3164 3154
f 3156 3165 3155
f 3156 3167 3166
f 3157 3168 3167
f 3159 3168 3158
f 3160 3169 3159
f 3160 3171 3170
f 3161 3172 3171
f 3162 3163 3172
f 3164 3173 3163
f 3165 3174 3164
f 3166 3175 3165
f 3166 3177 3176
f 3167 3178 3177
f 3169 3178 3168
f 3170 3179 3169
f 3170 3181 3180
f 3171 3182 3181
f 3172 3173 3182
f 3174 3183 3173
f 3175 3184 3174
f 3176 3185 3175
f 3176 3187 3186
f 3177 3188 3187
f 3179 3188 3178
f 3180 3189 3179
f 3180 3191 3190
f 3181 3192 3191
f 3182 3183 3192
f 3184 3193 3183
f 3185 3194 3184
f 3185 3196 3195
f 3186 3197 3196
f 3187 3198 3197
f 3189 3198 3188
f 3190 3199 3189
f 3191 3200 3190
f 3191 3202 3201
f 3192 3193 3202
f 3203 1604 1603
f 3203 1605 1604
f 3203 1606 1605
f 3203 1607 1606
f 3203 1608 1607
f 3203 1609 1608
f 3203 1610 1609
f 3203 1611 1610
f 3203 1612 1611
f 3203 1603 1612
f 3193 3194 3204
f 3194 3195 3204
f 3195 3196 3204
f 3196 3197 3204
f 3197 3198 3204
f 3198 3199 3204
f 3199 3200 3204
f 3200 3201 3204
f 3201 3202 3204
f 3202 3193 3204
f 1 2 12
f 2 3 13
f 3 4 14
f 4 5 15
f 5 6 16
f 7 17 16
f 8 18 17
f 9 19 18
f 10 20 19
f 1 11 20
f 12 22 21
f 13 23 22
f 13 14 24
f 14 15 25
f 15 16 26
f 17 27 26
f 18 28 27
f 19 29 28
f 19 20 30
f 20 11 21
f 22 32 31
f 23 33 32
f 24 34 33
f 24 25 35
f 25 26 36
f 27 37 36
f 28 38 37
f 28 29 39
f 29 30 40
f 30 21 31
f 32 42 41
f 33 43 42
f 34 44 43
f 34 35 45
f 35 36 46
f 37 47 46
f 38 48 47
f 38 39 49
f 39 40 50
f 40 31 41
f 42 52 51
f 43 53 52
f 44 54 53
f 44 45 55
f 45 46 56
f 46 47 57
f 48 58 57
f 48 49 59
f 49 50 60
f 50 41 51
f 52 62 61
f 53 63 62
f 54 64 63
f 54 55 65
f 55 56 66
f 56 57 67
f 58 68 67
f 58 59 69
f 59 60 70
f 60 51 61
f 62 72 71
f 63 73 72
f 64 74 73
f 64 65 75
f 65 66 76
f 66 67 77
f 68 78 77
f 68 69 79
f 69 70 80
f 70 61 71
f 72 82 81
f 73 83 82
f 74 84 83
f 74 75 85
f 75 76 86
f 76 77 87
f 77 78 88
f 78 79 89
f 79 80 90
f 80 71 81
f 82 92 91
f 83 93 92
f 84 94 93
f 84 85 95
f 85 86 96
f 86 87 97
f 87 88 98
f 88 89 99
f 89 90 100
f 90 81 91
f 92 102 101
f 93 103 102
f 94 104 103
f 94 95 105
f 95 96 106
f 96 97 107
f 97 98 108
f 98 99 109
f 99 100 110
f 100 91 101
f 102 112 111
f 103 113 112
f 104 114 113
f 104 105 115
f 105 106 116
f 106 107 117
f 107 108 118
f 108 109 119
f 109 110 120
f 110 101 111
f 112 122 121
f 113 123 122
f 114 124 123
f 114 115 125
f 115 116 126
f 116 117 127
f 117 118 128
f 118 119 129
f 119 120 130
f 120 111 121
f 122 132 131
f 123 133 132
f 124 134 133
f 124 125 135
f 125 126 136
f 127 137 136
f 127 128 138
f 128 129 139
f 129 130 140
f 130 121 131
f 132 142 141
f 133 143 142
f 134 144 143
f 135 145 144
f 135 136 146
f 137 147 146
f 137 138 148
f 138 139 149
f 139 140 150
f 140 131 141
f 142 152 151
f 143 153 152
f 144 154 153
f 145 155 154
f 145 146 156
f 147 157 156
f 147 148 158
f 148 149 159
f 149 150 160
f 150 141 151
f 152 162 161
f 153 163 162
f 154 164 163
f 155 165 164
f 155 156 166
f 157 167 166
f 157 158 168
f 158 159 169
f 159 160 170
f 160 151 161
f 162 172 171
f 163 173 172
f 164 174 173
f 165 175 174
f 165 166 176
f 167 177 176
f 168 178 177
f 168 169 179
f 169 170 180
f 170 161 171
f 172 182 181
f 173 183 182
f 174 184 183
f 175 185 184
f 176 186 185
f 177 187 186
f 178 188 187
f 178 179 189
f 179 180 190
f 180 171 181
f 182 192 191
f 183 193 192
f 184 194 193
f 185 195 194
f 186 196 195
f 187 197 196
f 188 198 197
f 188 189 199
f 189 190 200
f 190 181 191
f 192 202 201
f 193 203 202
f 194 204 203
f 195 205 204
f 196 206 205
f 197 207 206
f 198 208 207
f 198 199 209
f 199 200 210
f 200 191 201
f 202 212 211
f 203 213 212
f 204 214 213
f 205 215 214
f 206 216 215
f 207 217 216
f 208 218 217
f 208 209 219
f 209 210 220
f 210 201 211
f 212 222 221
f 213 223 222
f 214 224 223
f 215 225 224
f 216 226 225
f 217 227 226
f 218 228 227
f 218 219 229
f 219 220 230
f 220 211 221
f 222 232 231
f 223 233 232
f 224 234 233
f 225 235 234
f 226 236 235
f 227 237 236
f 228 238 237
f 228 229 239
f 229 230 240
f 230 221 231
f 232 242 241
f 233 243 242
f 234 244 243
f 234 235 245
f 236 246 245
f 237 247 246
f 238 248 247
f 238 239 249
f 239 240 250
f 240 231 241
f 242 252 251
f 243 253 252
f 244 254 253
f 244 245 255
f 246 256 255
f 247 257 256
f 248 258 257
f 248 249 259
f 249 250 260
f 250 241 251
f 252 262 261
f 253 263 262
f 254 264 263
f 254 255 265
f 255 256 266
f 257 267 266
f 258 268 267
f 258 259 269
f 259 260 270
f 260 251 261
f 262 272 271
f 263 273 272
f 264 274 273
f 264 265 275
f 265 266 276
f 267 277 276
f 268 278 277
f 268 269 279
f 269 270 280
f 270 261 271
f 272 282 281
f 273 283 282
f 274 284 283
f 274 275 285
f 275 276 286
f 277 287 286
f 278 288 287
f 278 279 289
f 279 280 290
f 280 271 281
f 282 292 291
f 283 293 292
f 283 284 294
f 284 285 295
f 285 286 296
f 287 297 296
f 288 298 297
f 289 299 298
f 289 290 300
f 290 281 291
f 292 302 301
f 293 303 302
f 293 294 304
f 294 295 305
f 295 296 306
f 297 307 306
f 298 308 307
f 299 309 308
f 299 300 310
f 300 291 301
f 302 312 311
f 303 313 312
f 303 304 314
f 304 305 315
f 305 306 316
f 307 317 316
f 308 318 317
f 309 319 318
f 309 310 320
f 310 301 311
f 311 312 322
f 313 323 322
f 313 314 324
f 314 315 325
f 315 316 326
f 317 327 326
f 318 328 327
f 319 329 328
f 319 320 330
f 320 311 321
f 321 322 332
f 323 333 332
f 323 324 334
f 324 325 335
f 325 326 336
f 327 337 336
f 328 338 337
f 329 339 338
f 329 330 340
f 330 321 331
f 331 332 342
f 332 333 343
f 333 334 344
f 334 335 345
f 335 336 346
f 337 347 346
f 338 348 347
f 339 349 348
f 339 340 350
f 340 331 341
f 341 342 352
f 342 343 353
f 343 344 354
f 344 345 355
f 345 346 356
f 347 357 356
f 348 358 357
f 349 359 358
f 349 350 360
f 350 341 351
f 351 352 362
f 352 353 363
f 353 354 364
f 354 355 365
f 355 356 366
f 357 367 366
f 358 368 367
f 359 369 368
f 359 360 370
f 360 351 361
f 361 362 372
f 362 363 373
f 363 364 374
f 364 365 375
f 365 366 376
f 367 377 376
f 368 378 377
f 369 379 378
f 369 370 380
f 370 361 371
f 371 372 382
f 372 373 383
f 373 374 384
f 374 375 385
f 375 376 386
f 377 387 386
f 378 388 387
f 379 389 388
f 380 390 389
f 380 371 381
f 382 392 391
f 382 383 393
f 383 384 394
f 384 385 395
f 385 386 396
f 387 397 396
f 388 398 397
f 389 399 398
f 390 400 399
f 390 381 391
f 392 402 401
f 392 393 403
f 393 394 404
f 394 395 405
f 395 396 406
f 397 407 406
f 398 408 407
f 399 409 408
f 399 400 410
f 400 391 401
f 402 412 411
f 402 403 413
f 403 404 414
f 404 405 415
f 405 406 416
f 407 417 416
f 408 418 417
f 409 419 418
f 410 420 419
f 410 401 411
f 412 422 421
f 413 423 422
f 413 414 424
f 414 415 425
f 415 416 426
f 417 427 426
f 418 428 427
f 419 429 428
f 420 430 429
f 420 411 421
f 422 432 431
f 423 433 432
f 423 424 434
f 424 425 435
f 425 426 436
f 427 437 436
f 428 438 437
f 429 439 438
f 430 440 439
f 430 421 431
f 432 442 441
f 433 443 442
f 433 434 444
f 434 435 445
f 435 436 446
f 437 447 446
f 438 448 447
f 439 449 448
f 440 450 449
f 440 431 441
f 442 452 451
f 443 453 452
f 443 444 454
f 444 445 455
f 445 446 456
f 447 457 456
f 448 458 457
f 449 459 458
f 450 460 459
f 450 441 451
f 452 462 461
f 453 463 462
f 453 454 464
f 454 455 465
f 455 456 466
f 457 467 466
f 458 468 467
f 459 469 468
f 460 470 469
f 451 461 470
f 462 472 471
f 463 473 472
f 463 464 474
f 464 465 475
f 465 466 476
f 467 477 476
f 468 478 477
f 469 479 478
f 469 470 480
f 461 471 480
f 472 482 481
f 473 483 482
f 473 474 484
f 474 475 485
f 475 476 486
f 477 487 486
f 478 488 487
f 479 489 488
f 479 480 490
f 480 471 481
f 482 492 491
f 483 493 492
f 483 484 494
f 484 485 495
f 485 486 496
f 487 497 496
f 488 498 497
f 489 499 498
f 489 490 500
f 490 481 491
f 492 502 501
f 493 503 502
f 493 494 504
f 494 495 505
f 495 496 506
f 497 507 506
f 498 508 507
f 499 509 508
f 499 500 510
f 500 491 501
f 502 512 511
f 503 513 512
f 503 504 514
f 504 505 515
f 505 506 516
f 507 517 516
f 508 518 517
f 509 519 518
f 509 510 520
f 510 501 511
f 512 522 521
f 513 523 522
f 513 514 524
f 514 515 525
f 515 516 526
f 517 527 526
f 518 528 527
f 519 529 528
f 519 520 530
f 520 511 521
f 522 532 531
f 523 533 532
f 523 524 534
f 524 525 535
f 525 526 536
f 527 537 536
f 528 538 537
f 529 539 538
f 529 530 540
f 530 521 531
f 532 542 541
f 533 543 542
f 534 544 543
f 534 535 545
f 535 536 546
f 537 547 546
f 538 548 547
f 538 539 549
f 539 540 550
f 540 531 541
f 542 552 551
f 543 553 552
f 544 554 553
f 544 545 555
f 545 546 556
f 547 557 556
f 548 558 557
f 548 549 559
f 549 550 560
f 550 541 551
f 552 562 561
f 553 563 562
f 554 564 563
f 554 555 565
f 555 556 566
f 557 567 566
f 558 568 567
f 558 559 569
f 559 560 570
f 560 551 561
f 562 572 571
f 563 573 572
f 564 574 573
f 564 565 575
f 565 566 576
f 567 577 576
f 568 578 577
f 568 569 579
f 569 570 580
f 570 561 571
f 572 582 581
f 573 583 582
f 574 584 583
f 574 575 585
f 575 576 586
f 577 587 586
f 578 588 587
f 578 579 589
f 579 580 590
f 580 571 581
f 582 592 591
f 583 593 592
f 584 594 593
f 584 585 595
f 585 586 596
f 587 597 596
f 588 598 597
f 588 589 599
f 589 590 600
f 590 581 591
f 592 602 601
f 593 603 602
f 594 604 603
f 594 595 605
f 595 596 606
f 597 607 606
f 598 608 607
f 598 599 609
f 599 600 610
f 600 591 601
f 602 612 611
f 603 613 612
f 604 614 613
f 604 605 615
f 605 606 616
f 607 617 616
f 608 618 617
f 608 609 619
f 609 610 620
f 610 601 611
f 612 622 621
f 613 623 622
f 614 624 623
f 614 615 625
f 615 616 626
f 617 627 626
f 618 628 627
f 618 619 629
f 619 620 630
f 620 611 621
f 622 632 631
f 623 633 632
f 624 634 633
f 624 625 635
f 625 626 636
f 627 637 636
f 628 638 637
f 628 629 639
f 629 630 640
f 630 621 631
f 632 642 641
f 633 643 642
f 634 644 643
f 634 635 645
f 635 636 646
f 637 647 646
f 638 648 647
f 638 639 649
f 639 640 650
f 640 631 641
f 642 652 651
f 643 653 652
f 644 654 653
f 644 645 655
f 645 646 656
f 647 657 656
f 648 658 657
f 648 649 659
f 649 650 660
f 650 641 651
f 652 662 661
f 653 663 662
f 654 664 663
f 654 655 665
f 655 656 666
f 657 667 666
f 658 668 667
f 658 659 669
f 659 660 670
f 660 651 661
f 662 672 671
f 663 673 672
f 664 674 673
f 664 665 675
f 665 666 676
f 667 677 676
f 668 678 677
f 668 669 679
f 669 670 680
f 670 661 671
f 672 682 681
f 673 683 682
f 674 684 683
f 674 675 685
f 675 676 686
f 677 687 686
f 678 688 687
f 678 679 689
f 679 680 690
f 680 671 681
f 682 692 691
f 683 693 692
f 684 694 693
f 684 685 695
f 685 686 696
f 687 697 696
f 688 698 697
f 688 689 699
f 689 690 700
f 690 681 691
f 692 702 701
f 693 703 702
f 694 704 703
f 694 695 705
f 695 696 706
f 697 707 706
f 698 708 707
f 698 699 709
f 699 700 710
f 700 691 701
f 702 712 711
f 703 713 712
f 704 714 713
f 704 705 715
f 705 706 716
f 707 717 716
f 708 718 717
f 708 709 719
f 709 710 720
f 710 701 711
f 712 722 721
f 713 723 722
f 714 724 723
f 714 715 725
f 715 716 726
f 717 727 726
f 718 728 727
f 718 719 729
f 719 720 730
f 720 711 721
f 722 732 731
f 723 733 732
f 724 734 733
f 724 725 735
f 725 726 736
f 727 737 736
f 728 738 737
f 728 729 739
f 729 730 740
f 730 721 731
f 732 742 741
f 733 743 742
f 734 744 743
f 734 735 745
f 735 736 746
f 737 747 746
f 738 748 747
f 738 739 749
f 739 740 750
f 740 731 741
f 742 752 751
f 743 753 752
f 744 754 753
f 744 745 755
f 745 746 756
f 747 757 756
f 748 758 757
f 748 749 759
f 749 750 760
f 750 741 751
f 752 762 761
f 753 763 762
f 754 764 763
f 754 755 765
f 755 756 766
f 757 767 766
f 758 768 767
f 758 759 769
f 759 760 770
f 760 751 761
f 762 772 771
f 763 773 772
f 764 774 773
f 764 765 775
f 765 766 776
f 767 777 776
f 768 778 777
f 768 769 779
f 769 770 780
f 770 761 771
f 772 782 781
f 773 783 782
f 774 784 783
f 774 775 785
f 775 776 786
f 777 787 786
f 778 788 787
f 778 779 789
f 779 780 790
f 780 771 781
f 782 792 791
f 783 793 792
f 784 794 793
f 784 785 795
f 785 786 796
f 787 797 796
f 788 798 797
f 789 799 798
f 789 790 800
f 790 781 791
f 792 802 801
f 793 803 802
f 794 804 803
f 794 795 805
f 795 796 806
f 797 807 806
f 798 808 807
f 798 799 809
f 799 800 810
f 800 791 801
f 802 812 811
f 803 813 812
f 804 814 813
f 804 805 815
f 805 806 816
f 807 817 816
f 808 818 817
f 808 809 819
f 809 810 820
f 810 801 811
f 812 822 821
f 813 823 822
f 813 814 824
f 814 815 825
f 815 816 826
f 817 827 826
f 818 828 827
f 819 829 828
f 819 820 830
f 820 811 821
f 822 832 831
f 823 833 832
f 823 824 834
f 824 825 835
f 825 826 836
f 827 837 836
f 828 838 837
f 829 839 838
f 829 830 840
f 830 821 831
f 832 842 841
f 833 843 842
f 833 834 844
f 834 835 845
f 835 836 846
f 837 847 846
f 838 848 847
f 839 849 848
f 839 840 850
f 840 831 841
f 842 852 851
f 843 853 852
f 843 844 854
f 844 845 855
f 845 846 856
f 847 857 856
f 848 858 857
f 849 859 858
f 849 850 860
f 850 841 851
f 852 862 861
f 853 863 862
f 853 854 864
f 854 855 865
f 855 856 866
f 857 867 866
f 858 868 867
f 859 869 868
f 859 860 870
f 860 851 861
f 862 872 871
f 863 873 872
f 863 864 874
f 864 865 875
f 865 866 876
f 867 877 876
f 868 878 877
f 869 879 878
f 869 870 880
f 870 861 871
f 872 882 881
f 873 883 882
f 873 874 884
f 874 875 885
f 875 876 886
f 877 887 886
f 878 888 887
f 879 889 888
f 879 880 890
f 880 871 881
f 882 892 891
f 883 893 892
f 883 884 894
f 884 885 895
f 885 886 896
f 887 897 896
f 888 898 897
f 889 899 898
f 889 890 900
f 890 881 891
f 892 902 901
f 893 903 902
f 893 894 904
f 894 895 905
f 895 896 906
f 897 907 906
f 898 908 907
f 899 909 908
f 899 900 910
f 900 891 901
f 902 912 911
f 903 913 912
f 903 904 914
f 904 905 915
f 905 906 916
f 907 917 916
f 908 918 917
f 909 919 918
f 909 910 920
f 910 901 911
f 912 922 921
f 913 923 922
f 913 914 924
f 914 915 925
f 915 916 926
f 917 927 926
f 918 928 927
f 919 929 928
f 919 920 930
f 920 911 921
f 922 932 931
f 923 933 932
f 923 924 934
f 924 925 935
f 925 926 936
f 927 937 936
f 928 938 937
f 929 939 938
f 929 930 940
f 930 921 931
f 932 942 941
f 933 943 942
f 933 934 944
f 934 935 945
f 935 936 946
f 937 947 946
f 938 948 947
f 939 949 948
f 939 940 950
f 940 931 941
f 942 952 951
f 943 953 952
f 943 944 954
f 944 945 955
f 945 946 956
f 947 957 956
f 948 958 957
f 949 959 958
f 949 950 960
f 950 941 951
f 952 962 961
f 953 963 962
f 953 954 964
f 954 955 965
f 955 956 966
f 957 967 966
f 958 968 967
f 959 969 968
f 959 960 970
f 960 951 961
f 962 972 971
f 963 973 972
f 963 964 974
f 964 965 975
f 965 966 976
f 967 977 976
f 968 978 977
f 969 979 978
f 969 970 980
f 970 961 971
f 972 982 981
f 973 983 982
f 973 974 984
f 974 975 985
f 975 976 986
f 977 987 986
f 978 988 987
f 979 989 988
f 979 980 990
f 980 971 981
f 982 992 991
f 983 993 992
f 983 984 994
f 984 985 995
f 985 986 996
f 987 997 996
f 988 998 997
f 989 999 998
f 989 990 1000
f 990 981 991
f 992 1002 1001
f 993 1003 1002
f 993 994 1004
f 994 995 1005
f 995 996 1006
f 997 1007 1006
f 998 1008 1007
f 999 1009 1008
f 999 1000 1010
f 1000 991 1001
f 1002 1012 1011
f 1003 1013 1012
f 1003 1004 1014
f 1004 1005 1015
f 1005 1006 1016
f 1007 1017 1016
f 1008 1018 1017
f 1009 1019 1018
f 1009 1010 1020
f 1010 1001 1011
f 1012 1022 1021
f 1013 1023 1022
f 1013 1014 1024
f 1014 1015 1025
f 1015 1016 1026
f 1017 1027 1026
f 1018 1028 1027
f 1019 1029 1028
f 1019 1020 1030
f 1020 1011 1021
f 1022 1032 1031
f 1023 1033 1032
f 1023 1024 1034
f 1024 1025 1035
f 1025 1026 1036
f 1027 1037 1036
f 1028 1038 1037
f 1029 1039 1038
f 1029 1030 1040
f 1030 1021 1031
f 1032 1042 1041
f 1033 1043 1042
f 1033 1034 1044
f 1034 1035 1045
f 1035 1036 1046
f 1037 1047 1046
f 1038 1048 1047
f 1039 1049 1048
f 1039 1040 1050
f 1040 1031 1041
f 1042 1052 1051
f 1043 1053 1052
f 1043 1044 1054
f 1044 1045 1055
f 1045 1046 1056
f 1047 1057 1056
f 1048 1058 1057
f 1049 1059 1058
f 1049 1050 1060
f 1050 1041 1051
f 1052 1062 1061
f 1053 1063 1062
f 1053 1054 1064
f 1054 1055 1065
f 1055 1056 1066
f 1057 1067 1066
f 1058 1068 1067
f 1059 1069 1068
f 1059 1060 1070
f 1060 1051 1061
f 1062 1072 1071
f 1063 1073 1072
f 1063 1064 1074
f 1064 1065 1075
f 1065 1066 1076
f 1067 1077 1076
f 1068 1078 1077
f 1069 1079 1078
f 1069 1070 1080
f 1070 1061 1071
f 1072 1082 1081
f 1073 1083 1082
f 1073 1074 1084
f 1074 1075 1085
f 1075 1076 1086
f 1077 1087 1086
f 1078 1088 1087
f 1079 1089 1088
f 1079 1080 1090
f 1080 1071 1081
f 1082 1092 1091
f 1083 1093 1092
f 1083 1084 1094
f 1084 1085 1095
f 1085 1086 1096
f 1087 1097 1096
f 1088 1098 1097
f 1089 1099 1098
f 1089 1090 1100
f 1090 1081 1091
f 1092 1102 1101
f 1093 1103 1102
f 1093 1094 1104
f 1094 1095 1105
f 1095 1096 1106
f 1097 1107 1106
f 1098 1108 1107
f 1099 1109 1108
f 1099 1100 1110
f 1100 1091 1101
f 1102 1112 1111
f 1103 1113 1112
f 1104 1114 1113
f 1104 1105 1115
f 1105 1106 1116
f 1107 1117 1116
f 1108 1118 1117
f 1108 1109 1119
f 1109 1110 1120
f 1110 1101 1111
f 1112 1122 1121
f 1113 1123 1122
f 1114 1124 1123
f 1114 1115 1125
f 1115 1116 1126
f 1117 1127 1126
f 1118 1128 1127
f 1118 1119 1129
f 1119 1120 1130
f 1120 1111 1121
f 1122 1132 1131
f 1123 1133 1132
f 1124 1134 1133
f 1124 1125 1135
f 1125 1126 1136
f 1127 1137 1136
f 1128 1138 1137
f 1128 1129 1139
f 1129 1130 1140
f 1130 1121 1131
f 1132 1142 1141
f 1133 1143 1142
f 1134 1144 1143
f 1134 1135 1145
f 1135 1136 1146
f 1137 1147 1146
f 1138 1148 1147
f 1138 1139 1149
f 1139 1140 1150
f 1140 1131 1141
f 1142 1152 1151
f 1143 1153 1152
f 1144 1154 1153
f 1144 1145 1155
f 1145 1146 1156
f 1147 1157 1156
f 1148 1158 1157
f 1148 1149 1159
f 1149 1150 1160
f 1150 1141 1151
f 1152 1162 1161
f 1153 1163 1162
f 1154 1164 1163
f 1154 1155 1165
f 1155 1156 1166
f 1157 1167 1166
f 1158 1168 1167
f 1158 1159 1169
f 1159 1160 1170
f 1160 1151 1161
f 1162 1172 1171
f 1163 1173 1172
f 1164 1174 1173
f 1164 1165 1175
f 1165 1166 1176
f 1167 1177 1176
f 1168 1178 1177
f 1168 1169 1179
f 1169 1170 1180
f 1170 1161 1171
f 1172 1182 1181
f 1173 1183 1182
f 1174 1184 1183
f 1174 1175 1185
f 1175 1176 1186
f 1177 1187 1186
f 1178 1188 1187
f 1178 1179 1189
f 1179 1180 1190
f 1180 1171 1181
f 1182 1192 1191
f 1183 1193 1192
f 1184 1194 1193
f 1184 1185 1195
f 1185 1186 1196
f 1187 1197 1196
f 1188 1198 1197
f 1188 1189 1199
f 1189 1190 1200
f 1190 1181 1191
f 1192 1202 1201
f 1193 1203 1202
f 1194 1204 1203
f 1194 1195 1205
f 1195 1196 1206
f 1197 1207 1206
f 1198 1208 1207
f 1198 1199 1209
f 1199 1200 1210
f 1200 1191 1201
f 1202 1212 1211
f 1203 1213 1212
f 1204 1214 1213
f 1204 1205 1215
f 1205 1206 1216
f 1207 1217 1216
f 1208 1218 1217
f 1208 1209 1219
f 1209 1210 1220
f 1210 1201 1211
f 1212 1222 1221
f 1213 1223 1222
f 1214 1224 1223
f 1214 1215 1225
f 1215 1216 1226
f 1217 1227 1226
f 1218 1228 1227
f 1218 1219 1229
f 1219 1220 1230
f 1220 1211 1221
f 1222 1232 1231
f 1223 1233 1232
f 1224 1234 1233
f 1224 1225 1235
f 1225 1226 1236
f 1227 1237 1236
f 1228 1238 1237
f 1228 1229 1239
f 1229 1230 1240
f 1230 1221 1231
f 1232 1242 1241
f 1233 1243 1242
f 1234 1244 1243
f 1234 1235 1245
f 1235 1236 1246
f 1237 1247 1246
f 1238 1248 1247
f 1238 1239 1249
f 1239 1240 1250
f 1240 1231 1241
f 1242 1252 1251
f 1243 1253 1252
f 1244 1254 1253
f 1244 1245 1255
f 1245 1246 1256
f 1247 1257 1256
f 1248 1258 1257
f 1248 1249 1259
f 1249 1250 1260
f 1250 1241 1251
f 1252 1262 1261
f 1253 1263 1262
f 1254 1264 1263
f 1254 1255 1265
f 1255 1256 1266
f 1257 1267 1266
f 1258 1268 1267
f 1258 1259 1269
f 1259 1260 1270
f 1260 1251 1261
f 1262 1272 1271
f 1263 1273 1272
f 1264 1274 1273
f 1264 1265 1275
f 1265 1266 1276
f 1267 1277 1276
f 1268 1278 1277
f 1268 1269 1279
f 1269 1270 1280
f 1270 1261 1271
f 1272 1282 1281
f 1273 1283 1282
f 1274 1284 1283
f 1274 1275 1285
f 1275 1276 1286
f 1277 1287 1286
f 1278 1288 1287
f 1278 1279 1289
f 1279 1280 1290
f 1280 1271 1281
f 1282 1292 1291
f 1283 1293 1292
f 1284 1294 1293
f 1284 1285 1295
f 1285 1286 1296
f 1287 1297 1296
f 1288 1298 1297
f 1288 1289 1299
f 1289 1290 1300
f 1290 1281 1291
f 1292 1302 1301
f 1293 1303 1302
f 1294 1304 1303
f 1294 1295 1305
f 1295 1296 1306
f 1297 1307 1306
f 1298 1308 1307
f 1298 1299 1309
f 1299 1300 1310
f 1300 1291 1301
f 1302 1312 1311
f 1303 1313 1312
f 1304 1314 1313
f 1304 1305 1315
f 1305 1306 1316
f 1307 1317 1316
f 1308 1318 1317
f 1308 1309 1319
f 1309 1310 1320
f 1310 1301 1311
f 1312 1322 1321
f 1313 1323 1322
f 1314 1324 1323
f 1314 1315 1325
f 1315 1316 1326
f 1317 1327 1326
f 1318 1328 1327
f 1318 1319 1329
f 1319 1320 1330
f 1320 1311 1321
f 1322 1332 1331
f 1323 1333 1332
f 1324 1334 1333
f 1324 1325 1335
f 1325 1326 1336
f 1327 1337 1336
f 1328 1338 1337
f 1328 1329 1339
f 1329 1330 1340
f 1330 1321 1331
f 1332 1342 1341
f 1333 1343 1342
f 1334 1344 1343
f 1334 1335 1345
f 1335 1336 1346
f 1337 1347 1346
f 1338 1348 1347
f 1338 1339 1349
f 1339 1340 1350
f 1340 1331 1341
f 1342 1352 1351
f 1343 1353 1352
f 1344 1354 1353
f 1344 1345 1355
f 1345 1346 1356
f 1347 1357 1356
f 1348 1358 1357
f 1348 1349 1359
f 1349 1350 1360
f 1350 1341 1351
f 1352 1362 1361
f 1353 1363 1362
f 1353 1354 1364
f 1354 1355 1365
f 1355 1356 1366
f 1357 1367 1366
f 1358 1368 1367
f 1359 1369 1368
f 1359 1360 1370
f 1360 1351 1361
f 1362 1372 1371
f 1363 1373 1372
f 1363 1364 1374
f 1364 1365 1375
f 1365 1366 1376
f 1367 1377 1376
f 1368 1378 1377
f 1369 1379 1378
f 1369 1370 1380
f 1370 1361 1371
f 1372 1382 1381
f 1373 1383 1382
f 1373 1374 1384
f 1374 1375 1385
f 1375 1376 1386
f 1377 1387 1386
f 1378 1388 1387
f 1379 1389 1388
f 1379 1380 1390
f 1380 1371 1381
f 1382 1392 1391
f 1383 1393 1392
f 1383 1384 1394
f 1384 1385 1395
f 1385 1386 1396
f 1387 1397 1396
f 1388 1398 1397
f 1389 1399 1398
f 1389 1390 1400
f 1390 1381 1391
f 1392 1402 1401
f 1393 1403 1402
f 1393 1394 1404
f 1394 1395 1405
f 1395 1396 1406
f 1397 1407 1406
f 1398 1408 1407
f 1399 1409 1408
f 1399 1400 1410
f 1400 1391 1401
f 1402 1412 1411
f 1403 1413 1412
f 1403 1404 1414
f 1404 1405 1415
f 1405 1406 1416
f 1407 1417 1416
f 1408 1418 1417
f 1409 1419 1418
f 1409 1410 1420
f 1410 1401 1411
f 1412 1422 1421
f 1413 1423 1422
f 1413 1414 1424
f 1414 1415 1425
f 1415 1416 1426
f 1417 1427 1426
f 1418 1428 1427
f 1419 1429 1428
f 1419 1420 1430
f 1420 1411 1421
f 1422 1432 1431
f 1423 1433 1432
f 1423 1424 1434
f 1424 1425 1435
f 1425 1426 1436
f 1427 1437 1436
f 1428 1438 1437
f 1429 1439 1438
f 1429 1430 1440
f 1430 1421 1431
f 1432 1442 1441
f 1433 1443 1442
f 1433 1434 1444
f 1434 1435 1445
f 1435 1436 1446
f 1437 1447 1446
f 1438 1448 1447
f 1439 1449 1448
f 1439 1440 1450
f 1440 1431 1441
f 1442 1452 1451
f 1443 1453 1452
f 1443 1444 1454
f 1444 1445 1455
f 1445 1446 1456
f 1447 1457 1456
f 1448 1458 1457
f 1449 1459 1458
f 1449 1450 1460
f 1450 1441 1451
f 1452 1462 1461
f 1453 1463 1462
f 1453 1454 1464
f 1454 1455 1465
f 1455 1456 1466
f 1457 1467 1466
f 1458 1468 1467
f 1459 1469 1468
f 1459 1460 1470
f 1460 1451 1461
f 1462 1472 1471
f 1463 1473 1472
f 1463 1464 1474
f 1464 1465 1475
f 1465 1466 1476
f 1467 1477 1476
f 1468 1478 1477
f 1469 1479 1478
f 1469 1470 1480
f 1470 1461 1471
f 1472 1482 1481
f 1473 1483 1482
f 1473 1474 1484
f 1474 1475 1485
f 1475 1476 1486
f 1477 1487 1486
f 1478 1488 1487
f 1479 1489 1488
f 1479 1480 1490
f 1480 1471 1481
f 1482 1492 1491
f 1483 1493 1492
f 1483 1484 1494
f 1484 1485 1495
f 1485 1486 1496
f 1487 1497 1496
f 1488 1498 1497
f 1489 1499 1498
f 1489 1490 1500
f 1490 1481 1491
f 1492 1502 1501
f 1493 1503 1502
f 1493 1494 1504
f 1494 1495 1505
f 1495 1496 1506
f 1497 1507 1506
f 1498 1508 1507
f 1499 1509 1508
f 1499 1500 1510
f 1500 1491 1501
f 1502 1512 1511
f 1503 1513 1512
f 1503 1504 1514
f 1504 1505 1515
f 1505 1506 1516
f 1507 1517 1516
f 1508 1518 1517
f 1509 1519 1518
f 1509 1510 1520
f 1510 1501 1511
f 1512 1522 1521
f 1513 1523 1522
f 1513 1514 1524
f 1514 1515 1525
f 1515 1516 1526
f 1517 1527 1526
f 1518 1528 1527
f 1519 1529 1528
f 1519 1520 1530
f 1520 1511 1521
f 1522 1532 1531
f 1523 1533 1532
f 1523 1524 1534
f 1524 1525 1535
f 1525 1526 1536
f 1527 1537 1536
f 1528 1538 1537
f 1529 1539 1538
f 1529 1530 1540
f 1530 1521 1531
f 1532 1542 1541
f 1533 1543 1542
f 1533 1534 1544
f 1534 1535 1545
f 1535 1536 1546
f 1537 1547 1546
f 1538 1548 1547
f 1539 1549 1548
f 1539 1540 1550
f 1540 1531 1541
f 1542 1552 1551
f 1543 1553 1552
f 1543 1544 1554
f 1544 1545 1555
f 1545 1546 1556
f 1547 1557 1556
f 1548 1558 1557
f 1549 1559 1558
f 1549 1550 1560
f 1550 1541 1551
f 1552 1562 1561
f 1553 1563 1562
f 1553 1554 1564
f 1554 1555 1565
f 1555 1556 1566
f 1557 1567 1566
f 1558 1568 1567
f 1559 1569 1568
f 1559 1560 1570
f 1560 1551 1561
f 1562 1572 1571
f 1563 1573 1572
f 1563 1564 1574
f 1564 1565 1575
f 1565 1566 1576
f 1567 1577 1576
f 1568 1578 1577
f 1569 1579 1578
f 1569 1570 1580
f 1570 1561 1571
f 1572 1582 1581
f 1573 1583 1582
f 1573 1574 1584
f 1574 1575 1585
f 1575 1576 1586
f 1577 1587 1586
f 1578 1588 1587
f 1579 1589 1588
f 1579 1580 1590
f 1580 1571 1581
f 1582 1592 1591
f 1583 1593 1592
f 1584 1594 1593
f 1584 1585 1595
f 1585 1586 1596
f 1587 1597 1596
f 1588 1598 1597
f 1588 1589 1599
f 1589 1590 1600
f 1590 1581 1591
f 1604 1614 1613
f 1605 1615 1614
f 1606 1616 1615
f 1607 1617 1616
f 1608 1618 1617
f 1608 1609 1619
f 1609 1610 1620
f 1610 1611 1621
f 1611 1612 1622
f 1612 1603 1613
f 1614 1624 1623
f 1615 1625 1624
f 1616 1626 1625
f 1616 1617 1627
f 1617 1618 1628
f 1619 1629 1628
f 1620 1630 1629
f 1620 1621 1631
f 1621 1622 1632
f 1622 1613 1623
f 1624 1634 1633
f 1625 1635 1634
f 1625 1626 1636
f 1626 1627 1637
f 1627 1628 1638
f 1629 1639 1638
f 1630 1640 1639
f 1631 1641 1640
f 1631 1632 1642
f 1632 1623 1633
f 1634 1644 1643
f 1635 1645 1644
f 1635 1636 1646
f 1636 1637 1647
f 1637 1638 1648
f 1639 1649 1648
f 1640 1650 1649
f 1641 1651 1650
f 1641 1642 1652
f 1642 1633 1643
f 1643 1644 1654
f 1645 1655 1654
f 1645 1646 1656
f 1646 1647 1657
f 1647 1648 1658
f 1649 1659 1658
f 1650 1660 1659
f 1651 1661 1660
f 1651 1652 1662
f 1652 1643 1653
f 1653 1654 1664
f 1655 1665 1664
f 1655 1656 1666
f 1656 1657 1667
f 1657 1658 1668
f 1659 1669 1668
f 1660 1670 1669
f 1661 1671 1670
f 1661 1662 1672
f 1662 1653 1663
f 1663 1664 1674
f 1665 1675 1674
f 1665 1666 1676
f 1666 1667 1677
f 1667 1668 1678
f 1669 1679 1678
f 1670 1680 1679
f 1671 1681 1680
f 1671 1672 1682
f 1672 1663 1673
f 1673 1674 1684
f 1674 1675 1685
f 1675 1676 1686
f 1676 1677 1687
f 1677 1678 1688
f 1679 1689 1688
f 1680 1690 1689
f 1681 1691 1690
f 1681 1682 1692
f 1682 1673 1683
f 1683 1684 1694
f 1684 1685 1695
f 1685 1686 1696
f 1686 1687 1697
f 1687 1688 1698
f 1689 1699 1698
f 1690 1700 1699
f 1691 1701 1700
f 1691 1692 1702
f 1692 1683 1693
f 1693 1694 1704
f 1694 1695 1705
f 1695 1696 1706
f 1696 1697 1707
f 1697 1698 1708
f 1699 1709 1708
f 1700 1710 1709
f 1701 1711 1710
f 1701 1702 1712
f 1702 1693 1703
f 1703 1704 1714
f 1704 1705 1715
f 1705 1706 1716
f 1706 1707 1717
f 1707 1708 1718
f 1709 1719 1718
f 1710 1720 1719
f 1711 1721 1720
f 1711 1712 1722
f 1712 1703 1713
f 1713 1714 1724
f 1714 1715 1725
f 1715 1716 1726
f 1716 1717 1727
f 1717 1718 1728
f 1719 1729 1728
f 1720 1730 1729
f 1721 1731 1730
f 1721 1722 1732
f 1722 1713 1723
f 1724 1734 1733
f 1724 1725 1735
f 1725 1726 1736
f 1726 1727 1737
f 1727 1728 1738
f 1729 1739 1738
f 1730 1740 1739
f 1731 1741 1740
f 1731 1732 1742
f 1732 1723 1733
f 1734 1744 1743
f 1734 1735 1745
f 1735 1736 1746
f 1736 1737 1747
f 1737 1738 1748
f 1739 1749 1748
f 1740 1750 1749
f 1741 1751 1750
f 1742 1752 1751
f 1742 1733 1743
f 1744 1754 1753
f 1744 1745 1755
f 1745 1746 1756
f 1746 1747 1757
f 1747 1748 1758
f 1749 1759 1758
f 1750 1760 1759
f 1751 1761 1760
f 1752 1762 1761
f 1752 1743 1753
f 1754 1764 1763
f 1754 1755 1765
f 1755 1756 1766
f 1756 1757 1767
f 1757 1758 1768
f 1759 1769 1768
f 1760 1770 1769
f 1761 1771 1770
f 1762 1772 1771
f 1762 1753 1763
f 1764 1774 1773
f 1765 1775 1774
f 1765 1766 1776
f 1766 1767 1777
f 1767 1768 1778
f 1769 1779 1778
f 1770 1780 1779
f 1771 1781 1780
f 1772 1782 1781
f 1772 1763 1773
f 1774 1784 1783
f 1775 1785 1784
f 1775 1776 1786
f 1776 1777 1787
f 1777 1778 1788
f 1779 1789 1788
f 1780 1790 1789
f 1781 1791 1790
f 1782 1792 1791
f 1773 1783 1792
f 1784 1794 1793
f 1785 1795 1794
f 1785 1786 1796
f 1786 1787 1797
f 1787 1788 1798
f 1789 1799 1798
f 1790 1800 1799
f 1791 1801 1800
f 1792 1802 1801
f 1783 1793 1802
f 1794 1804 1803
f 1795 1805 1804
f 1795 1796 1806
f 1796 1797 1807
f 1797 1798 1808
f 1799 1809 1808
f 1800 1810 1809
f 1801 1811 1810
f 1802 1812 1811
f 1793 1803 1812
f 1804 1814 1813
f 1805 1815 1814
f 1805 1806 1816
f 1806 1807 1817
f 1807 1808 1818
f 1809 1819 1818
f 1810 1820 1819
f 1811 1821 1820
f 1812 1822 1821
f 1803 1813 1822
f 1814 1824 1823
f 1815 1825 1824
f 1815 1816 1826
f 1816 1817 1827
f 1817 1818 1828
f 1819 1829 1828
f 1820 1830 1829
f 1821 1831 1830
f 1822 1832 1831
f 1813 1823 1832
f 1824 1834 1833
f 1825 1835 1834
f 1825 1826 1836
f 1826 1827 1837
f 1827 1828 1838
f 1829 1839 1838
f 1830 1840 1839
f 1831 1841 1840
f 1832 1842 1841
f 1823 1833 1842
f 1834 1844 1843
f 1835 1845 1844
f 1835 1836 1846
f 1836 1837 1847
f 1837 1838 1848
f 1839 1849 1848
f 1840 1850 1849
f 1841 1851 1850
f 1841 1842 1852
f 1833 1843 1852
f 1844 1854 1853
f 1845 1855 1854
f 1845 1846 1856
f 1846 1847 1857
f 1847 1848 1858
f 1849 1859 1858
f 1850 1860 1859
f 1851 1861 1860
f 1851 1852 1862
f 1843 1853 1862
f 1854 1864 1863
f 1855 1865 1864
f 1855 1856 1866
f 1856 1857 1867
f 1857 1858 1868
f 1859 1869 1868
f 1860 1870 1869
f 1861 1871 1870
f 1861 1862 1872
f 1862 1853 1863
f 1864 1874 1873
f 1865 1875 1874
f 1865 1866 1876
f 1866 1867 1877
f 1867 1868 1878
f 1869 1879 1878
f 1870 1880 1879
f 1871 1881 1880
f 1871 1872 1882
f 1872 1863 1873
f 1874 1884 1883
f 1875 1885 1884
f 1875 1876 1886
f 1876 1877 1887
f 1877 1878 1888
f 1879 1889 1888
f 1880 1890 1889
f 1881 1891 1890
f 1881 1882 1892
f 1882 1873 1883
f 1884 1894 1893
f 1885 1895 1894
f 1886 1896 1895
f 1886 1887 1897
f 1887 1888 1898
f 1889 1899 1898
f 1890 1900 1899
f 1890 1891 1901
f 1891 1892 1902
f 1892 1883 1893
f 1894 1904 1903
f 1895 1905 1904
f 1896 1906 1905
f 1896 1897 1907
f 1897 1898 1908
f 1899 1909 1908
f 1900 1910 1909
f 1900 1901 1911
f 1901 1902 1912
f 1902 1893 1903
f 1904 1914 1913
f 1905 1915 1914
f 1906 1916 1915
f 1906 1907 1917
f 1907 1908 1918
f 1909 1919 1918
f 1910 1920 1919
f 1910 1911 1921
f 1911 1912 1922
f 1912 1903 1913
f 1914 1924 1923
f 1915 1925 1924
f 1916 1926 1925
f 1916 1917 1927
f 1917 1918 1928
f 1918 1919 1929
f 1920 1930 1929
f 1920 1921 1931
f 1921 1922 1932
f 1922 1913 1923
f 1924 1934 1933
f 1925 1935 1934
f 1926 1936 1935
f 1926 1927 1937
f 1927 1928 1938
f 1928 1929 1939
f 1930 1940 1939
f 1930 1931 1941
f 1931 1932 1942
f 1932 1923 1933
f 1934 1944 1943
f 1935 1945 1944
f 1936 1946 1945
f 1936 1937 1947
f 1937 1938 1948
f 1938 1939 1949
f 1939 1940 1950
f 1940 1941 1951
f 1941 1942 1952
f 1942 1933 1943
f 1944 1954 1953
f 1945 1955 1954
f 1946 1956 1955
f 1946 1947 1957
f 1947 1948 1958
f 1948 1949 1959
f 1949 1950 1960
f 1950 1951 1961
f 1951 1952 1962
f 1952 1943 1953
f 1954 1964 1963
f 1955 1965 1964
f 1956 1966 1965
f 1956 1957 1967
f 1957 1958 1968
f 1958 1959 1969
f 1959 1960 1970
f 1960 1961 1971
f 1961 1962 1972
f 1962 1953 1963
f 1964 1974 1973
f 1965 1975 1974
f 1966 1976 1975
f 1966 1967 1977
f 1967 1968 1978
f 1968 1969 1979
f 1969 1970 1980
f 1970 1971 1981
f 1971 1972 1982
f 1972 1963 1973
f 1974 1984 1983
f 1975 1985 1984
f 1976 1986 1985
f 1977 1987 1986
f 1977 1978 1988
f 1978 1979 1989
f 1979 1980 1990
f 1980 1981 1991
f 1981 1982 1992
f 1982 1973 1983
f 1984 1994 1993
f 1985 1995 1994
f 1986 1996 1995
f 1987 1997 1996
f 1987 1988 1998
f 1989 1999 1998
f 1989 1990 2000
f 1990 1991 2001
f 1991 1992 2002
f 1992 1983 1993
f 1994 2004 2003
f 1995 2005 2004
f 1996 2006 2005
f 1996 1997 2007
f 1997 1998 2008
f 1999 2009 2008
f 1999 2000 2010
f 2000 2001 2011
f 2001 2002 2012
f 2002 1993 2003
f 2004 2014 2013
f 2005 2015 2014
f 2006 2016 2015
f 2007 2017 2016
f 2007 2008 2018
f 2009 2019 2018
f 2009 2010 2020
f 2010 2011 2021
f 2011 2012 2022
f 2012 2003 2013
f 2014 2024 2023
f 2015 2025 2024
f 2016 2026 2025
f 2017 2027 2026
f 2017 2018 2028
f 2019 2029 2028
f 2020 2030 2029
f 2020 2021 2031
f 2021 2022 2032
f 2022 2013 2023
f 2024 2034 2033
f 2025 2035 2034
f 2026 2036 2035
f 2027 2037 2036
f 2027 2028 2038
f 2029 2039 2038
f 2030 2040 2039
f 2030 2031 2041
f 2031 2032 2042
f 2032 2023 2033
f 2034 2044 2043
f 2035 2045 2044
f 2036 2046 2045
f 2037 2047 2046
f 2037 2038 2048
f 2039 2049 2048
f 2040 2050 2049
f 2040 2041 2051
f 2041 2042 2052
f 2042 2033 2043
f 2044 2054 2053
f 2045 2055 2054
f 2046 2056 2055
f 2047 2057 2056
f 2047 2048 2058
f 2049 2059 2058
f 2050 2060 2059
f 2050 2051 2061
f 2051 2052 2062
f 2052 2043 2053
f 2054 2064 2063
f 2055 2065 2064
f 2056 2066 2065
f 2057 2067 2066
f 2058 2068 2067
f 2059 2069 2068
f 2060 2070 2069
f 2060 2061 2071
f 2061 2062 2072
f 2062 2053 2063
f 2064 2074 2073
f 2065 2075 2074
f 2066 2076 2075
f 2066 2067 2077
f 2068 2078 2077
f 2069 2079 2078
f 2070 2080 2079
f 2070 2071 2081
f 2071 2072 2082
f 2072 2063 2073
f 2074 2084 2083
f 2075 2085 2084
f 2076 2086 2085
f 2076 2077 2087
f 2077 2078 2088
f 2079 2089 2088
f 2080 2090 2089
f 2080 2081 2091
f 2081 2082 2092
f 2082 2073 2083
f 2084 2094 2093
f 2085 2095 2094
f 2086 2096 2095
f 2086 2087 2097
f 2087 2088 2098
f 2089 2099 2098
f 2090 2100 2099
f 2090 2091 2101
f 2091 2092 2102
f 2092 2083 2093
f 2094 2104 2103
f 2095 2105 2104
f 2096 2106 2105
f 2096 2097 2107
f 2097 2098 2108
f 2099 2109 2108
f 2100 2110 2109
f 2100 2101 2111
f 2101 2102 2112
f 2102 2093 2103
f 2104 2114 2113
f 2105 2115 2114
f 2106 2116 2115
f 2106 2107 2117
f 2107 2108 2118
f 2109 2119 2118
f 2110 2120 2119
f 2110 2111 2121
f 2111 2112 2122
f 2112 2103 2113
f 2114 2124 2123
f 2115 2125 2124
f 2116 2126 2125
f 2116 2117 2127
f 2117 2118 2128
f 2119 2129 2128
f 2120 2130 2129
f 2120 2121 2131
f 2121 2122 2132
f 2122 2113 2123
f 2124 2134 2133
f 2125 2135 2134
f 2126 2136 2135
f 2126 2127 2137
f 2127 2128 2138
f 2129 2139 2138
f 2130 2140 2139
f 2130 2131 2141
f 2131 2132 2142
f 2132 2123 2133
f 2134 2144 2143
f 2135 2145 2144
f 2135 2136 2146
f 2136 2137 2147
f 2137 2138 2148
f 2139 2149 2148
f 2140 2150 2149
f 2141 2151 2150
f 2141 2142 2152
f 2142 2133 2143
f 2144 2154 2153
f 2145 2155 2154
f 2145 2146 2156
f 2146 2147 2157
f 2147 2148 2158
f 2149 2159 2158
f 2150 2160 2159
f 2151 2161 2160
f 2151 2152 2162
f 2152 2143 2153
f 2154 2164 2163
f 2155 2165 2164
f 2155 2156 2166
f 2156 2157 2167
f 2157 2158 2168
f 2159 2169 2168
f 2160 2170 2169
f 2161 2171 2170
f 2161 2162 2172
f 2162 2153 2163
f 2164 2174 2173
f 2165 2175 2174
f 2165 2166 2176
f 2166 2167 2177
f 2167 2168 2178
f 2169 2179 2178
f 2170 2180 2179
f 2171 2181 2180
f 2171 2172 2182
f 2172 2163 2173
f 2174 2184 2183
f 2175 2185 2184
f 2175 2176 2186
f 2176 2177 2187
f 2177 2178 2188
f 2179 2189 2188
f 2180 2190 2189
f 2181 2191 2190
f 2181 2182 2192
f 2182 2173 2183
f 2184 2194 2193
f 2185 2195 2194
f 2185 2186 2196
f 2186 2187 2197
f 2187 2188 2198
f 2189 2199 2198
f 2190 2200 2199
f 2191 2201 2200
f 2191 2192 2202
f 2192 2183 2193
f 2194 2204 2203
f 2195 2205 2204
f 2195 2196 2206
f 2196 2197 2207
f 2197 2198 2208
f 2199 2209 2208
f 2200 2210 2209
f 2201 2211 2210
f 2201 2202 2212
f 2202 2193 2203
f 2204 2214 2213
f 2205 2215 2214
f 2205 2206 2216
f 2206 2207 2217
f 2207 2208 2218
f 2209 2219 2218
f 2210 2220 2219
f 2211 2221 2220
f 2211 2212 2222
f 2212 2203 2213
f 2214 2224 2223
f 2215 2225 2224
f 2215 2216 2226
f 2216 2217 2227
f 2217 2218 2228
f 2219 2229 2228
f 2220 2230 2229
f 2221 2231 2230
f 2221 2222 2232
f 2222 2213 2223
f 2224 2234 2233
f 2225 2235 2234
f 2225 2226 2236
f 2226 2227 2237
f 2227 2228 2238
f 2229 2239 2238
f 2230 2240 2239
f 2231 2241 2240
f 2231 2232 2242
f 2232 2223 2233
f 2234 2244 2243
f 2235 2245 2244
f 2235 2236 2246
f 2236 2237 2247
f 2237 2238 2248
f 2239 2249 2248
f 2240 2250 2249
f 2241 2251 2250
f 2241 2242 2252
f 2242 2233 2243
f 2244 2254 2253
f 2245 2255 2254
f 2245 2246 2256
f 2246 2247 2257
f 2247 2248 2258
f 2249 2259 2258
f 2250 2260 2259
f 2251 2261 2260
f 2251 2252 2262
f 2252 2243 2253
f 2254 2264 2263
f 2255 2265 2264
f 2255 2256 2266
f 2256 2257 2267
f 2257 2258 2268
f 2259 2269 2268
f 2260 2270 2269
f 2261 2271 2270
f 2261 2262 2272
f 2262 2253 2263
f 2264 2274 2273
f 2265 2275 2274
f 2265 2266 2276
f 2266 2267 2277
f 2267 2268 2278
f 2269 2279 2278
f 2270 2280 2279
f 2271 2281 2280
f 2271 2272 2282
f 2272 2263 2273
f 2274 2284 2283
f 2275 2285 2284
f 2275 2276 2286
f 2276 2277 2287
f 2277 2278 2288
f 2279 2289 2288
f 2280 2290 2289
f 2281 2291 2290
f 2281 2282 2292
f 2282 2273 2283
f 2284 2294 2293
f 2285 2295 2294
f 2285 2286 2296
f 2286 2287 2297
f 2287 2288 2298
f 2289 2299 2298
f 2290 2300 2299
f 2291 2301 2300
f 2291 2292 2302
f 2292 2283 2293
f 2294 2304 2303
f 2295 2305 2304
f 2295 2296 2306
f 2296 2297 2307
f 2297 2298 2308
f 2299 2309 2308
f 2300 2310 2309
f 2301 2311 2310
f 2301 2302 2312
f 2302 2293 2303
f 2304 2314 2313
f 2305 2315 2314
f 2305 2306 2316
f 2306 2307 2317
f 2307 2308 2318
f 2309 2319 2318
f 2310 2320 2319
f 2311 2321 2320
f 2311 2312 2322
f 2312 2303 2313
f 2314 2324 2323
f 2315 2325 2324
f 2315 2316 2326
f 2316 2317 2327
f 2317 2318 2328
f 2319 2329 2328
f 2320 2330 2329
f 2321 2331 2330
f 2321 2322 2332
f 2322 2313 2323
f 2324 2334 2333
f 2325 2335 2334
f 2325 2326 2336
f 2326 2327 2337
f 2327 2328 2338
f 2329 2339 2338
f 2330 2340 2339
f 2331 2341 2340
f 2331 2332 2342
f 2332 2323 2333
f 2334 2344 2343
f 2335 2345 2344
f 2335 2336 2346
f 2336 2337 2347
f 2337 2338 2348
f 2339 2349 2348
f 2340 2350 2349
f 2341 2351 2350
f 2341 2342 2352
f 2342 2333 2343
f 2344 2354 2353
f 2345 2355 2354
f 2345 2346 2356
f 2346 2347 2357
f 2347 2348 2358
f 2349 2359 2358
f 2350 2360 2359
f 2351 2361 2360
f 2351 2352 2362
f 2352 2343 2353
f 2354 2364 2363
f 2355 2365 2364
f 2355 2356 2366
f 2356 2357 2367
f 2357 2358 2368
f 2359 2369 2368
f 2360 2370 2369
f 2361 2371 2370
f 2361 2362 2372
f 2362 2353 2363
f 2364 2374 2373
f 2365 2375 2374
f 2365 2366 2376
f 2366 2367 2377
f 2367 2368 2378
f 2369 2379 2378
f 2370 2380 2379
f 2371 2381 2380
f 2371 2372 2382
f 2372 2363 2373
f 2374 2384 2383
f 2375 2385 2384
f 2375 2376 2386
f 2376 2377 2387
f 2377 2378 2388
f 2379 2389 2388
f 2380 2390 2389
f 2381 2391 2390
f 2381 2382 2392
f 2382 2373 2383
f 2384 2394 2393
f 2385 2395 2394
f 2386 2396 2395
f 2386 2387 2397
f 2387 2388 2398
f 2389 2399 2398
f 2390 2400 2399
f 2391 2401 2400
f 2391 2392 2402
f 2392 2383 2393
f 2394 2404 2403
f 2395 2405 2404
f 2395 2396 2406
f 2396 2397 2407
f 2397 2398 2408
f 2399 2409 2408
f 2400 2410 2409
f 2401 2411 2410
f 2401 2402 2412
f 2402 2393 2403
f 2404 2414 2413
f 2405 2415 2414
f 2405 2406 2416
f 2406 2407 2417
f 2407 2408 2418
f 2409 2419 2418
f 2410 2420 2419
f 2411 2421 2420
f 2411 2412 2422
f 2412 2403 2413
f 2414 2424 2423
f 2415 2425 2424
f 2416 2426 2425
f 2416 2417 2427
f 2417 2418 2428
f 2419 2429 2428
f 2420 2430 2429
f 2420 2421 2431
f 2421 2422 2432
f 2422 2413 2423
f 2424 2434 2433
f 2425 2435 2434
f 2426 2436 2435
f 2426 2427 2437
f 2427 2428 2438
f 2429 2439 2438
f 2430 2440 2439
f 2430 2431 2441
f 2431 2432 2442
f 2432 2423 2433
f 2434 2444 2443
f 2435 2445 2444
f 2436 2446 2445
f 2436 2437 2447
f 2437 2438 2448
f 2439 2449 2448
f 2440 2450 2449
f 2440 2441 2451
f 2441 2442 2452
f 2442 2433 2443
f 2444 2454 2453
f 2445 2455 2454
f 2446 2456 2455
f 2446 2447 2457
f 2447 2448 2458
f 2449 2459 2458
f 2450 2460 2459
f 2450 2451 2461
f 2451 2452 2462
f 2452 2443 2453
f 2454 2464 2463
f 2455 2465 2464
f 2456 2466 2465
f 2456 2457 2467
f 2457 2458 2468
f 2459 2469 2468
f 2460 2470 2469
f 2460 2461 2471
f 2461 2462 2472
f 2462 2453 2463
f 2464 2474 2473
f 2465 2475 2474
f 2466 2476 2475
f 2466 2467 2477
f 2467 2468 2478
f 2469 2479 2478
f 2470 2480 2479
f 2470 2471 2481
f 2471 2472 2482
f 2472 2463 2473
f 2474 2484 2483
f 2475 2485 2484
f 2476 2486 2485
f 2476 2477 2487
f 2477 2478 2488
f 2479 2489 2488
f 2480 2490 2489
f 2480 2481 2491
f 2481 2482 2492
f 2482 2473 2483
f 2484 2494 2493
f 2485 2495 2494
f 2486 2496 2495
f 2486 2487 2497
f 2487 2488 2498
f 2489 2499 2498
f 2490 2500 2499
f 2490 2491 2501
f 2491 2492 2502
f 2492 2483 2493
f 2494 2504 2503
f 2495 2505 2504
f 2496 2506 2505
f 2496 2497 2507
f 2497 2498 2508
f 2499 2509 2508
f 2500 2510 2509
f 2500 2501 2511
f 2501 2502 2512
f 2502 2493 2503
f 2504 2514 2513
f 2505 2515 2514
f 2506 2516 2515
f 2506 2507 2517
f 2507 2508 2518
f 2509 2519 2518
f 2510 2520 2519
f 2510 2511 2521
f 2511 2512 2522
f 2512 2503 2513
f 2514 2524 2523
f 2515 2525 2524
f 2516 2526 2525
f 2516 2517 2527
f 2517 2518 2528
f 2519 2529 2528
f 2520 2530 2529
f 2520 2521 2531
f 2521 2522 2532
f 2522 2513 2523
f 2524 2534 2533
f 2525 2535 2534
f 2526 2536 2535
f 2526 2527 2537
f 2527 2528 2538
f 2529 2539 2538
f 2530 2540 2539
f 2530 2531 2541
f 2531 2532 2542
f 2532 2523 2533
f 2534 2544 2543
f 2535 2545 2544
f 2536 2546 2545
f 2536 2537 2547
f 2537 2538 2548
f 2539 2549 2548
f 2540 2550 2549
f 2540 2541 2551
f 2541 2542 2552
f 2542 2533 2543
f 2544 2554 2553
f 2545 2555 2554
f 2546 2556 2555
f 2546 2547 2557
f 2547 2548 2558
f 2549 2559 2558
f 2550 2560 2559
f 2550 2551 2561
f 2551 2552 2562
f 2552 2543 2553
f 2554 2564 2563
f 2555 2565 2564
f 2556 2566 2565
f 2556 2557 2567
f 2557 2558 2568
f 2559 2569 2568
f 2560 2570 2569
f 2560 2561 2571
f 2561 2562 2572
f 2562 2553 2563
f 2564 2574 2573
f 2565 2575 2574
f 2566 2576 2575
f 2566 2567 2577
f 2567 2568 2578
f 2569 2579 2578
f 2570 2580 2579
f 2570 2571 2581
f 2571 2572 2582
f 2572 2563 2573
f 2574 2584 2583
f 2575 2585 2584
f 2576 2586 2585
f 2576 2577 2587
f 2577 2578 2588
f 2579 2589 2588
f 2580 2590 2589
f 2580 2581 2591
f 2581 2582 2592
f 2582 2573 2583
f 2584 2594 2593
f 2585 2595 2594
f 2586 2596 2595
f 2586 2587 2597
f 2587 2588 2598
f 2589 2599 2598
f 2590 2600 2599
f 2590 2591 2601
f 2591 2592 2602
f 2592 2583 2593
f 2594 2604 2603
f 2595 2605 2604
f 2596 2606 2605
f 2596 2597 2607
f 2597 2598 2608
f 2599 2609 2608
f 2600 2610 2609
f 2600 2601 2611
f 2601 2602 2612
f 2602 2593 2603
f 2604 2614 2613
f 2605 2615 2614
f 2606 2616 2615
f 2606 2607 2617
f 2607 2608 2618
f 2609 2619 2618
f 2610 2620 2619
f 2610 2611 2621
f 2611 2612 2622
f 2612 2603 2613
f 2614 2624 2623
f 2615 2625 2624
f 2616 2626 2625
f 2616 2617 2627
f 2617 2618 2628
f 2619 2629 2628
f 2620 2630 2629
f 2620 2621 2631
f 2621 2622 2632
f 2622 2613 2623
f 2624 2634 2633
f 2625 2635 2634
f 2626 2636 2635
f 2626 2627 2637
f 2627 2628 2638
f 2629 2639 2638
f 2630 2640 2639
f 2630 2631 2641
f 2631 2632 2642
f 2632 2623 2633
f 2634 2644 2643
f 2635 2645 2644
f 2636 2646 2645
f 2636 2637 2647
f 2637 2638 2648
f 2639 2649 2648
f 2640 2650 2649
f 2640 2641 2651
f 2641 2642 2652
f 2642 2633 2643
f 2644 2654 2653
f 2645 2655 2654
f 2646 2656 2655
f 2646 2647 2657
f 2647 2648 2658
f 2649 2659 2658
f 2650 2660 2659
f 2650 2651 2661
f 2651 2652 2662
f 2652 2643 2653
f 2654 2664 2663
f 2655 2665 2664
f 2656 2666 2665
f 2656 2657 2667
f 2657 2658 2668
f 2659 2669 2668
f 2660 2670 2669
f 2660 2661 2671
f 2661 2662 2672
f 2662 2653 2663
f 2664 2674 2673
f 2665 2675 2674
f 2666 2676 2675
f 2666 2667 2677
f 2667 2668 2678
f 2669 2679 2678
f 2670 2680 2679
f 2670 2671 2681
f 2671 2672 2682
f 2672 2663 2673
f 2674 2684 2683
f 2675 2685 2684
f 2676 2686 2685
f 2676 2677 2687
f 2677 2678 2688
f 2679 2689 2688
f 2680 2690 2689
f 2680 2681 2691
f 2681 2682 2692
f 2682 2673 2683
f 2684 2694 2693
f 2685 2695 2694
f 2686 2696 2695
f 2686 2687 2697
f 2687 2688 2698
f 2689 2699 2698
f 2690 2700 2699
f 2690 2691 2701
f 2691 2692 2702
f 2692 2683 2693
f 2694 2704 2703
f 2695 2705 2704
f 2696 2706 2705
f 2696 2697 2707
f 2697 2698 2708
f 2699 2709 2708
f 2700 2710 2709
f 2700 2701 2711
f 2701 2702 2712
f 2702 2693 2703
f 2704 2714 2713
f 2705 2715 2714
f 2705 2706 2716
f 2706 2707 2717
f 2707 2708 2718
f 2709 2719 2718
f 2710 2720 2719
f 2711 2721 2720
f 2711 2712 2722
f 2712 2703 2713
f 2714 2724 2723
f 2715 2725 2724
f 2715 2716 2726
f 2716 2717 2727
f 2717 2718 2728
f 2719 2729 2728
f 2720 2730 2729
f 2721 2731 2730
f 2721 2722 2732
f 2722 2713 2723
f 2724 2734 2733
f 2725 2735 2734
f 2725 2726 2736
f 2726 2727 2737
f 2727 2728 2738
f 2729 2739 2738
f 2730 2740 2739
f 2731 2741 2740
f 2731 2732 2742
f 2732 2723 2733
f 2734 2744 2743
f 2735 2745 2744
f 2735 2736 2746
f 2736 2737 2747
f 2737 2738 2748
f 2739 2749 2748
f 2740 2750 2749
f 2741 2751 2750
f 2741 2742 2752
f 2742 2733 2743
f 2744 2754 2753
f 2745 2755 2754
f 2745 2746 2756
f 2746 2747 2757
f 2747 2748 2758
f 2749 2759 2758
f 2750 2760 2759
f 2751 2761 2760
f 2751 2752 2762
f 2752 2743 2753
f 2754 2764 2763
f 2755 2765 2764
f 2755 2756 2766
f 2756 2757 2767
f 2757 2758 2768
f 2759 2769 2768
f 2760 2770 2769
f 2761 2771 2770
f 2761 2762 2772
f 2762 2753 2763
f 2764 2774 2773
f 2765 2775 2774
f 2765 2766 2776
f 2766 2767 2777
f 2767 2768 2778
f 2769 2779 2778
f 2770 2780 2779
f 2771 2781 2780
f 2771 2772 2782
f 2772 2763 2773
f 2774 2784 2783
f 2775 2785 2784
f 2775 2776 2786
f 2776 2777 2787
f 2777 2778 2788
f 2779 2789 2788
f 2780 2790 2789
f 2781 2791 2790
f 2781 2782 2792
f 2782 2773 2783
f 2784 2794 2793
f 2785 2795 2794
f 2785 2786 2796
f 2786 2787 2797
f 2787 2788 2798
f 2789 2799 2798
f 2790 2800 2799
f 2791 2801 2800
f 2791 2792 2802
f 2792 2783 2793
f 2794 2804 2803
f 2795 2805 2804
f 2795 2796 2806
f 2796 2797 2807
f 2797 2798 2808
f 2799 2809 2808
f 2800 2810 2809
f 2801 2811 2810
f 2801 2802 2812
f 2802 2793 2803
f 2804 2814 2813
f 2805 2815 2814
f 2805 2806 2816
f 2806 2807 2817
f 2807 2808 2818
f 2809 2819 2818
f 2810 2820 2819
f 2811 2821 2820
f 2811 2812 2822
f 2812 2803 2813
f 2814 2824 2823
f 2815 2825 2824
f 2815 2816 2826
f 2816 2817 2827
f 2817 2818 2828
f 2819 2829 2828
f 2820 2830 2829
f 2821 2831 2830
f 2821 2822 2832
f 2822 2813 2823
f 2824 2834 2833
f 2825 2835 2834
f 2825 2826 2836
f 2826 2827 2837
f 2827 2828 2838
f 2829 2839 2838
f 2830 2840 2839
f 2831 2841 2840
f 2831 2832 2842
f 2832 2823 2833
f 2834 2844 2843
f 2835 2845 2844
f 2835 2836 2846
f 2836 2837 2847
f 2837 2838 2848
f 2839 2849 2848
f 2840 2850 2849
f 2841 2851 2850
f 2841 2842 2852
f 2842 2833 2843
f 2844 2854 2853
f 2845 2855 2854
f 2845 2846 2856
f 2846 2847 2857
f 2847 2848 2858
f 2849 2859 2858
f 2850 2860 2859
f 2851 2861 2860
f 2851 2852 2862
f 2852 2843 2853
f 2854 2864 2863
f 2855 2865 2864
f 2855 2856 2866
f 2856 2857 2867
f 2857 2858 2868
f 2859 2869 2868
f 2860 2870 2869
f 2861 2871 2870
f 2861 2862 2872
f 2862 2853 2863
f 2864 2874 2873
f 2865 2875 2874
f 2865 2866 2876
f 2866 2867 2877
f 2867 2868 2878
f 2869 2879 2878
f 2870 2880 2879
f 2871 2881 2880
f 2871 2872 2882
f 2872 2863 2873
f 2874 2884 2883
f 2875 2885 2884
f 2875 2876 2886
f 2876 2877 2887
f 2877 2878 2888
f 2879 2889 2888
f 2880 2890 2889
f 2881 2891 2890
f 2881 2882 2892
f 2882 2873 2883
f 2884 2894 2893
f 2885 2895 2894
f 2885 2886 2896
f 2886 2887 2897
f 2887 2888 2898
f 2889 2899 2898
f 2890 2900 2899
f 2891 2901 2900
f 2891 2892 2902
f 2892 2883 2893
f 2894 2904 2903
f 2895 2905 2904
f 2895 2896 2906
f 2896 2897 2907
f 2897 2898 2908
f 2899 2909 2908
f 2900 2910 2909
f 2901 2911 2910
f 2901 2902 2912
f 2902 2893 2903
f 2904 2914 2913
f 2905 2915 2914
f 2905 2906 2916
f 2906 2907 2917
f 2907 2908 2918
f 2909 2919 2918
f 2910 2920 2919
f 2911 2921 2920
f 2911 2912 2922
f 2912 2903 2913
f 2914 2924 2923
f 2915 2925 2924
f 2915 2916 2926
f 2916 2917 2927
f 2917 2918 2928
f 2919 2929 2928
f 2920 2930 2929
f 2921 2931 2930
f 2921 2922 2932
f 2922 2913 2923
f 2924 2934 2933
f 2925 2935 2934
f 2925 2926 2936
f 2926 2927 2937
f 2927 2928 2938
f 2929 2939 2938
f 2930 2940 2939
f 2931 2941 2940
f 2931 2932 2942
f 2932 2923 2933
f 2934 2944 2943
f 2935 2945 2944
f 2935 2936 2946
f 2936 2937 2947
f 2937 2938 2948
f 2939 2949 2948
f 2940 2950 2949
f 2941 2951 2950
f 2941 2942 2952
f 2942 2933 2943
f 2944 2954 2953
f 2945 2955 2954
f 2945 2946 2956
f 2946 2947 2957
f 2947 2948 2958
f 2949 2959 2958
f 2950 2960 2959
f 2951 2961 2960
f 2951 2952 2962
f 2952 2943 2953
f 2954 2964 2963
f 2955 2965 2964
f 2956 2966 2965
f 2956 2957 2967
f 2957 2958 2968
f 2959 2969 2968
f 2960 2970 2969
f 2960 2961 2971
f 2961 2962 2972
f 2962 2953 2963
f 2964 2974 2973
f 2965 2975 2974
f 2966 2976 2975
f 2966 2967 2977
f 2967 2968 2978
f 2969 2979 2978
f 2970 2980 2979
f 2970 2971 2981
f 2971 2972 2982
f 2972 2963 2973
f 2974 2984 2983
f 2975 2985 2984
f 2976 2986 2985
f 2976 2977 2987
f 2977 2978 2988
f 2979 2989 2988
f 2980 2990 2989
f 2980 2981 2991
f 2981 2982 2992
f 2982 2973 2983
f 2984 2994 2993
f 2985 2995 2994
f 2986 2996 2995
f 2986 2987 2997
f 2987 2988 2998
f 2989 2999 2998
f 2990 3000 2999
f 2990 2991 3001
f 2991 2992 3002
f 2992 2983 2993
f 2994 3004 3003
f 2995 3005 3004
f 2996 3006 3005
f 2996 2997 3007
f 2997 2998 3008
f 2999 3009 3008
f 3000 3010 3009
f 3000 3001 3011
f 3001 3002 3012
f 3002 2993 3003
f 3004 3014 3013
f 3005 3015 3014
f 3006 3016 3015
f 3006 3007 3017
f 3007 3008 3018
f 3009 3019 3018
f 3010 3020 3019
f 3010 3011 3021
f 3011 3012 3022
f 3012 3003 3013
f 3014 3024 3023
f 3015 3025 3024
f 3016 3026 3025
f 3016 3017 3027
f 3017 3018 3028
f 3019 3029 3028
f 3020 3030 3029
f 3020 3021 3031
f 3021 3022 3032
f 3022 3013 3023
f 3024 3034 3033
f 3025 3035 3034
f 3026 3036 3035
f 3026 3027 3037
f 3027 3028 3038
f 3029 3039 3038
f 3030 3040 3039
f 3030 3031 3041
f 3031 3032 3042
f 3032 3023 3033
f 3034 3044 3043
f 3035 3045 3044
f 3036 3046 3045
f 3036 3037 3047
f 3037 3038 3048
f 3039 3049 3048
f 3040 3050 3049
f 3040 3041 3051
f 3041 3042 3052
f 3042 3033 3043
f 3044 3054 3053
f 3045 3055 3054
f 3046 3056 3055
f 3046 3047 3057
f 3047 3048 3058
f 3049 3059 3058
f 3050 3060 3059
f 3050 3051 3061
f 3051 3052 3062
f 3052 3043 3053
f 3054 3064 3063
f 3055 3065 3064
f 3056 3066 3065
f 3056 3057 3067
f 3057 3058 3068
f 3059 3069 3068
f 3060 3070 3069
f 3060 3061 3071
f 3061 3062 3072
f 3062 3053 3063
f 3064 3074 3073
f 3065 3075 3074
f 3066 3076 3075
f 3066 3067 3077
f 3067 3068 3078
f 3069 3079 3078
f 3070 3080 3079
f 3070 3071 3081
f 3071 3072 3082
f 3072 3063 3073
f 3074 3084 3083
f 3075 3085 3084
f 3076 3086 3085
f 3076 3077 3087
f 3077 3078 3088
f 3079 3089 3088
f 3080 3090 3089
f 3080 3081 3091
f 3081 3082 3092
f 3082 3073 3083
f 3084 3094 3093
f 3085 3095 3094
f 3086 3096 3095
f 3086 3087 3097
f 3087 3088 3098
f 3089 3099 3098
f 3090 3100 3099
f 3090 3091 3101
f 3091 3092 3102
f 3092 3083 3093
f 3094 3104 3103
f 3095 3105 3104
f 3096 3106 3105
f 3096 3097 3107
f 3097 3098 3108
f 3099 3109 3108
f 3100 3110 3109
f 3100 3101 3111
f 3101 3102 3112
f 3102 3093 3103
f 3104 3114 3113
f 3105 3115 3114
f 3106 3116 3115
f 3106 3107 3117
f 3107 3108 3118
f 3109 3119 3118
f 3110 3120 3119
f 3110 3111 3121
f 3111 3112 3122
f 3112 3103 3113
f 3114 3124 3123
f 3115 3125 3124
f 3116 3126 3125
f 3116 3117 3127
f 3117 3118 3128
f 3119 3129 3128
f 3120 3130 3129
f 3120 3121 3131
f 3121 3122 3132
f 3122 3113 3123
f 3124 3134 3133
f 3125 3135 3134
f 3126 3136 3135
f 3126 3127 3137
f 3127 3128 3138
f 3129 3139 3138
f 3130 3140 3139
f 3130 3131 3141
f 3131 3132 3142
f 3132 3123 3133
f 3134 3144 3143
f 3135 3145 3144
f 3136 3146 3145
f 3136 3137 3147
f 3137 3138 3148
f 3139 3149 3148
f 3140 3150 3149
f 3140 3141 3151
f 3141 3142 3152
f 3142 3133 3143
f 3144 3154 3153
f 3145 3155 3154
f 3146 3156 3155
f 3146 3147 3157
f 3147 3148 3158
f 3149 3159 3158
f 3150 3160 3159
f 3150 3151 3161
f 3151 3152 3162
f 3152 3143 3153
f 3154 3164 3163
f 3155 3165 3164
f 3156 3166 3165
f 3156 3157 3167
f 3157 3158 3168
f 3159 3169 3168
f 3160 3170 3169
f 3160 3161 3171
f 3161 3162 3172
f 3162 3153 3163
f 3164 3174 3173
f 3165 3175 3174
f 3166 3176 3175
f 3166 3167 3177
f 3167 3168 3178
f 3169 3179 3178
f 3170 3180 3179
f 3170 3171 3181
f 3171 3172 3182
f 3172 3163 3173
f 3174 3184 3183
f 3175 3185 3184
f 3176 3186 3185
f 3176 3177 3187
f 3177 3178 3188
f 3179 3189 3188
f 3180 3190 3189
f 3180 3181 3191
f 3181 3182 3192
f 3182 3173 3183
f 3184 3194 3193
f 3185 3195 3194
f 3185 3186 3196
f 3186 3187 3197
f 3187 3188 3198
f 3189 3199 3198
f 3190 3200 3199
f 3191 3201 3200
f 3191 3192 3202
f 3192 3183 3193
