# celestial_dragon Head_Pearl.obj: Roblox cue frame, recentred on its bounding box
v -0.06004 0.01308 0.31746
v -0.06774 -0.00621 0.33782
v -0.05991 0.00479 0.33780
v -0.05911 -0.00665 0.35744
v -0.05175 0.00494 0.35388
v -0.05196 0.01317 0.33753
v -0.04406 0.02108 0.33314
v -0.03625 0.02812 0.32550
v -0.03968 0.01270 0.35860
v -0.04470 0.00048 0.37063
v -0.03632 0.00138 0.37875
v -0.04052 -0.01061 0.38696
v -0.04511 -0.02354 0.39076
v -0.03670 -0.02328 0.39859
v -0.04719 -0.03892 0.39363
v -0.03851 -0.06265 0.39902
v -0.04417 -0.07069 0.38942
v -0.03530 -0.08587 0.38578
v -0.03227 -0.09858 0.37303
v -0.04436 -0.08765 0.37475
v -0.03612 -0.10722 0.35392
v -0.04431 -0.10339 0.35087
v -0.03615 -0.11634 0.33175
v -0.04343 -0.11406 0.32563
v -0.05129 -0.11397 0.30616
v -0.05153 -0.10656 0.33010
v -0.05273 -0.09601 0.35077
v -0.05208 -0.08277 0.36956
v -0.05231 -0.07130 0.37924
v -0.04764 -0.05388 0.39267
v -0.05220 -0.02295 0.38199
v -0.05141 -0.00677 0.37007
v -0.06029 -0.02258 0.36977
v -0.06825 -0.02216 0.35389
v -0.06841 -0.03899 0.36117
v -0.06806 -0.05099 0.36165
v -0.06686 -0.06257 0.36023
v -0.05999 -0.07054 0.36806
v -0.06040 -0.08715 0.35000
v -0.05981 -0.09879 0.32950
v -0.06776 -0.09098 0.32424
v -0.06725 -0.07940 0.34519
v -0.07477 -0.08252 0.31687
v -0.07886 -0.07183 0.31872
v -0.07319 -0.07020 0.33956
v -0.07519 -0.05890 0.34207
v -0.07519 -0.04629 0.34561
v -0.07490 -0.02294 0.33743
v -0.07439 -0.01153 0.32545
v -0.07934 -0.02141 0.32107
v -0.07818 -0.03821 0.33658
v -0.08154 -0.05088 0.32483
v -0.08418 -0.03951 0.31362
v -0.08654 -0.03071 0.29551
v -0.07604 -0.00674 0.31031
v -0.07744 -0.00293 0.29117
v -0.07432 0.00507 0.27687
v -0.08353 -0.01520 0.28665
v -0.08741 -0.04719 0.29678
v -0.08308 -0.05877 0.31434
v -0.08566 -0.06526 0.29260
v -0.08331 -0.07459 0.28881
v -0.08945 -0.05116 0.27386
v -0.08709 -0.02429 0.27621
v -0.08402 -0.00623 0.23352
v -0.09001 -0.04097 0.26410
v -0.08959 -0.05574 0.26216
v -0.08821 -0.06403 0.25491
v -0.08294 -0.07974 0.26967
v -0.07662 -0.09171 0.27332
v -0.06875 -0.10246 0.27633
v -0.07672 -0.08697 0.29706
v -0.06712 -0.09881 0.30535
v -0.06116 -0.10863 0.28979
v -0.05929 -0.10613 0.30997
v -0.04027 -0.12248 0.29846
v -0.05278 -0.11708 0.27908
v -0.04426 -0.12353 0.26471
v -0.04412 -0.12227 0.23011
v -0.03210 -0.12889 0.24016
v -0.03560 -0.12745 0.27317
v -0.02400 -0.12963 0.29356
v -0.02547 -0.12325 0.32345
v -0.01610 -0.11991 0.34216
v -0.02464 -0.11449 0.34997
v -0.02355 -0.10600 0.36787
v -0.01961 -0.09495 0.38625
v -0.02481 -0.08502 0.39420
v -0.03063 -0.07535 0.39812
v -0.02849 -0.06309 0.40602
v -0.01523 -0.06222 0.41251
v -0.03181 -0.04720 0.40745
v -0.02008 -0.04634 0.41364
v -0.03051 -0.03143 0.40638
v -0.02320 -0.01927 0.40534
v -0.02752 -0.00677 0.39407
v -0.01977 -0.00722 0.39862
v -0.02342 0.00466 0.38456
v -0.02825 0.01290 0.36947
v -0.02324 0.02012 0.36034
v -0.01596 0.02740 0.34886
v -0.03247 0.02427 0.34267
v -0.01716 0.03622 0.32084
v -0.02773 0.03437 0.31552
v -0.01542 0.04547 0.27633
v -0.02799 0.04635 0.25791
v -0.01579 0.05243 0.24915
v -0.01659 0.06151 0.22405
v -0.03220 0.06344 0.20915
v -0.02804 0.07941 0.18605
v -0.01608 0.08424 0.18501
v -0.01638 0.10062 0.16440
v -0.03181 0.10134 0.15682
v -0.01633 0.10828 0.15332
v -0.03136 0.10935 0.14410
v -0.03174 0.11755 0.12672
v -0.01705 0.11867 0.13336
v -0.01593 0.12567 0.11464
v -0.03183 0.12466 0.10523
v -0.01619 0.12995 0.09790
v -0.01481 0.13370 0.07399
v -0.03531 0.12776 0.08355
v -0.02290 0.13268 0.06506
v -0.02094 0.13309 0.04689
v -0.02368 0.13062 0.02820
v -0.02479 0.12629 0.00850
v -0.02395 0.12112 -0.00914
v -0.02028 0.11652 -0.02178
v -0.03184 0.11031 -0.02753
v -0.02394 0.09389 -0.05643
v -0.02044 0.08616 -0.07123
v -0.02833 0.08966 -0.06777
v -0.01977 0.08042 -0.08656
v -0.03846 0.09091 -0.07945
v -0.03991 0.09320 -0.06538
v -0.04870 0.09502 -0.06029
v -0.03301 0.09473 -0.05511
v -0.05591 0.09625 -0.04684
v -0.03391 0.09958 -0.04363
v -0.04279 0.10043 -0.03639
v -0.05063 0.10103 -0.02783
v -0.03955 0.11816 -0.00262
v -0.04760 0.10937 -0.01441
v -0.04001 0.12411 0.02001
v -0.03961 0.12698 0.03835
v -0.04889 0.12386 0.05450
v -0.05623 0.11811 0.03278
v -0.04745 0.12381 0.07307
v -0.03567 0.12926 0.06176
v -0.03934 0.12359 0.09795
v -0.04713 0.11582 0.11325
v -0.04729 0.10871 0.13089
v -0.04747 0.10074 0.14526
v -0.04056 0.09422 0.16036
v -0.04020 0.07945 0.17824
v -0.03550 0.07095 0.19338
v -0.04838 0.06870 0.18478
v -0.04755 0.06079 0.19753
v -0.03219 0.05466 0.22827
v -0.03994 0.04580 0.24196
v -0.04020 0.03803 0.27030
v -0.04102 0.02954 0.31083
v -0.05241 0.02201 0.31086
v -0.05881 0.01989 0.29530
v -0.06868 0.01373 0.27221
v -0.06842 0.02111 0.24117
v -0.06107 0.03000 0.24011
v -0.05272 0.03739 0.24111
v -0.05289 0.03112 0.26363
v -0.06077 0.02371 0.26628
v -0.06064 0.04045 0.21339
v -0.05950 0.05278 0.19296
v -0.06872 0.04536 0.18698
v -0.05958 0.06375 0.17736
v -0.06905 0.05554 0.17291
v -0.07220 0.07677 0.14614
v -0.06401 0.08397 0.14961
v -0.05622 0.09349 0.14669
v -0.06428 0.09734 0.12947
v -0.06399 0.10460 0.11404
v -0.06529 0.10941 0.09524
v -0.07327 0.10665 0.07290
v -0.06928 0.11066 0.05680
v -0.07338 0.10651 0.04131
v -0.07228 0.10490 0.02529
v -0.05715 0.11370 0.01328
v -0.05579 0.11027 -0.00015
v -0.06406 0.09928 -0.01235
v -0.05533 0.09827 -0.03281
v -0.06034 0.09313 -0.09713
v -0.05193 0.09272 -0.09270
v -0.05228 0.08847 -0.12696
v -0.05997 0.08713 -0.14149
v -0.05198 0.08415 -0.14657
v -0.05229 0.07690 -0.16771
v -0.05922 0.07806 -0.16980
v -0.05148 0.06943 -0.17989
v -0.06012 0.06988 -0.18389
v -0.05174 0.06018 -0.18655
v -0.05188 0.05408 -0.18271
v -0.06357 0.06107 -0.18398
v -0.05485 0.04532 -0.17194
v -0.05479 0.03700 -0.16633
v -0.06910 0.04219 -0.16181
v -0.07001 0.05179 -0.17018
v -0.08359 0.06062 -0.17386
v -0.07652 0.06927 -0.18052
v -0.08450 0.06933 -0.17230
v -0.07604 0.07775 -0.16723
v -0.08364 0.07650 -0.16043
v -0.08421 0.08073 -0.14645
v -0.07622 0.08586 -0.13960
v -0.08526 0.08571 -0.11713
v -0.09197 0.08084 -0.11915
v -0.08420 0.08835 -0.07858
v -0.09198 0.08326 -0.07777
v -0.08354 0.08541 -0.01169
v -0.09094 0.07786 -0.00715
v -0.09436 0.07360 0.01426
v -0.08378 0.08692 0.00653
v -0.09068 0.08450 0.03109
v -0.08473 0.09342 0.03367
v -0.09452 0.08149 0.05152
v -0.09189 0.08509 0.06920
v -0.09880 0.07270 0.07242
v -0.09995 0.06421 0.09172
v -0.09150 0.08066 0.09288
v -0.08459 0.09353 0.08114
v -0.08413 0.08475 0.10999
v -0.09074 0.07214 0.11326
v -0.08941 0.06256 0.12866
v -0.09451 0.05167 0.12541
v -0.09313 0.03209 0.14047
v -0.09129 0.00850 0.16193
v -0.09106 -0.01384 0.17675
v -0.08864 -0.04488 0.19040
v -0.08672 -0.05268 0.18137
v -0.08477 -0.05601 0.16244
v -0.08331 -0.06744 0.19817
v -0.09089 -0.02942 0.17380
v -0.08768 -0.00181 0.19167
v -0.08291 0.01039 0.19953
v -0.08335 0.02085 0.18146
v -0.07622 0.03106 0.19010
v -0.07701 0.04787 0.16658
v -0.08074 0.06781 0.14122
v -0.07870 0.08127 0.12944
v -0.07603 0.09321 0.11343
v -0.07662 0.09939 0.09460
v -0.08190 0.09885 0.05728
v -0.08425 0.03898 0.15891
v -0.08505 0.03040 0.16508
v -0.07543 0.02096 0.21175
v -0.06890 0.03186 0.20999
v -0.07507 0.01331 0.23415
v -0.08008 0.00262 0.23810
v -0.08702 -0.01456 0.22494
v -0.08849 -0.01999 0.21535
v -0.08952 -0.02857 0.21374
v -0.08965 -0.03770 0.20656
v -0.08564 -0.07255 0.24549
v -0.08283 -0.07628 0.22608
v -0.07665 -0.08809 0.22082
v -0.07895 -0.08837 0.24692
v -0.06839 -0.10379 0.25095
v -0.05927 -0.11291 0.26409
v -0.05594 -0.11572 0.24846
v -0.06866 -0.10074 0.22550
v -0.06049 -0.10825 0.21831
v -0.06135 -0.09923 0.18464
v -0.06776 -0.09174 0.18388
v -0.07524 -0.08113 0.18500
v -0.07766 -0.06973 0.15175
v -0.08137 -0.06429 0.14135
v -0.07438 -0.07450 0.13485
v -0.08457 -0.06201 0.13349
v -0.09286 -0.05780 0.12095
v -0.09154 -0.05069 0.13000
v -0.09304 -0.03637 0.13810
v -0.08959 -0.04690 0.14110
v -0.09174 -0.03053 0.15320
v -0.08727 -0.04977 0.15056
v -0.09410 -0.01402 0.14785
v -0.09543 0.00336 0.14264
v -0.09268 0.02061 0.14831
v -0.09937 0.05699 0.10584
v -0.10328 0.04157 0.10534
v -0.10298 0.03342 0.10965
v -0.10680 0.01588 0.09729
v -0.10649 -0.00503 0.10666
v -0.09960 -0.04056 0.12024
v -0.10110 -0.04945 0.11427
v -0.10585 -0.06651 0.09693
v -0.10422 -0.08234 0.08286
v -0.10661 -0.07520 0.08811
v -0.09994 -0.09135 0.07391
v -0.10756 -0.09055 0.06572
v -0.11557 -0.08214 0.06573
v -0.11710 -0.07585 0.07139
v -0.11622 -0.06716 0.08142
v -0.11328 -0.05761 0.09276
v -0.11757 -0.03977 0.09113
v -0.10420 -0.02202 0.11470
v -0.11169 0.00351 0.09001
v -0.10895 0.02496 0.08387
v -0.10764 0.04317 0.07756
v -0.11053 0.03091 0.06442
v -0.10725 0.05008 0.06023
v -0.10524 0.05523 0.03962
v -0.11051 0.03380 0.04834
v -0.11436 0.02215 0.05261
v -0.11349 0.01663 0.07099
v -0.12042 -0.00533 0.07292
v -0.12425 -0.02431 0.07463
v -0.11814 -0.02130 0.08820
v -0.12258 -0.05615 0.07668
v -0.12378 -0.06748 0.06538
v -0.11691 -0.08760 0.05308
v -0.12362 -0.08277 0.04208
v -0.13081 -0.07120 0.03420
v -0.12678 -0.07223 0.05117
v -0.12859 -0.05532 0.06157
v -0.13393 -0.04834 0.04347
v -0.13022 -0.03916 0.06025
v -0.13178 -0.02959 0.05108
v -0.12655 -0.01067 0.05679
v -0.12437 0.00319 0.03852
v -0.13329 -0.05939 0.03868
v -0.13246 -0.07174 0.01432
v -0.13587 -0.05839 0.00898
v -0.13688 -0.04729 0.01679
v -0.13571 -0.03162 0.02539
v -0.13214 -0.01446 0.01075
v -0.13130 -0.01523 0.03551
v -0.12684 -0.00065 0.01820
v -0.11598 0.02099 0.03447
v -0.10769 0.03947 0.02778
v -0.09804 0.07223 0.03388
v -0.10213 0.06587 0.04874
v -0.10498 0.05666 0.07356
v -0.10062 0.05781 0.01109
v -0.09970 0.06167 -0.00705
v -0.09650 0.06869 -0.00432
v -0.10235 0.06967 -0.06296
v -0.09861 0.07533 -0.06091
v -0.10459 0.06109 -0.05439
v -0.10613 0.05341 -0.06236
v -0.10502 0.04501 -0.06144
v -0.10163 0.03654 -0.03918
v -0.09992 0.02911 -0.04049
v -0.10204 0.04272 -0.01906
v -0.10200 0.05227 -0.01367
v -0.10305 0.03678 -0.00688
v -0.10220 0.02902 -0.02368
v -0.10567 0.02584 -0.01524
v -0.10581 0.01214 -0.03887
v -0.09831 0.01123 -0.05271
v -0.10010 0.02125 -0.03913
v -0.09449 0.01309 -0.05861
v -0.09704 0.02099 -0.05073
v -0.09775 0.02628 -0.05575
v -0.09705 0.02731 -0.07169
v -0.09149 0.02069 -0.08006
v -0.08909 0.01295 -0.07257
v -0.09065 0.00377 -0.07109
v -0.08328 0.00532 -0.08346
v -0.08292 -0.00311 -0.08744
v -0.09116 -0.01579 -0.08346
v -0.08476 -0.01620 -0.09102
v -0.08562 -0.03258 -0.09177
v -0.09863 -0.04420 -0.08265
v -0.08370 -0.04373 -0.09135
v -0.07611 -0.05093 -0.09182
v -0.07597 -0.03905 -0.09802
v -0.08360 -0.06135 -0.08494
v -0.07619 -0.07223 -0.07887
v -0.08452 -0.08041 -0.07287
v -0.07562 -0.08800 -0.06400
v -0.08377 -0.09479 -0.05516
v -0.07243 -0.09826 -0.04656
v -0.08780 -0.10404 -0.03504
v -0.07290 -0.10562 -0.02784
v -0.08381 -0.10876 -0.01831
v -0.07213 -0.11015 -0.00267
v -0.08396 -0.11162 0.00930
v -0.07652 -0.11130 0.01761
v -0.08387 -0.10893 0.03825
v -0.08035 -0.10431 0.05719
v -0.07473 -0.09150 0.09004
v -0.08879 -0.09023 0.08532
v -0.08708 -0.08252 0.09885
v -0.07538 -0.08243 0.10934
v -0.08575 -0.07358 0.11303
v -0.08753 -0.06493 0.12202
v -0.10016 -0.03427 0.12107
v -0.09800 -0.02078 0.12878
v -0.10006 -0.00050 0.12267
v -0.07127 -0.07920 0.12618
v -0.07040 -0.08176 0.11865
v -0.06713 -0.08781 0.10330
v -0.06072 -0.08749 0.11438
v -0.05409 -0.09374 0.08655
v -0.06705 -0.09312 0.08791
v -0.06105 -0.09828 0.07071
v -0.07127 -0.10727 0.04359
v -0.06516 -0.10859 0.02601
v -0.05804 -0.10650 0.01765
v -0.05720 -0.10539 -0.00055
v -0.06500 -0.10644 -0.01475
v -0.05781 -0.09924 -0.03006
v -0.06837 -0.08614 -0.06339
v -0.06056 -0.08347 -0.06153
v -0.06297 -0.07148 -0.07563
v -0.06069 -0.06411 -0.08222
v -0.06826 -0.05697 -0.08955
v -0.05987 -0.05118 -0.09883
v -0.06830 -0.04740 -0.09763
v -0.06260 -0.04473 -0.10648
v -0.06938 -0.03596 -0.10745
v -0.05948 -0.04310 -0.11716
v -0.06860 -0.03153 -0.11466
v -0.06783 -0.02720 -0.12555
v -0.06403 -0.03481 -0.12668
v -0.06768 -0.02649 -0.14373
v -0.05899 -0.04244 -0.13244
v -0.05205 -0.04986 -0.11702
v -0.05256 -0.05127 -0.10722
v -0.04773 -0.05621 -0.09786
v -0.03742 -0.05876 -0.10693
v -0.05604 -0.05695 -0.09131
v -0.04429 -0.05972 -0.08805
v -0.05160 -0.06529 -0.07802
v -0.04342 -0.06814 -0.06837
v -0.04988 -0.07491 -0.06325
v -0.05694 -0.09085 -0.04784
v -0.05007 -0.09100 -0.03855
v -0.04250 -0.09117 -0.02408
v -0.04692 -0.09784 -0.01257
v -0.04458 -0.09881 0.00403
v -0.04375 -0.09893 0.02856
v -0.02907 -0.08993 0.02000
v -0.03821 -0.09444 0.05442
v -0.05231 -0.09888 0.05939
v -0.04850 -0.09539 0.07385
v -0.05318 -0.09217 0.09631
v -0.05380 -0.09075 0.11469
v -0.05189 -0.09317 0.12724
v -0.05245 -0.10960 0.19394
v -0.04026 -0.10671 0.15097
v -0.05217 -0.11633 0.22505
v -0.03345 -0.12550 0.21547
v -0.02823 -0.12362 0.19639
v -0.01634 -0.12647 0.19385
v -0.01977 -0.13109 0.22442
v -0.01162 -0.13412 0.24168
v -0.02355 -0.13219 0.25777
v -0.00761 -0.13435 0.27758
v -0.02399 -0.13123 0.27810
v -0.01423 -0.13061 0.30207
v -0.00041 -0.12986 0.31245
v -0.00800 -0.12412 0.33333
v 0.00010 -0.11550 0.35773
v 0.00026 -0.10732 0.37349
v -0.00802 -0.09848 0.38582
v 0.00391 -0.09322 0.39278
v -0.00851 -0.08731 0.39831
v 0.00011 -0.07860 0.40637
v -0.00398 -0.06306 0.41429
v 0.00416 -0.06238 0.41453
v 0.00013 -0.04701 0.41775
v 0.00016 -0.03512 0.41676
v -0.00374 -0.02309 0.41274
v 0.00854 -0.02632 0.41355
v 0.00841 -0.01834 0.40980
v -0.00890 -0.01399 0.40724
v 0.00833 -0.01069 0.40497
v -0.00754 -0.00269 0.39830
v 0.00819 -0.00238 0.39797
v -0.00685 0.00731 0.38759
v 0.00803 0.00569 0.38925
v 0.00822 0.01378 0.37831
v -0.00724 0.02008 0.36769
v 0.00893 0.02154 0.36456
v -0.00010 0.02704 0.35401
v -0.00809 0.03298 0.33681
v 0.00051 0.03864 0.31783
v 0.00008 0.04741 0.27374
v 0.00014 0.05388 0.24989
v 0.00831 0.06083 0.22907
v -0.00176 0.06161 0.22807
v -0.00009 0.07395 0.20284
v 0.00788 0.08539 0.18531
v -0.00362 0.08569 0.18516
v -0.00316 0.10528 0.16024
v 0.00808 0.10139 0.16514
v 0.00837 0.10902 0.15410
v -0.00724 0.11532 0.14298
v 0.00053 0.11969 0.13453
v 0.00002 0.12624 0.11709
v -0.00073 0.13159 0.09664
v -0.00022 0.13525 0.06595
v 0.00062 0.13424 0.03566
v 0.00743 0.13065 0.01508
v -0.00905 0.13254 0.02519
v -0.00779 0.12655 -0.00045
v -0.00797 0.11962 -0.01946
v 0.00749 0.11790 -0.02314
v 0.00029 0.10986 -0.03886
v 0.00704 0.10092 -0.05137
v -0.00769 0.10090 -0.05126
v -0.00154 0.08722 -0.06827
v -0.01141 0.08398 -0.07206
v 0.00057 0.07257 -0.09098
v 0.00434 0.06753 -0.10304
v -0.00395 0.06475 -0.10952
v 0.00452 0.06057 -0.12087
v 0.00458 0.05316 -0.14312
v -0.00412 0.05460 -0.13833
v -0.00090 0.05026 -0.15316
v -0.01217 0.04746 -0.16671
v 0.00058 0.04475 -0.18150
v -0.00705 0.03761 -0.22065
v 0.00398 0.03723 -0.22328
v 0.00015 0.02680 -0.26639
v 0.00015 0.02565 -0.27798
v 0.00048 0.02819 -0.29357
v -0.00406 0.03677 -0.32367
v 0.00069 0.04004 -0.33975
v 0.00801 0.04010 -0.34642
v -0.00410 0.03995 -0.35926
v 0.00904 0.03952 -0.35929
v -0.00023 0.03694 -0.37474
v 0.00081 0.02956 -0.39038
v -0.00396 0.02205 -0.39937
v 0.00420 0.01731 -0.40382
v -0.00310 0.00881 -0.40987
v 0.00827 0.00531 -0.41122
v 0.00119 -0.00760 -0.41664
v -0.00827 -0.00383 -0.41475
v 0.00015 -0.02326 -0.41775
v 0.00839 -0.03437 -0.41475
v -0.00815 -0.03509 -0.41450
v 0.00799 -0.04326 -0.41084
v -0.00805 -0.04319 -0.41078
v 0.00017 -0.05249 -0.40470
v -0.00777 -0.05961 -0.39563
v 0.00803 -0.06003 -0.39505
v -0.00391 -0.06853 -0.38032
v 0.00852 -0.06721 -0.38229
v 0.00815 -0.07257 -0.36653
v -0.00799 -0.07486 -0.35536
v 0.00067 -0.07701 -0.33882
v -0.00372 -0.07754 -0.30458
v 0.00795 -0.07728 -0.30574
v 0.00026 -0.08050 -0.27112
v 0.00047 -0.08072 -0.23438
v -0.00840 -0.07855 -0.20309
v 0.00450 -0.07732 -0.18616
v -0.00791 -0.06974 -0.13285
v 0.00794 -0.06970 -0.13233
v -0.00776 -0.06710 -0.10378
v 0.00797 -0.06703 -0.10251
v -0.00776 -0.06668 -0.06950
v 0.00649 -0.06677 -0.06878
v -0.00082 -0.06868 -0.04506
v 0.00098 -0.07384 -0.01190
v 0.01218 -0.06999 -0.03303
v -0.01102 -0.08390 0.02297
v 0.01078 -0.08310 0.02032
v -0.00345 -0.09810 0.07790
v 0.00413 -0.10889 0.12016
v -0.00397 -0.12592 0.18548
v 0.00816 -0.12640 0.18840
v -0.00668 -0.13223 0.21725
v 0.00766 -0.13182 0.21453
v 0.00012 -0.13525 0.24910
v 0.00699 -0.13404 0.28177
v 0.00887 -0.12493 0.33031
v 0.02003 -0.12304 0.33000
v 0.00784 -0.12004 0.34555
v 0.02062 -0.11466 0.35246
v 0.01579 -0.10902 0.36724
v 0.01683 -0.09589 0.38660
v 0.01202 -0.08661 0.39805
v 0.01534 -0.07343 0.40725
v 0.01638 -0.06105 0.41256
v 0.01972 -0.04636 0.41389
v 0.01170 -0.04709 0.41634
v 0.01669 -0.03549 0.41405
v 0.02537 -0.02607 0.40759
v 0.02376 -0.00916 0.39847
v 0.01981 0.00345 0.38786
v 0.02475 0.01283 0.37257
v 0.02454 0.02228 0.35531
v 0.01694 0.03152 0.33747
v 0.00875 0.03130 0.34178
v 0.01661 0.03776 0.31443
v 0.01245 0.04639 0.27397
v 0.01602 0.05234 0.24966
v 0.01968 0.05895 0.22828
v 0.01223 0.06954 0.20912
v 0.01555 0.07616 0.19693
v 0.02424 0.08547 0.18051
v 0.01618 0.09382 0.17301
v 0.02551 0.10062 0.16124
v 0.02515 0.10967 0.14741
v 0.02348 0.11646 0.13505
v 0.01166 0.11910 0.13417
v 0.01719 0.12610 0.11316
v 0.00899 0.13291 0.08572
v 0.01692 0.13358 0.07087
v 0.03188 0.13026 0.06972
v 0.04126 0.12616 0.07873
v 0.02410 0.13008 0.08924
v 0.03019 0.12313 0.11276
v 0.03966 0.09854 0.15577
v 0.03598 0.08054 0.17997
v 0.03255 0.07374 0.19187
v 0.03247 0.06150 0.21305
v 0.02386 0.06831 0.20639
v 0.03937 0.05254 0.22505
v 0.04125 0.04515 0.24220
v 0.02783 0.05136 0.24179
v 0.04043 0.03777 0.27151
v 0.02364 0.04412 0.27387
v 0.02803 0.03597 0.30783
v 0.03235 0.02889 0.32956
v 0.03708 0.00153 0.37811
v 0.02901 0.00032 0.38619
v 0.03662 -0.02275 0.39863
v 0.02343 -0.01908 0.40526
v 0.03225 -0.03877 0.40698
v 0.03165 -0.05115 0.40725
v 0.03894 -0.06275 0.39886
v 0.02877 -0.06286 0.40612
v 0.03111 -0.07514 0.39816
v 0.02512 -0.08479 0.39442
v 0.03563 -0.08607 0.38555
v 0.03260 -0.09883 0.37263
v 0.03197 -0.10789 0.35786
v 0.03305 -0.11533 0.33920
v 0.02781 -0.12274 0.32245
v 0.03590 -0.12176 0.31315
v 0.04359 -0.11413 0.32571
v 0.05159 -0.11399 0.30608
v 0.05230 -0.10298 0.33856
v 0.04464 -0.10336 0.35088
v 0.04457 -0.09144 0.36988
v 0.04902 -0.08311 0.37420
v 0.05253 -0.07186 0.37896
v 0.04451 -0.07093 0.38922
v 0.04792 -0.05391 0.39269
v 0.04745 -0.03885 0.39366
v 0.04518 -0.02358 0.39100
v 0.05240 -0.02286 0.38208
v 0.04087 -0.01020 0.38655
v 0.05231 -0.00685 0.36931
v 0.04419 0.00125 0.37064
v 0.04002 0.01279 0.35839
v 0.05198 0.00501 0.35387
v 0.04008 0.02024 0.34270
v 0.05221 0.01319 0.33757
v 0.04067 0.02894 0.31509
v 0.05153 0.02076 0.31832
v 0.06028 0.01308 0.31765
v 0.05126 0.02864 0.28298
v 0.05982 0.02143 0.28361
v 0.05071 0.03612 0.25151
v 0.06022 0.03690 0.22384
v 0.05265 0.04385 0.22355
v 0.06875 0.02905 0.21834
v 0.06892 0.02137 0.23952
v 0.06087 0.02903 0.24503
v 0.06983 0.01409 0.26478
v 0.07550 0.00627 0.26294
v 0.06894 0.00914 0.29674
v 0.07638 -0.00713 0.31095
v 0.07582 -0.01469 0.32635
v 0.06798 -0.00303 0.33232
v 0.06745 0.00479 0.31707
v 0.06016 0.00487 0.33775
v 0.05970 -0.00666 0.35691
v 0.06052 -0.02279 0.36996
v 0.05925 -0.03942 0.37823
v 0.05942 -0.05122 0.37764
v 0.05999 -0.06329 0.37304
v 0.06149 -0.07865 0.35883
v 0.05663 -0.09187 0.35090
v 0.07026 -0.06674 0.35074
v 0.06744 -0.05453 0.36290
v 0.07004 -0.04299 0.35867
v 0.06882 -0.03111 0.35857
v 0.06754 -0.01449 0.34937
v 0.07507 -0.02252 0.33743
v 0.07814 -0.03942 0.33784
v 0.07494 -0.05505 0.34542
v 0.06940 -0.07873 0.34126
v 0.06769 -0.09094 0.32547
v 0.07600 -0.07970 0.31892
v 0.07844 -0.06357 0.33003
v 0.08279 -0.06290 0.31348
v 0.08183 -0.05083 0.32482
v 0.08044 -0.03078 0.32626
v 0.08395 -0.02390 0.30387
v 0.08557 -0.03485 0.30609
v 0.08924 -0.03894 0.28294
v 0.08635 -0.04695 0.30541
v 0.08742 -0.05909 0.29007
v 0.08296 -0.07169 0.30039
v 0.08721 -0.06712 0.27367
v 0.08976 -0.05108 0.27365
v 0.09037 -0.04240 0.26278
v 0.08742 -0.02451 0.27645
v 0.08369 -0.01456 0.28563
v 0.07774 -0.00297 0.29123
v 0.08027 0.00261 0.23863
v 0.07601 0.01336 0.23044
v 0.08382 -0.00235 0.22548
v 0.07562 0.02507 0.20318
v 0.08309 0.01037 0.20013
v 0.07595 0.03626 0.18405
v 0.08173 0.02882 0.17772
v 0.07320 0.04466 0.17925
v 0.06023 0.04772 0.20048
v 0.05883 0.06614 0.17569
v 0.06866 0.05577 0.17366
v 0.06963 0.07451 0.15256
v 0.05701 0.09112 0.14954
v 0.06937 0.09016 0.13378
v 0.06475 0.10495 0.11216
v 0.06501 0.10994 0.09477
v 0.07358 0.10662 0.07307
v 0.06969 0.11056 0.05756
v 0.07721 0.10216 0.03381
v 0.06860 0.10983 0.03356
v 0.05530 0.11801 0.02640
v 0.06056 0.11739 0.05739
v 0.04893 0.12397 0.05478
v 0.05565 0.11906 0.07885
v 0.05262 0.11741 0.09717
v 0.03973 0.12358 0.09780
v 0.04738 0.11586 0.11316
v 0.05535 0.10326 0.13223
v 0.03986 0.11165 0.13329
v 0.05145 0.07175 0.17757
v 0.04456 0.07345 0.18204
v 0.05215 0.05683 0.19799
v 0.04382 0.06072 0.20244
v 0.03130 0.13081 0.05267
v 0.04143 0.12608 0.03579
v 0.03959 0.12377 0.01733
v 0.02559 0.12984 0.02533
v 0.03131 0.12283 0.00229
v 0.03272 0.11633 -0.01441
v 0.02842 0.10989 -0.03092
v 0.02844 0.10138 -0.04394
v 0.03933 0.09982 -0.04059
v 0.03615 0.09620 -0.05073
v 0.02578 0.09324 -0.05696
v 0.02717 0.08864 -0.07002
v 0.02015 0.08797 -0.06673
v 0.01982 0.08386 -0.07603
v 0.03245 0.08798 -0.08243
v 0.04048 0.09294 -0.06728
v 0.04807 0.09491 -0.06123
v 0.05620 0.09625 -0.04684
v 0.05150 0.09840 -0.03621
v 0.04819 0.10138 -0.03014
v 0.04748 0.10988 -0.01383
v 0.04730 0.11604 0.00178
v 0.05994 0.10951 0.00534
v 0.07130 0.10197 0.01042
v 0.07796 0.09245 0.00261
v 0.08479 0.09369 0.03364
v 0.08517 0.08565 0.00654
v 0.09402 0.08090 0.03605
v 0.09253 0.08541 0.05734
v 0.09902 0.07358 0.06748
v 0.09237 0.08102 0.08940
v 0.08463 0.08463 0.10960
v 0.08511 0.09327 0.08109
v 0.08863 0.07396 0.11770
v 0.08973 0.06205 0.12905
v 0.09032 0.04320 0.14201
v 0.09488 0.02157 0.14099
v 0.09602 0.00623 0.14039
v 0.09337 -0.01490 0.15698
v 0.09238 -0.02791 0.15376
v 0.09216 -0.04146 0.13781
v 0.09555 -0.02613 0.13644
v 0.09409 -0.05656 0.12062
v 0.09180 -0.06734 0.11376
v 0.08760 -0.07569 0.10848
v 0.09831 -0.08397 0.08718
v 0.09758 -0.09172 0.07608
v 0.08907 -0.09969 0.06639
v 0.10005 -0.09934 0.05744
v 0.09207 -0.10638 0.04431
v 0.09178 -0.11058 0.01737
v 0.10013 -0.10625 0.03297
v 0.11200 -0.10056 0.02497
v 0.10787 -0.09879 0.04601
v 0.11658 -0.09132 0.04557
v 0.10765 -0.09062 0.06589
v 0.11644 -0.07887 0.06969
v 0.10686 -0.07920 0.08391
v 0.11428 -0.06199 0.08900
v 0.11731 -0.04819 0.09037
v 0.09837 -0.04704 0.12021
v 0.10174 -0.02475 0.11987
v 0.11106 -0.00384 0.09656
v 0.10679 0.01397 0.09917
v 0.10861 0.02405 0.08777
v 0.11263 0.01101 0.08206
v 0.11052 0.02979 0.07062
v 0.10736 0.05088 0.06000
v 0.11420 0.01989 0.06302
v 0.11831 -0.00889 0.08233
v 0.12469 -0.02470 0.07438
v 0.11865 -0.02397 0.08843
v 0.12178 -0.03918 0.08371
v 0.12644 -0.05133 0.07027
v 0.12365 -0.06446 0.06955
v 0.12375 -0.08034 0.04903
v 0.13057 -0.07167 0.03679
v 0.12938 -0.06338 0.05369
v 0.13328 -0.05434 0.04503
v 0.13366 -0.03868 0.04711
v 0.12896 -0.03925 0.06538
v 0.13185 -0.02558 0.04944
v 0.12533 -0.01169 0.06357
v 0.12690 -0.00776 0.05152
v 0.12675 -0.00212 0.03889
v 0.13582 -0.05561 0.02585
v 0.13270 -0.07189 0.01453
v 0.13645 -0.05598 0.00665
v 0.13667 -0.04343 0.02536
v 0.13637 -0.03179 0.01720
v 0.13276 -0.01574 0.01721
v 0.13197 -0.01560 0.03241
v 0.12625 0.00148 0.02314
v 0.11602 0.02145 0.03722
v 0.11238 0.02867 0.02439
v 0.11048 0.03520 0.04650
v 0.10590 0.05256 0.03672
v 0.10215 0.06582 0.04219
v 0.10274 0.06370 0.07542
v 0.10716 0.04783 0.07717
v 0.10666 0.04109 0.08959
v 0.10141 0.05354 0.10247
v 0.09878 0.06453 0.09769
v 0.10411 0.03612 0.10575
v 0.10457 -0.01173 0.11308
v 0.10768 -0.06763 0.09395
v 0.10087 -0.03392 0.12040
v 0.09927 -0.00488 0.12667
v 0.09913 0.04330 0.11884
v 0.09645 0.05718 0.11607
v 0.09181 0.07695 0.00821
v 0.09924 0.06463 0.01732
v 0.09665 0.06909 -0.00469
v 0.09214 0.07732 -0.01353
v 0.09977 0.06100 -0.00220
v 0.10202 0.05186 -0.00903
v 0.10250 0.04061 -0.01447
v 0.10348 0.03616 -0.00721
v 0.10225 0.02793 -0.02623
v 0.10778 0.02951 -0.00041
v 0.10726 0.02142 -0.02013
v 0.10237 0.01850 -0.03667
v 0.10159 0.03488 -0.03885
v 0.10598 0.06116 -0.06761
v 0.10251 0.06982 -0.06202
v 0.09850 0.07578 -0.06052
v 0.10650 0.05390 -0.06457
v 0.10346 0.04280 -0.03489
v 0.09995 0.02911 -0.04279
v 0.09660 0.02101 -0.05383
v 0.09999 0.02294 -0.04005
v 0.09896 0.01373 -0.04935
v 0.10792 -0.00770 -0.05927
v 0.09179 -0.00475 -0.07667
v 0.09136 -0.01451 -0.08301
v 0.09373 -0.02758 -0.08504
v 0.09988 -0.04694 -0.08200
v 0.09775 -0.05913 -0.08111
v 0.10094 -0.06760 -0.07564
v 0.09197 -0.06584 -0.08090
v 0.09252 -0.07526 -0.07504
v 0.10054 -0.07864 -0.06823
v 0.09288 -0.08383 -0.06735
v 0.10027 -0.09114 -0.05374
v 0.09202 -0.09301 -0.05591
v 0.09241 -0.10216 -0.03795
v 0.10066 -0.09933 -0.03743
v 0.10020 -0.10623 -0.01465
v 0.09265 -0.10868 -0.01335
v 0.10840 -0.10078 -0.01943
v 0.10832 -0.10398 0.00531
v 0.10110 -0.10775 0.00919
v 0.08426 -0.11146 0.01696
v 0.07668 -0.11073 0.02572
v 0.08447 -0.10803 0.04196
v 0.07367 -0.10624 0.04899
v 0.08235 -0.10320 0.05987
v 0.06319 -0.09894 0.06977
v 0.06549 -0.09183 0.09217
v 0.06970 -0.08887 0.09828
v 0.07594 -0.08347 0.10683
v 0.06453 -0.08706 0.10959
v 0.06814 -0.08218 0.12275
v 0.07921 -0.07618 0.11844
v 0.05465 -0.09052 0.11522
v 0.05489 -0.09142 0.12763
v 0.06027 -0.08930 0.13985
v 0.06781 -0.08184 0.14136
v 0.05992 -0.10505 0.20058
v 0.06879 -0.09313 0.19252
v 0.06163 -0.10858 0.22556
v 0.06932 -0.10048 0.22684
v 0.06648 -0.10615 0.25067
v 0.05955 -0.11292 0.26410
v 0.06394 -0.10755 0.28196
v 0.06967 -0.09956 0.29026
v 0.05938 -0.10624 0.31024
v 0.06906 -0.09523 0.31037
v 0.06006 -0.09874 0.32971
v 0.05311 -0.11706 0.27899
v 0.04726 -0.12204 0.25040
v 0.05573 -0.11530 0.23705
v 0.04837 -0.11633 0.20825
v 0.03974 -0.12440 0.22716
v 0.04481 -0.10669 0.16095
v 0.02002 -0.12533 0.19260
v 0.02816 -0.12793 0.21786
v 0.01619 -0.13247 0.22837
v 0.03187 -0.12947 0.24738
v 0.01583 -0.13399 0.25704
v 0.02578 -0.13141 0.26999
v 0.02292 -0.12963 0.29628
v 0.01156 -0.13023 0.30609
v 0.04357 -0.12114 0.29614
v 0.04018 -0.12493 0.28105
v 0.03217 -0.12386 0.20324
v 0.02008 -0.11153 0.13926
v 0.01231 -0.11013 0.12800
v 0.02469 -0.09971 0.09742
v 0.01965 -0.09275 0.06396
v 0.02026 -0.08932 0.04501
v 0.01314 -0.09069 0.05175
v 0.01877 -0.08371 0.01441
v 0.01134 -0.07569 -0.00776
v 0.02161 -0.08237 0.00213
v 0.01923 -0.07484 -0.02006
v 0.02335 -0.06747 -0.05430
v 0.01842 -0.06640 -0.05886
v 0.02243 -0.06459 -0.07318
v 0.02414 -0.06699 -0.13658
v 0.02424 -0.06427 -0.10978
v 0.03702 -0.05958 -0.11991
v 0.02382 -0.06366 -0.08786
v 0.03360 -0.06162 -0.08612
v 0.04059 -0.06942 -0.06383
v 0.02696 -0.07302 -0.03807
v 0.03745 -0.07705 -0.04481
v 0.02792 -0.08083 -0.01891
v 0.02905 -0.09011 0.02333
v 0.03648 -0.09442 0.04045
v 0.02763 -0.09124 0.04869
v 0.02875 -0.09297 0.06762
v 0.04316 -0.09519 0.06808
v 0.02967 -0.09504 0.08305
v 0.03842 -0.09393 0.07919
v 0.04249 -0.09389 0.09581
v 0.04051 -0.09708 0.11234
v 0.03684 -0.11518 0.17673
v 0.05258 -0.10228 0.16505
v 0.05431 -0.09208 0.09734
v 0.05279 -0.09411 0.08427
v 0.05445 -0.09900 0.06156
v 0.05955 -0.10681 0.02200
v 0.04435 -0.09937 0.02062
v 0.06688 -0.10887 0.02811
v 0.06220 -0.10752 0.00105
v 0.06519 -0.10628 -0.01552
v 0.07636 -0.11037 -0.00614
v 0.07635 -0.10531 -0.02999
v 0.06429 -0.10155 -0.03185
v 0.07267 -0.09823 -0.04659
v 0.07609 -0.08810 -0.06393
v 0.06866 -0.08603 -0.06352
v 0.07446 -0.07730 -0.07449
v 0.06890 -0.06035 -0.08662
v 0.07650 -0.05194 -0.09121
v 0.06881 -0.05618 -0.09006
v 0.07022 -0.04542 -0.09856
v 0.07620 -0.03646 -0.09932
v 0.06941 -0.03669 -0.10739
v 0.06186 -0.04600 -0.10580
v 0.07444 -0.02722 -0.10542
v 0.07651 -0.01471 -0.10443
v 0.07627 -0.00273 -0.10190
v 0.07713 0.00485 -0.10104
v 0.07464 0.00546 -0.11263
v 0.07190 -0.00752 -0.12077
v 0.07300 -0.01439 -0.11537
v 0.07022 -0.01837 -0.12802
v 0.06795 -0.02617 -0.12971
v 0.06910 -0.03218 -0.11301
v 0.06394 -0.03507 -0.12877
v 0.05895 -0.04245 -0.12947
v 0.05293 -0.04931 -0.11796
v 0.06030 -0.04326 -0.11513
v 0.05949 -0.05152 -0.09886
v 0.05186 -0.05205 -0.10676
v 0.04513 -0.05852 -0.09196
v 0.05316 -0.05949 -0.08782
v 0.06137 -0.06393 -0.08248
v 0.05548 -0.06757 -0.07642
v 0.04996 -0.07547 -0.06227
v 0.06065 -0.08340 -0.06144
v 0.05719 -0.09072 -0.04799
v 0.04957 -0.09156 -0.03626
v 0.05072 -0.09848 -0.01888
v 0.04017 -0.09239 -0.01386
v 0.04899 -0.10091 -0.00017
v 0.03713 -0.06666 -0.06721
v 0.03518 -0.06440 -0.07351
v 0.03961 -0.05821 -0.10092
v 0.04195 -0.05777 -0.12995
v 0.05256 -0.05020 -0.13670
v 0.04533 -0.06132 -0.17148
v 0.05177 -0.05847 -0.19375
v 0.05930 -0.05049 -0.21488
v 0.05834 -0.05024 -0.18255
v 0.06191 -0.04446 -0.17666
v 0.06650 -0.03610 -0.18212
v 0.06866 -0.02833 -0.17474
v 0.06774 -0.03195 -0.21275
v 0.06356 -0.04299 -0.21564
v 0.06664 -0.02690 -0.23658
v 0.06634 -0.00959 -0.22596
v 0.06493 -0.00214 -0.21747
v 0.05999 0.00501 -0.22764
v 0.06030 0.00515 -0.21884
v 0.04977 0.01236 -0.20447
v 0.05278 0.01446 -0.22777
v 0.06056 -0.00261 -0.24524
v 0.05304 0.00511 -0.25588
v 0.05211 -0.00291 -0.27900
v 0.06087 -0.01127 -0.25982
v 0.05598 -0.01090 -0.27952
v 0.05836 -0.01975 -0.28054
v 0.05918 -0.02759 -0.28069
v 0.06122 -0.03834 -0.26358
v 0.05749 -0.05045 -0.25425
v 0.06116 -0.04377 -0.24888
v 0.06648 -0.01829 -0.23704
v 0.04428 -0.06606 -0.21807
v 0.03642 -0.07128 -0.23084
v 0.03749 -0.06888 -0.19550
v 0.03238 -0.06922 -0.17377
v 0.01981 -0.07378 -0.17662
v 0.01253 -0.07638 -0.18509
v 0.02437 -0.07553 -0.20724
v 0.02818 -0.07540 -0.24358
v 0.02029 -0.07811 -0.24360
v 0.02457 -0.07563 -0.27696
v 0.02819 -0.07111 -0.30366
v 0.01947 -0.07468 -0.30445
v 0.02857 -0.07035 -0.33926
v 0.01593 -0.07522 -0.33535
v 0.02031 -0.07188 -0.35593
v 0.02880 -0.06691 -0.36219
v 0.02811 -0.05943 -0.38312
v 0.02062 -0.06714 -0.37381
v 0.02018 -0.05904 -0.39084
v 0.02088 -0.04610 -0.40437
v 0.01264 -0.05154 -0.40328
v 0.02330 -0.03043 -0.41088
v 0.01152 -0.02320 -0.41633
v 0.02028 -0.01503 -0.41352
v 0.01277 -0.00717 -0.41475
v 0.02067 0.00069 -0.40949
v 0.01600 0.01380 -0.40394
v 0.01595 0.02227 -0.39618
v 0.01647 0.02902 -0.38665
v 0.01534 0.03517 -0.37411
v 0.01995 0.03681 -0.35942
v 0.02017 0.03679 -0.34020
v 0.02440 0.02995 -0.31570
v 0.00815 0.03674 -0.32455
v 0.01185 0.02871 -0.29953
v 0.01656 0.02473 -0.28828
v 0.02442 0.02129 -0.28288
v 0.02083 0.02260 -0.27507
v 0.01255 0.02579 -0.26605
v 0.01510 0.03619 -0.22156
v 0.01911 0.04212 -0.18760
v 0.02127 0.04596 -0.17716
v 0.01484 0.04520 -0.17591
v 0.02043 0.05983 -0.14673
v 0.02361 0.05269 -0.16597
v 0.02034 0.06647 -0.13119
v 0.02321 0.07551 -0.11128
v 0.01137 0.06153 -0.12556
v 0.01149 0.05313 -0.14830
v 0.01981 0.07813 -0.09349
v 0.01142 0.06909 -0.10572
v 0.01187 0.07559 -0.08917
v 0.03685 0.07820 -0.13937
v 0.04244 0.08393 -0.13141
v 0.04030 0.06960 -0.16684
v 0.04467 0.07622 -0.15965
v 0.05209 0.08475 -0.14440
v 0.05965 0.08371 -0.15438
v 0.06012 0.08879 -0.13188
v 0.04837 0.08895 -0.11751
v 0.06079 0.09308 -0.09761
v 0.05196 0.09275 -0.09197
v 0.06820 0.09404 -0.04501
v 0.07487 0.09161 -0.03620
v 0.06174 0.09701 -0.02749
v 0.07427 0.09212 -0.01868
v 0.06491 0.09934 -0.01112
v 0.08438 0.08523 -0.00495
v 0.08325 0.08645 -0.02201
v 0.09168 0.08325 -0.06441
v 0.08437 0.08825 -0.08407
v 0.09158 0.08314 -0.10159
v 0.08497 0.08568 -0.11928
v 0.08430 0.08163 -0.14311
v 0.09211 0.07741 -0.13811
v 0.09165 0.06841 -0.16148
v 0.08388 0.07684 -0.15973
v 0.07614 0.07847 -0.16580
v 0.08496 0.06951 -0.17187
v 0.07679 0.06942 -0.18053
v 0.08354 0.06071 -0.17414
v 0.06880 0.04743 -0.16626
v 0.08003 0.03334 -0.15215
v 0.08425 0.02838 -0.14675
v 0.06882 0.02781 -0.15439
v 0.07645 0.02075 -0.14673
v 0.07511 0.01317 -0.13737
v 0.08907 0.02753 -0.13778
v 0.09441 0.02877 -0.11786
v 0.09271 0.03635 -0.14725
v 0.09831 0.03837 -0.13429
v 0.09890 0.04507 -0.14533
v 0.10100 0.06157 -0.14044
v 0.09738 0.06899 -0.14285
v 0.10106 0.07028 -0.12024
v 0.09737 0.07685 -0.11136
v 0.09930 0.07607 -0.08454
v 0.10584 0.04530 -0.07995
v 0.10232 0.03716 -0.09998
v 0.10307 0.06900 -0.10431
v 0.10524 0.06105 -0.11194
v 0.10649 0.05302 -0.10250
v 0.10457 0.04508 -0.11119
v 0.10271 0.05301 -0.13594
v 0.08585 0.01303 -0.08473
v 0.09084 0.02065 -0.08776
v 0.09259 0.00643 -0.06635
v 0.08993 0.01304 -0.07098
v 0.09355 0.02084 -0.06987
v 0.09786 0.02769 -0.06687
v 0.08380 -0.00938 -0.09013
v 0.08323 -0.01923 -0.09361
v 0.08400 -0.02678 -0.09347
v 0.08605 -0.03387 -0.09156
v 0.08393 -0.04555 -0.09097
v 0.08521 -0.07345 -0.07821
v 0.08425 0.00561 -0.08205
v 0.08201 0.01316 -0.10213
v 0.09716 0.06099 -0.15473
v 0.09181 0.06089 -0.16721
v 0.09171 0.05253 -0.16254
v 0.09774 0.05299 -0.15473
v 0.09339 0.04482 -0.15490
v 0.06981 0.00650 -0.14598
v 0.06972 -0.00234 -0.15061
v 0.06744 0.00556 -0.15386
v 0.07015 0.01232 -0.14888
v 0.06471 0.01271 -0.15494
v 0.06240 0.02055 -0.15648
v 0.06032 0.03679 -0.16300
v 0.05920 0.04587 -0.16999
v 0.05217 0.05410 -0.18271
v 0.04513 0.04474 -0.18029
v 0.05203 0.06018 -0.18655
v 0.06015 0.06899 -0.18461
v 0.05169 0.06932 -0.17995
v 0.06003 0.07590 -0.17459
v 0.05189 0.07696 -0.16703
v 0.06849 0.07862 -0.16930
v 0.06870 0.08625 -0.14485
v 0.04449 0.06108 -0.18290
v 0.03670 0.05597 -0.17917
v 0.04415 0.05299 -0.18543
v 0.04415 0.04499 -0.18179
v 0.03661 0.04613 -0.18674
v 0.03870 0.03699 -0.18673
v 0.04321 0.03685 -0.17879
v 0.04718 0.02886 -0.17153
v 0.04180 0.02747 -0.18131
v 0.04471 0.02134 -0.17883
v 0.04319 0.01956 -0.18943
v 0.04299 0.02225 -0.20723
v 0.03795 0.02973 -0.20102
v 0.03580 0.03393 -0.19846
v 0.03570 0.03757 -0.19207
v 0.02830 0.04364 -0.18671
v 0.02811 0.03653 -0.20316
v 0.03684 0.02994 -0.21455
v 0.04505 0.02175 -0.22654
v 0.04320 0.02407 -0.21660
v 0.03679 0.02210 -0.24695
v 0.02434 0.02896 -0.24278
v 0.02496 0.02221 -0.26656
v 0.03686 0.01450 -0.27251
v 0.03699 0.01397 -0.28501
v 0.02853 0.02093 -0.29316
v 0.03592 0.02141 -0.31000
v 0.04407 0.01214 -0.30395
v 0.04602 0.00634 -0.29189
v 0.04528 0.00633 -0.27816
v 0.04415 0.01307 -0.25938
v 0.05215 -0.00297 -0.29293
v 0.05215 0.00900 -0.32514
v 0.05778 -0.00138 -0.32891
v 0.06052 -0.01039 -0.33592
v 0.05974 -0.01450 -0.31974
v 0.06041 -0.02623 -0.32727
v 0.05613 -0.04264 -0.33794
v 0.05466 -0.04227 -0.29539
v 0.05080 -0.05040 -0.29711
v 0.05661 -0.03526 -0.29252
v 0.05768 -0.02702 -0.29471
v 0.05731 -0.01937 -0.29561
v 0.05566 -0.01146 -0.29567
v 0.04035 -0.06693 -0.27523
v 0.05056 -0.05795 -0.26752
v 0.05209 -0.05921 -0.23414
v 0.04036 -0.06855 -0.25661
v 0.03561 -0.06672 -0.30150
v 0.04423 -0.05922 -0.30003
v 0.04453 -0.05910 -0.32916
v 0.03606 -0.06586 -0.34253
v 0.05154 -0.05058 -0.33517
v 0.05205 -0.04779 -0.35254
v 0.06007 -0.03130 -0.33980
v 0.05960 -0.02304 -0.35858
v 0.05695 -0.03488 -0.35881
v 0.06037 -0.01119 -0.35134
v 0.05713 -0.00681 -0.36703
v 0.05743 0.00054 -0.35566
v 0.05124 0.01224 -0.35924
v 0.05612 0.00503 -0.33994
v 0.05153 0.01320 -0.34294
v 0.06139 -0.01847 -0.33996
v 0.04466 0.02170 -0.35480
v 0.03258 0.03048 -0.33534
v 0.04376 0.02108 -0.33189
v 0.03216 0.03188 -0.35124
v 0.03228 0.02975 -0.36691
v 0.02751 0.02836 -0.37811
v 0.02886 0.02205 -0.38757
v 0.03749 0.01410 -0.38783
v 0.02907 0.01410 -0.39620
v 0.03693 0.00564 -0.39557
v 0.03064 0.00070 -0.40393
v 0.03660 -0.01460 -0.40295
v 0.02757 -0.01480 -0.40979
v 0.03597 -0.02631 -0.40262
v 0.03148 -0.03500 -0.40380
v 0.03179 -0.04290 -0.39901
v 0.02809 -0.05094 -0.39467
v 0.04450 -0.04285 -0.38319
v 0.04401 -0.03489 -0.39026
v 0.04391 -0.02424 -0.39463
v 0.04412 -0.01206 -0.39456
v 0.04451 0.00029 -0.39016
v 0.05077 0.00511 -0.37445
v 0.04559 0.01333 -0.37554
v 0.03938 0.02144 -0.37434
v 0.05165 -0.00745 -0.38193
v 0.05171 -0.02309 -0.38292
v 0.04523 -0.05226 -0.36663
v 0.05196 -0.03972 -0.37104
v 0.04403 -0.05851 -0.34805
v 0.05667 -0.02331 -0.37040
v 0.03687 -0.06040 -0.36653
v 0.03716 -0.05205 -0.38330
v 0.05069 0.00899 -0.18966
v 0.05188 0.01043 -0.17660
v 0.05253 0.01300 -0.17077
v 0.05142 0.02123 -0.16643
v 0.05545 0.02856 -0.16281
v 0.06301 0.00797 -0.15955
v 0.06501 -0.00319 -0.17912
v 0.06829 -0.00260 -0.16384
v 0.06839 -0.00761 -0.18278
v 0.06094 0.00162 -0.20725
v 0.06441 -0.00333 -0.19534
v 0.06896 -0.00958 -0.19838
v 0.07015 -0.02014 -0.18918
v 0.07021 -0.01035 -0.16263
v 0.05165 0.03738 -0.16951
v 0.02815 0.04838 -0.17873
v 0.06833 0.06961 -0.18421
v 0.06376 0.06107 -0.18402
v 0.07610 0.08519 -0.14285
v 0.07629 0.08894 -0.12018
v 0.06836 0.09083 -0.11656
v 0.07594 0.09169 -0.08283
v 0.06905 0.09308 -0.08683
v 0.00909 -0.07493 -0.35372
v 0.01203 -0.07949 -0.26980
v 0.01219 -0.07955 -0.23116
v 0.08416 -0.08466 -0.06836
v 0.08427 -0.09465 -0.05542
v 0.08415 -0.10290 -0.03828
v 0.08419 -0.10959 -0.01476
v 0.04324 -0.09625 0.05548
v 0.02866 -0.11121 0.14787
v 0.07755 -0.08770 0.29065
v 0.07556 -0.09488 0.25732
v 0.07586 -0.09155 0.22962
v 0.07615 -0.08344 0.19770
v 0.07806 -0.07151 0.16280
v 0.07487 -0.07375 0.14547
v 0.07675 -0.07311 0.13043
v 0.08416 -0.06740 0.12541
v 0.08647 -0.05946 0.13373
v 0.08338 -0.06060 0.14320
v 0.08871 -0.04731 0.14555
v 0.08367 -0.05845 0.15243
v 0.08860 -0.04534 0.15799
v 0.09121 -0.01328 0.17728
v 0.09020 0.00945 0.16708
v 0.08181 0.02050 0.18882
v 0.08908 0.02661 0.15693
v 0.08354 0.04056 0.16003
v 0.07790 0.05260 0.16092
v 0.07706 0.07460 0.14117
v 0.08361 0.06651 0.13754
v 0.07610 0.08480 0.12957
v 0.07629 0.09319 0.11355
v 0.07697 0.09930 0.09467
v 0.08219 0.09884 0.05727
v 0.08835 -0.00194 0.19020
v 0.09013 -0.02965 0.20132
v 0.08673 -0.05505 0.18838
v 0.08887 -0.04648 0.19631
v 0.08978 -0.03905 0.19967
v 0.08923 -0.02322 0.21661
v 0.08797 -0.06466 0.24409
v 0.08732 -0.01280 0.21931
v 0.08355 -0.07949 0.25186
v 0.08385 -0.07777 0.27332
v 0.08986 -0.05555 0.25864
v 0.08258 -0.07890 0.23097
v 0.08249 -0.06866 0.19097
v 0.08372 -0.08966 0.08953
v 0.12244 -0.09099 0.01620
v 0.12630 -0.08429 0.02348
v 0.13280 -0.07068 -0.00068
v 0.13102 -0.07118 -0.01568
v 0.12552 -0.08606 -0.00353
v 0.11542 -0.09856 0.00068
v 0.11790 -0.09234 -0.02018
v 0.12393 -0.08286 -0.02349
v 0.12427 -0.07503 -0.03650
v 0.11712 -0.08596 -0.03785
v 0.12322 -0.06744 -0.04674
v 0.12532 -0.05472 -0.04881
v 0.11716 -0.05536 -0.06392
v 0.11735 -0.03868 -0.06388
v 0.12562 -0.04009 -0.04864
v 0.12373 -0.02414 -0.04550
v 0.11718 -0.01614 -0.05282
v 0.10994 0.00022 -0.04810
v 0.11572 -0.00090 -0.03868
v 0.11588 0.00814 -0.02321
v 0.12297 -0.00844 -0.03093
v 0.12519 -0.00395 -0.01519
v 0.11616 0.01299 -0.01073
v 0.11615 0.01299 -0.01079
v 0.11615 0.01301 -0.01073
v 0.12094 0.00831 -0.00191
v 0.12483 0.00282 0.00481
v 0.13218 -0.01660 -0.00193
v 0.12995 -0.02370 -0.02686
v 0.13173 -0.04688 -0.03142
v 0.13076 -0.03417 -0.03222
v 0.13322 -0.05899 -0.02033
v 0.12877 -0.06344 -0.03525
v 0.13520 -0.04714 -0.01480
v 0.13502 -0.03117 -0.00723
v 0.13688 -0.04723 0.00228
v 0.11611 0.02057 0.01920
v 0.10218 0.05242 0.01066
v 0.10736 0.04027 0.02545
v 0.11368 -0.02414 -0.06367
v 0.11643 -0.07234 -0.05616
v 0.10887 -0.07109 -0.06698
v 0.10876 -0.08373 -0.05517
v 0.10923 -0.09306 -0.03946
v 0.10814 -0.05544 -0.07450
v 0.10830 -0.03977 -0.07498
v 0.10657 -0.02532 -0.07245
v 0.01244 0.08229 -0.07520
v 0.01548 0.09053 -0.06252
v 0.01520 0.10614 -0.04265
v 0.01733 0.11887 -0.01836
v 0.02070 0.12645 0.00537
v 0.00849 0.12578 -0.00285
v 0.01535 0.13306 0.03561
v 0.01596 0.13413 0.05237
v 0.06861 0.03700 0.20186
v -0.02057 -0.11129 0.13906
v -0.01195 -0.10786 0.11913
v -0.02250 -0.09462 0.07491
v -0.01774 -0.09179 0.05833
v -0.01927 -0.08996 0.04951
v -0.02080 -0.08809 0.03597
v -0.01898 -0.08371 0.01348
v -0.01093 -0.07573 -0.00754
v -0.02130 -0.08250 0.00268
v -0.01968 -0.07508 -0.02051
v -0.01631 -0.06985 -0.03613
v -0.01915 -0.06622 -0.05984
v -0.03060 -0.06652 -0.06334
v -0.01570 -0.06544 -0.08940
v -0.01965 -0.06634 -0.12213
v -0.02682 -0.06569 -0.13524
v -0.03025 -0.06151 -0.09963
v -0.03274 -0.06165 -0.08779
v -0.03377 -0.06349 -0.07599
v -0.03244 -0.06976 -0.05525
v -0.03555 -0.07551 -0.04553
v -0.02691 -0.07582 -0.03072
v -0.02672 -0.08352 -0.00808
v -0.02935 -0.09109 0.03457
v -0.02808 -0.09163 0.05141
v -0.03559 -0.09378 0.07451
v -0.02991 -0.09662 0.09240
v -0.04148 -0.09451 0.09907
v -0.04254 -0.09554 0.11115
v -0.03688 -0.09885 0.11351
v -0.02880 -0.11116 0.14840
v -0.04083 -0.11736 0.19348
v -0.04002 -0.05777 -0.11751
v -0.04282 -0.05823 -0.13951
v -0.03541 -0.06767 -0.17481
v -0.05208 -0.05035 -0.13644
v -0.04282 -0.06453 -0.18477
v -0.04333 -0.06637 -0.21697
v -0.03616 -0.07099 -0.21960
v -0.04070 -0.06838 -0.25125
v -0.03973 -0.06710 -0.27595
v -0.03508 -0.06683 -0.30193
v -0.04386 -0.05918 -0.30105
v -0.03552 -0.06596 -0.34297
v -0.04397 -0.05879 -0.34495
v -0.04596 -0.05208 -0.36447
v -0.03676 -0.06017 -0.36676
v -0.03694 -0.05198 -0.38330
v -0.04417 -0.04296 -0.38313
v -0.03155 -0.04281 -0.39903
v -0.04478 -0.03050 -0.39128
v -0.04394 -0.01492 -0.39495
v -0.03575 -0.02627 -0.40257
v -0.03621 -0.01469 -0.40305
v -0.04249 -0.00313 -0.39367
v -0.03664 0.00565 -0.39557
v -0.04047 0.01341 -0.38452
v -0.04608 0.00498 -0.38377
v -0.03864 0.02208 -0.37395
v -0.03552 0.02870 -0.35907
v -0.04425 0.02183 -0.35484
v -0.05378 0.00888 -0.35314
v -0.05145 0.00866 -0.36673
v -0.04338 0.02119 -0.33188
v -0.05079 0.01362 -0.33737
v -0.05413 0.00650 -0.32999
v -0.04378 0.01250 -0.30513
v -0.05185 0.00499 -0.31473
v -0.05185 0.00499 -0.31473
v -0.05206 -0.00302 -0.29473
v -0.04449 0.00679 -0.28701
v -0.04438 0.00795 -0.27388
v -0.05192 -0.00315 -0.27920
v -0.05507 -0.01116 -0.28675
v -0.05703 -0.01902 -0.29644
v -0.05789 -0.01950 -0.28106
v -0.05781 -0.03095 -0.28679
v -0.05486 -0.04339 -0.28870
v -0.05111 -0.05031 -0.29334
v -0.05442 -0.05145 -0.26981
v -0.05050 -0.05810 -0.26535
v -0.06300 -0.03608 -0.25347
v -0.06372 -0.02311 -0.25596
v -0.05806 -0.01219 -0.27172
v -0.06502 -0.01099 -0.23580
v -0.06478 -0.00219 -0.21779
v -0.06918 -0.01929 -0.20681
v -0.06675 -0.02666 -0.23150
v -0.06036 -0.04770 -0.23331
v -0.05881 -0.05055 -0.20215
v -0.06318 -0.04312 -0.19358
v -0.06776 -0.03138 -0.20678
v -0.06835 -0.02888 -0.17932
v -0.06589 -0.03518 -0.17097
v -0.06075 -0.04352 -0.16097
v -0.05256 -0.05543 -0.17390
v -0.05159 -0.05883 -0.20360
v -0.05186 -0.05914 -0.23115
v -0.05988 -0.04299 -0.25992
v -0.06981 -0.01705 -0.13843
v -0.07000 -0.01036 -0.16247
v -0.06823 -0.00231 -0.16266
v -0.06936 -0.00082 -0.14843
v -0.06724 0.00511 -0.15406
v -0.06939 0.00604 -0.14626
v -0.06685 0.01242 -0.15258
v -0.07408 0.01799 -0.14659
v -0.06853 0.02781 -0.15439
v -0.08694 0.04178 -0.15544
v -0.09286 0.04466 -0.15491
v -0.09183 0.05274 -0.16245
v -0.09195 0.06080 -0.16642
v -0.09745 0.05299 -0.15473
v -0.09119 0.06834 -0.16199
v -0.09181 0.07662 -0.14068
v -0.09909 0.06865 -0.13568
v -0.09980 0.06173 -0.14475
v -0.09199 0.03582 -0.14705
v -0.09830 0.03758 -0.13109
v -0.10509 0.04524 -0.10396
v -0.10243 0.05301 -0.13591
v -0.10621 0.05303 -0.10234
v -0.10449 0.06113 -0.11626
v -0.10279 0.06897 -0.10439
v -0.09827 0.07573 -0.10934
v -0.10596 0.06091 -0.08769
v -0.10132 0.03631 -0.10068
v -0.10254 0.03709 -0.07040
v -0.09872 0.07633 -0.08261
v -0.09348 0.02747 -0.11406
v -0.08415 0.01368 -0.09179
v -0.07606 -0.00374 -0.10184
v -0.07879 -0.02463 -0.09936
v -0.07397 -0.02671 -0.10607
v -0.07522 -0.01545 -0.10687
v -0.07532 0.00482 -0.10704
v -0.07455 0.01260 -0.13684
v -0.07226 -0.00578 -0.11752
v -0.07138 -0.01832 -0.11795
v -0.07074 -0.00997 -0.13324
v -0.08942 0.02791 -0.13703
v -0.08394 0.02825 -0.14667
v -0.09865 0.04473 -0.14462
v -0.06210 0.02055 -0.15648
v -0.05390 0.01358 -0.16680
v -0.06770 -0.00630 -0.17779
v -0.06384 -0.00336 -0.19140
v -0.06135 0.00096 -0.20741
v -0.06854 -0.00941 -0.19955
v -0.05969 0.00545 -0.21862
v -0.04483 0.02232 -0.21892
v -0.04996 0.01011 -0.19806
v -0.04460 0.01675 -0.18911
v -0.04434 0.02179 -0.17855
v -0.05124 0.01056 -0.17701
v -0.04566 0.02874 -0.17319
v -0.05156 0.02124 -0.16599
v -0.04347 0.03769 -0.17818
v -0.05516 0.02856 -0.16281
v -0.03841 0.03699 -0.18673
v -0.03696 0.04517 -0.18714
v -0.04385 0.04499 -0.18179
v -0.03507 0.04595 -0.18646
v -0.03637 0.05588 -0.17923
v -0.04385 0.05299 -0.18543
v -0.04421 0.06108 -0.18291
v -0.03975 0.06943 -0.16674
v -0.04486 0.07636 -0.16008
v -0.03530 0.07808 -0.13684
v -0.04432 0.08399 -0.13525
v -0.02747 0.05125 -0.17421
v -0.02054 0.04497 -0.17922
v -0.02101 0.05361 -0.16042
v -0.01166 0.05290 -0.14952
v -0.01536 0.04324 -0.18408
v -0.02785 0.03965 -0.19473
v -0.02587 0.03689 -0.20460
v -0.02339 0.03016 -0.23892
v -0.01235 0.02970 -0.25097
v -0.01598 0.02399 -0.27047
v -0.01623 0.02473 -0.28833
v -0.02419 0.02129 -0.28305
v -0.01190 0.03337 -0.31566
v -0.02067 0.03139 -0.31679
v -0.01664 0.03716 -0.33548
v -0.01724 0.03821 -0.35029
v -0.02787 0.03142 -0.32777
v -0.02779 0.03396 -0.35103
v -0.03691 0.02498 -0.32426
v -0.03570 0.02897 -0.34286
v -0.03700 0.01386 -0.28710
v -0.02881 0.02081 -0.29380
v -0.02665 0.02018 -0.27121
v -0.03635 0.01457 -0.27330
v -0.03613 0.02091 -0.25183
v -0.03691 0.02907 -0.21788
v -0.03599 0.03234 -0.20384
v -0.04127 0.02468 -0.20863
v -0.03542 0.03659 -0.19363
v -0.04450 0.02178 -0.22729
v -0.05272 0.01421 -0.22780
v -0.04502 0.01421 -0.25308
v -0.05278 0.00534 -0.25521
v -0.05897 -0.00294 -0.25168
v -0.05920 0.00566 -0.22813
v -0.02854 0.03127 -0.36802
v -0.02439 0.03075 -0.37655
v -0.01643 0.02871 -0.38704
v -0.02871 0.02188 -0.38765
v -0.01559 0.02237 -0.39610
v -0.02892 0.01074 -0.39914
v -0.01998 0.00056 -0.40972
v -0.03172 -0.00323 -0.40440
v -0.02496 -0.01571 -0.41132
v -0.02301 -0.03043 -0.41088
v -0.03117 -0.03499 -0.40383
v -0.02059 -0.04610 -0.40438
v -0.02780 -0.05094 -0.39467
v -0.01995 -0.05900 -0.39087
v -0.02796 -0.05929 -0.38318
v -0.02043 -0.06708 -0.37384
v -0.02871 -0.06677 -0.36235
v -0.01985 -0.07196 -0.35587
v -0.02800 -0.07029 -0.34131
v -0.01561 -0.07523 -0.33529
v -0.02738 -0.07135 -0.30287
v -0.01602 -0.07571 -0.30414
v -0.02354 -0.07591 -0.27639
v -0.02801 -0.07535 -0.24390
v -0.01976 -0.07820 -0.24100
v -0.02386 -0.07538 -0.20364
v -0.02414 -0.07244 -0.17563
v -0.00826 -0.07546 -0.17352
v -0.01161 -0.07991 -0.24393
v -0.01205 -0.07887 -0.27765
v -0.01169 -0.07168 -0.36703
v -0.01217 -0.06622 -0.38242
v -0.01235 -0.05153 -0.40329
v -0.01123 -0.02320 -0.41633
v -0.01502 -0.01046 -0.41467
v -0.01153 0.00481 -0.41055
v -0.01576 0.01377 -0.40395
v -0.01153 0.03594 -0.37394
v -0.01640 0.03742 -0.36239
v -0.01898 0.06420 -0.13450
v -0.01141 0.06143 -0.12654
v -0.01142 0.07081 -0.10154
v -0.02395 0.07804 -0.10527
v -0.01173 0.07754 -0.08489
v -0.02989 0.08620 -0.08538
v -0.05420 0.00572 -0.18372
v -0.05263 -0.04703 -0.30635
v -0.05119 -0.05076 -0.33825
v -0.05206 -0.04372 -0.36250
v -0.05256 -0.03248 -0.37592
v -0.05139 -0.01520 -0.38363
v -0.05029 -0.00279 -0.38151
v -0.05690 -0.00690 -0.36691
v -0.05754 -0.02313 -0.36676
v -0.05663 -0.03486 -0.35888
v -0.06040 -0.02327 -0.35073
v -0.05911 -0.03391 -0.33653
v -0.05596 -0.04244 -0.33772
v -0.06048 -0.02624 -0.33163
v -0.05665 -0.01217 -0.30333
v -0.05766 -0.00155 -0.32973
v -0.05186 0.00499 -0.31473
v -0.06082 -0.01500 -0.33277
v -0.05973 -0.00803 -0.35138
v -0.05736 -0.03184 -0.30149
v -0.01638 0.10817 -0.03901
v -0.01604 0.07225 0.20297
v -0.01616 0.01275 0.37723
v -0.01547 -0.03057 0.41333
v -0.01154 -0.04684 0.41633
v -0.01611 -0.07493 0.40587
v -0.01227 -0.11018 0.36623
v -0.06894 -0.08219 0.15138
v -0.05977 -0.08956 0.14017
v -0.06607 -0.08298 0.13617
v -0.08876 -0.09866 0.06884
v -0.10004 -0.09923 0.05739
v -0.09203 -0.10450 0.05051
v -0.09985 -0.10624 0.03304
v -0.09273 -0.10862 0.03232
v -0.10785 -0.10351 0.02143
v -0.10776 -0.09868 0.04593
v -0.11510 -0.09851 0.01761
v -0.11751 -0.09228 0.03854
v -0.10808 -0.10342 -0.00334
v -0.11475 -0.09796 -0.00625
v -0.11629 -0.09140 -0.02740
v -0.10848 -0.09963 -0.02245
v -0.09973 -0.10628 -0.01481
v -0.10904 -0.09281 -0.03988
v -0.10052 -0.09924 -0.03747
v -0.09247 -0.09821 -0.04647
v -0.10007 -0.09104 -0.05383
v -0.09252 -0.08655 -0.06459
v -0.10018 -0.07844 -0.06843
v -0.09225 -0.07521 -0.07507
v -0.10058 -0.06759 -0.07568
v -0.09246 -0.06303 -0.08199
v -0.10026 -0.05540 -0.08052
v -0.09234 -0.02969 -0.08636
v -0.10573 -0.02837 -0.07416
v -0.10525 -0.01746 -0.06949
v -0.10936 -0.00611 -0.05555
v -0.11634 -0.00577 -0.04343
v -0.11504 -0.02376 -0.06098
v -0.11704 -0.03868 -0.06390
v -0.11689 -0.05539 -0.06388
v -0.11631 -0.07241 -0.05582
v -0.10852 -0.07129 -0.06688
v -0.10845 -0.08346 -0.05555
v -0.11725 -0.08388 -0.04024
v -0.12317 -0.07145 -0.04310
v -0.12501 -0.05475 -0.04883
v -0.12351 -0.03099 -0.04950
v -0.12210 -0.01999 -0.04516
v -0.12263 -0.00840 -0.03100
v -0.11628 0.00825 -0.02110
v -0.12116 0.00716 -0.00291
v -0.12469 0.00251 0.00447
v -0.12697 -0.00926 -0.01675
v -0.13249 -0.02293 -0.01156
v -0.12850 -0.02356 -0.03062
v -0.12718 -0.03978 -0.04432
v -0.13142 -0.04695 -0.03149
v -0.13332 -0.03494 -0.01988
v -0.13293 -0.05906 -0.02028
v -0.12847 -0.06333 -0.03537
v -0.12364 -0.08289 -0.02335
v -0.12472 -0.08680 -0.00439
v -0.13250 -0.07072 -0.00065
v -0.13024 -0.07148 -0.01829
v -0.12605 -0.08425 0.02331
v -0.12261 -0.09043 0.01331
v -0.13535 -0.03063 0.00018
v -0.13550 -0.04703 -0.01120
v -0.11267 0.02710 0.02640
v -0.10810 0.03001 0.00356
v -0.10785 -0.05566 -0.07447
v -0.10805 -0.03997 -0.07496
v -0.09232 -0.10871 -0.01325
v -0.10079 -0.10776 0.00927
v -0.09168 -0.11051 0.00923
v -0.12462 -0.04022 0.07644
v -0.06693 0.00822 0.30880
v -0.07545 0.09267 -0.00471
v -0.07107 0.10142 0.00896
v -0.07209 0.09321 -0.02041
v -0.07027 0.09345 -0.03428
v -0.07421 0.09218 -0.07705
v -0.07601 0.09048 -0.10424
v -0.06804 0.09234 -0.10305
v -0.06793 0.08668 -0.14273
v -0.06805 0.08194 -0.16025
v -0.06849 0.07548 -0.17594
v -0.06785 0.06899 -0.18453
v -0.06000 0.11756 0.05741
v -0.05584 0.11726 0.08932
v -0.05168 0.08102 0.16632
v -0.04655 0.05230 0.21490
v -0.05162 0.04517 0.22210
v -0.05884 -0.05532 0.37741
v -0.05914 -0.03917 0.37792
f 2 4 3
f 3 5 6
f 6 163 1
f 6 7 163
f 102 8 7
f 11 9 10
f 11 10 12
f 13 14 12
f 17 89 16
f 89 17 18
f 18 20 19
f 22 21 19
f 22 23 21
f 22 24 23
f 26 25 24
f 27 22 20
f 27 20 28
f 29 28 20
f 17 30 29
f 32 33 31
f 34 33 4
f 42 38 37
f 38 42 39
f 39 41 40
f 48 34 2
f 49 50 48
f 52 60 46
f 61 44 60
f 50 54 53
f 59 61 60
f 63 67 61
f 59 54 66
f 66 258 259
f 68 261 69
f 66 67 63
f 41 72 73
f 76 77 78
f 78 267 79
f 458 81 456
f 83 76 82
f 19 86 87
f 1698 89 88
f 89 1698 90
f 92 93 94
f 1696 94 93
f 94 1696 95
f 97 96 95
f 99 98 1695
f 1695 100 99
f 102 100 101
f 101 103 102
f 104 103 105
f 1694 109 108
f 110 109 1694
f 111 112 110
f 114 117 115
f 116 117 118
f 119 116 118
f 129 127 128
f 129 128 1693
f 139 129 1693
f 131 133 1672
f 134 132 1672
f 147 146 145
f 148 122 149
f 151 152 116
f 153 113 115
f 152 153 115
f 153 154 113
f 157 156 155
f 157 158 156
f 158 109 156
f 158 1786 109
f 1786 159 109
f 1786 160 159
f 170 166 165
f 171 254 167
f 175 172 174
f 176 174 177
f 182 183 250
f 185 147 186
f 184 147 185
f 188 187 143
f 189 188 141
f 190 136 191
f 190 191 192
f 194 193 192
f 198 196 197
f 199 200 201
f 204 202 203
f 208 209 207
f 208 210 209
f 213 214 216
f 217 215 216
f 221 220 219
f 222 221 223
f 227 229 228
f 231 232 251
f 281 282 236
f 237 238 239
f 244 254 173
f 175 246 245
f 246 175 176
f 177 247 176
f 247 177 179
f 229 247 248
f 179 248 247
f 248 179 180
f 180 249 248
f 180 181 249
f 227 228 224
f 250 184 222
f 285 243 252
f 244 251 252
f 251 244 245
f 246 231 251
f 231 246 247
f 173 245 244
f 166 253 255
f 253 166 254
f 165 255 57
f 261 237 239
f 261 239 262
f 67 260 236
f 266 265 267
f 270 268 271
f 270 271 1701
f 262 239 272
f 394 398 275
f 394 275 276
f 277 394 276
f 276 278 277
f 280 279 278
f 232 287 233
f 232 286 287
f 226 230 227
f 288 287 305
f 301 293 277
f 295 300 299
f 300 293 301
f 291 302 292
f 301 292 302
f 290 304 315
f 304 289 305
f 315 314 1770
f 302 1770 316
f 317 300 316
f 319 1711 318
f 321 320 319
f 322 328 321
f 322 323 328
f 323 322 324
f 332 325 334
f 309 339 338
f 225 339 340
f 339 309 308
f 223 338 339
f 341 343 342
f 343 344 342
f 348 1550 349
f 349 361 350
f 352 351 353
f 358 356 1744
f 355 358 1744
f 356 357 1730
f 361 363 364
f 367 365 366
f 367 368 365
f 372 374 373
f 415 375 373
f 378 377 376
f 380 379 378
f 382 381 380
f 384 383 382
f 386 385 384
f 387 386 405
f 1703 403 389
f 391 390 389
f 392 391 389
f 393 391 392
f 399 393 392
f 293 394 277
f 291 292 278
f 397 288 289
f 284 397 396
f 284 396 283
f 283 396 279
f 303 396 397
f 396 395 279
f 303 395 396
f 278 292 277
f 394 293 393
f 399 392 400
f 403 404 402
f 443 405 406
f 406 384 407
f 409 382 410
f 380 435 410
f 411 412 435
f 413 412 411
f 430 415 416
f 423 421 422
f 424 1516 423
f 428 416 427
f 431 430 428
f 432 430 431
f 433 432 431
f 434 432 433
f 410 436 437
f 439 407 408
f 270 1701 447
f 450 448 1454
f 450 269 448
f 451 1454 452
f 454 453 574
f 455 454 574
f 456 455 457
f 461 578 580
f 464 463 465
f 468 467 469
f 472 471 473
f 472 473 474
f 479 481 482
f 482 481 483
f 484 596 485
f 488 489 490
f 491 492 493
f 494 496 497
f 502 503 504
f 504 503 505
f 505 1419 506
f 508 509 510
f 510 509 511
f 513 514 515
f 526 1092 527
f 528 529 530
f 534 533 535
f 540 541 542
f 546 545 547
f 548 549 550
f 551 550 1319
f 551 1319 552
f 553 552 554
f 553 554 555
f 557 556 558
f 569 568 566
f 570 569 571
f 572 571 573
f 457 576 577
f 580 578 579
f 580 579 581
f 584 583 637
f 585 584 637
f 588 587 589
f 590 473 589
f 474 631 476
f 591 476 631
f 476 591 478
f 480 478 592
f 597 625 598
f 489 599 600
f 492 602 603
f 495 604 605
f 496 605 606
f 609 614 610
f 610 614 611
f 611 612 749
f 614 613 612
f 614 615 741
f 607 606 744
f 606 616 744
f 606 605 616
f 605 617 616
f 603 618 617
f 620 619 618
f 619 623 621
f 625 626 624
f 624 626 663
f 626 627 663
f 594 659 661
f 594 593 659
f 628 629 656
f 656 591 630
f 636 634 635
f 637 638 636
f 638 637 639
f 642 643 641
f 643 942 644
f 644 942 645
f 646 644 645
f 647 688 648
f 648 688 649
f 652 651 650
f 654 653 655
f 655 656 654
f 658 656 657
f 669 668 673
f 668 669 670
f 747 670 724
f 669 1422 724
f 679 677 680
f 680 681 679
f 681 680 665
f 682 657 683
f 684 683 655
f 650 687 686
f 687 697 689
f 686 689 690
f 693 683 692
f 679 682 693
f 693 678 679
f 694 692 695
f 696 689 700
f 689 697 700
f 699 697 698
f 695 702 707
f 677 678 704
f 705 707 706
f 708 701 709
f 710 709 1362
f 706 711 712
f 677 714 715
f 675 716 717
f 720 716 718
f 717 716 720
f 717 720 719
f 719 722 721
f 724 726 725
f 727 725 726
f 728 725 727
f 733 732 1352
f 738 739 737
f 744 743 742
f 616 728 743
f 616 746 728
f 728 746 745
f 746 747 745
f 746 748 747
f 616 743 744
f 743 730 742
f 757 756 755
f 759 756 758
f 759 760 761
f 761 760 762
f 1108 762 763
f 771 1125 769
f 735 772 771
f 779 851 847
f 780 779 781
f 790 788 789
f 809 789 791
f 793 794 806
f 795 796 797
f 798 800 797
f 798 799 800
f 800 801 802
f 804 803 805
f 806 805 807
f 810 820 853
f 811 853 820
f 813 812 814
f 813 815 849
f 844 817 842
f 818 820 819
f 821 819 820
f 826 825 827
f 822 826 827
f 830 829 828
f 832 831 830
f 833 832 840
f 828 827 837
f 834 835 836
f 1403 843 842
f 847 816 846
f 847 848 816
f 857 852 850
f 791 807 809
f 807 791 854
f 792 854 791
f 792 806 854
f 858 857 850
f 790 855 810
f 785 786 852
f 812 856 853
f 852 856 812
f 849 852 813
f 858 850 851
f 782 851 779
f 850 852 849
f 861 862 859
f 867 868 869
f 865 871 876
f 863 872 873
f 877 879 878
f 883 882 1413
f 888 886 887
f 888 887 889
f 891 889 890
f 893 891 892
f 894 893 892
f 895 894 892
f 896 894 895
f 899 896 898
f 903 902 901
f 904 903 905
f 905 906 904
f 1334 911 912
f 918 915 916
f 918 920 917
f 921 922 930
f 926 927 925
f 698 688 927
f 646 927 688
f 925 645 923
f 934 1327 944
f 935 934 944
f 937 938 936
f 577 939 940
f 937 932 929
f 939 937 943
f 643 943 942
f 932 935 944
f 936 575 934
f 945 946 947
f 946 950 947
f 947 950 948
f 951 569 952
f 951 952 953
f 953 952 954
f 954 952 567
f 567 955 954
f 956 564 957
f 957 564 961
f 562 959 961
f 562 560 958
f 959 960 1029
f 962 961 1029
f 1028 957 962
f 964 965 966
f 969 968 1326
f 972 970 973
f 975 947 974
f 933 976 975
f 978 979 907
f 979 971 906
f 971 980 906
f 980 1326 983
f 983 981 984
f 985 988 987
f 987 988 989
f 991 992 990
f 996 994 995
f 998 1000 997
f 1005 1006 1007
f 1011 1012 1031
f 1009 1013 1011
f 1010 1009 1011
f 1013 1009 998
f 999 1013 998
f 1014 999 996
f 1016 1015 1014
f 1017 1016 1014
f 1019 1017 1018
f 1021 1020 1019
f 988 1023 1022
f 1024 1023 988
f 985 1024 988
f 1023 965 1022
f 1022 965 1020
f 1021 1022 1020
f 1020 963 1019
f 1019 963 1027
f 1028 1016 1017
f 1034 1033 1245
f 1035 1031 1033
f 1011 1031 1036
f 1037 1039 1038
f 1045 1043 1044
f 1046 1045 1218
f 1044 1049 1047
f 1048 1050 1049
f 1052 1051 1053
f 1239 1055 1237
f 1042 1058 1051
f 1056 1034 1245
f 1063 1064 1065
f 1070 1069 1068
f 1069 1070 1071
f 1071 1073 1074
f 1074 1076 1075
f 550 549 1076
f 1073 550 1076
f 1076 549 1077
f 549 547 1077
f 547 1079 1077
f 1080 1078 543
f 1081 1082 1080
f 1083 1082 1081
f 1084 537 1085
f 1089 1088 531
f 1092 1091 1090
f 1092 1093 1091
f 1093 1094 1091
f 1096 1095 1094
f 1097 1220 1221
f 1100 1099 1101
f 1101 1107 1103
f 1103 1107 1102
f 1107 1106 1102
f 1109 1108 1105
f 1109 1110 1108
f 1105 1112 1111
f 1114 1115 1196
f 1112 1115 1114
f 1115 1117 1116
f 1118 1117 1115
f 1120 1119 1118
f 766 1121 1318
f 1121 1317 1318
f 1125 1123 768
f 775 859 1126
f 1128 1129 1127
f 1133 1134 1135
f 1135 1137 1136
f 1138 1136 1137
f 1179 1140 1139
f 1143 1141 1142
f 1143 1142 1144
f 1149 1148 1150
f 1152 1153 1151
f 1130 1154 1133
f 1154 1155 1153
f 1155 1130 1128
f 874 873 1155
f 871 1168 1157
f 873 872 1158
f 1161 1157 1149
f 1158 1159 1153
f 1159 1162 1151
f 1162 1161 1150
f 1161 1149 1150
f 1147 1164 1176
f 1165 1175 1166
f 1163 1166 1175
f 1163 1164 1167
f 1166 1163 1167
f 880 1166 878
f 1167 878 1166
f 1168 878 1167
f 1175 1165 882
f 1172 885 1173
f 994 1173 886
f 994 888 1174
f 1171 1172 997
f 1001 1169 1170
f 1175 1002 1003
f 1003 1176 1163
f 1175 1003 1163
f 1176 1145 1146
f 1160 1156 1161
f 1158 1153 1155
f 1180 1179 1177
f 1178 1177 1179
f 1180 1181 1179
f 1137 1134 1178
f 1150 1148 1181
f 1148 1141 1181
f 1004 1182 1145
f 1309 1007 1308
f 1183 1184 1182
f 1185 1182 1184
f 1186 1187 1185
f 1300 1143 1187
f 1188 1141 1143
f 1300 1188 1143
f 1141 1188 1140
f 1189 1140 1188
f 1190 1192 1313
f 1194 1195 1193
f 1194 1196 1195
f 1196 1116 1195
f 1116 1197 1195
f 1113 1114 1196
f 1113 1196 1194
f 1113 1194 1199
f 1113 1199 1200
f 1199 1201 1200
f 1204 1202 1191
f 1205 1204 1191
f 1207 1205 1206
f 1207 1206 1208
f 1207 1208 1209
f 1211 1209 1210
f 1213 1204 1212
f 1216 1218 1217
f 1217 1229 1219
f 1219 1222 1221
f 1095 1223 1224
f 1224 1223 1225
f 1091 1224 1225
f 1223 1228 1227
f 1229 1228 1222
f 1244 1246 1243
f 1245 1059 1246
f 1066 1246 1060
f 1249 1250 1292
f 1252 1251 1292
f 1257 1256 1254
f 1260 1232 1258
f 1233 1262 1256
f 1226 1231 1265
f 1265 1264 1225
f 1268 1267 1287
f 1269 1268 1287
f 1269 1287 1270
f 1271 1269 1270
f 1271 1270 1272
f 1271 1272 1273
f 1275 1273 1274
f 1281 1280 1278
f 1274 1282 1276
f 1282 1274 1283
f 1285 1284 1286
f 1291 1281 1289
f 1281 1291 1280
f 1291 1290 1280
f 1252 1290 1291
f 1255 1252 1291
f 1293 1291 1289
f 1279 1295 1075
f 1294 1075 1295
f 1290 1295 1280
f 1257 1288 1285
f 1286 1259 1285
f 1270 1286 1284
f 1284 1288 1283
f 1289 1281 1282
f 1278 1280 1295
f 1277 1281 1278
f 1272 1284 1273
f 1085 1271 1273
f 1272 1270 1284
f 1086 1269 1271
f 1268 1269 1087
f 1089 1266 1267
f 1090 1266 1089
f 1231 1261 1265
f 1258 1285 1259
f 1258 1257 1285
f 1262 1253 1254
f 1251 1249 1292
f 1244 1248 1238
f 1236 1238 1251
f 1240 1239 1235
f 1262 1233 1234
f 1231 1260 1261
f 1232 1242 1234
f 1230 1232 1231
f 1222 1219 1229
f 1216 1219 1220
f 1301 1298 1299
f 1302 1303 1304
f 1309 1308 1307
f 1309 1307 1304
f 1308 1038 1039
f 1058 1308 1041
f 1308 1058 1307
f 1309 1304 1303
f 1301 1184 1303
f 1296 1305 1046
f 1215 1212 1216
f 1213 1212 1215
f 1218 1211 1210
f 1207 1209 1211
f 1299 1208 1206
f 1203 1204 1213
f 1311 1200 1203
f 1214 1311 1203
f 1103 1200 1311
f 1191 1202 1190
f 1103 1113 1200
f 1195 1197 1312
f 1199 1194 1192
f 1191 1189 1310
f 1189 1188 1310
f 1299 1300 1187
f 1183 1303 1184
f 1183 1309 1303
f 1182 1309 1183
f 1145 1185 1144
f 1187 1144 1185
f 1187 1143 1144
f 1141 1148 1142
f 1179 1181 1141
f 1139 1178 1179
f 1139 1140 1313
f 1136 1138 1197
f 1312 1197 1138
f 1314 1136 1198
f 1198 1315 1314
f 1152 1134 1133
f 1131 1132 1314
f 1124 1126 1127
f 1124 1127 1122
f 766 1123 1121
f 764 1120 1118
f 1119 1318 1316
f 1112 1118 1115
f 1117 1316 1198
f 1117 1198 1116
f 1115 1116 1196
f 1105 1108 1112
f 1109 1105 1106
f 1104 1113 1102
f 1100 1103 1311
f 1100 1311 1214
f 1094 1224 1091
f 1091 1264 1090
f 1090 1264 1266
f 1268 1088 1267
f 1268 1087 1088
f 1086 1087 1269
f 1085 1086 1271
f 541 1080 543
f 1278 1279 1078
f 1078 1279 1077
f 1279 1075 1077
f 1076 1077 1075
f 1074 1075 1294
f 1250 1074 1294
f 554 1070 1068
f 1320 554 1068
f 1068 1069 1247
f 1243 1068 1247
f 1067 1320 1068
f 1246 1068 1243
f 1321 1067 1065
f 1065 1067 1066
f 1063 1062 958
f 1065 1060 1061
f 1041 1039 1055
f 1054 1055 1239
f 1228 1049 1050
f 1229 1047 1049
f 1218 1047 1217
f 1210 1046 1218
f 1043 1045 1305
f 1043 1048 1044
f 1042 1043 1307
f 1043 1042 1048
f 1042 1307 1058
f 1039 1040 1057
f 1059 1245 1033
f 1032 1061 1059
f 1031 1032 1033
f 960 958 1062
f 1012 960 1030
f 960 1012 1015
f 1029 960 1015
f 1016 1029 1015
f 1014 1015 999
f 1012 1013 1015
f 999 1015 1013
f 1009 1010 1008
f 1004 1005 1182
f 1176 1004 1145
f 1171 997 1000
f 997 1172 1173
f 996 997 1173
f 996 1173 994
f 1017 1014 995
f 993 1017 995
f 1019 1018 992
f 993 1174 992
f 1021 992 991
f 1323 990 1322
f 1022 1021 991
f 1022 991 989
f 988 1022 989
f 987 1324 1325
f 987 1325 986
f 985 987 986
f 986 1325 901
f 971 1326 980
f 974 978 913
f 976 1327 975
f 914 975 913
f 974 972 973
f 973 970 971
f 967 982 968
f 967 951 953
f 1026 1025 1024
f 1025 966 1023
f 964 966 954
f 1028 962 1016
f 962 1029 1016
f 948 949 969
f 970 948 969
f 972 948 970
f 945 947 1327
f 934 945 1327
f 931 933 977
f 917 931 977
f 930 932 931
f 942 928 645
f 926 1328 699
f 924 1329 1328
f 1329 920 1330
f 1330 918 1331
f 918 1330 920
f 1338 1339 1337
f 788 787 1341
f 1343 1344 722
f 722 1344 1345
f 1346 1348 1347
f 1347 782 1349
f 1349 780 1350
f 729 1350 730
f 1351 781 732
f 734 1352 774
f 781 779 777
f 1349 782 780
f 729 1347 1349
f 1347 729 727
f 1348 783 782
f 783 1348 1346
f 727 1346 1347
f 1346 727 726
f 726 723 1346
f 721 1345 723
f 723 1345 1346
f 721 722 1345
f 720 1353 1342
f 718 1353 720
f 1356 1359 1355
f 1359 1364 1355
f 714 713 1360
f 1362 1329 1361
f 1332 1339 1365
f 1339 1332 1337
f 1340 1355 1339
f 709 1328 1362
f 1359 1361 1364
f 1357 1363 1356
f 1358 712 1354
f 1354 1357 788
f 720 1342 1343
f 1344 1342 785
f 786 1342 1341
f 786 1341 787
f 1342 1353 1341
f 1340 1339 1338
f 791 1336 1335
f 1334 912 1335
f 792 1335 912
f 1332 1333 1337
f 1365 1331 1332
f 923 928 922
f 1329 923 921
f 919 931 917
f 919 917 920
f 1331 918 916
f 918 917 915
f 977 915 917
f 977 914 915
f 1333 916 1334
f 913 910 911
f 911 910 909
f 979 906 907
f 905 796 907
f 906 980 904
f 983 902 904
f 1367 801 1372
f 825 1368 835
f 1367 1372 1371
f 1371 1372 1373
f 1371 1373 1374
f 1374 1376 1375
f 1375 1407 1377
f 1385 1384 870
f 1387 1385 1386
f 1388 1386 1389
f 1390 1389 1386
f 1389 1390 1391
f 1388 1395 1387
f 1395 1382 1387
f 1395 1397 1382
f 1396 1398 1399
f 1399 1370 1375
f 1399 1398 1370
f 1401 1400 1397
f 1401 1397 1395
f 838 1402 1401
f 1396 1400 1398
f 1382 1397 1381
f 1383 1387 1382
f 1401 1395 1394
f 1393 1388 1392
f 1403 841 1393
f 1404 866 864
f 845 1405 1404
f 866 1405 843
f 866 843 868
f 868 1392 1391
f 1392 1388 1389
f 1387 1383 1385
f 1388 1387 1386
f 1384 1385 1383
f 1383 1406 881
f 1408 1379 1407
f 1408 1407 1409
f 898 1410 1373
f 1376 1409 1407
f 890 1408 1409
f 1411 1408 887
f 1379 1408 1411
f 882 881 1406
f 1399 1377 1378
f 1399 1375 1377
f 1375 1376 1407
f 1375 1370 1374
f 1370 1371 1374
f 801 899 1372
f 1372 899 898
f 1325 894 897
f 1323 893 894
f 895 892 1410
f 890 1409 892
f 890 889 887
f 1174 888 889
f 885 1411 886
f 885 1412 1411
f 884 885 1172
f 884 1412 885
f 1413 882 1406
f 881 882 1165
f 1166 880 1165
f 1384 1165 880
f 880 870 1384
f 876 871 1156
f 874 862 873
f 879 870 880
f 1386 870 869
f 864 866 865
f 862 861 873
f 1126 862 1127
f 1404 863 860
f 860 863 861
f 846 845 860
f 844 843 1405
f 841 1403 842
f 817 832 833
f 839 838 1394
f 836 835 1369
f 840 830 838
f 821 829 819
f 829 821 822
f 831 819 830
f 826 823 824
f 818 819 831
f 818 831 814
f 814 831 817
f 831 832 817
f 817 833 842
f 845 816 844
f 814 811 818
f 811 820 818
f 807 854 806
f 823 807 805
f 806 795 804
f 805 806 804
f 824 805 803
f 804 802 803
f 804 797 802
f 1367 803 801
f 799 900 800
f 905 903 798
f 797 800 802
f 905 798 796
f 1366 796 795
f 794 795 806
f 794 1366 795
f 793 806 792
f 793 792 912
f 789 1336 791
f 1338 789 788
f 785 1342 786
f 857 784 785
f 1344 785 784
f 783 1346 784
f 1345 784 1346
f 784 858 783
f 783 858 782
f 1350 780 1351
f 780 782 779
f 779 778 777
f 1352 781 777
f 775 776 859
f 775 773 772
f 1125 771 772
f 771 769 770
f 1125 768 769
f 767 1123 766
f 1415 761 762
f 759 1415 1416
f 503 752 1418
f 753 1418 752
f 758 757 766
f 1416 755 756
f 768 757 755
f 770 769 754
f 770 754 753
f 753 751 770
f 751 753 752
f 752 750 751
f 752 749 750
f 749 738 750
f 737 732 733
f 739 732 737
f 1351 731 730
f 729 728 727
f 723 724 1422
f 721 723 1422
f 671 719 1422
f 1422 719 721
f 715 716 675
f 704 713 714
f 707 708 711
f 708 710 1363
f 703 705 704
f 702 696 700
f 697 699 700
f 703 694 695
f 692 684 691
f 684 692 683
f 683 657 655
f 693 682 683
f 657 682 660
f 682 679 681
f 660 681 662
f 665 676 667
f 674 717 672
f 672 719 671
f 673 671 669
f 621 622 670
f 670 669 724
f 622 668 670
f 668 622 624
f 667 672 673
f 624 666 668
f 663 664 666
f 658 657 660
f 658 628 656
f 656 655 657
f 636 651 634
f 684 655 653
f 685 652 686
f 651 638 649
f 650 651 649
f 649 638 648
f 639 647 648
f 647 644 646
f 647 641 644
f 646 645 925
f 940 943 643
f 641 643 644
f 581 641 640
f 640 641 647
f 639 640 647
f 648 638 639
f 651 636 638
f 587 632 589
f 630 632 653
f 631 630 591
f 630 654 656
f 659 628 658
f 627 595 594
f 619 621 748
f 618 619 748
f 618 748 746
f 618 746 617
f 616 617 746
f 607 744 615
f 744 742 615
f 614 612 611
f 609 607 615
f 604 603 605
f 602 620 618
f 620 600 619
f 600 623 619
f 597 626 625
f 592 629 593
f 632 587 633
f 635 586 585
f 585 636 635
f 585 637 636
f 637 583 639
f 639 582 640
f 581 579 641
f 579 642 641
f 941 940 579
f 460 459 457
f 938 576 936
f 1424 1423 1425
f 1424 1425 1426
f 1427 1428 568
f 1428 1429 568
f 1431 1430 1429
f 568 1429 1430
f 1431 1432 1430
f 1430 1432 1433
f 1444 1443 1442
f 438 437 1445
f 442 1446 1447
f 1448 442 1447
f 1448 1425 1449
f 1453 1452 1449
f 452 1454 1453
f 449 1452 1453
f 1423 1453 1449
f 1452 1451 1449
f 441 1431 1429
f 434 1442 1443
f 1435 433 1441
f 1456 1457 1455
f 1463 1465 1464
f 1467 1468 1469
f 1469 1468 1470
f 1470 1468 1471
f 1471 1473 1472
f 1474 1476 1475
f 1477 1478 1635
f 1479 1478 1480
f 1485 1484 1483
f 1487 1489 1486
f 1493 1490 1492
f 1494 1493 1495
f 1496 1495 1492
f 1496 1497 1498
f 1500 1501 1502
f 1502 1501 1503
f 1500 1521 1504
f 1505 1499 1504
f 1505 1498 1499
f 1498 1505 1506
f 1514 1510 1504
f 1513 1514 1511
f 1517 1513 1512
f 1516 1513 1517
f 1518 1458 1517
f 1518 1512 1519
f 1512 1520 1519
f 1511 1503 1520
f 1511 1504 1521
f 1529 1566 1528
f 1566 1529 1530
f 1532 1533 1531
f 1534 1539 1536
f 1541 1540 1563
f 1545 1543 1544
f 1546 1545 1548
f 1550 1549 362
f 1550 1542 1549
f 1548 1544 347
f 344 1551 1546
f 344 345 1551
f 346 344 1548
f 347 1542 348
f 1552 1549 1541
f 362 1552 363
f 367 1554 369
f 1555 370 369
f 1556 419 374
f 421 1561 422
f 1559 1552 1563
f 1559 1553 1552
f 1563 1564 1529
f 1540 1531 1564
f 1563 1529 1559
f 1553 1559 1558
f 1554 1558 1560
f 1554 1560 1557
f 1557 1560 1561
f 1554 1557 1555
f 1547 1537 1538
f 1539 1545 1538
f 1542 1543 1565
f 1549 1542 1541
f 1563 1540 1564
f 1565 1532 1540
f 208 1534 1536
f 1539 1535 1543
f 204 203 1530
f 1581 1530 203
f 1530 1581 1566
f 1528 1567 1526
f 1577 1526 1567
f 1523 1509 1522
f 1515 1509 1514
f 1509 1510 1514
f 1508 1570 1572
f 1623 1627 1572
f 1573 1623 1572
f 1574 1575 1620
f 1577 1576 1575
f 1579 1578 1576
f 203 1578 1581
f 1582 1580 1583
f 1584 1583 1580
f 1583 1584 1585
f 1587 1588 1586
f 1589 1667 1595
f 1589 1595 1593
f 1589 1593 1586
f 1595 1594 1593
f 1600 1601 1602
f 1604 1602 1603
f 1606 1603 1605
f 1607 1606 1605
f 1611 1609 1612
f 1611 1614 1609
f 1613 1604 1614
f 1616 1617 1615
f 1618 1573 1620
f 1622 1573 1618
f 1623 1622 1624
f 1623 1624 1625
f 1625 1624 1494
f 1625 1494 1495
f 1626 1625 1495
f 1624 1617 1616
f 1494 1624 1616
f 1609 1614 1606
f 1482 1610 1628
f 1631 1629 1630
f 1631 1630 1632
f 1631 1632 1633
f 1632 1664 1633
f 1634 1633 1664
f 1640 1472 1639
f 1640 1639 1641
f 1642 1640 1641
f 1643 1642 1641
f 1646 1645 1647
f 1650 1648 1649
f 1437 1438 1654
f 1438 1457 1654
f 559 1654 1655
f 557 1652 1656
f 1657 1650 1649
f 1648 1466 1646
f 1647 1645 551
f 1645 1658 551
f 1658 1643 1659
f 1659 1641 546
f 1470 1640 1642
f 1472 1640 1470
f 1639 1637 544
f 1637 542 544
f 1636 1661 1637
f 1636 1662 1661
f 539 1634 1663
f 1634 1662 1636
f 1635 1636 1476
f 1634 1664 1663
f 1629 1666 1665
f 1610 1608 1666
f 1628 1610 1666
f 1486 1611 1612
f 1609 1606 1607
f 1614 1603 1606
f 1604 1603 1614
f 1615 1600 1602
f 1619 1599 1618
f 1599 522 1600
f 1619 1621 1599
f 1599 1621 1598
f 1597 522 1599
f 1585 1598 1583
f 1597 1594 520
f 1670 1669 1668
f 1672 1591 1592
f 1591 1670 1667
f 1668 1596 1667
f 1591 1589 1590
f 197 1589 1588
f 1588 1589 1586
f 1586 1593 1585
f 1582 1583 1621
f 202 1584 1580
f 1578 1621 1576
f 1577 1575 1673
f 1577 1567 1576
f 1579 1576 1567
f 1575 1574 1673
f 1573 1572 1574
f 1673 1574 1569
f 1568 1569 1571
f 1581 1579 1566
f 1564 1530 1529
f 1525 1523 1562
f 1523 1524 1568
f 1571 1507 1509
f 1627 1625 1626
f 1626 1495 1506
f 1675 1467 1465
f 1468 1675 1676
f 1678 1473 1677
f 1480 1485 1479
f 1479 1485 1481
f 1682 1681 1677
f 1684 1686 1683
f 1687 1688 1690
f 1497 1687 1690
f 1674 1685 1675
f 1686 1684 1692
f 1681 1678 1677
f 1680 1678 1681
f 1678 1680 1679
f 1679 1680 1485
f 1480 1679 1485
f 1679 1480 1477
f 1682 1677 1676
f 1685 1676 1675
f 1499 1497 1692
f 1496 1506 1495
f 1495 1493 1492
f 1688 1492 1689
f 1490 1689 1492
f 1689 1490 1491
f 1483 1484 1487
f 1481 1629 1631
f 1631 1633 1479
f 1479 1633 1478
f 1478 1477 1480
f 1678 1474 1473
f 1473 1638 1472
f 1676 1471 1468
f 1642 1469 1470
f 1644 1469 1642
f 1503 1465 1463
f 1463 1648 1650
f 1462 1503 1463
f 1651 1461 1462
f 1460 1520 1462
f 1653 1461 1651
f 1519 1460 1459
f 1459 1461 1457
f 1654 1457 1653
f 1436 1439 1437
f 1441 1440 563
f 1441 563 1434
f 1435 1441 1434
f 1444 1433 1432
f 1431 1445 1432
f 1428 441 1429
f 1446 1428 1447
f 1427 1447 1428
f 1427 1426 1447
f 1448 1447 1426
f 1448 1426 1425
f 1423 1449 1425
f 453 1453 1423
f 573 571 946
f 1424 570 572
f 946 571 950
f 1427 568 570
f 568 1430 566
f 567 565 956
f 565 1434 563
f 565 564 956
f 563 1436 561
f 556 1656 555
f 556 1320 1321
f 1647 552 553
f 1647 551 552
f 1072 552 1319
f 1658 548 551
f 1659 546 548
f 545 1660 544
f 545 543 1079
f 1083 538 537
f 1664 536 1663
f 536 1664 534
f 1632 534 1664
f 535 1086 1085
f 1608 530 1666
f 1607 527 528
f 1092 526 1093
f 1605 1603 526
f 526 1094 1093
f 1603 525 526
f 525 1094 526
f 1601 524 1602
f 523 1098 1097
f 523 1099 1098
f 1597 520 521
f 521 519 1101
f 519 517 1107
f 517 1106 1107
f 515 518 1668
f 1596 1668 518
f 517 516 1106
f 1668 1669 515
f 514 1109 1106
f 516 514 1106
f 513 1414 1110
f 1671 512 513
f 509 1415 511
f 130 510 511
f 509 508 1416
f 508 507 1416
f 124 502 504
f 502 1421 1420
f 121 501 124
f 500 501 121
f 501 610 611
f 499 609 500
f 499 608 609
f 498 608 499
f 497 498 117
f 496 608 498
f 114 112 494
f 112 111 493
f 494 112 493
f 111 1694 493
f 602 492 491
f 107 488 490
f 107 487 488
f 103 486 487
f 486 595 597
f 103 485 486
f 596 595 486
f 101 482 484
f 475 1696 472
f 472 1696 471
f 93 1697 1696
f 469 585 586
f 466 467 1698
f 467 584 585
f 87 464 466
f 584 465 583
f 463 464 1699
f 583 463 582
f 463 462 582
f 462 463 1699
f 85 84 1699
f 582 462 580
f 462 84 461
f 456 80 454
f 455 574 576
f 453 572 574
f 1702 1701 1700
f 272 1700 271
f 444 404 443
f 406 407 442
f 1446 440 441
f 1431 439 438
f 436 435 1443
f 435 412 434
f 434 433 1442
f 431 1440 1441
f 1440 431 1439
f 1439 431 428
f 429 427 1455
f 425 1517 1458
f 1522 424 422
f 423 425 420
f 1556 421 419
f 374 419 418
f 374 418 417
f 427 416 418
f 430 432 414
f 411 435 380
f 410 435 436
f 380 410 382
f 409 410 438
f 408 409 438
f 399 401 398
f 1702 275 398
f 403 400 389
f 392 389 400
f 390 296 1703
f 296 1704 1703
f 1703 1704 1705
f 1706 1707 1705
f 1711 1709 318
f 297 1709 1704
f 1710 1712 1708
f 1713 1714 1715
f 1715 1717 1718
f 381 1718 1719
f 1723 1722 1724
f 1724 1725 1723
f 1726 1725 1724
f 1729 1730 365
f 365 1730 357
f 1730 1732 1731
f 1734 1736 1735
f 1735 1736 1737
f 1737 1738 1735
f 1739 1735 1738
f 1743 1744 1731
f 1746 1747 333
f 333 1747 1748
f 1747 1749 1748
f 1742 1749 1743
f 1741 1749 1742
f 1750 1751 1752
f 1754 1753 1751
f 1758 1754 1739
f 1758 1739 1755
f 329 1756 1759
f 1761 1762 331
f 1751 1762 1752
f 330 1762 1753
f 1714 1756 1755
f 1756 1758 1755
f 1738 1755 1739
f 1754 1758 1753
f 1749 1750 1752
f 1749 1752 1748
f 1764 1745 1746
f 341 353 337
f 337 353 1764
f 1745 1744 1747
f 1744 1743 1747
f 1731 1742 1743
f 1717 1714 1738
f 1732 1729 1728
f 1742 1732 1741
f 1732 1742 1731
f 1731 356 1730
f 1728 1727 1766
f 1766 1727 371
f 1726 371 372
f 1722 1736 1724
f 1736 1722 1737
f 1737 1722 1720
f 1720 1717 1737
f 1718 1717 1720
f 1715 1714 1717
f 1767 1716 381
f 1756 1714 1713
f 1768 1712 1716
f 1768 1708 1712
f 1707 387 1705
f 296 297 1704
f 388 405 404
f 387 388 1705
f 387 1707 385
f 406 386 384
f 1767 383 385
f 384 382 409
f 1719 1721 379
f 379 1721 377
f 413 411 376
f 376 414 413
f 414 376 415
f 373 417 415
f 373 374 417
f 370 374 372
f 368 367 369
f 1729 365 368
f 361 364 359
f 1744 356 1731
f 357 356 358
f 353 355 1764
f 1550 362 361
f 347 348 351
f 346 342 344
f 345 344 343
f 338 219 341
f 1763 337 1764
f 333 1761 332
f 329 330 1757
f 331 330 328
f 323 324 325
f 323 332 331
f 311 327 326
f 314 326 325
f 322 321 317
f 320 1759 319
f 318 298 321
f 321 299 317
f 322 317 316
f 302 315 1770
f 315 313 314
f 326 313 312
f 305 307 312
f 310 309 337
f 307 308 310
f 305 306 307
f 304 305 312
f 304 312 313
f 316 300 301
f 300 295 293
f 300 317 299
f 295 299 294
f 294 298 297
f 294 296 390
f 294 390 391
f 391 393 294
f 293 295 393
f 302 291 395
f 290 315 303
f 289 304 290
f 286 226 340
f 283 281 240
f 283 279 281
f 279 291 278
f 273 274 275
f 280 274 282
f 273 1700 272
f 263 262 272
f 272 271 263
f 263 271 268
f 267 269 450
f 266 267 77
f 77 74 266
f 71 70 265
f 268 264 263
f 68 236 237
f 259 258 235
f 256 255 242
f 57 1771 165
f 55 1771 56
f 256 57 255
f 243 253 244
f 235 240 260
f 284 234 285
f 252 251 233
f 286 232 231
f 286 231 230
f 230 231 247
f 230 247 229
f 249 228 229
f 230 229 227
f 225 227 224
f 225 223 339
f 224 250 223
f 223 221 338
f 250 222 223
f 217 220 1772
f 1777 1776 1778
f 215 1775 1776
f 217 1774 1775
f 218 217 216
f 345 216 1551
f 1547 216 214
f 215 1777 213
f 1777 1778 212
f 209 212 1780
f 209 1780 1781
f 207 1781 1782
f 207 209 1781
f 208 206 1534
f 1534 206 1533
f 202 1580 203
f 202 200 1584
f 197 1588 199
f 197 195 1589
f 195 1590 1589
f 1780 193 196
f 1779 193 1780
f 194 1592 1590
f 1778 193 1779
f 192 134 1592
f 1775 138 1776
f 1774 189 1775
f 189 141 140
f 141 188 143
f 1773 186 187
f 1773 187 188
f 147 144 186
f 184 183 1783
f 183 184 250
f 182 1784 1783
f 180 152 151
f 180 179 152
f 179 153 152
f 179 178 153
f 178 177 1785
f 154 178 1785
f 174 1785 177
f 174 157 1785
f 158 157 174
f 158 174 172
f 172 1786 158
f 171 173 254
f 172 171 1786
f 171 1787 1786
f 168 171 167
f 167 166 170
f 164 163 170
f 169 170 163
f 1771 1 164
f 162 161 163
f 104 161 162
f 163 161 169
f 161 160 168
f 110 155 156
f 157 155 1785
f 154 153 178
f 151 116 119
f 151 150 1784
f 1784 150 122
f 1784 148 1783
f 1783 148 146
f 1669 133 1671
f 131 130 512
f 137 139 130
f 129 142 127
f 127 506 128
f 505 506 127
f 142 144 126
f 144 125 126
f 125 504 126
f 145 125 144
f 149 124 145
f 149 122 123
f 117 114 497
f 154 155 110
f 113 154 110
f 156 109 110
f 108 109 159
f 160 106 159
f 161 104 106
f 102 104 8
f 9 99 100
f 100 1695 482
f 96 98 11
f 477 479 97
f 98 97 479
f 97 475 477
f 14 95 96
f 95 14 94
f 92 16 90
f 91 90 1698
f 90 16 89
f 87 466 88
f 88 18 19
f 87 86 1699
f 464 87 1699
f 86 21 85
f 83 461 84
f 461 83 459
f 81 78 80
f 78 77 267
f 75 74 25
f 74 75 73
f 61 62 44
f 72 69 70
f 69 72 62
f 264 261 262
f 259 260 66
f 64 257 258
f 54 64 66
f 67 68 61
f 53 54 59
f 50 55 58
f 59 60 52
f 51 50 53
f 35 34 51
f 35 51 47
f 35 47 36
f 45 37 46
f 37 45 42
f 47 52 46
f 72 41 43
f 42 43 41
f 73 40 41
f 41 39 42
f 28 38 39
f 38 29 1788
f 31 33 1789
f 37 38 1788
f 31 1789 15
f 1788 29 30
f 29 38 28
f 39 27 28
f 23 83 85
f 21 23 85
f 19 21 86
f 22 19 20
f 17 29 20
f 18 88 89
f 30 17 16
f 15 92 94
f 12 14 96
f 31 13 12
f 96 11 12
f 9 11 99
f 10 9 5
f 102 9 100
f 9 7 6
f 7 162 163
f 6 1 3
f 4 32 5
f 5 3 4
f 55 2 1771
f 1771 3 1
f 40 73 75
f 923 922 921
f 1357 1340 788
f 326 327 334
f 1751 1750 1740
f 441 439 1431
f 182 250 228
f 312 307 311
f 1717 1738 1737
f 506 508 1693
f 1410 892 1409
f 1381 1396 1378
f 1374 1373 1376
f 760 759 764
f 1190 1313 1140
f 872 1160 1159
f 361 362 363
f 1551 216 1547
f 205 206 201
f 137 132 135
f 1595 1667 1596
f 1732 1730 1729
f 1507 1505 1509
f 1520 1460 1519
f 1206 1310 1300
f 1564 1531 204
f 1530 1564 204
f 1580 1621 1578
f 1310 1188 1300
f 1205 1207 1204
f 1302 1296 1297
f 1481 1631 1479
f 1471 1472 1470
f 1657 553 555
f 1662 539 538
f 546 1660 545
f 1283 1274 1284
f 1273 1284 1274
f 1279 1278 1295
f 3 1771 2
f 7 9 102
f 15 14 13
f 17 20 18
f 26 22 27
f 13 31 15
f 12 32 31
f 33 34 35
f 51 34 48
f 48 2 49
f 51 48 50
f 64 65 257
f 50 49 55
f 49 2 55
f 56 58 55
f 59 66 63
f 81 82 76
f 66 64 258
f 74 73 71
f 75 26 40
f 24 25 76
f 76 25 77
f 79 267 450
f 78 79 80
f 81 80 456
f 93 90 91
f 76 83 23
f 84 85 83
f 87 88 19
f 120 122 119
f 96 97 98
f 104 102 103
f 106 104 105
f 106 105 107
f 107 159 106
f 159 107 108
f 110 1694 111
f 112 113 110
f 113 112 114
f 114 115 113
f 117 116 115
f 119 118 120
f 130 132 137
f 123 122 121
f 130 139 1693
f 137 136 138
f 138 139 137
f 169 167 170
f 141 129 140
f 141 143 129
f 143 142 129
f 150 151 119
f 152 115 116
f 8 162 7
f 1 163 164
f 164 170 165
f 194 196 193
f 169 161 168
f 173 171 172
f 176 175 174
f 190 138 136
f 193 190 192
f 256 58 56
f 196 195 197
f 198 197 199
f 204 205 202
f 1533 206 205
f 206 208 207
f 210 211 209
f 211 212 209
f 221 222 220
f 224 223 225
f 226 227 225
f 251 232 233
f 252 233 285
f 237 236 282
f 175 245 173
f 249 182 228
f 247 246 176
f 244 252 243
f 234 243 285
f 246 251 245
f 254 244 253
f 256 56 57
f 280 281 279
f 241 65 242
f 257 65 241
f 258 257 241
f 68 67 236
f 265 70 264
f 71 265 266
f 269 265 268
f 267 265 269
f 273 282 274
f 274 276 275
f 335 334 327
f 285 233 288
f 286 230 226
f 289 288 305
f 397 289 290
f 294 297 296
f 299 298 294
f 303 315 302
f 308 307 306
f 308 309 310
f 318 321 319
f 321 328 320
f 323 325 332
f 323 331 328
f 346 352 342
f 340 339 308
f 306 340 308
f 338 221 219
f 343 218 345
f 349 1550 361
f 352 347 351
f 355 351 354
f 358 354 350
f 357 360 359
f 360 350 361
f 1727 369 370
f 364 366 365
f 419 420 418
f 370 372 371
f 375 415 376
f 377 375 376
f 379 377 378
f 381 379 380
f 382 383 381
f 384 385 383
f 387 385 386
f 387 405 388
f 403 1703 388
f 389 390 1703
f 279 395 291
f 398 393 399
f 401 399 400
f 400 403 445
f 404 405 443
f 384 408 407
f 409 408 384
f 415 430 414
f 415 417 416
f 416 417 418
f 1517 423 1516
f 425 426 420
f 427 420 426
f 1451 445 1450
f 428 427 429
f 435 434 1443
f 438 410 437
f 438 439 408
f 440 439 441
f 457 82 458
f 447 446 1451
f 449 447 1451
f 448 270 447
f 1454 448 449
f 79 450 1454
f 80 79 451
f 456 454 455
f 457 458 456
f 474 475 472
f 460 461 459
f 462 461 580
f 466 464 465
f 467 466 465
f 470 468 469
f 476 477 475
f 480 477 478
f 495 493 492
f 479 480 481
f 482 483 484
f 485 596 486
f 518 516 517
f 494 495 496
f 497 496 498
f 500 610 501
f 505 503 1419
f 506 1419 507
f 506 507 508
f 512 511 1414
f 512 1414 513
f 515 514 516
f 538 536 537
f 518 517 519
f 520 519 521
f 522 521 523
f 524 522 523
f 527 1092 528
f 530 529 531
f 530 531 532
f 536 534 535
f 536 535 537
f 543 542 541
f 547 548 546
f 545 544 543
f 560 1655 558
f 551 548 550
f 1655 557 558
f 560 561 559
f 562 563 561
f 575 572 573
f 565 563 564
f 570 568 569
f 572 570 571
f 631 473 590
f 576 574 575
f 460 457 577
f 578 460 941
f 581 582 580
f 592 481 480
f 478 591 592
f 483 593 594
f 596 594 595
f 601 600 620
f 598 625 599
f 608 606 607
f 601 620 602
f 492 603 604
f 496 495 605
f 677 676 680
f 608 607 609
f 614 741 613
f 605 603 617
f 623 622 621
f 622 625 624
f 594 661 627
f 593 628 659
f 593 629 628
f 629 591 656
f 631 590 630
f 630 590 632
f 633 635 634
f 643 642 940
f 688 647 646
f 658 660 659
f 659 662 661
f 661 664 663
f 664 667 666
f 666 673 668
f 673 666 667
f 669 671 1422
f 673 672 671
f 667 674 672
f 667 676 674
f 674 676 675
f 676 715 675
f 707 703 695
f 679 678 677
f 660 682 681
f 688 697 687
f 678 693 694
f 695 691 696
f 699 701 700
f 702 700 701
f 613 740 739
f 707 701 708
f 716 714 718
f 728 729 743
f 738 737 736
f 621 747 748
f 747 725 745
f 742 740 741
f 772 774 775
f 756 757 758
f 764 759 765
f 766 757 767
f 757 768 767
f 770 736 771
f 751 736 770
f 820 855 821
f 776 775 774
f 774 777 776
f 777 778 776
f 786 787 790
f 787 788 790
f 797 796 798
f 803 802 801
f 821 855 808
f 822 807 823
f 815 848 849
f 844 816 848
f 808 822 821
f 827 829 822
f 805 824 823
f 840 841 833
f 832 830 840
f 834 827 825
f 837 834 836
f 848 851 850
f 845 844 1405
f 778 847 846
f 848 850 849
f 867 866 868
f 853 811 812
f 853 856 810
f 856 852 786
f 856 790 810
f 857 785 852
f 855 809 808
f 813 852 812
f 851 782 858
f 846 816 845
f 870 867 869
f 867 871 865
f 876 864 865
f 864 872 863
f 911 915 914
f 871 877 1168
f 878 879 880
f 883 1413 884
f 891 890 892
f 897 894 896
f 900 896 899
f 903 904 902
f 907 906 905
f 910 908 909
f 912 911 909
f 911 914 913
f 945 573 946
f 920 921 919
f 924 925 923
f 922 928 929
f 930 922 929
f 931 976 933
f 976 944 1327
f 935 936 934
f 940 941 577
f 940 939 943
f 943 937 929
f 932 937 935
f 577 938 939
f 937 939 938
f 937 936 935
f 934 575 573
f 949 569 951
f 950 949 948
f 1326 970 969
f 567 956 955
f 564 562 961
f 961 959 1029
f 962 957 961
f 1027 955 1028
f 955 1027 963
f 964 955 963
f 953 966 1025
f 969 967 968
f 998 996 999
f 974 947 972
f 910 913 978
f 983 1326 981
f 989 991 990
f 1018 993 992
f 1009 1007 1006
f 1028 1019 1027
f 1012 1011 1013
f 1025 1023 1024
f 1030 1062 1032
f 1238 1055 1056
f 1031 1030 1032
f 1033 1032 1059
f 1034 1035 1033
f 1031 1035 1036
f 1039 1037 1040
f 1046 1305 1045
f 1049 1044 1048
f 1050 1048 1051
f 1054 1058 1041
f 1056 1244 1238
f 1056 1055 1057
f 1054 1041 1055
f 1057 1034 1056
f 1042 1051 1048
f 1063 560 1064
f 1059 1061 1060
f 1032 1062 1061
f 1089 529 1090
f 1063 1065 1062
f 1071 1070 1072
f 1071 1072 1073
f 1079 1078 1077
f 1079 543 1078
f 541 1081 1080
f 1083 1084 1082
f 1083 537 1084
f 884 1170 883
f 1096 1097 1221
f 1097 1098 1220
f 1101 1103 1100
f 1105 1104 1106
f 1111 1114 1113
f 1118 1119 1117
f 1120 765 1119
f 765 766 1119
f 1119 766 1318
f 1317 1121 1122
f 1123 1122 1121
f 1123 1124 1122
f 773 1124 1125
f 1123 1125 1124
f 773 775 1126
f 1127 862 1128
f 1129 1128 1130
f 1132 1131 1133
f 1132 1133 1135
f 1138 1137 1139
f 1141 1140 1179
f 1146 1145 1144
f 1146 1142 1148
f 1149 1146 1148
f 1133 1154 1153
f 1156 871 1157
f 1160 875 1156
f 872 875 1160
f 1158 872 1159
f 1162 1160 1161
f 1159 1160 1162
f 1147 1149 1157
f 1164 1163 1176
f 1168 1167 1164
f 1169 1175 882
f 1169 882 883
f 1170 1169 883
f 1002 1169 1001
f 1171 884 1172
f 994 886 888
f 1177 1152 1151
f 1157 1168 1147
f 1161 1156 1157
f 873 1158 1155
f 1153 1159 1151
f 1180 1151 1162
f 1177 1178 1134
f 1150 1180 1162
f 1201 1203 1200
f 1149 1147 1146
f 1147 1176 1146
f 1309 1005 1007
f 1184 1186 1185
f 1189 1190 1140
f 1189 1191 1190
f 1192 1194 1193
f 1116 1198 1197
f 1204 1211 1212
f 1204 1203 1202
f 1216 1211 1218
f 1214 1203 1213
f 1215 1214 1213
f 1222 1095 1096
f 1219 1216 1217
f 1219 1221 1220
f 1096 1221 1222
f 1253 1237 1236
f 1226 1223 1227
f 1223 1222 1228
f 1227 1230 1231
f 1260 1231 1232
f 1232 1234 1233
f 1235 1239 1253
f 1242 1053 1241
f 1236 1237 1238
f 1232 1230 1242
f 1249 1247 1250
f 1244 1243 1248
f 1244 1245 1246
f 1246 1059 1060
f 1243 1247 1248
f 1249 1238 1248
f 1261 1258 1259
f 1255 1254 1253
f 1258 1256 1257
f 1233 1258 1232
f 1276 1275 1274
f 1262 1235 1253
f 1262 1234 1235
f 1262 1254 1256
f 1263 1265 1261
f 1264 1091 1225
f 1287 1259 1286
f 1080 1276 1277
f 1255 1293 1254
f 1252 1292 1290
f 1288 1293 1289
f 1283 1289 1282
f 1292 1294 1290
f 1294 1292 1250
f 1294 1295 1290
f 1285 1288 1284
f 1276 1281 1277
f 1263 1264 1265
f 1275 1084 1273
f 1287 1286 1270
f 1267 1263 1287
f 1267 1266 1263
f 1236 1255 1253
f 1263 1261 1259
f 1257 1254 1293
f 1234 1240 1235
f 1236 1251 1252
f 1230 1052 1242
f 1234 1242 1241
f 1050 1227 1228
f 1298 1208 1299
f 1226 1227 1231
f 1265 1225 1226
f 1223 1226 1225
f 1047 1229 1217
f 1187 1301 1299
f 1299 1206 1300
f 1304 1306 1302
f 1297 1301 1303
f 1303 1302 1297
f 1296 1302 1306
f 1043 1306 1307
f 1308 1039 1041
f 1305 1306 1043
f 1305 1296 1306
f 1046 1209 1296
f 1208 1296 1209
f 1138 1313 1312
f 1205 1310 1206
f 1310 1205 1191
f 1202 1201 1190
f 1312 1193 1195
f 1313 1193 1312
f 1190 1199 1192
f 1038 1007 1008
f 1186 1184 1301
f 1315 1318 1317
f 1182 1005 1309
f 1185 1145 1182
f 1146 1144 1142
f 1137 1178 1139
f 1135 1134 1137
f 1197 1198 1136
f 1198 1316 1315
f 1129 1315 1317
f 1135 1314 1132
f 1315 1131 1314
f 1129 1122 1127
f 1133 1153 1152
f 1131 1130 1133
f 1129 1130 1131
f 874 1155 1128
f 1128 862 874
f 1124 773 1126
f 1118 763 764
f 1120 764 765
f 1277 1078 1080
f 1117 1119 1316
f 1113 1104 1111
f 1114 1111 1112
f 763 1112 1108
f 1102 1106 1104
f 1105 1111 1104
f 1103 1102 1113
f 1099 1100 1214
f 1099 1214 1215
f 1215 1098 1099
f 1220 1098 1215
f 1095 1224 1094
f 1092 1090 529
f 1088 1089 1267
f 1084 1085 1273
f 1084 1275 1082
f 1082 1275 1080
f 1071 1247 1069
f 1076 1074 1073
f 1073 1319 550
f 1072 1070 554
f 1074 1250 1071
f 1072 1319 1073
f 1240 1053 1054
f 1246 1066 1068
f 1068 1066 1067
f 1321 1320 1067
f 1064 1321 1065
f 1062 1065 1061
f 1065 1066 1060
f 1055 1039 1057
f 1056 1245 1244
f 1240 1054 1239
f 1045 1047 1218
f 1058 1053 1051
f 1050 1051 1052
f 1049 1228 1229
f 1035 1040 1036
f 1037 1036 1040
f 1010 1036 1037
f 1031 1012 1030
f 1038 1010 1037
f 1002 1004 1003
f 1176 1003 1004
f 1006 1002 1001
f 1000 1006 1001
f 1000 1170 1171
f 994 993 995
f 1000 998 1009
f 1014 996 995
f 1018 1017 993
f 1322 992 1174
f 992 1021 1019
f 985 1026 1024
f 989 990 1323
f 987 989 1324
f 984 985 986
f 902 984 986
f 981 1026 984
f 979 974 973
f 968 982 981
f 1326 968 981
f 979 973 971
f 933 914 977
f 913 975 974
f 963 965 964
f 1327 947 975
f 953 1025 1026
f 966 965 1023
f 957 955 956
f 959 958 960
f 959 562 958
f 967 949 951
f 964 954 955
f 953 954 966
f 1358 1353 1360
f 972 947 948
f 931 944 976
f 932 944 931
f 930 929 932
f 928 943 929
f 942 943 928
f 927 926 698
f 1332 1331 916
f 1335 1336 1334
f 1338 1337 1336
f 788 1340 1338
f 1344 1343 1342
f 729 1349 1350
f 730 1350 1351
f 732 781 1352
f 1347 1348 782
f 1341 1358 1354
f 1330 1361 1329
f 1353 718 1360
f 1357 712 1363
f 1360 713 1358
f 1362 1328 1329
f 1361 710 1362
f 1365 1364 1331
f 1355 1365 1339
f 709 699 1328
f 712 713 706
f 1363 710 1359
f 712 711 1363
f 1334 1337 1333
f 1355 1364 1365
f 1356 1363 1359
f 1354 712 1357
f 1340 1356 1355
f 1357 1356 1340
f 1341 1354 788
f 1366 907 796
f 1333 1332 916
f 1364 1330 1331
f 924 1328 926
f 925 924 926
f 923 645 928
f 1329 924 923
f 1329 921 920
f 919 921 930
f 930 931 919
f 1334 916 911
f 912 909 793
f 910 978 908
f 978 907 908
f 909 908 1366
f 897 901 1325
f 904 980 983
f 1368 803 1367
f 1381 1379 1380
f 835 1368 1371
f 1370 1369 1371
f 1380 1382 1381
f 836 1400 1402
f 1382 1406 1383
f 1384 1383 881
f 1386 1385 870
f 1392 1389 1391
f 1397 1396 1381
f 1394 838 1401
f 1401 1402 1400
f 1400 1396 1397
f 1369 1398 836
f 868 1403 1392
f 1378 1396 1399
f 1388 1394 1395
f 1393 1394 1388
f 1393 1392 1403
f 1379 1412 1380
f 1404 1405 866
f 1410 1409 1376
f 1410 1376 1373
f 898 895 1410
f 890 887 1408
f 1380 1413 1406
f 1377 1379 1378
f 897 900 799
f 1372 898 1373
f 1371 1368 1367
f 1369 835 1371
f 893 1322 891
f 894 1325 1324
f 895 898 896
f 1324 1323 894
f 889 1322 1174
f 869 1390 1386
f 886 1411 887
f 1173 885 886
f 1413 1412 884
f 881 1165 1384
f 1168 877 878
f 875 876 1156
f 871 879 877
f 869 868 1391
f 860 776 846
f 861 863 873
f 1126 859 862
f 863 1404 864
f 860 845 1404
f 860 861 859
f 900 801 800
f 842 833 841
f 839 840 838
f 838 837 1402
f 834 825 835
f 837 827 834
f 838 828 837
f 838 830 828
f 830 819 829
f 822 823 826
f 826 824 825
f 825 824 1368
f 817 815 814
f 844 815 817
f 843 844 842
f 844 848 815
f 815 813 814
f 814 812 811
f 808 809 807
f 799 903 901
f 855 789 809
f 804 795 797
f 794 909 1366
f 909 794 793
f 791 1335 792
f 1338 1336 789
f 762 1110 1414
f 786 790 856
f 784 1345 1344
f 857 858 784
f 1351 780 781
f 778 779 847
f 776 778 846
f 774 1352 777
f 1125 772 773
f 767 768 1123
f 755 507 1417
f 1414 1415 762
f 763 762 760
f 760 764 763
f 1415 759 761
f 1415 509 1416
f 749 1420 1421
f 1419 1418 1417
f 1419 503 1418
f 503 1420 752
f 765 758 766
f 753 1417 1418
f 1416 756 759
f 755 769 768
f 1417 754 755
f 769 755 754
f 734 733 1352
f 751 750 736
f 749 612 738
f 612 613 738
f 739 740 731
f 738 613 739
f 750 738 736
f 736 735 771
f 735 734 772
f 736 737 735
f 737 733 735
f 740 730 731
f 739 731 732
f 732 731 1351
f 706 704 705
f 730 743 729
f 728 745 725
f 747 724 725
f 724 723 726
f 722 719 1343
f 1343 719 720
f 672 717 719
f 718 714 1360
f 674 675 717
f 716 715 714
f 690 684 685
f 706 707 711
f 711 708 1363
f 708 709 710
f 707 702 701
f 714 677 704
f 703 678 694
f 704 678 703
f 695 696 702
f 701 699 709
f 699 698 926
f 691 690 696
f 695 692 691
f 694 693 692
f 652 684 653
f 685 686 690
f 696 690 689
f 697 688 698
f 687 689 686
f 662 681 665
f 662 665 664
f 665 680 676
f 747 621 670
f 663 666 624
f 667 664 665
f 664 661 662
f 662 659 660
f 654 630 653
f 633 653 632
f 652 634 651
f 686 652 650
f 649 687 650
f 688 687 649
f 579 940 642
f 634 652 633
f 597 627 626
f 627 661 663
f 625 622 623
f 615 742 741
f 1421 611 749
f 609 615 614
f 602 618 603
f 600 599 623
f 599 625 623
f 586 633 587
f 592 591 629
f 590 589 632
f 586 587 588
f 1438 429 1455
f 639 583 582
f 640 582 581
f 578 941 579
f 941 460 577
f 577 576 938
f 936 576 575
f 453 1423 1424
f 1434 1433 1435
f 563 1440 1436
f 561 1436 1437
f 561 1437 559
f 1437 1439 1438
f 1466 1465 1467
f 437 1443 1444
f 437 1444 1445
f 1450 1448 1449
f 1449 1451 1450
f 1453 1454 449
f 1431 438 1445
f 436 1443 437
f 1456 1518 1459
f 1459 1460 1461
f 1476 1477 1635
f 1466 1467 1469
f 1473 1474 1475
f 1489 1490 1493
f 1481 1483 1482
f 1487 1486 1483
f 1528 1527 1529
f 1498 1497 1499
f 1502 1521 1500
f 1507 1626 1506
f 1508 1627 1626
f 1511 1514 1504
f 1512 1513 1511
f 1516 1515 1514
f 1516 1514 1513
f 1516 424 1515
f 1511 1502 1503
f 1462 1520 1503
f 1502 1511 1521
f 1504 1510 1505
f 1520 1512 1511
f 1525 1524 1523
f 1525 1526 1524
f 1525 1527 1526
f 1534 1535 1539
f 1562 1561 1560
f 1538 1537 1536
f 1565 1540 1541
f 1542 1544 1543
f 1546 1538 1545
f 1546 1547 1538
f 1548 1545 1544
f 1542 347 1544
f 344 1546 1548
f 347 346 1548
f 1550 348 1542
f 363 1552 1553
f 1554 1555 369
f 1555 374 370
f 1555 1556 374
f 1561 1556 1557
f 1540 1532 1531
f 1527 1525 1562
f 1560 1527 1562
f 1560 1558 1527
f 1527 1558 1559
f 1554 366 1558
f 1555 1557 1556
f 1535 1565 1543
f 1553 1558 366
f 1552 362 1549
f 1546 1551 1547
f 1545 1539 1543
f 1542 1565 1541
f 1541 1563 1552
f 1585 1587 1586
f 1537 210 1536
f 1538 1536 1539
f 1535 1533 1532
f 1524 1526 1577
f 1569 1568 1673
f 1571 1569 1508
f 1523 1571 1509
f 1523 1568 1571
f 1522 1509 1515
f 1508 1569 1570
f 1574 1620 1573
f 1578 203 1580
f 1607 1610 1609
f 1592 1591 1590
f 1595 1596 520
f 1594 1595 520
f 1594 1585 1593
f 1585 1594 1597
f 1598 1585 1597
f 1598 1597 1599
f 1600 522 1601
f 1604 1616 1615
f 1613 1614 1611
f 1617 1600 1615
f 1619 1575 1621
f 1619 1618 1620
f 1639 1638 1637
f 1627 1623 1625
f 1622 1617 1624
f 1617 1622 1618
f 1489 1613 1611
f 1482 1612 1610
f 1635 1633 1634
f 1635 1634 1636
f 1647 1648 1646
f 1643 1644 1642
f 1645 1644 1643
f 1646 1644 1645
f 1656 1650 1657
f 1652 1651 1650
f 559 1437 1654
f 1655 1653 557
f 1653 1655 1654
f 1653 1457 1461
f 557 1653 1652
f 1653 1651 1652
f 1650 1462 1463
f 1636 1475 1476
f 1464 1466 1648
f 1646 1466 1644
f 1645 1643 1658
f 1659 1643 1641
f 1641 1639 1660
f 546 1641 1660
f 1639 544 1660
f 1637 1661 542
f 1662 1634 539
f 1638 1475 1637
f 1568 1577 1673
f 1630 1629 1665
f 1628 1666 1629
f 1612 1609 1610
f 1615 1602 1604
f 1621 1583 1598
f 1667 1670 1668
f 1670 133 1669
f 1591 1672 1670
f 134 1672 1592
f 1591 1667 1589
f 1621 1575 1576
f 1573 1622 1623
f 1572 1570 1574
f 1569 1574 1570
f 1567 1566 1579
f 1682 1685 1684
f 1527 1559 1529
f 1522 1562 1523
f 1522 1515 424
f 1518 1517 1512
f 1510 1509 1505
f 1508 1507 1571
f 1508 1572 1627
f 1508 1626 1507
f 1507 1506 1505
f 1501 1465 1503
f 1471 1676 1677
f 1682 1683 1681
f 1484 1688 1488
f 1688 1689 1488
f 1488 1689 1491
f 1690 1688 1691
f 1690 1691 1683
f 1686 1690 1683
f 1674 1684 1685
f 1687 1492 1688
f 1686 1497 1690
f 1691 1681 1683
f 1682 1684 1683
f 1680 1484 1485
f 1477 1678 1679
f 1692 1500 1499
f 1465 1501 1674
f 1500 1674 1501
f 1500 1504 1499
f 1613 1494 1616
f 1506 1496 1498
f 1497 1496 1687
f 1492 1687 1496
f 1491 1487 1488
f 1493 1613 1489
f 1489 1611 1486
f 1458 1455 426
f 1484 1488 1487
f 1483 1486 1612
f 1485 1483 1481
f 1482 1628 1481
f 1481 1628 1629
f 1478 1633 1635
f 1473 1475 1638
f 1677 1473 1471
f 1644 1466 1469
f 1463 1464 1648
f 1461 1460 1462
f 1518 1519 1459
f 1518 1456 1458
f 1456 1459 1457
f 1438 1455 1457
f 1442 1433 1444
f 1436 1440 1439
f 1321 558 556
f 1445 1444 1432
f 1428 1446 441
f 452 1453 453
f 572 453 1424
f 570 1424 1426
f 950 571 569
f 570 1426 1427
f 569 566 952
f 952 566 567
f 566 1430 1433
f 566 1433 567
f 1433 1434 565
f 567 1433 565
f 560 558 1064
f 1081 538 1083
f 556 557 1656
f 1320 556 555
f 1656 1657 555
f 1657 1649 553
f 1320 555 554
f 1649 1647 553
f 1072 554 552
f 1658 1659 548
f 547 545 1079
f 1661 540 542
f 541 540 1081
f 533 1665 532
f 1663 536 539
f 537 535 1085
f 1086 535 533
f 533 1087 1086
f 1087 532 1088
f 530 1665 1666
f 1097 525 524
f 1088 532 531
f 1608 1607 528
f 528 1092 529
f 527 1607 1605
f 1605 526 527
f 1603 1602 525
f 525 1096 1094
f 1602 524 525
f 513 1669 1671
f 1601 522 524
f 524 523 1097
f 523 521 1099
f 1597 521 522
f 521 1101 1099
f 520 1596 519
f 519 1107 1101
f 1596 518 519
f 514 1110 1109
f 500 118 499
f 511 1415 1414
f 512 130 511
f 507 1419 1417
f 127 126 505
f 502 1420 503
f 124 501 502
f 502 501 1421
f 501 611 1421
f 500 121 120
f 500 609 610
f 117 499 118
f 491 108 490
f 492 604 495
f 1694 491 493
f 491 601 602
f 601 490 489
f 488 598 599
f 490 108 107
f 488 599 489
f 487 597 598
f 105 103 487
f 588 471 470
f 101 484 485
f 484 483 596
f 1695 479 482
f 1697 93 91
f 471 589 473
f 468 1697 91
f 469 588 470
f 468 1698 467
f 453 451 452
f 585 469 467
f 467 465 584
f 583 465 463
f 462 1699 84
f 461 460 578
f 576 457 455
f 454 80 451
f 447 1702 398
f 451 79 1454
f 448 447 449
f 1701 271 1700
f 401 447 398
f 1700 275 1702
f 1450 402 1448
f 449 1451 1452
f 442 444 443
f 402 444 1448
f 413 434 412
f 442 440 1446
f 440 442 407
f 433 1435 1442
f 1441 433 431
f 1439 428 429
f 427 426 1455
f 1561 1522 422
f 423 422 424
f 420 421 423
f 430 416 428
f 413 414 432
f 401 445 446
f 407 439 440
f 443 406 442
f 402 404 444
f 445 403 402
f 1728 368 1727
f 1705 1704 1706
f 1706 1709 1708
f 1709 1710 1708
f 1710 1709 1711
f 297 318 1709
f 1712 1710 1713
f 1712 1713 1715
f 1716 1718 381
f 1719 1718 1720
f 1720 1721 1719
f 1720 1722 1721
f 1721 1722 1723
f 1740 1733 1734
f 1753 1757 330
f 1733 1750 1741
f 1741 1732 1733
f 1746 1745 1747
f 1747 1743 1749
f 1749 1741 1750
f 1756 1757 1758
f 1760 1759 1756
f 320 329 1759
f 1711 319 1759
f 1711 1759 1760
f 330 331 1762
f 333 1748 1761
f 1761 1748 1752
f 1762 1751 1753
f 1761 1752 1762
f 355 1745 1764
f 1756 329 1757
f 1754 1751 1740
f 335 1763 1746
f 1735 1740 1734
f 1766 1734 1733
f 1754 1740 1739
f 1734 1765 1736
f 1765 1724 1736
f 1728 1733 1732
f 1765 371 1726
f 359 365 357
f 359 364 365
f 1767 1768 1716
f 1725 1726 372
f 1724 1765 1726
f 1716 1715 1718
f 1713 1760 1756
f 1712 1715 1716
f 1768 1707 1706
f 1710 1711 1760
f 1768 1706 1708
f 1723 375 377
f 1704 1709 1706
f 403 388 404
f 405 386 406
f 385 1707 1769
f 1769 1767 385
f 383 1767 381
f 378 411 380
f 1721 1723 377
f 411 378 376
f 375 372 373
f 349 354 351
f 1727 370 371
f 364 1553 366
f 363 1553 364
f 360 361 359
f 353 341 352
f 352 341 342
f 335 336 1763
f 351 348 349
f 345 218 216
f 219 343 341
f 309 338 341
f 309 341 337
f 1763 1764 1746
f 327 311 336
f 326 312 311
f 329 328 330
f 332 334 333
f 332 1761 331
f 336 310 1763
f 326 314 313
f 326 334 325
f 324 314 325
f 322 316 1770
f 1770 324 322
f 297 298 318
f 298 299 321
f 324 1770 314
f 313 315 304
f 311 307 310
f 306 286 340
f 310 337 1763
f 302 316 301
f 393 295 294
f 292 301 277
f 303 302 395
f 303 397 290
f 287 306 305
f 397 285 288
f 233 287 288
f 276 280 278
f 234 283 235
f 398 394 393
f 273 238 282
f 272 239 273
f 448 269 270
f 268 265 264
f 263 264 262
f 261 68 237
f 259 235 260
f 256 242 65
f 242 255 253
f 242 253 243
f 234 242 243
f 241 242 234
f 258 241 235
f 260 240 236
f 273 239 238
f 237 282 238
f 235 283 240
f 235 241 234
f 220 185 1773
f 248 249 229
f 225 340 226
f 228 250 224
f 222 184 185
f 218 220 217
f 220 1773 1772
f 1772 1773 188
f 185 186 1773
f 1774 1772 188
f 343 219 218
f 1537 213 211
f 217 1772 1774
f 215 217 1775
f 215 1776 1777
f 213 216 215
f 201 207 1782
f 213 1777 212
f 212 1778 1779
f 213 212 211
f 210 1537 211
f 212 1779 1780
f 208 1536 210
f 1588 200 199
f 205 200 202
f 200 205 201
f 200 1587 1584
f 201 198 199
f 190 1776 138
f 1782 1781 198
f 1781 196 198
f 1781 1780 196
f 1590 195 194
f 192 1592 194
f 1778 190 193
f 192 191 134
f 191 135 134
f 136 135 191
f 151 181 180
f 1775 189 138
f 1774 188 189
f 186 142 187
f 1783 183 182
f 184 1783 147
f 182 181 1784
f 249 181 182
f 512 133 131
f 177 178 179
f 172 175 173
f 171 168 1787
f 168 160 1787
f 167 254 166
f 255 165 166
f 165 1771 164
f 161 106 160
f 1787 160 1786
f 154 1785 155
f 146 148 149
f 148 1784 122
f 149 123 124
f 146 149 145
f 147 1783 146
f 147 145 144
f 142 186 144
f 187 142 143
f 189 140 138
f 1670 1672 133
f 72 44 62
f 132 131 1672
f 134 135 132
f 130 1693 510
f 140 129 139
f 128 506 1693
f 142 126 127
f 126 504 505
f 145 124 125
f 124 504 125
f 124 123 121
f 122 150 119
f 162 8 104
f 103 101 485
f 100 482 101
f 11 98 99
f 98 479 1695
f 97 95 475
f 475 95 1696
f 1698 88 466
f 1699 86 85
f 459 83 82
f 76 78 81
f 74 71 266
f 77 25 74
f 71 72 70
f 69 61 68
f 69 264 70
f 264 69 261
f 67 66 260
f 46 36 47
f 59 63 61
f 44 46 60
f 58 64 54
f 1771 57 56
f 50 58 54
f 53 59 52
f 47 51 52
f 51 53 52
f 43 45 44
f 36 1789 35
f 27 39 40
f 1788 36 37
f 30 1789 1788
f 33 35 1789
f 34 4 2
f 32 10 5
f 33 32 4
f 1697 471 1696
f 27 40 26
f 26 75 25
f 23 24 76
f 22 26 24
f 92 30 16
f 92 15 30
f 14 15 94
f 10 32 12
f 5 9 6
f 240 281 236
f 268 270 269
f 1026 967 953
f 107 105 487
f 927 646 925
f 335 1746 333
f 1755 1738 1714
f 388 1703 1705
f 1719 379 381
f 114 494 497
f 1393 839 1394
f 902 986 901
f 989 1323 1324
f 538 1661 1662
f 1402 837 836
f 1155 1154 1130
f 1168 1164 1147
f 1537 1547 214
f 1581 1578 1579
f 1693 508 510
f 205 1531 1533
f 533 1632 1630
f 1580 1582 1621
f 1600 1618 1599
f 1297 1298 1301
f 1215 1216 1220
f 1674 1675 1465
f 1483 1612 1482
f 1675 1468 1467
f 1608 528 530
f 64 58 65
f 81 458 82
f 93 92 90
f 120 121 122
f 130 131 132
f 137 135 136
f 138 140 139
f 169 168 167
f 194 195 196
f 256 65 58
f 280 282 281
f 335 333 334
f 346 347 352
f 355 353 351
f 358 355 354
f 357 358 360
f 360 358 350
f 1727 368 369
f 419 421 420
f 1517 425 423
f 425 1458 426
f 427 418 420
f 1451 446 445
f 457 459 82
f 474 476 475
f 476 478 477
f 480 479 477
f 495 494 493
f 518 515 516
f 538 539 536
f 543 544 542
f 547 549 548
f 560 559 1655
f 560 562 561
f 562 564 563
f 575 574 572
f 631 474 473
f 592 593 481
f 483 481 593
f 596 483 594
f 601 489 600
f 608 496 606
f 677 715 676
f 707 705 703
f 613 741 740
f 772 734 774
f 820 810 855
f 822 808 807
f 827 828 829
f 840 839 841
f 848 847 851
f 867 865 866
f 870 879 867
f 867 879 871
f 876 875 864
f 864 875 872
f 911 916 915
f 945 934 573
f 949 950 569
f 1326 971 970
f 998 997 996
f 1009 1008 1007
f 1028 1017 1019
f 1030 960 1062
f 1238 1237 1055
f 1054 1053 1058
f 1057 1040 1034
f 1063 958 560
f 1089 531 529
f 884 1171 1170
f 1002 1175 1169
f 1177 1134 1152
f 1180 1177 1151
f 1150 1181 1180
f 1201 1202 1203
f 1204 1207 1211
f 1216 1212 1211
f 1222 1223 1095
f 1253 1239 1237
f 1242 1052 1053
f 1249 1248 1247
f 1249 1251 1238
f 1261 1260 1258
f 1233 1256 1258
f 1276 1080 1275
f 1287 1263 1259
f 1255 1291 1293
f 1288 1257 1293
f 1283 1288 1289
f 1276 1282 1281
f 1263 1266 1264
f 1236 1252 1255
f 1234 1241 1240
f 1230 1050 1052
f 1050 1230 1227
f 1298 1297 1208
f 1187 1186 1301
f 1304 1307 1306
f 1046 1210 1209
f 1208 1297 1296
f 1138 1139 1313
f 1313 1192 1193
f 1190 1201 1199
f 1038 1308 1007
f 1315 1316 1318
f 1129 1131 1315
f 1135 1136 1314
f 1129 1317 1122
f 1118 1112 763
f 1277 1278 1078
f 1071 1250 1247
f 1240 1241 1053
f 1045 1044 1047
f 1035 1034 1040
f 1010 1011 1036
f 1038 1008 1010
f 1002 1005 1004
f 1006 1005 1002
f 1000 1009 1006
f 1000 1001 1170
f 994 1174 993
f 1322 990 992
f 985 984 1026
f 902 983 984
f 981 982 1026
f 979 978 974
f 933 975 914
f 963 1020 965
f 957 1028 955
f 967 969 949
f 1358 1341 1353
f 1330 1364 1361
f 1361 1359 710
f 712 1358 713
f 1334 1336 1337
f 1366 908 907
f 897 799 901
f 1368 824 803
f 1381 1378 1379
f 1380 1406 1382
f 836 1398 1400
f 1369 1370 1398
f 868 843 1403
f 1379 1411 1412
f 1380 1412 1413
f 1377 1407 1379
f 897 896 900
f 893 1323 1322
f 889 891 1322
f 869 1391 1390
f 860 859 776
f 900 899 801
f 799 798 903
f 855 790 789
f 762 1108 1110
f 755 1416 507
f 749 752 1420
f 765 759 758
f 753 754 1417
f 734 735 733
f 740 742 730
f 706 713 704
f 690 691 684
f 652 685 684
f 633 652 653
f 597 595 627
f 586 635 633
f 1438 1439 429
f 1466 1464 1465
f 1476 1474 1477
f 1489 1491 1490
f 1528 1526 1527
f 1534 1533 1535
f 1562 1522 1561
f 1561 421 1556
f 1554 367 366
f 1535 1532 1565
f 1585 1584 1587
f 1607 1608 1610
f 1604 1613 1616
f 1617 1618 1600
f 1619 1620 1575
f 1639 1472 1638
f 1647 1649 1648
f 1656 1652 1650
f 1650 1651 1462
f 1636 1637 1475
f 1568 1524 1577
f 1567 1528 1566
f 1682 1676 1685
f 1484 1691 1688
f 1674 1692 1684
f 1686 1692 1497
f 1691 1680 1681
f 1680 1691 1484
f 1477 1474 1678
f 1692 1674 1500
f 1613 1493 1494
f 1491 1489 1487
f 1458 1456 1455
f 1442 1435 1433
f 1321 1064 558
f 1081 540 538
f 533 1630 1665
f 1087 533 532
f 530 532 1665
f 1097 1096 525
f 513 515 1669
f 514 513 1110
f 500 120 118
f 117 498 499
f 491 1694 108
f 601 491 490
f 488 487 598
f 487 486 597
f 588 589 471
f 468 470 1697
f 469 586 588
f 468 91 1698
f 453 454 451
f 447 1701 1702
f 401 446 447
f 1700 273 275
f 1450 445 402
f 442 1448 444
f 413 432 434
f 401 400 445
f 1728 1729 368
f 1740 1750 1733
f 1753 1758 1757
f 355 1744 1745
f 1735 1739 1740
f 1766 1765 1734
f 1728 1766 1733
f 1765 1766 371
f 1767 1769 1768
f 1713 1710 1760
f 1768 1769 1707
f 1723 1725 375
f 375 1725 372
f 349 350 354
f 335 327 336
f 329 320 328
f 336 311 310
f 306 287 286
f 397 284 285
f 276 274 280
f 234 284 283
f 220 222 185
f 218 219 220
f 1537 214 213
f 201 206 207
f 1588 1587 200
f 201 1782 198
f 190 1778 1776
f 151 1784 181
f 512 1671 133
f 72 43 44
f 71 73 72
f 69 62 61
f 46 37 36
f 44 45 46
f 43 42 45
f 36 1788 1789
f 30 15 1789
f 1697 470 471
f 1026 982 967
f 1393 841 839
f 538 540 1661
f 205 204 1531
f 533 534 1632
