# eclipse Mount_Gold.obj: Roblox cue frame, recentred on its bounding box
v -0.00050 0.19999 0.30892
v -0.00041 0.19827 0.30363
v -0.00016 0.19378 0.30036
v 0.00016 0.18823 0.30036
v 0.00041 0.18373 0.30363
v 0.00050 0.18202 0.30892
v 0.00041 0.18373 0.31421
v 0.00016 0.18823 0.31748
v -0.00016 0.19378 0.31748
v -0.00041 0.19827 0.31421
v -0.02239 0.19875 0.30892
v -0.02220 0.19704 0.30363
v -0.02170 0.19257 0.30036
v -0.02107 0.18704 0.30036
v -0.02057 0.18257 0.30363
v -0.02038 0.18086 0.30892
v -0.02057 0.18257 0.31421
v -0.02107 0.18704 0.31748
v -0.02170 0.19257 0.31748
v -0.02220 0.19704 0.31421
v -0.04450 0.19499 0.30892
v -0.04412 0.19331 0.30363
v -0.04312 0.18893 0.30036
v -0.04188 0.18350 0.30036
v -0.04088 0.17912 0.30363
v -0.04050 0.17744 0.30892
v -0.04088 0.17912 0.31421
v -0.04188 0.18350 0.31748
v -0.04312 0.18893 0.31748
v -0.04412 0.19331 0.31421
v -0.06606 0.18878 0.30892
v -0.06549 0.18716 0.30363
v -0.06400 0.18291 0.30036
v -0.06216 0.17766 0.30036
v -0.06068 0.17341 0.30363
v -0.06011 0.17179 0.30892
v -0.06068 0.17341 0.31421
v -0.06216 0.17766 0.31748
v -0.06400 0.18291 0.31748
v -0.06549 0.18716 0.31421
v -0.08678 0.18020 0.30892
v -0.08603 0.17865 0.30363
v -0.08408 0.17459 0.30036
v -0.08167 0.16958 0.30036
v -0.07971 0.16553 0.30363
v -0.07897 0.16398 0.30892
v -0.07971 0.16553 0.31421
v -0.08167 0.16958 0.31748
v -0.08408 0.17459 0.31748
v -0.08603 0.17865 0.31421
v -0.10641 0.16935 0.30892
v -0.10549 0.16789 0.30363
v -0.10310 0.16408 0.30036
v -0.10014 0.15937 0.30036
v -0.09774 0.15556 0.30363
v -0.09683 0.15411 0.30892
v -0.09774 0.15556 0.31421
v -0.10014 0.15937 0.31748
v -0.10310 0.16408 0.31748
v -0.10549 0.16789 0.31421
v -0.12470 0.15637 0.30892
v -0.12363 0.15503 0.30363
v -0.12082 0.15151 0.30036
v -0.11735 0.14716 0.30036
v -0.11455 0.14364 0.30363
v -0.11348 0.14230 0.30892
v -0.11455 0.14364 0.31421
v -0.11735 0.14716 0.31748
v -0.12082 0.15151 0.31748
v -0.12363 0.15503 0.31421
v -0.14142 0.14142 0.30892
v -0.14021 0.14021 0.30363
v -0.13702 0.13703 0.30036
v -0.13309 0.13309 0.30036
v -0.12991 0.12991 0.30363
v -0.12869 0.12870 0.30892
v -0.12991 0.12991 0.31421
v -0.13309 0.13309 0.31748
v -0.13702 0.13703 0.31748
v -0.14021 0.14021 0.31421
v -0.15637 0.12470 0.30892
v -0.15502 0.12363 0.30363
v -0.15150 0.12082 0.30036
v -0.14716 0.11736 0.30036
v -0.14364 0.11455 0.30363
v -0.14229 0.11348 0.30892
v -0.14364 0.11455 0.31421
v -0.14716 0.11736 0.31748
v -0.15150 0.12082 0.31748
v -0.15502 0.12363 0.31421
v -0.16934 0.10641 0.30892
v -0.16789 0.10550 0.30363
v -0.16408 0.10310 0.30036
v -0.15937 0.10014 0.30036
v -0.15556 0.09775 0.30363
v -0.15410 0.09683 0.30892
v -0.15556 0.09775 0.31421
v -0.15937 0.10014 0.31748
v -0.16408 0.10310 0.31748
v -0.16789 0.10550 0.31421
v -0.18019 0.08678 0.30892
v -0.17865 0.08603 0.30363
v -0.17459 0.08408 0.30036
v -0.16958 0.08167 0.30036
v -0.16552 0.07972 0.30363
v -0.16398 0.07897 0.30892
v -0.16552 0.07972 0.31421
v -0.16958 0.08167 0.31748
v -0.17459 0.08408 0.31748
v -0.17865 0.08603 0.31421
v -0.18878 0.06606 0.30892
v -0.18715 0.06549 0.30363
v -0.18291 0.06401 0.30036
v -0.17766 0.06217 0.30036
v -0.17341 0.06068 0.30363
v -0.17179 0.06011 0.30892
v -0.17341 0.06068 0.31421
v -0.17766 0.06217 0.31748
v -0.18291 0.06401 0.31748
v -0.18715 0.06549 0.31421
v -0.19499 0.04451 0.30892
v -0.19331 0.04413 0.30363
v -0.18892 0.04312 0.30036
v -0.18350 0.04189 0.30036
v -0.17911 0.04088 0.30363
v -0.17744 0.04050 0.30892
v -0.17911 0.04088 0.31421
v -0.18350 0.04189 0.31748
v -0.18892 0.04312 0.31748
v -0.19331 0.04413 0.31421
v -0.19874 0.02240 0.30892
v -0.19703 0.02220 0.30363
v -0.19256 0.02170 0.30036
v -0.18704 0.02108 0.30036
v -0.18256 0.02057 0.30363
v -0.18086 0.02038 0.30892
v -0.18256 0.02057 0.31421
v -0.18704 0.02108 0.31748
v -0.19256 0.02170 0.31748
v -0.19703 0.02220 0.31421
v -0.20000 0.00000 0.30892
v -0.19828 0.00000 0.30363
v -0.19378 0.00000 0.30036
v -0.18822 0.00000 0.30036
v -0.18372 0.00000 0.30363
v -0.18200 0.00000 0.30892
v -0.18372 0.00000 0.31421
v -0.18822 0.00000 0.31748
v -0.19378 0.00000 0.31748
v -0.19828 0.00000 0.31421
v -0.19874 -0.02239 0.30892
v -0.19703 -0.02220 0.30363
v -0.19256 -0.02169 0.30036
v -0.18704 -0.02107 0.30036
v -0.18256 -0.02057 0.30363
v -0.18086 -0.02037 0.30892
v -0.18256 -0.02057 0.31421
v -0.18704 -0.02107 0.31748
v -0.19256 -0.02169 0.31748
v -0.19703 -0.02220 0.31421
v -0.19499 -0.04450 0.30892
v -0.19331 -0.04412 0.30363
v -0.18892 -0.04312 0.30036
v -0.18350 -0.04188 0.30036
v -0.17911 -0.04088 0.30363
v -0.17744 -0.04050 0.30892
v -0.17911 -0.04088 0.31421
v -0.18350 -0.04188 0.31748
v -0.18892 -0.04312 0.31748
v -0.19331 -0.04412 0.31421
v -0.18878 -0.06605 0.30892
v -0.18715 -0.06548 0.30363
v -0.18291 -0.06400 0.30036
v -0.17766 -0.06216 0.30036
v -0.17341 -0.06067 0.30363
v -0.17179 -0.06011 0.30892
v -0.17341 -0.06067 0.31421
v -0.17766 -0.06216 0.31748
v -0.18291 -0.06400 0.31748
v -0.18715 -0.06548 0.31421
v -0.18019 -0.08677 0.30892
v -0.17865 -0.08603 0.30363
v -0.17459 -0.08407 0.30036
v -0.16958 -0.08166 0.30036
v -0.16552 -0.07971 0.30363
v -0.16398 -0.07896 0.30892
v -0.16552 -0.07971 0.31421
v -0.16958 -0.08166 0.31748
v -0.17459 -0.08407 0.31748
v -0.17865 -0.08603 0.31421
v -0.16934 -0.10640 0.30892
v -0.16789 -0.10549 0.30363
v -0.16408 -0.10309 0.30036
v -0.15937 -0.10013 0.30036
v -0.15556 -0.09774 0.30363
v -0.15410 -0.09683 0.30892
v -0.15556 -0.09774 0.31421
v -0.15937 -0.10013 0.31748
v -0.16408 -0.10309 0.31748
v -0.16789 -0.10549 0.31421
v -0.15637 -0.12469 0.30892
v -0.15502 -0.12362 0.30363
v -0.15150 -0.12082 0.30036
v -0.14716 -0.11735 0.30036
v -0.14364 -0.11454 0.30363
v -0.14229 -0.11347 0.30892
v -0.14364 -0.11454 0.31421
v -0.14716 -0.11735 0.31748
v -0.15150 -0.12082 0.31748
v -0.15502 -0.12362 0.31421
v -0.14142 -0.14142 0.30892
v -0.14021 -0.14020 0.30363
v -0.13702 -0.13702 0.30036
v -0.13309 -0.13309 0.30036
v -0.12991 -0.12991 0.30363
v -0.12869 -0.12869 0.30892
v -0.12991 -0.12991 0.31421
v -0.13309 -0.13309 0.31748
v -0.13702 -0.13702 0.31748
v -0.14021 -0.14020 0.31421
v -0.12470 -0.15636 0.30892
v -0.12363 -0.15502 0.30363
v -0.12082 -0.15150 0.30036
v -0.11735 -0.14715 0.30036
v -0.11455 -0.14363 0.30363
v -0.11348 -0.14229 0.30892
v -0.11455 -0.14363 0.31421
v -0.11735 -0.14715 0.31748
v -0.12082 -0.15150 0.31748
v -0.12363 -0.15502 0.31421
v -0.10641 -0.16934 0.30892
v -0.10549 -0.16789 0.30363
v -0.10310 -0.16408 0.30036
v -0.10014 -0.15937 0.30036
v -0.09774 -0.15556 0.30363
v -0.09683 -0.15410 0.30892
v -0.09774 -0.15556 0.31421
v -0.10014 -0.15937 0.31748
v -0.10310 -0.16408 0.31748
v -0.10549 -0.16789 0.31421
v -0.08678 -0.18019 0.30892
v -0.08603 -0.17864 0.30363
v -0.08408 -0.17459 0.30036
v -0.08167 -0.16958 0.30036
v -0.07971 -0.16552 0.30363
v -0.07897 -0.16397 0.30892
v -0.07971 -0.16552 0.31421
v -0.08167 -0.16958 0.31748
v -0.08408 -0.17459 0.31748
v -0.08603 -0.17864 0.31421
v -0.06606 -0.18877 0.30892
v -0.06549 -0.18715 0.30363
v -0.06400 -0.18290 0.30036
v -0.06216 -0.17765 0.30036
v -0.06068 -0.17341 0.30363
v -0.06011 -0.17178 0.30892
v -0.06068 -0.17341 0.31421
v -0.06216 -0.17765 0.31748
v -0.06400 -0.18290 0.31748
v -0.06549 -0.18715 0.31421
v -0.04450 -0.19498 0.30892
v -0.04412 -0.19331 0.30363
v -0.04312 -0.18892 0.30036
v -0.04188 -0.18350 0.30036
v -0.04088 -0.17911 0.30363
v -0.04050 -0.17743 0.30892
v -0.04088 -0.17911 0.31421
v -0.04188 -0.18350 0.31748
v -0.04312 -0.18892 0.31748
v -0.04412 -0.19331 0.31421
v -0.02239 -0.19874 0.30892
v -0.02220 -0.19703 0.30363
v -0.02170 -0.19256 0.30036
v -0.02107 -0.18703 0.30036
v -0.02057 -0.18256 0.30363
v -0.02038 -0.18085 0.30892
v -0.02057 -0.18256 0.31421
v -0.02107 -0.18703 0.31748
v -0.02170 -0.19256 0.31748
v -0.02220 -0.19703 0.31421
v -0.00000 -0.20000 0.30892
v -0.00000 -0.19828 0.30363
v -0.00000 -0.19378 0.30036
v -0.00000 -0.18822 0.30036
v -0.00000 -0.18372 0.30363
v -0.00000 -0.18200 0.30892
v -0.00000 -0.18372 0.31421
v -0.00000 -0.18822 0.31748
v -0.00000 -0.19378 0.31748
v -0.00000 -0.19828 0.31421
v 0.02239 -0.19874 0.30892
v 0.02220 -0.19703 0.30363
v 0.02170 -0.19256 0.30036
v 0.02107 -0.18703 0.30036
v 0.02057 -0.18256 0.30363
v 0.02038 -0.18085 0.30892
v 0.02057 -0.18256 0.31421
v 0.02107 -0.18703 0.31748
v 0.02170 -0.19256 0.31748
v 0.02220 -0.19703 0.31421
v 0.04450 -0.19498 0.30892
v 0.04412 -0.19331 0.30363
v 0.04312 -0.18892 0.30036
v 0.04188 -0.18350 0.30036
v 0.04088 -0.17911 0.30363
v 0.04050 -0.17743 0.30892
v 0.04088 -0.17911 0.31421
v 0.04188 -0.18350 0.31748
v 0.04312 -0.18892 0.31748
v 0.04412 -0.19331 0.31421
v 0.06606 -0.18877 0.30892
v 0.06549 -0.18715 0.30363
v 0.06400 -0.18290 0.30036
v 0.06216 -0.17765 0.30036
v 0.06068 -0.17341 0.30363
v 0.06011 -0.17178 0.30892
v 0.06068 -0.17341 0.31421
v 0.06216 -0.17765 0.31748
v 0.06400 -0.18290 0.31748
v 0.06549 -0.18715 0.31421
v 0.08678 -0.18019 0.30892
v 0.08603 -0.17864 0.30363
v 0.08408 -0.17459 0.30036
v 0.08167 -0.16958 0.30036
v 0.07971 -0.16552 0.30363
v 0.07897 -0.16397 0.30892
v 0.07971 -0.16552 0.31421
v 0.08167 -0.16958 0.31748
v 0.08408 -0.17459 0.31748
v 0.08603 -0.17864 0.31421
v 0.10641 -0.16934 0.30892
v 0.10549 -0.16789 0.30363
v 0.10310 -0.16408 0.30036
v 0.10014 -0.15937 0.30036
v 0.09774 -0.15556 0.30363
v 0.09683 -0.15410 0.30892
v 0.09774 -0.15556 0.31421
v 0.10014 -0.15937 0.31748
v 0.10310 -0.16408 0.31748
v 0.10549 -0.16789 0.31421
v 0.12470 -0.15636 0.30892
v 0.12363 -0.15502 0.30363
v 0.12082 -0.15150 0.30036
v 0.11735 -0.14715 0.30036
v 0.11455 -0.14363 0.30363
v 0.11348 -0.14229 0.30892
v 0.11455 -0.14363 0.31421
v 0.11735 -0.14715 0.31748
v 0.12082 -0.15150 0.31748
v 0.12363 -0.15502 0.31421
v 0.14142 -0.14142 0.30892
v 0.14021 -0.14020 0.30363
v 0.13702 -0.13702 0.30036
v 0.13309 -0.13309 0.30036
v 0.12991 -0.12991 0.30363
v 0.12869 -0.12869 0.30892
v 0.12991 -0.12991 0.31421
v 0.13309 -0.13309 0.31748
v 0.13702 -0.13702 0.31748
v 0.14021 -0.14020 0.31421
v 0.15637 -0.12469 0.30892
v 0.15502 -0.12362 0.30363
v 0.15150 -0.12082 0.30036
v 0.14716 -0.11735 0.30036
v 0.14364 -0.11454 0.30363
v 0.14229 -0.11347 0.30892
v 0.14364 -0.11454 0.31421
v 0.14716 -0.11735 0.31748
v 0.15150 -0.12082 0.31748
v 0.15502 -0.12362 0.31421
v 0.16934 -0.10640 0.30892
v 0.16789 -0.10549 0.30363
v 0.16408 -0.10309 0.30036
v 0.15937 -0.10013 0.30036
v 0.15556 -0.09774 0.30363
v 0.15410 -0.09683 0.30892
v 0.15556 -0.09774 0.31421
v 0.15937 -0.10013 0.31748
v 0.16408 -0.10309 0.31748
v 0.16789 -0.10549 0.31421
v 0.18019 -0.08677 0.30892
v 0.17865 -0.08603 0.30363
v 0.17459 -0.08407 0.30036
v 0.16958 -0.08166 0.30036
v 0.16552 -0.07971 0.30363
v 0.16398 -0.07896 0.30892
v 0.16552 -0.07971 0.31421
v 0.16958 -0.08166 0.31748
v 0.17459 -0.08407 0.31748
v 0.17865 -0.08603 0.31421
v 0.18878 -0.06605 0.30892
v 0.18715 -0.06548 0.30363
v 0.18291 -0.06400 0.30036
v 0.17766 -0.06216 0.30036
v 0.17341 -0.06067 0.30363
v 0.17179 -0.06011 0.30892
v 0.17341 -0.06067 0.31421
v 0.17766 -0.06216 0.31748
v 0.18291 -0.06400 0.31748
v 0.18715 -0.06548 0.31421
v 0.19499 -0.04450 0.30892
v 0.19331 -0.04412 0.30363
v 0.18892 -0.04312 0.30036
v 0.18350 -0.04188 0.30036
v 0.17911 -0.04088 0.30363
v 0.17744 -0.04050 0.30892
v 0.17911 -0.04088 0.31421
v 0.18350 -0.04188 0.31748
v 0.18892 -0.04312 0.31748
v 0.19331 -0.04412 0.31421
v 0.19874 -0.02239 0.30892
v 0.19703 -0.02220 0.30363
v 0.19256 -0.02169 0.30036
v 0.18704 -0.02107 0.30036
v 0.18256 -0.02057 0.30363
v 0.18086 -0.02037 0.30892
v 0.18256 -0.02057 0.31421
v 0.18704 -0.02107 0.31748
v 0.19256 -0.02169 0.31748
v 0.19703 -0.02220 0.31421
v 0.20000 0.00000 0.30892
v 0.19828 0.00000 0.30363
v 0.19378 0.00000 0.30036
v 0.18822 0.00000 0.30036
v 0.18372 0.00000 0.30363
v 0.18200 0.00000 0.30892
v 0.18372 0.00000 0.31421
v 0.18822 0.00000 0.31748
v 0.19378 0.00000 0.31748
v 0.19828 0.00000 0.31421
v 0.19874 0.02240 0.30892
v 0.19703 0.02220 0.30363
v 0.19256 0.02170 0.30036
v 0.18704 0.02108 0.30036
v 0.18256 0.02057 0.30363
v 0.18086 0.02038 0.30892
v 0.18256 0.02057 0.31421
v 0.18704 0.02108 0.31748
v 0.19256 0.02170 0.31748
v 0.19703 0.02220 0.31421
v 0.19499 0.04451 0.30892
v 0.19331 0.04413 0.30363
v 0.18892 0.04312 0.30036
v 0.18350 0.04189 0.30036
v 0.17911 0.04088 0.30363
v 0.17744 0.04050 0.30892
v 0.17911 0.04088 0.31421
v 0.18350 0.04189 0.31748
v 0.18892 0.04312 0.31748
v 0.19331 0.04413 0.31421
v 0.18878 0.06606 0.30892
v 0.18715 0.06549 0.30363
v 0.18291 0.06401 0.30036
v 0.17766 0.06217 0.30036
v 0.17341 0.06068 0.30363
v 0.17179 0.06011 0.30892
v 0.17341 0.06068 0.31421
v 0.17766 0.06217 0.31748
v 0.18291 0.06401 0.31748
v 0.18715 0.06549 0.31421
v 0.18019 0.08678 0.30892
v 0.17865 0.08603 0.30363
v 0.17459 0.08408 0.30036
v 0.16958 0.08167 0.30036
v 0.16552 0.07972 0.30363
v 0.16398 0.07897 0.30892
v 0.16552 0.07972 0.31421
v 0.16958 0.08167 0.31748
v 0.17459 0.08408 0.31748
v 0.17865 0.08603 0.31421
v 0.16934 0.10641 0.30892
v 0.16789 0.10550 0.30363
v 0.16408 0.10310 0.30036
v 0.15937 0.10014 0.30036
v 0.15556 0.09775 0.30363
v 0.15410 0.09683 0.30892
v 0.15556 0.09775 0.31421
v 0.15937 0.10014 0.31748
v 0.16408 0.10310 0.31748
v 0.16789 0.10550 0.31421
v 0.15637 0.12470 0.30892
v 0.15502 0.12363 0.30363
v 0.15150 0.12082 0.30036
v 0.14716 0.11736 0.30036
v 0.14364 0.11455 0.30363
v 0.14229 0.11348 0.30892
v 0.14364 0.11455 0.31421
v 0.14716 0.11736 0.31748
v 0.15150 0.12082 0.31748
v 0.15502 0.12363 0.31421
v 0.14142 0.14142 0.30892
v 0.14021 0.14021 0.30363
v 0.13702 0.13703 0.30036
v 0.13309 0.13309 0.30036
v 0.12991 0.12991 0.30363
v 0.12869 0.12870 0.30892
v 0.12991 0.12991 0.31421
v 0.13309 0.13309 0.31748
v 0.13702 0.13703 0.31748
v 0.14021 0.14021 0.31421
v 0.12470 0.15637 0.30892
v 0.12363 0.15503 0.30363
v 0.12082 0.15151 0.30036
v 0.11735 0.14716 0.30036
v 0.11455 0.14364 0.30363
v 0.11348 0.14230 0.30892
v 0.11455 0.14364 0.31421
v 0.11735 0.14716 0.31748
v 0.12082 0.15151 0.31748
v 0.12363 0.15503 0.31421
v 0.10641 0.16935 0.30892
v 0.10549 0.16789 0.30363
v 0.10310 0.16408 0.30036
v 0.10014 0.15937 0.30036
v 0.09774 0.15556 0.30363
v 0.09683 0.15411 0.30892
v 0.09774 0.15556 0.31421
v 0.10014 0.15937 0.31748
v 0.10310 0.16408 0.31748
v 0.10549 0.16789 0.31421
v 0.08678 0.18020 0.30892
v 0.08603 0.17865 0.30363
v 0.08408 0.17459 0.30036
v 0.08167 0.16958 0.30036
v 0.07971 0.16553 0.30363
v 0.07897 0.16398 0.30892
v 0.07971 0.16553 0.31421
v 0.08167 0.16958 0.31748
v 0.08408 0.17459 0.31748
v 0.08603 0.17865 0.31421
v 0.06606 0.18878 0.30892
v 0.06549 0.18716 0.30363
v 0.06400 0.18291 0.30036
v 0.06216 0.17766 0.30036
v 0.06068 0.17341 0.30363
v 0.06011 0.17179 0.30892
v 0.06068 0.17341 0.31421
v 0.06216 0.17766 0.31748
v 0.06400 0.18291 0.31748
v 0.06549 0.18716 0.31421
v 0.04450 0.19499 0.30892
v 0.04412 0.19331 0.30363
v 0.04312 0.18893 0.30036
v 0.04188 0.18350 0.30036
v 0.04088 0.17912 0.30363
v 0.04050 0.17744 0.30892
v 0.04088 0.17912 0.31421
v 0.04188 0.18350 0.31748
v 0.04312 0.18893 0.31748
v 0.04412 0.19331 0.31421
v 0.02239 0.19875 0.30892
v 0.02220 0.19704 0.30363
v 0.02170 0.19257 0.30036
v 0.02107 0.18704 0.30036
v 0.02057 0.18257 0.30363
v 0.02038 0.18086 0.30892
v 0.02057 0.18257 0.31421
v 0.02107 0.18704 0.31748
v 0.02170 0.19257 0.31748
v 0.02220 0.19704 0.31421
v 0.00050 0.19999 0.30892
v 0.00041 0.19827 0.30363
v 0.00016 0.19378 0.30036
v -0.00016 0.18823 0.30036
v -0.00041 0.18373 0.30363
v -0.00050 0.18202 0.30892
v -0.00041 0.18373 0.31421
v -0.00016 0.18823 0.31748
v 0.00016 0.19378 0.31748
v 0.00041 0.19827 0.31421
v -0.00034 0.19999 0.26892
v -0.00027 0.19885 0.26539
v -0.00010 0.19585 0.26321
v 0.00010 0.19215 0.26321
v 0.00027 0.18916 0.26539
v 0.00034 0.18801 0.26892
v 0.00027 0.18916 0.27245
v 0.00010 0.19215 0.27462
v -0.00010 0.19585 0.27462
v -0.00027 0.19885 0.27245
v -0.02239 0.19875 0.26892
v -0.02226 0.19761 0.26539
v -0.02193 0.19463 0.26321
v -0.02151 0.19094 0.26321
v -0.02118 0.18796 0.26539
v -0.02105 0.18682 0.26892
v -0.02118 0.18796 0.27245
v -0.02151 0.19094 0.27462
v -0.02193 0.19463 0.27462
v -0.02226 0.19761 0.27245
v -0.04450 0.19499 0.26892
v -0.04425 0.19387 0.26539
v -0.04358 0.19095 0.26321
v -0.04276 0.18733 0.26321
v -0.04209 0.18441 0.26539
v -0.04183 0.18329 0.26892
v -0.04209 0.18441 0.27245
v -0.04276 0.18733 0.27462
v -0.04358 0.19095 0.27462
v -0.04425 0.19387 0.27245
v -0.06606 0.18878 0.26892
v -0.06568 0.18770 0.26539
v -0.06469 0.18487 0.26321
v -0.06346 0.18137 0.26321
v -0.06247 0.17854 0.26539
v -0.06209 0.17745 0.26892
v -0.06247 0.17854 0.27245
v -0.06346 0.18137 0.27462
v -0.06469 0.18487 0.27462
v -0.06568 0.18770 0.27245
v -0.08678 0.18020 0.26892
v -0.08628 0.17916 0.26539
v -0.08498 0.17646 0.26321
v -0.08337 0.17312 0.26321
v -0.08207 0.17042 0.26539
v -0.08157 0.16939 0.26892
v -0.08207 0.17042 0.27245
v -0.08337 0.17312 0.27462
v -0.08498 0.17646 0.27462
v -0.08628 0.17916 0.27245
v -0.10641 0.16935 0.26892
v -0.10580 0.16838 0.26539
v -0.10420 0.16584 0.26321
v -0.10223 0.16270 0.26321
v -0.10063 0.16016 0.26539
v -0.10002 0.15919 0.26892
v -0.10063 0.16016 0.27245
v -0.10223 0.16270 0.27462
v -0.10420 0.16584 0.27462
v -0.10580 0.16838 0.27245
v -0.12470 0.15637 0.26892
v -0.12398 0.15547 0.26539
v -0.12211 0.15313 0.26321
v -0.11980 0.15023 0.26321
v -0.11793 0.14788 0.26539
v -0.11722 0.14699 0.26892
v -0.11793 0.14788 0.27245
v -0.11980 0.15023 0.27462
v -0.12211 0.15313 0.27462
v -0.12398 0.15547 0.27245
v -0.14142 0.14142 0.26892
v -0.14061 0.14061 0.26539
v -0.13849 0.13849 0.26321
v -0.13587 0.13587 0.26321
v -0.13375 0.13375 0.26539
v -0.13294 0.13294 0.26892
v -0.13375 0.13375 0.27245
v -0.13587 0.13587 0.27462
v -0.13849 0.13849 0.27462
v -0.14061 0.14061 0.27245
v -0.15637 0.12470 0.26892
v -0.15547 0.12399 0.26539
v -0.15312 0.12212 0.26321
v -0.15023 0.11980 0.26321
v -0.14788 0.11793 0.26539
v -0.14698 0.11722 0.26892
v -0.14788 0.11793 0.27245
v -0.15023 0.11980 0.27462
v -0.15312 0.12212 0.27462
v -0.15547 0.12399 0.27245
v -0.16934 0.10641 0.26892
v -0.16837 0.10580 0.26539
v -0.16583 0.10420 0.26321
v -0.16269 0.10223 0.26321
v -0.16015 0.10064 0.26539
v -0.15918 0.10003 0.26892
v -0.16015 0.10064 0.27245
v -0.16269 0.10223 0.27462
v -0.16583 0.10420 0.27462
v -0.16837 0.10580 0.27245
v -0.18019 0.08678 0.26892
v -0.17916 0.08628 0.26539
v -0.17646 0.08498 0.26321
v -0.17312 0.08337 0.26321
v -0.17041 0.08207 0.26539
v -0.16938 0.08157 0.26892
v -0.17041 0.08207 0.27245
v -0.17312 0.08337 0.27462
v -0.17646 0.08498 0.27462
v -0.17916 0.08628 0.27245
v -0.18878 0.06606 0.26892
v -0.18770 0.06568 0.26539
v -0.18486 0.06469 0.26321
v -0.18136 0.06347 0.26321
v -0.17853 0.06247 0.26539
v -0.17745 0.06210 0.26892
v -0.17853 0.06247 0.27245
v -0.18136 0.06347 0.27462
v -0.18486 0.06469 0.27462
v -0.18770 0.06568 0.27245
v -0.19499 0.04451 0.26892
v -0.19387 0.04425 0.26539
v -0.19094 0.04359 0.26321
v -0.18733 0.04276 0.26321
v -0.18440 0.04209 0.26539
v -0.18329 0.04184 0.26892
v -0.18440 0.04209 0.27245
v -0.18733 0.04276 0.27462
v -0.19094 0.04359 0.27462
v -0.19387 0.04425 0.27245
v -0.19874 0.02240 0.26892
v -0.19760 0.02227 0.26539
v -0.19462 0.02193 0.26321
v -0.19094 0.02152 0.26321
v -0.18796 0.02118 0.26539
v -0.18682 0.02105 0.26892
v -0.18796 0.02118 0.27245
v -0.19094 0.02152 0.27462
v -0.19462 0.02193 0.27462
v -0.19760 0.02227 0.27245
v -0.20000 0.00000 0.26892
v -0.19885 0.00000 0.26539
v -0.19585 0.00000 0.26321
v -0.19215 0.00000 0.26321
v -0.18915 0.00000 0.26539
v -0.18800 0.00000 0.26892
v -0.18915 0.00000 0.27245
v -0.19215 0.00000 0.27462
v -0.19585 0.00000 0.27462
v -0.19885 0.00000 0.27245
v -0.19874 -0.02239 0.26892
v -0.19760 -0.02226 0.26539
v -0.19462 -0.02193 0.26321
v -0.19094 -0.02151 0.26321
v -0.18796 -0.02117 0.26539
v -0.18682 -0.02105 0.26892
v -0.18796 -0.02117 0.27245
v -0.19094 -0.02151 0.27462
v -0.19462 -0.02193 0.27462
v -0.19760 -0.02226 0.27245
v -0.19499 -0.04450 0.26892
v -0.19387 -0.04425 0.26539
v -0.19094 -0.04358 0.26321
v -0.18733 -0.04275 0.26321
v -0.18440 -0.04209 0.26539
v -0.18329 -0.04183 0.26892
v -0.18440 -0.04209 0.27245
v -0.18733 -0.04275 0.27462
v -0.19094 -0.04358 0.27462
v -0.19387 -0.04425 0.27245
v -0.18878 -0.06605 0.26892
v -0.18770 -0.06567 0.26539
v -0.18486 -0.06468 0.26321
v -0.18136 -0.06346 0.26321
v -0.17853 -0.06247 0.26539
v -0.17745 -0.06209 0.26892
v -0.17853 -0.06247 0.27245
v -0.18136 -0.06346 0.27462
v -0.18486 -0.06468 0.27462
v -0.18770 -0.06567 0.27245
v -0.18019 -0.08677 0.26892
v -0.17916 -0.08628 0.26539
v -0.17646 -0.08497 0.26321
v -0.17312 -0.08337 0.26321
v -0.17041 -0.08206 0.26539
v -0.16938 -0.08157 0.26892
v -0.17041 -0.08206 0.27245
v -0.17312 -0.08337 0.27462
v -0.17646 -0.08497 0.27462
v -0.17916 -0.08628 0.27245
v -0.16934 -0.10640 0.26892
v -0.16837 -0.10579 0.26539
v -0.16583 -0.10420 0.26321
v -0.16269 -0.10222 0.26321
v -0.16015 -0.10063 0.26539
v -0.15918 -0.10002 0.26892
v -0.16015 -0.10063 0.27245
v -0.16269 -0.10222 0.27462
v -0.16583 -0.10420 0.27462
v -0.16837 -0.10579 0.27245
v -0.15637 -0.12469 0.26892
v -0.15547 -0.12398 0.26539
v -0.15312 -0.12211 0.26321
v -0.15023 -0.11980 0.26321
v -0.14788 -0.11793 0.26539
v -0.14698 -0.11721 0.26892
v -0.14788 -0.11793 0.27245
v -0.15023 -0.11980 0.27462
v -0.15312 -0.12211 0.27462
v -0.15547 -0.12398 0.27245
v -0.14142 -0.14142 0.26892
v -0.14061 -0.14061 0.26539
v -0.13849 -0.13849 0.26321
v -0.13587 -0.13586 0.26321
v -0.13375 -0.13374 0.26539
v -0.13294 -0.13293 0.26892
v -0.13375 -0.13374 0.27245
v -0.13587 -0.13586 0.27462
v -0.13849 -0.13849 0.27462
v -0.14061 -0.14061 0.27245
v -0.12470 -0.15636 0.26892
v -0.12398 -0.15547 0.26539
v -0.12211 -0.15312 0.26321
v -0.11980 -0.15022 0.26321
v -0.11793 -0.14788 0.26539
v -0.11722 -0.14698 0.26892
v -0.11793 -0.14788 0.27245
v -0.11980 -0.15022 0.27462
v -0.12211 -0.15312 0.27462
v -0.12398 -0.15547 0.27245
v -0.10641 -0.16934 0.26892
v -0.10580 -0.16837 0.26539
v -0.10420 -0.16583 0.26321
v -0.10223 -0.16269 0.26321
v -0.10063 -0.16015 0.26539
v -0.10002 -0.15918 0.26892
v -0.10063 -0.16015 0.27245
v -0.10223 -0.16269 0.27462
v -0.10420 -0.16583 0.27462
v -0.10580 -0.16837 0.27245
v -0.08678 -0.18019 0.26892
v -0.08628 -0.17916 0.26539
v -0.08498 -0.17645 0.26321
v -0.08337 -0.17311 0.26321
v -0.08207 -0.17041 0.26539
v -0.08157 -0.16938 0.26892
v -0.08207 -0.17041 0.27245
v -0.08337 -0.17311 0.27462
v -0.08498 -0.17645 0.27462
v -0.08628 -0.17916 0.27245
v -0.06606 -0.18877 0.26892
v -0.06568 -0.18769 0.26539
v -0.06469 -0.18486 0.26321
v -0.06346 -0.18136 0.26321
v -0.06247 -0.17853 0.26539
v -0.06209 -0.17745 0.26892
v -0.06247 -0.17853 0.27245
v -0.06346 -0.18136 0.27462
v -0.06469 -0.18486 0.27462
v -0.06568 -0.18769 0.27245
v -0.04450 -0.19498 0.26892
v -0.04425 -0.19386 0.26539
v -0.04358 -0.19094 0.26321
v -0.04276 -0.18732 0.26321
v -0.04209 -0.18440 0.26539
v -0.04183 -0.18328 0.26892
v -0.04209 -0.18440 0.27245
v -0.04276 -0.18732 0.27462
v -0.04358 -0.19094 0.27462
v -0.04425 -0.19386 0.27245
v -0.02239 -0.19874 0.26892
v -0.02226 -0.19760 0.26539
v -0.02193 -0.19462 0.26321
v -0.02151 -0.19093 0.26321
v -0.02118 -0.18795 0.26539
v -0.02105 -0.18681 0.26892
v -0.02118 -0.18795 0.27245
v -0.02151 -0.19093 0.27462
v -0.02193 -0.19462 0.27462
v -0.02226 -0.19760 0.27245
v -0.00000 -0.20000 0.26892
v -0.00000 -0.19885 0.26539
v -0.00000 -0.19585 0.26321
v -0.00000 -0.19214 0.26321
v -0.00000 -0.18914 0.26539
v -0.00000 -0.18800 0.26892
v -0.00000 -0.18914 0.27245
v -0.00000 -0.19214 0.27462
v -0.00000 -0.19585 0.27462
v -0.00000 -0.19885 0.27245
v 0.02239 -0.19874 0.26892
v 0.02226 -0.19760 0.26539
v 0.02193 -0.19462 0.26321
v 0.02151 -0.19093 0.26321
v 0.02118 -0.18795 0.26539
v 0.02105 -0.18681 0.26892
v 0.02118 -0.18795 0.27245
v 0.02151 -0.19093 0.27462
v 0.02193 -0.19462 0.27462
v 0.02226 -0.19760 0.27245
v 0.04450 -0.19498 0.26892
v 0.04425 -0.19386 0.26539
v 0.04358 -0.19094 0.26321
v 0.04276 -0.18732 0.26321
v 0.04209 -0.18440 0.26539
v 0.04183 -0.18328 0.26892
v 0.04209 -0.18440 0.27245
v 0.04276 -0.18732 0.27462
v 0.04358 -0.19094 0.27462
v 0.04425 -0.19386 0.27245
v 0.06606 -0.18877 0.26892
v 0.06568 -0.18769 0.26539
v 0.06469 -0.18486 0.26321
v 0.06346 -0.18136 0.26321
v 0.06247 -0.17853 0.26539
v 0.06209 -0.17745 0.26892
v 0.06247 -0.17853 0.27245
v 0.06346 -0.18136 0.27462
v 0.06469 -0.18486 0.27462
v 0.06568 -0.18769 0.27245
v 0.08678 -0.18019 0.26892
v 0.08628 -0.17916 0.26539
v 0.08498 -0.17645 0.26321
v 0.08337 -0.17311 0.26321
v 0.08207 -0.17041 0.26539
v 0.08157 -0.16938 0.26892
v 0.08207 -0.17041 0.27245
v 0.08337 -0.17311 0.27462
v 0.08498 -0.17645 0.27462
v 0.08628 -0.17916 0.27245
v 0.10641 -0.16934 0.26892
v 0.10580 -0.16837 0.26539
v 0.10420 -0.16583 0.26321
v 0.10223 -0.16269 0.26321
v 0.10063 -0.16015 0.26539
v 0.10002 -0.15918 0.26892
v 0.10063 -0.16015 0.27245
v 0.10223 -0.16269 0.27462
v 0.10420 -0.16583 0.27462
v 0.10580 -0.16837 0.27245
v 0.12470 -0.15636 0.26892
v 0.12398 -0.15547 0.26539
v 0.12211 -0.15312 0.26321
v 0.11980 -0.15022 0.26321
v 0.11793 -0.14788 0.26539
v 0.11722 -0.14698 0.26892
v 0.11793 -0.14788 0.27245
v 0.11980 -0.15022 0.27462
v 0.12211 -0.15312 0.27462
v 0.12398 -0.15547 0.27245
v 0.14142 -0.14142 0.26892
v 0.14061 -0.14061 0.26539
v 0.13849 -0.13849 0.26321
v 0.13587 -0.13586 0.26321
v 0.13375 -0.13374 0.26539
v 0.13294 -0.13293 0.26892
v 0.13375 -0.13374 0.27245
v 0.13587 -0.13586 0.27462
v 0.13849 -0.13849 0.27462
v 0.14061 -0.14061 0.27245
v 0.15637 -0.12469 0.26892
v 0.15547 -0.12398 0.26539
v 0.15312 -0.12211 0.26321
v 0.15023 -0.11980 0.26321
v 0.14788 -0.11793 0.26539
v 0.14698 -0.11721 0.26892
v 0.14788 -0.11793 0.27245
v 0.15023 -0.11980 0.27462
v 0.15312 -0.12211 0.27462
v 0.15547 -0.12398 0.27245
v 0.16934 -0.10640 0.26892
v 0.16837 -0.10579 0.26539
v 0.16583 -0.10420 0.26321
v 0.16269 -0.10222 0.26321
v 0.16015 -0.10063 0.26539
v 0.15918 -0.10002 0.26892
v 0.16015 -0.10063 0.27245
v 0.16269 -0.10222 0.27462
v 0.16583 -0.10420 0.27462
v 0.16837 -0.10579 0.27245
v 0.18019 -0.08677 0.26892
v 0.17916 -0.08628 0.26539
v 0.17646 -0.08497 0.26321
v 0.17312 -0.08337 0.26321
v 0.17041 -0.08206 0.26539
v 0.16938 -0.08157 0.26892
v 0.17041 -0.08206 0.27245
v 0.17312 -0.08337 0.27462
v 0.17646 -0.08497 0.27462
v 0.17916 -0.08628 0.27245
v 0.18878 -0.06605 0.26892
v 0.18770 -0.06567 0.26539
v 0.18486 -0.06468 0.26321
v 0.18136 -0.06346 0.26321
v 0.17853 -0.06247 0.26539
v 0.17745 -0.06209 0.26892
v 0.17853 -0.06247 0.27245
v 0.18136 -0.06346 0.27462
v 0.18486 -0.06468 0.27462
v 0.18770 -0.06567 0.27245
v 0.19499 -0.04450 0.26892
v 0.19387 -0.04425 0.26539
v 0.19094 -0.04358 0.26321
v 0.18733 -0.04275 0.26321
v 0.18440 -0.04209 0.26539
v 0.18329 -0.04183 0.26892
v 0.18440 -0.04209 0.27245
v 0.18733 -0.04275 0.27462
v 0.19094 -0.04358 0.27462
v 0.19387 -0.04425 0.27245
v 0.19874 -0.02239 0.26892
v 0.19760 -0.02226 0.26539
v 0.19462 -0.02193 0.26321
v 0.19094 -0.02151 0.26321
v 0.18796 -0.02117 0.26539
v 0.18682 -0.02105 0.26892
v 0.18796 -0.02117 0.27245
v 0.19094 -0.02151 0.27462
v 0.19462 -0.02193 0.27462
v 0.19760 -0.02226 0.27245
v 0.20000 0.00000 0.26892
v 0.19885 0.00000 0.26539
v 0.19585 0.00000 0.26321
v 0.19215 0.00000 0.26321
v 0.18915 0.00000 0.26539
v 0.18800 0.00000 0.26892
v 0.18915 0.00000 0.27245
v 0.19215 0.00000 0.27462
v 0.19585 0.00000 0.27462
v 0.19885 0.00000 0.27245
v 0.19874 0.02240 0.26892
v 0.19760 0.02227 0.26539
v 0.19462 0.02193 0.26321
v 0.19094 0.02152 0.26321
v 0.18796 0.02118 0.26539
v 0.18682 0.02105 0.26892
v 0.18796 0.02118 0.27245
v 0.19094 0.02152 0.27462
v 0.19462 0.02193 0.27462
v 0.19760 0.02227 0.27245
v 0.19499 0.04451 0.26892
v 0.19387 0.04425 0.26539
v 0.19094 0.04359 0.26321
v 0.18733 0.04276 0.26321
v 0.18440 0.04209 0.26539
v 0.18329 0.04184 0.26892
v 0.18440 0.04209 0.27245
v 0.18733 0.04276 0.27462
v 0.19094 0.04359 0.27462
v 0.19387 0.04425 0.27245
v 0.18878 0.06606 0.26892
v 0.18770 0.06568 0.26539
v 0.18486 0.06469 0.26321
v 0.18136 0.06347 0.26321
v 0.17853 0.06247 0.26539
v 0.17745 0.06210 0.26892
v 0.17853 0.06247 0.27245
v 0.18136 0.06347 0.27462
v 0.18486 0.06469 0.27462
v 0.18770 0.06568 0.27245
v 0.18019 0.08678 0.26892
v 0.17916 0.08628 0.26539
v 0.17646 0.08498 0.26321
v 0.17312 0.08337 0.26321
v 0.17041 0.08207 0.26539
v 0.16938 0.08157 0.26892
v 0.17041 0.08207 0.27245
v 0.17312 0.08337 0.27462
v 0.17646 0.08498 0.27462
v 0.17916 0.08628 0.27245
v 0.16934 0.10641 0.26892
v 0.16837 0.10580 0.26539
v 0.16583 0.10420 0.26321
v 0.16269 0.10223 0.26321
v 0.16015 0.10064 0.26539
v 0.15918 0.10003 0.26892
v 0.16015 0.10064 0.27245
v 0.16269 0.10223 0.27462
v 0.16583 0.10420 0.27462
v 0.16837 0.10580 0.27245
v 0.15637 0.12470 0.26892
v 0.15547 0.12399 0.26539
v 0.15312 0.12212 0.26321
v 0.15023 0.11980 0.26321
v 0.14788 0.11793 0.26539
v 0.14698 0.11722 0.26892
v 0.14788 0.11793 0.27245
v 0.15023 0.11980 0.27462
v 0.15312 0.12212 0.27462
v 0.15547 0.12399 0.27245
v 0.14142 0.14142 0.26892
v 0.14061 0.14061 0.26539
v 0.13849 0.13849 0.26321
v 0.13587 0.13587 0.26321
v 0.13375 0.13375 0.26539
v 0.13294 0.13294 0.26892
v 0.13375 0.13375 0.27245
v 0.13587 0.13587 0.27462
v 0.13849 0.13849 0.27462
v 0.14061 0.14061 0.27245
v 0.12470 0.15637 0.26892
v 0.12398 0.15547 0.26539
v 0.12211 0.15313 0.26321
v 0.11980 0.15023 0.26321
v 0.11793 0.14788 0.26539
v 0.11722 0.14699 0.26892
v 0.11793 0.14788 0.27245
v 0.11980 0.15023 0.27462
v 0.12211 0.15313 0.27462
v 0.12398 0.15547 0.27245
v 0.10641 0.16935 0.26892
v 0.10580 0.16838 0.26539
v 0.10420 0.16584 0.26321
v 0.10223 0.16270 0.26321
v 0.10063 0.16016 0.26539
v 0.10002 0.15919 0.26892
v 0.10063 0.16016 0.27245
v 0.10223 0.16270 0.27462
v 0.10420 0.16584 0.27462
v 0.10580 0.16838 0.27245
v 0.08678 0.18020 0.26892
v 0.08628 0.17916 0.26539
v 0.08498 0.17646 0.26321
v 0.08337 0.17312 0.26321
v 0.08207 0.17042 0.26539
v 0.08157 0.16939 0.26892
v 0.08207 0.17042 0.27245
v 0.08337 0.17312 0.27462
v 0.08498 0.17646 0.27462
v 0.08628 0.17916 0.27245
v 0.06606 0.18878 0.26892
v 0.06568 0.18770 0.26539
v 0.06469 0.18487 0.26321
v 0.06346 0.18137 0.26321
v 0.06247 0.17854 0.26539
v 0.06209 0.17745 0.26892
v 0.06247 0.17854 0.27245
v 0.06346 0.18137 0.27462
v 0.06469 0.18487 0.27462
v 0.06568 0.18770 0.27245
v 0.04450 0.19499 0.26892
v 0.04425 0.19387 0.26539
v 0.04358 0.19095 0.26321
v 0.04276 0.18733 0.26321
v 0.04209 0.18441 0.26539
v 0.04183 0.18329 0.26892
v 0.04209 0.18441 0.27245
v 0.04276 0.18733 0.27462
v 0.04358 0.19095 0.27462
v 0.04425 0.19387 0.27245
v 0.02239 0.19875 0.26892
v 0.02226 0.19761 0.26539
v 0.02193 0.19463 0.26321
v 0.02151 0.19094 0.26321
v 0.02118 0.18796 0.26539
v 0.02105 0.18682 0.26892
v 0.02118 0.18796 0.27245
v 0.02151 0.19094 0.27462
v 0.02193 0.19463 0.27462
v 0.02226 0.19761 0.27245
v 0.00034 0.19999 0.26892
v 0.00027 0.19885 0.26539
v 0.00010 0.19585 0.26321
v -0.00010 0.19215 0.26321
v -0.00027 0.18916 0.26539
v -0.00034 0.18801 0.26892
v -0.00027 0.18916 0.27245
v -0.00010 0.19215 0.27462
v 0.00010 0.19585 0.27462
v 0.00027 0.19885 0.27245
v -0.00062 0.21099 0.21392
v -0.00050 0.20889 0.20745
v -0.00019 0.20340 0.20346
v 0.00019 0.19661 0.20346
v 0.00050 0.19112 0.20745
v 0.00062 0.18902 0.21392
v 0.00050 0.19112 0.22038
v 0.00019 0.19661 0.22438
v -0.00019 0.20340 0.22438
v -0.00050 0.20889 0.22038
v -0.02362 0.20968 0.21392
v -0.02339 0.20759 0.20745
v -0.02277 0.20212 0.20346
v -0.02201 0.19537 0.20346
v -0.02140 0.18990 0.20745
v -0.02116 0.18782 0.21392
v -0.02140 0.18990 0.22038
v -0.02201 0.19537 0.22438
v -0.02277 0.20212 0.22438
v -0.02339 0.20759 0.22038
v -0.04695 0.20571 0.21392
v -0.04648 0.20367 0.20745
v -0.04526 0.19830 0.20346
v -0.04375 0.19168 0.20346
v -0.04252 0.18631 0.20745
v -0.04206 0.18427 0.21392
v -0.04252 0.18631 0.22038
v -0.04375 0.19168 0.22438
v -0.04526 0.19830 0.22438
v -0.04648 0.20367 0.22038
v -0.06969 0.19916 0.21392
v -0.06900 0.19718 0.20745
v -0.06718 0.19199 0.20346
v -0.06493 0.18557 0.20346
v -0.06312 0.18038 0.20745
v -0.06242 0.17840 0.21392
v -0.06312 0.18038 0.22038
v -0.06493 0.18557 0.22438
v -0.06718 0.19199 0.22438
v -0.06900 0.19718 0.22038
v -0.09155 0.19011 0.21392
v -0.09064 0.18822 0.20745
v -0.08825 0.18326 0.20346
v -0.08530 0.17713 0.20346
v -0.08292 0.17218 0.20745
v -0.08200 0.17029 0.21392
v -0.08292 0.17218 0.22038
v -0.08530 0.17713 0.22438
v -0.08825 0.18326 0.22438
v -0.09064 0.18822 0.22038
v -0.11226 0.17866 0.21392
v -0.11114 0.17688 0.20745
v -0.10821 0.17223 0.20346
v -0.10460 0.16647 0.20346
v -0.10167 0.16181 0.20745
v -0.10055 0.16003 0.21392
v -0.10167 0.16181 0.22038
v -0.10460 0.16647 0.22438
v -0.10821 0.17223 0.22438
v -0.11114 0.17688 0.22038
v -0.13156 0.16497 0.21392
v -0.13025 0.16333 0.20745
v -0.12682 0.15903 0.20346
v -0.12258 0.15371 0.20346
v -0.11915 0.14941 0.20745
v -0.11784 0.14777 0.21392
v -0.11915 0.14941 0.22038
v -0.12258 0.15371 0.22438
v -0.12682 0.15903 0.22438
v -0.13025 0.16333 0.22038
v -0.14920 0.14920 0.21392
v -0.14771 0.14772 0.20745
v -0.14382 0.14383 0.20346
v -0.13902 0.13902 0.20346
v -0.13513 0.13513 0.20745
v -0.13364 0.13365 0.21392
v -0.13513 0.13513 0.22038
v -0.13902 0.13902 0.22438
v -0.14382 0.14383 0.22438
v -0.14771 0.14772 0.22038
v -0.16497 0.13156 0.21392
v -0.16332 0.13025 0.20745
v -0.15902 0.12682 0.20346
v -0.15371 0.12258 0.20346
v -0.14941 0.11915 0.20745
v -0.14777 0.11784 0.21392
v -0.14941 0.11915 0.22038
v -0.15371 0.12258 0.22438
v -0.15902 0.12682 0.22438
v -0.16332 0.13025 0.22038
v -0.17866 0.11226 0.21392
v -0.17688 0.11114 0.20745
v -0.17222 0.10822 0.20346
v -0.16647 0.10460 0.20346
v -0.16181 0.10168 0.20745
v -0.16003 0.10056 0.21392
v -0.16181 0.10168 0.22038
v -0.16647 0.10460 0.22438
v -0.17222 0.10822 0.22438
v -0.17688 0.11114 0.22038
v -0.19010 0.09155 0.21392
v -0.18821 0.09064 0.20745
v -0.18326 0.08826 0.20346
v -0.17713 0.08531 0.20346
v -0.17218 0.08292 0.20745
v -0.17028 0.08201 0.21392
v -0.17218 0.08292 0.22038
v -0.17713 0.08531 0.22438
v -0.18326 0.08826 0.22438
v -0.18821 0.09064 0.22038
v -0.19916 0.06969 0.21392
v -0.19718 0.06900 0.20745
v -0.19199 0.06718 0.20346
v -0.18557 0.06494 0.20346
v -0.18038 0.06312 0.20745
v -0.17839 0.06243 0.21392
v -0.18038 0.06312 0.22038
v -0.18557 0.06494 0.22438
v -0.19199 0.06718 0.22438
v -0.19718 0.06900 0.22038
v -0.20571 0.04696 0.21392
v -0.20366 0.04649 0.20745
v -0.19830 0.04526 0.20346
v -0.19167 0.04375 0.20346
v -0.18631 0.04253 0.20745
v -0.18426 0.04206 0.21392
v -0.18631 0.04253 0.22038
v -0.19167 0.04375 0.22438
v -0.19830 0.04526 0.22438
v -0.20366 0.04649 0.22038
v -0.20967 0.02363 0.21392
v -0.20759 0.02339 0.20745
v -0.20212 0.02278 0.20346
v -0.19536 0.02202 0.20346
v -0.18990 0.02140 0.20745
v -0.18781 0.02116 0.21392
v -0.18990 0.02140 0.22038
v -0.19536 0.02202 0.22438
v -0.20212 0.02278 0.22438
v -0.20759 0.02339 0.22038
v -0.21100 0.00000 0.21392
v -0.20890 0.00000 0.20745
v -0.20340 0.00000 0.20346
v -0.19660 0.00000 0.20346
v -0.19110 0.00000 0.20745
v -0.18900 0.00000 0.21392
v -0.19110 0.00000 0.22038
v -0.19660 0.00000 0.22438
v -0.20340 0.00000 0.22438
v -0.20890 0.00000 0.22038
v -0.20967 -0.02362 0.21392
v -0.20759 -0.02339 0.20745
v -0.20212 -0.02277 0.20346
v -0.19536 -0.02201 0.20346
v -0.18990 -0.02139 0.20745
v -0.18781 -0.02116 0.21392
v -0.18990 -0.02139 0.22038
v -0.19536 -0.02201 0.22438
v -0.20212 -0.02277 0.22438
v -0.20759 -0.02339 0.22038
v -0.20571 -0.04695 0.21392
v -0.20366 -0.04648 0.20745
v -0.19830 -0.04526 0.20346
v -0.19167 -0.04374 0.20346
v -0.18631 -0.04252 0.20745
v -0.18426 -0.04205 0.21392
v -0.18631 -0.04252 0.22038
v -0.19167 -0.04374 0.22438
v -0.19830 -0.04526 0.22438
v -0.20366 -0.04648 0.22038
v -0.19916 -0.06969 0.21392
v -0.19718 -0.06899 0.20745
v -0.19199 -0.06717 0.20346
v -0.18557 -0.06493 0.20346
v -0.18038 -0.06311 0.20745
v -0.17839 -0.06242 0.21392
v -0.18038 -0.06311 0.22038
v -0.18557 -0.06493 0.22438
v -0.19199 -0.06717 0.22438
v -0.19718 -0.06899 0.22038
v -0.19010 -0.09155 0.21392
v -0.18821 -0.09063 0.20745
v -0.18326 -0.08825 0.20346
v -0.17713 -0.08530 0.20346
v -0.17218 -0.08291 0.20745
v -0.17028 -0.08200 0.21392
v -0.17218 -0.08291 0.22038
v -0.17713 -0.08530 0.22438
v -0.18326 -0.08825 0.22438
v -0.18821 -0.09063 0.22038
v -0.17866 -0.11226 0.21392
v -0.17688 -0.11114 0.20745
v -0.17222 -0.10821 0.20346
v -0.16647 -0.10459 0.20346
v -0.16181 -0.10167 0.20745
v -0.16003 -0.10055 0.21392
v -0.16181 -0.10167 0.22038
v -0.16647 -0.10459 0.22438
v -0.17222 -0.10821 0.22438
v -0.17688 -0.11114 0.22038
v -0.16497 -0.13155 0.21392
v -0.16332 -0.13024 0.20745
v -0.15902 -0.12681 0.20346
v -0.15371 -0.12257 0.20346
v -0.14941 -0.11915 0.20745
v -0.14777 -0.11784 0.21392
v -0.14941 -0.11915 0.22038
v -0.15371 -0.12257 0.22438
v -0.15902 -0.12681 0.22438
v -0.16332 -0.13024 0.22038
v -0.14920 -0.14920 0.21392
v -0.14771 -0.14771 0.20745
v -0.14382 -0.14382 0.20346
v -0.13902 -0.13901 0.20346
v -0.13513 -0.13513 0.20745
v -0.13364 -0.13364 0.21392
v -0.13513 -0.13513 0.22038
v -0.13902 -0.13901 0.22438
v -0.14382 -0.14382 0.22438
v -0.14771 -0.14771 0.22038
v -0.13156 -0.16496 0.21392
v -0.13025 -0.16332 0.20745
v -0.12682 -0.15902 0.20346
v -0.12258 -0.15371 0.20346
v -0.11915 -0.14941 0.20745
v -0.11784 -0.14776 0.21392
v -0.11915 -0.14941 0.22038
v -0.12258 -0.15371 0.22438
v -0.12682 -0.15902 0.22438
v -0.13025 -0.16332 0.22038
v -0.11226 -0.17866 0.21392
v -0.11114 -0.17688 0.20745
v -0.10821 -0.17222 0.20346
v -0.10460 -0.16646 0.20346
v -0.10167 -0.16181 0.20745
v -0.10055 -0.16003 0.21392
v -0.10167 -0.16181 0.22038
v -0.10460 -0.16646 0.22438
v -0.10821 -0.17222 0.22438
v -0.11114 -0.17688 0.22038
v -0.09155 -0.19010 0.21392
v -0.09064 -0.18821 0.20745
v -0.08825 -0.18325 0.20346
v -0.08530 -0.17713 0.20346
v -0.08292 -0.17217 0.20745
v -0.08200 -0.17028 0.21392
v -0.08292 -0.17217 0.22038
v -0.08530 -0.17713 0.22438
v -0.08825 -0.18325 0.22438
v -0.09064 -0.18821 0.22038
v -0.06969 -0.19916 0.21392
v -0.06900 -0.19717 0.20745
v -0.06718 -0.19198 0.20346
v -0.06493 -0.18556 0.20346
v -0.06312 -0.18037 0.20745
v -0.06242 -0.17839 0.21392
v -0.06312 -0.18037 0.22038
v -0.06493 -0.18556 0.22438
v -0.06718 -0.19198 0.22438
v -0.06900 -0.19717 0.22038
v -0.04695 -0.20571 0.21392
v -0.04648 -0.20366 0.20745
v -0.04526 -0.19830 0.20346
v -0.04375 -0.19167 0.20346
v -0.04252 -0.18631 0.20745
v -0.04206 -0.18426 0.21392
v -0.04252 -0.18631 0.22038
v -0.04375 -0.19167 0.22438
v -0.04526 -0.19830 0.22438
v -0.04648 -0.20366 0.22038
v -0.02362 -0.20967 0.21392
v -0.02339 -0.20758 0.20745
v -0.02277 -0.20212 0.20346
v -0.02201 -0.19536 0.20346
v -0.02140 -0.18990 0.20745
v -0.02116 -0.18781 0.21392
v -0.02140 -0.18990 0.22038
v -0.02201 -0.19536 0.22438
v -0.02277 -0.20212 0.22438
v -0.02339 -0.20758 0.22038
v -0.00000 -0.21100 0.21392
v -0.00000 -0.20890 0.20745
v -0.00000 -0.20340 0.20346
v -0.00000 -0.19660 0.20346
v -0.00000 -0.19110 0.20745
v -0.00000 -0.18900 0.21392
v -0.00000 -0.19110 0.22038
v -0.00000 -0.19660 0.22438
v -0.00000 -0.20340 0.22438
v -0.00000 -0.20890 0.22038
v 0.02362 -0.20967 0.21392
v 0.02339 -0.20758 0.20745
v 0.02277 -0.20212 0.20346
v 0.02201 -0.19536 0.20346
v 0.02140 -0.18990 0.20745
v 0.02116 -0.18781 0.21392
v 0.02140 -0.18990 0.22038
v 0.02201 -0.19536 0.22438
v 0.02277 -0.20212 0.22438
v 0.02339 -0.20758 0.22038
v 0.04695 -0.20571 0.21392
v 0.04648 -0.20366 0.20745
v 0.04526 -0.19830 0.20346
v 0.04375 -0.19167 0.20346
v 0.04252 -0.18631 0.20745
v 0.04206 -0.18426 0.21392
v 0.04252 -0.18631 0.22038
v 0.04375 -0.19167 0.22438
v 0.04526 -0.19830 0.22438
v 0.04648 -0.20366 0.22038
v 0.06969 -0.19916 0.21392
v 0.06900 -0.19717 0.20745
v 0.06718 -0.19198 0.20346
v 0.06493 -0.18556 0.20346
v 0.06312 -0.18037 0.20745
v 0.06242 -0.17839 0.21392
v 0.06312 -0.18037 0.22038
v 0.06493 -0.18556 0.22438
v 0.06718 -0.19198 0.22438
v 0.06900 -0.19717 0.22038
v 0.09155 -0.19010 0.21392
v 0.09064 -0.18821 0.20745
v 0.08825 -0.18325 0.20346
v 0.08530 -0.17713 0.20346
v 0.08292 -0.17217 0.20745
v 0.08200 -0.17028 0.21392
v 0.08292 -0.17217 0.22038
v 0.08530 -0.17713 0.22438
v 0.08825 -0.18325 0.22438
v 0.09064 -0.18821 0.22038
v 0.11226 -0.17866 0.21392
v 0.11114 -0.17688 0.20745
v 0.10821 -0.17222 0.20346
v 0.10460 -0.16646 0.20346
v 0.10167 -0.16181 0.20745
v 0.10055 -0.16003 0.21392
v 0.10167 -0.16181 0.22038
v 0.10460 -0.16646 0.22438
v 0.10821 -0.17222 0.22438
v 0.11114 -0.17688 0.22038
v 0.13156 -0.16496 0.21392
v 0.13025 -0.16332 0.20745
v 0.12682 -0.15902 0.20346
v 0.12258 -0.15371 0.20346
v 0.11915 -0.14941 0.20745
v 0.11784 -0.14776 0.21392
v 0.11915 -0.14941 0.22038
v 0.12258 -0.15371 0.22438
v 0.12682 -0.15902 0.22438
v 0.13025 -0.16332 0.22038
v 0.14920 -0.14920 0.21392
v 0.14771 -0.14771 0.20745
v 0.14382 -0.14382 0.20346
v 0.13902 -0.13901 0.20346
v 0.13513 -0.13513 0.20745
v 0.13364 -0.13364 0.21392
v 0.13513 -0.13513 0.22038
v 0.13902 -0.13901 0.22438
v 0.14382 -0.14382 0.22438
v 0.14771 -0.14771 0.22038
v 0.16497 -0.13155 0.21392
v 0.16332 -0.13024 0.20745
v 0.15902 -0.12681 0.20346
v 0.15371 -0.12257 0.20346
v 0.14941 -0.11915 0.20745
v 0.14777 -0.11784 0.21392
v 0.14941 -0.11915 0.22038
v 0.15371 -0.12257 0.22438
v 0.15902 -0.12681 0.22438
v 0.16332 -0.13024 0.22038
v 0.17866 -0.11226 0.21392
v 0.17688 -0.11114 0.20745
v 0.17222 -0.10821 0.20346
v 0.16647 -0.10459 0.20346
v 0.16181 -0.10167 0.20745
v 0.16003 -0.10055 0.21392
v 0.16181 -0.10167 0.22038
v 0.16647 -0.10459 0.22438
v 0.17222 -0.10821 0.22438
v 0.17688 -0.11114 0.22038
v 0.19010 -0.09155 0.21392
v 0.18821 -0.09063 0.20745
v 0.18326 -0.08825 0.20346
v 0.17713 -0.08530 0.20346
v 0.17218 -0.08291 0.20745
v 0.17028 -0.08200 0.21392
v 0.17218 -0.08291 0.22038
v 0.17713 -0.08530 0.22438
v 0.18326 -0.08825 0.22438
v 0.18821 -0.09063 0.22038
v 0.19916 -0.06969 0.21392
v 0.19718 -0.06899 0.20745
v 0.19199 -0.06717 0.20346
v 0.18557 -0.06493 0.20346
v 0.18038 -0.06311 0.20745
v 0.17839 -0.06242 0.21392
v 0.18038 -0.06311 0.22038
v 0.18557 -0.06493 0.22438
v 0.19199 -0.06717 0.22438
v 0.19718 -0.06899 0.22038
v 0.20571 -0.04695 0.21392
v 0.20366 -0.04648 0.20745
v 0.19830 -0.04526 0.20346
v 0.19167 -0.04374 0.20346
v 0.18631 -0.04252 0.20745
v 0.18426 -0.04205 0.21392
v 0.18631 -0.04252 0.22038
v 0.19167 -0.04374 0.22438
v 0.19830 -0.04526 0.22438
v 0.20366 -0.04648 0.22038
v 0.20967 -0.02362 0.21392
v 0.20759 -0.02339 0.20745
v 0.20212 -0.02277 0.20346
v 0.19536 -0.02201 0.20346
v 0.18990 -0.02139 0.20745
v 0.18781 -0.02116 0.21392
v 0.18990 -0.02139 0.22038
v 0.19536 -0.02201 0.22438
v 0.20212 -0.02277 0.22438
v 0.20759 -0.02339 0.22038
v 0.21100 0.00000 0.21392
v 0.20890 0.00000 0.20745
v 0.20340 0.00000 0.20346
v 0.19660 0.00000 0.20346
v 0.19110 0.00000 0.20745
v 0.18900 0.00000 0.21392
v 0.19110 0.00000 0.22038
v 0.19660 0.00000 0.22438
v 0.20340 0.00000 0.22438
v 0.20890 0.00000 0.22038
v 0.20967 0.02363 0.21392
v 0.20759 0.02339 0.20745
v 0.20212 0.02278 0.20346
v 0.19536 0.02202 0.20346
v 0.18990 0.02140 0.20745
v 0.18781 0.02116 0.21392
v 0.18990 0.02140 0.22038
v 0.19536 0.02202 0.22438
v 0.20212 0.02278 0.22438
v 0.20759 0.02339 0.22038
v 0.20571 0.04696 0.21392
v 0.20366 0.04649 0.20745
v 0.19830 0.04526 0.20346
v 0.19167 0.04375 0.20346
v 0.18631 0.04253 0.20745
v 0.18426 0.04206 0.21392
v 0.18631 0.04253 0.22038
v 0.19167 0.04375 0.22438
v 0.19830 0.04526 0.22438
v 0.20366 0.04649 0.22038
v 0.19916 0.06969 0.21392
v 0.19718 0.06900 0.20745
v 0.19199 0.06718 0.20346
v 0.18557 0.06494 0.20346
v 0.18038 0.06312 0.20745
v 0.17839 0.06243 0.21392
v 0.18038 0.06312 0.22038
v 0.18557 0.06494 0.22438
v 0.19199 0.06718 0.22438
v 0.19718 0.06900 0.22038
v 0.19010 0.09155 0.21392
v 0.18821 0.09064 0.20745
v 0.18326 0.08826 0.20346
v 0.17713 0.08531 0.20346
v 0.17218 0.08292 0.20745
v 0.17028 0.08201 0.21392
v 0.17218 0.08292 0.22038
v 0.17713 0.08531 0.22438
v 0.18326 0.08826 0.22438
v 0.18821 0.09064 0.22038
v 0.17866 0.11226 0.21392
v 0.17688 0.11114 0.20745
v 0.17222 0.10822 0.20346
v 0.16647 0.10460 0.20346
v 0.16181 0.10168 0.20745
v 0.16003 0.10056 0.21392
v 0.16181 0.10168 0.22038
v 0.16647 0.10460 0.22438
v 0.17222 0.10822 0.22438
v 0.17688 0.11114 0.22038
v 0.16497 0.13156 0.21392
v 0.16332 0.13025 0.20745
v 0.15902 0.12682 0.20346
v 0.15371 0.12258 0.20346
v 0.14941 0.11915 0.20745
v 0.14777 0.11784 0.21392
v 0.14941 0.11915 0.22038
v 0.15371 0.12258 0.22438
v 0.15902 0.12682 0.22438
v 0.16332 0.13025 0.22038
v 0.14920 0.14920 0.21392
v 0.14771 0.14772 0.20745
v 0.14382 0.14383 0.20346
v 0.13902 0.13902 0.20346
v 0.13513 0.13513 0.20745
v 0.13364 0.13365 0.21392
v 0.13513 0.13513 0.22038
v 0.13902 0.13902 0.22438
v 0.14382 0.14383 0.22438
v 0.14771 0.14772 0.22038
v 0.13156 0.16497 0.21392
v 0.13025 0.16333 0.20745
v 0.12682 0.15903 0.20346
v 0.12258 0.15371 0.20346
v 0.11915 0.14941 0.20745
v 0.11784 0.14777 0.21392
v 0.11915 0.14941 0.22038
v 0.12258 0.15371 0.22438
v 0.12682 0.15903 0.22438
v 0.13025 0.16333 0.22038
v 0.11226 0.17866 0.21392
v 0.11114 0.17688 0.20745
v 0.10821 0.17223 0.20346
v 0.10460 0.16647 0.20346
v 0.10167 0.16181 0.20745
v 0.10055 0.16003 0.21392
v 0.10167 0.16181 0.22038
v 0.10460 0.16647 0.22438
v 0.10821 0.17223 0.22438
v 0.11114 0.17688 0.22038
v 0.09155 0.19011 0.21392
v 0.09064 0.18822 0.20745
v 0.08825 0.18326 0.20346
v 0.08530 0.17713 0.20346
v 0.08292 0.17218 0.20745
v 0.08200 0.17029 0.21392
v 0.08292 0.17218 0.22038
v 0.08530 0.17713 0.22438
v 0.08825 0.18326 0.22438
v 0.09064 0.18822 0.22038
v 0.06969 0.19916 0.21392
v 0.06900 0.19718 0.20745
v 0.06718 0.19199 0.20346
v 0.06493 0.18557 0.20346
v 0.06312 0.18038 0.20745
v 0.06242 0.17840 0.21392
v 0.06312 0.18038 0.22038
v 0.06493 0.18557 0.22438
v 0.06718 0.19199 0.22438
v 0.06900 0.19718 0.22038
v 0.04695 0.20571 0.21392
v 0.04648 0.20367 0.20745
v 0.04526 0.19830 0.20346
v 0.04375 0.19168 0.20346
v 0.04252 0.18631 0.20745
v 0.04206 0.18427 0.21392
v 0.04252 0.18631 0.22038
v 0.04375 0.19168 0.22438
v 0.04526 0.19830 0.22438
v 0.04648 0.20367 0.22038
v 0.02362 0.20968 0.21392
v 0.02339 0.20759 0.20745
v 0.02277 0.20212 0.20346
v 0.02201 0.19537 0.20346
v 0.02140 0.18990 0.20745
v 0.02116 0.18782 0.21392
v 0.02140 0.18990 0.22038
v 0.02201 0.19537 0.22438
v 0.02277 0.20212 0.22438
v 0.02339 0.20759 0.22038
v 0.00062 0.21099 0.21392
v 0.00050 0.20889 0.20745
v 0.00019 0.20340 0.20346
v -0.00019 0.19661 0.20346
v -0.00050 0.19112 0.20745
v -0.00062 0.18902 0.21392
v -0.00050 0.19112 0.22038
v -0.00019 0.19661 0.22438
v 0.00019 0.20340 0.22438
v 0.00050 0.20889 0.22038
v -0.00067 0.24798 0.12392
v -0.00054 0.24570 0.11687
v -0.00021 0.23971 0.11251
v 0.00021 0.23230 0.11251
v 0.00054 0.22631 0.11687
v 0.00067 0.22402 0.12392
v 0.00054 0.22631 0.13097
v 0.00021 0.23230 0.13533
v -0.00021 0.23971 0.13533
v -0.00054 0.24570 0.13097
v -0.02777 0.24644 0.12392
v -0.02751 0.24417 0.11687
v -0.02684 0.23820 0.11251
v -0.02601 0.23083 0.11251
v -0.02534 0.22487 0.11687
v -0.02508 0.22260 0.12392
v -0.02534 0.22487 0.13097
v -0.02601 0.23083 0.13533
v -0.02684 0.23820 0.13533
v -0.02751 0.24417 0.13097
v -0.05519 0.24179 0.12392
v -0.05468 0.23955 0.11687
v -0.05334 0.23370 0.11251
v -0.05169 0.22647 0.11251
v -0.05035 0.22062 0.11687
v -0.04984 0.21839 0.12392
v -0.05035 0.22062 0.13097
v -0.05169 0.22647 0.13533
v -0.05334 0.23370 0.13533
v -0.05468 0.23955 0.13097
v -0.08191 0.23409 0.12392
v -0.08115 0.23192 0.11687
v -0.07917 0.22626 0.11251
v -0.07672 0.21926 0.11251
v -0.07474 0.21360 0.11687
v -0.07398 0.21143 0.12392
v -0.07474 0.21360 0.13097
v -0.07672 0.21926 0.13533
v -0.07917 0.22626 0.13533
v -0.08115 0.23192 0.13097
v -0.10760 0.22344 0.12392
v -0.10661 0.22138 0.11687
v -0.10401 0.21597 0.11251
v -0.10079 0.20929 0.11251
v -0.09818 0.20389 0.11687
v -0.09719 0.20182 0.12392
v -0.09818 0.20389 0.13097
v -0.10079 0.20929 0.13533
v -0.10401 0.21597 0.13533
v -0.10661 0.22138 0.13097
v -0.13194 0.20999 0.12392
v -0.13072 0.20805 0.11687
v -0.12753 0.20297 0.11251
v -0.12359 0.19669 0.11251
v -0.12039 0.19161 0.11687
v -0.11918 0.18967 0.12392
v -0.12039 0.19161 0.13097
v -0.12359 0.19669 0.13533
v -0.12753 0.20297 0.13533
v -0.13072 0.20805 0.13097
v -0.15463 0.19390 0.12392
v -0.15320 0.19211 0.11687
v -0.14946 0.18742 0.11251
v -0.14483 0.18162 0.11251
v -0.14109 0.17693 0.11687
v -0.13966 0.17513 0.12392
v -0.14109 0.17693 0.13097
v -0.14483 0.18162 0.13533
v -0.14946 0.18742 0.13533
v -0.15320 0.19211 0.13097
v -0.17536 0.17537 0.12392
v -0.17374 0.17375 0.11687
v -0.16950 0.16950 0.11251
v -0.16426 0.16426 0.11251
v -0.16001 0.16002 0.11687
v -0.15839 0.15840 0.12392
v -0.16001 0.16002 0.13097
v -0.16426 0.16426 0.13533
v -0.16950 0.16950 0.13533
v -0.17374 0.17375 0.13097
v -0.19389 0.15463 0.12392
v -0.19210 0.15320 0.11687
v -0.18741 0.14946 0.11251
v -0.18161 0.14484 0.11251
v -0.17692 0.14109 0.11687
v -0.17513 0.13967 0.12392
v -0.17692 0.14109 0.13097
v -0.18161 0.14484 0.13533
v -0.18741 0.14946 0.13533
v -0.19210 0.15320 0.13097
v -0.20999 0.13195 0.12392
v -0.20805 0.13073 0.11687
v -0.20297 0.12754 0.11251
v -0.19669 0.12359 0.11251
v -0.19161 0.12040 0.11687
v -0.18967 0.11918 0.12392
v -0.19161 0.12040 0.13097
v -0.19669 0.12359 0.13533
v -0.20297 0.12754 0.13533
v -0.20805 0.13073 0.13097
v -0.22344 0.10761 0.12392
v -0.22138 0.10661 0.11687
v -0.21597 0.10401 0.11251
v -0.20929 0.10079 0.11251
v -0.20388 0.09819 0.11687
v -0.20182 0.09719 0.12392
v -0.20388 0.09819 0.13097
v -0.20929 0.10079 0.13533
v -0.21597 0.10401 0.13533
v -0.22138 0.10661 0.13097
v -0.23408 0.08191 0.12392
v -0.23192 0.08116 0.11687
v -0.22626 0.07917 0.11251
v -0.21926 0.07672 0.11251
v -0.21359 0.07474 0.11687
v -0.21143 0.07399 0.12392
v -0.21359 0.07474 0.13097
v -0.21926 0.07672 0.13533
v -0.22626 0.07917 0.13533
v -0.23192 0.08116 0.13097
v -0.24178 0.05519 0.12392
v -0.23955 0.05468 0.11687
v -0.23370 0.05334 0.11251
v -0.22647 0.05169 0.11251
v -0.22062 0.05036 0.11687
v -0.21838 0.04985 0.12392
v -0.22062 0.05036 0.13097
v -0.22647 0.05169 0.13533
v -0.23370 0.05334 0.13533
v -0.23955 0.05468 0.13097
v -0.24644 0.02777 0.12392
v -0.24416 0.02751 0.11687
v -0.23820 0.02684 0.11251
v -0.23083 0.02601 0.11251
v -0.22487 0.02534 0.11687
v -0.22259 0.02508 0.12392
v -0.22487 0.02534 0.13097
v -0.23083 0.02601 0.13533
v -0.23820 0.02684 0.13533
v -0.24416 0.02751 0.13097
v -0.24800 0.00000 0.12392
v -0.24571 0.00000 0.11687
v -0.23971 0.00000 0.11251
v -0.23229 0.00000 0.11251
v -0.22629 0.00000 0.11687
v -0.22400 0.00000 0.12392
v -0.22629 0.00000 0.13097
v -0.23229 0.00000 0.13533
v -0.23971 0.00000 0.13533
v -0.24571 0.00000 0.13097
v -0.24644 -0.02776 0.12392
v -0.24416 -0.02751 0.11687
v -0.23820 -0.02684 0.11251
v -0.23083 -0.02600 0.11251
v -0.22487 -0.02533 0.11687
v -0.22259 -0.02508 0.12392
v -0.22487 -0.02533 0.13097
v -0.23083 -0.02600 0.13533
v -0.23820 -0.02684 0.13533
v -0.24416 -0.02751 0.13097
v -0.24178 -0.05518 0.12392
v -0.23955 -0.05467 0.11687
v -0.23370 -0.05334 0.11251
v -0.22647 -0.05169 0.11251
v -0.22062 -0.05035 0.11687
v -0.21838 -0.04984 0.12392
v -0.22062 -0.05035 0.13097
v -0.22647 -0.05169 0.13533
v -0.23370 -0.05334 0.13533
v -0.23955 -0.05467 0.13097
v -0.23408 -0.08191 0.12392
v -0.23192 -0.08115 0.11687
v -0.22626 -0.07917 0.11251
v -0.21926 -0.07672 0.11251
v -0.21359 -0.07474 0.11687
v -0.21143 -0.07398 0.12392
v -0.21359 -0.07474 0.13097
v -0.21926 -0.07672 0.13533
v -0.22626 -0.07917 0.13533
v -0.23192 -0.08115 0.13097
v -0.22344 -0.10760 0.12392
v -0.22138 -0.10661 0.11687
v -0.21597 -0.10400 0.11251
v -0.20929 -0.10078 0.11251
v -0.20388 -0.09818 0.11687
v -0.20182 -0.09719 0.12392
v -0.20388 -0.09818 0.13097
v -0.20929 -0.10078 0.13533
v -0.21597 -0.10400 0.13533
v -0.22138 -0.10661 0.13097
v -0.20999 -0.13194 0.12392
v -0.20805 -0.13072 0.11687
v -0.20297 -0.12753 0.11251
v -0.19669 -0.12358 0.11251
v -0.19161 -0.12039 0.11687
v -0.18967 -0.11917 0.12392
v -0.19161 -0.12039 0.13097
v -0.19669 -0.12358 0.13533
v -0.20297 -0.12753 0.13533
v -0.20805 -0.13072 0.13097
v -0.19389 -0.15462 0.12392
v -0.19210 -0.15319 0.11687
v -0.18741 -0.14945 0.11251
v -0.18161 -0.14483 0.11251
v -0.17692 -0.14109 0.11687
v -0.17513 -0.13966 0.12392
v -0.17692 -0.14109 0.13097
v -0.18161 -0.14483 0.13533
v -0.18741 -0.14945 0.13533
v -0.19210 -0.15319 0.13097
v -0.17536 -0.17536 0.12392
v -0.17374 -0.17374 0.11687
v -0.16950 -0.16950 0.11251
v -0.16426 -0.16425 0.11251
v -0.16001 -0.16001 0.11687
v -0.15839 -0.15839 0.12392
v -0.16001 -0.16001 0.13097
v -0.16426 -0.16425 0.13533
v -0.16950 -0.16950 0.13533
v -0.17374 -0.17374 0.13097
v -0.15463 -0.19389 0.12392
v -0.15320 -0.19210 0.11687
v -0.14946 -0.18741 0.11251
v -0.14483 -0.18161 0.11251
v -0.14109 -0.17692 0.11687
v -0.13966 -0.17513 0.12392
v -0.14109 -0.17692 0.13097
v -0.14483 -0.18161 0.13533
v -0.14946 -0.18741 0.13533
v -0.15320 -0.19210 0.13097
v -0.13194 -0.20998 0.12392
v -0.13072 -0.20804 0.11687
v -0.12753 -0.20296 0.11251
v -0.12359 -0.19668 0.11251
v -0.12039 -0.19160 0.11687
v -0.11918 -0.18966 0.12392
v -0.12039 -0.19160 0.13097
v -0.12359 -0.19668 0.13533
v -0.12753 -0.20296 0.13533
v -0.13072 -0.20804 0.13097
v -0.10760 -0.22344 0.12392
v -0.10661 -0.22137 0.11687
v -0.10401 -0.21597 0.11251
v -0.10079 -0.20928 0.11251
v -0.09818 -0.20388 0.11687
v -0.09719 -0.20181 0.12392
v -0.09818 -0.20388 0.13097
v -0.10079 -0.20928 0.13533
v -0.10401 -0.21597 0.13533
v -0.10661 -0.22137 0.13097
v -0.08191 -0.23408 0.12392
v -0.08115 -0.23192 0.11687
v -0.07917 -0.22625 0.11251
v -0.07672 -0.21925 0.11251
v -0.07474 -0.21359 0.11687
v -0.07398 -0.21143 0.12392
v -0.07474 -0.21359 0.13097
v -0.07672 -0.21925 0.13533
v -0.07917 -0.22625 0.13533
v -0.08115 -0.23192 0.13097
v -0.05519 -0.24178 0.12392
v -0.05468 -0.23954 0.11687
v -0.05334 -0.23369 0.11251
v -0.05169 -0.22646 0.11251
v -0.05035 -0.22061 0.11687
v -0.04984 -0.21838 0.12392
v -0.05035 -0.22061 0.13097
v -0.05169 -0.22646 0.13533
v -0.05334 -0.23369 0.13533
v -0.05468 -0.23954 0.13097
v -0.02777 -0.24644 0.12392
v -0.02751 -0.24416 0.11687
v -0.02684 -0.23820 0.11251
v -0.02601 -0.23083 0.11251
v -0.02534 -0.22487 0.11687
v -0.02508 -0.22259 0.12392
v -0.02534 -0.22487 0.13097
v -0.02601 -0.23083 0.13533
v -0.02684 -0.23820 0.13533
v -0.02751 -0.24416 0.13097
v -0.00000 -0.24800 0.12392
v -0.00000 -0.24570 0.11687
v -0.00000 -0.23970 0.11251
v -0.00000 -0.23229 0.11251
v -0.00000 -0.22629 0.11687
v -0.00000 -0.22400 0.12392
v -0.00000 -0.22629 0.13097
v -0.00000 -0.23229 0.13533
v -0.00000 -0.23970 0.13533
v -0.00000 -0.24570 0.13097
v 0.02777 -0.24644 0.12392
v 0.02751 -0.24416 0.11687
v 0.02684 -0.23820 0.11251
v 0.02601 -0.23083 0.11251
v 0.02534 -0.22487 0.11687
v 0.02508 -0.22259 0.12392
v 0.02534 -0.22487 0.13097
v 0.02601 -0.23083 0.13533
v 0.02684 -0.23820 0.13533
v 0.02751 -0.24416 0.13097
v 0.05519 -0.24178 0.12392
v 0.05468 -0.23954 0.11687
v 0.05334 -0.23369 0.11251
v 0.05169 -0.22646 0.11251
v 0.05035 -0.22061 0.11687
v 0.04984 -0.21838 0.12392
v 0.05035 -0.22061 0.13097
v 0.05169 -0.22646 0.13533
v 0.05334 -0.23369 0.13533
v 0.05468 -0.23954 0.13097
v 0.08191 -0.23408 0.12392
v 0.08115 -0.23192 0.11687
v 0.07917 -0.22625 0.11251
v 0.07672 -0.21925 0.11251
v 0.07474 -0.21359 0.11687
v 0.07398 -0.21143 0.12392
v 0.07474 -0.21359 0.13097
v 0.07672 -0.21925 0.13533
v 0.07917 -0.22625 0.13533
v 0.08115 -0.23192 0.13097
v 0.10760 -0.22344 0.12392
v 0.10661 -0.22137 0.11687
v 0.10401 -0.21597 0.11251
v 0.10079 -0.20928 0.11251
v 0.09818 -0.20388 0.11687
v 0.09719 -0.20181 0.12392
v 0.09818 -0.20388 0.13097
v 0.10079 -0.20928 0.13533
v 0.10401 -0.21597 0.13533
v 0.10661 -0.22137 0.13097
v 0.13194 -0.20998 0.12392
v 0.13072 -0.20804 0.11687
v 0.12753 -0.20296 0.11251
v 0.12359 -0.19668 0.11251
v 0.12039 -0.19160 0.11687
v 0.11918 -0.18966 0.12392
v 0.12039 -0.19160 0.13097
v 0.12359 -0.19668 0.13533
v 0.12753 -0.20296 0.13533
v 0.13072 -0.20804 0.13097
v 0.15463 -0.19389 0.12392
v 0.15320 -0.19210 0.11687
v 0.14946 -0.18741 0.11251
v 0.14483 -0.18161 0.11251
v 0.14109 -0.17692 0.11687
v 0.13966 -0.17513 0.12392
v 0.14109 -0.17692 0.13097
v 0.14483 -0.18161 0.13533
v 0.14946 -0.18741 0.13533
v 0.15320 -0.19210 0.13097
v 0.17536 -0.17536 0.12392
v 0.17374 -0.17374 0.11687
v 0.16950 -0.16950 0.11251
v 0.16426 -0.16425 0.11251
v 0.16001 -0.16001 0.11687
v 0.15839 -0.15839 0.12392
v 0.16001 -0.16001 0.13097
v 0.16426 -0.16425 0.13533
v 0.16950 -0.16950 0.13533
v 0.17374 -0.17374 0.13097
v 0.19389 -0.15462 0.12392
v 0.19210 -0.15319 0.11687
v 0.18741 -0.14945 0.11251
v 0.18161 -0.14483 0.11251
v 0.17692 -0.14109 0.11687
v 0.17513 -0.13966 0.12392
v 0.17692 -0.14109 0.13097
v 0.18161 -0.14483 0.13533
v 0.18741 -0.14945 0.13533
v 0.19210 -0.15319 0.13097
v 0.20999 -0.13194 0.12392
v 0.20805 -0.13072 0.11687
v 0.20297 -0.12753 0.11251
v 0.19669 -0.12358 0.11251
v 0.19161 -0.12039 0.11687
v 0.18967 -0.11917 0.12392
v 0.19161 -0.12039 0.13097
v 0.19669 -0.12358 0.13533
v 0.20297 -0.12753 0.13533
v 0.20805 -0.13072 0.13097
v 0.22344 -0.10760 0.12392
v 0.22138 -0.10661 0.11687
v 0.21597 -0.10400 0.11251
v 0.20929 -0.10078 0.11251
v 0.20388 -0.09818 0.11687
v 0.20182 -0.09719 0.12392
v 0.20388 -0.09818 0.13097
v 0.20929 -0.10078 0.13533
v 0.21597 -0.10400 0.13533
v 0.22138 -0.10661 0.13097
v 0.23408 -0.08191 0.12392
v 0.23192 -0.08115 0.11687
v 0.22626 -0.07917 0.11251
v 0.21926 -0.07672 0.11251
v 0.21359 -0.07474 0.11687
v 0.21143 -0.07398 0.12392
v 0.21359 -0.07474 0.13097
v 0.21926 -0.07672 0.13533
v 0.22626 -0.07917 0.13533
v 0.23192 -0.08115 0.13097
v 0.24178 -0.05518 0.12392
v 0.23955 -0.05467 0.11687
v 0.23370 -0.05334 0.11251
v 0.22647 -0.05169 0.11251
v 0.22062 -0.05035 0.11687
v 0.21838 -0.04984 0.12392
v 0.22062 -0.05035 0.13097
v 0.22647 -0.05169 0.13533
v 0.23370 -0.05334 0.13533
v 0.23955 -0.05467 0.13097
v 0.24644 -0.02776 0.12392
v 0.24416 -0.02751 0.11687
v 0.23820 -0.02684 0.11251
v 0.23083 -0.02600 0.11251
v 0.22487 -0.02533 0.11687
v 0.22259 -0.02508 0.12392
v 0.22487 -0.02533 0.13097
v 0.23083 -0.02600 0.13533
v 0.23820 -0.02684 0.13533
v 0.24416 -0.02751 0.13097
v 0.24800 0.00000 0.12392
v 0.24571 0.00000 0.11687
v 0.23971 0.00000 0.11251
v 0.23229 0.00000 0.11251
v 0.22629 0.00000 0.11687
v 0.22400 0.00000 0.12392
v 0.22629 0.00000 0.13097
v 0.23229 0.00000 0.13533
v 0.23971 0.00000 0.13533
v 0.24571 0.00000 0.13097
v 0.24644 0.02777 0.12392
v 0.24416 0.02751 0.11687
v 0.23820 0.02684 0.11251
v 0.23083 0.02601 0.11251
v 0.22487 0.02534 0.11687
v 0.22259 0.02508 0.12392
v 0.22487 0.02534 0.13097
v 0.23083 0.02601 0.13533
v 0.23820 0.02684 0.13533
v 0.24416 0.02751 0.13097
v 0.24178 0.05519 0.12392
v 0.23955 0.05468 0.11687
v 0.23370 0.05334 0.11251
v 0.22647 0.05169 0.11251
v 0.22062 0.05036 0.11687
v 0.21838 0.04985 0.12392
v 0.22062 0.05036 0.13097
v 0.22647 0.05169 0.13533
v 0.23370 0.05334 0.13533
v 0.23955 0.05468 0.13097
v 0.23408 0.08191 0.12392
v 0.23192 0.08116 0.11687
v 0.22626 0.07917 0.11251
v 0.21926 0.07672 0.11251
v 0.21359 0.07474 0.11687
v 0.21143 0.07399 0.12392
v 0.21359 0.07474 0.13097
v 0.21926 0.07672 0.13533
v 0.22626 0.07917 0.13533
v 0.23192 0.08116 0.13097
v 0.22344 0.10761 0.12392
v 0.22138 0.10661 0.11687
v 0.21597 0.10401 0.11251
v 0.20929 0.10079 0.11251
v 0.20388 0.09819 0.11687
v 0.20182 0.09719 0.12392
v 0.20388 0.09819 0.13097
v 0.20929 0.10079 0.13533
v 0.21597 0.10401 0.13533
v 0.22138 0.10661 0.13097
v 0.20999 0.13195 0.12392
v 0.20805 0.13073 0.11687
v 0.20297 0.12754 0.11251
v 0.19669 0.12359 0.11251
v 0.19161 0.12040 0.11687
v 0.18967 0.11918 0.12392
v 0.19161 0.12040 0.13097
v 0.19669 0.12359 0.13533
v 0.20297 0.12754 0.13533
v 0.20805 0.13073 0.13097
v 0.19389 0.15463 0.12392
v 0.19210 0.15320 0.11687
v 0.18741 0.14946 0.11251
v 0.18161 0.14484 0.11251
v 0.17692 0.14109 0.11687
v 0.17513 0.13967 0.12392
v 0.17692 0.14109 0.13097
v 0.18161 0.14484 0.13533
v 0.18741 0.14946 0.13533
v 0.19210 0.15320 0.13097
v 0.17536 0.17537 0.12392
v 0.17374 0.17375 0.11687
v 0.16950 0.16950 0.11251
v 0.16426 0.16426 0.11251
v 0.16001 0.16002 0.11687
v 0.15839 0.15840 0.12392
v 0.16001 0.16002 0.13097
v 0.16426 0.16426 0.13533
v 0.16950 0.16950 0.13533
v 0.17374 0.17375 0.13097
v 0.15463 0.19390 0.12392
v 0.15320 0.19211 0.11687
v 0.14946 0.18742 0.11251
v 0.14483 0.18162 0.11251
v 0.14109 0.17693 0.11687
v 0.13966 0.17513 0.12392
v 0.14109 0.17693 0.13097
v 0.14483 0.18162 0.13533
v 0.14946 0.18742 0.13533
v 0.15320 0.19211 0.13097
v 0.13194 0.20999 0.12392
v 0.13072 0.20805 0.11687
v 0.12753 0.20297 0.11251
v 0.12359 0.19669 0.11251
v 0.12039 0.19161 0.11687
v 0.11918 0.18967 0.12392
v 0.12039 0.19161 0.13097
v 0.12359 0.19669 0.13533
v 0.12753 0.20297 0.13533
v 0.13072 0.20805 0.13097
v 0.10760 0.22344 0.12392
v 0.10661 0.22138 0.11687
v 0.10401 0.21597 0.11251
v 0.10079 0.20929 0.11251
v 0.09818 0.20389 0.11687
v 0.09719 0.20182 0.12392
v 0.09818 0.20389 0.13097
v 0.10079 0.20929 0.13533
v 0.10401 0.21597 0.13533
v 0.10661 0.22138 0.13097
v 0.08191 0.23409 0.12392
v 0.08115 0.23192 0.11687
v 0.07917 0.22626 0.11251
v 0.07672 0.21926 0.11251
v 0.07474 0.21360 0.11687
v 0.07398 0.21143 0.12392
v 0.07474 0.21360 0.13097
v 0.07672 0.21926 0.13533
v 0.07917 0.22626 0.13533
v 0.08115 0.23192 0.13097
v 0.05519 0.24179 0.12392
v 0.05468 0.23955 0.11687
v 0.05334 0.23370 0.11251
v 0.05169 0.22647 0.11251
v 0.05035 0.22062 0.11687
v 0.04984 0.21839 0.12392
v 0.05035 0.22062 0.13097
v 0.05169 0.22647 0.13533
v 0.05334 0.23370 0.13533
v 0.05468 0.23955 0.13097
v 0.02777 0.24644 0.12392
v 0.02751 0.24417 0.11687
v 0.02684 0.23820 0.11251
v 0.02601 0.23083 0.11251
v 0.02534 0.22487 0.11687
v 0.02508 0.22260 0.12392
v 0.02534 0.22487 0.13097
v 0.02601 0.23083 0.13533
v 0.02684 0.23820 0.13533
v 0.02751 0.24417 0.13097
v 0.00067 0.24798 0.12392
v 0.00054 0.24570 0.11687
v 0.00021 0.23971 0.11251
v -0.00021 0.23230 0.11251
v -0.00054 0.22631 0.11687
v -0.00067 0.22402 0.12392
v -0.00054 0.22631 0.13097
v -0.00021 0.23230 0.13533
v 0.00021 0.23971 0.13533
v 0.00054 0.24570 0.13097
v -0.15903 0.17850 0.12885
v -0.15165 0.17547 0.12202
v -0.14846 0.16754 0.11591
v -0.15069 0.15774 0.11286
v -0.15748 0.14980 0.11404
v -0.16624 0.14677 0.11899
v -0.17362 0.14980 0.12582
v -0.17681 0.15774 0.13193
v -0.17458 0.16754 0.13498
v -0.16779 0.17547 0.13380
v -0.17714 0.18955 0.10405
v -0.17007 0.18665 0.09751
v -0.16697 0.17902 0.09172
v -0.16903 0.16959 0.08890
v -0.17547 0.16196 0.09011
v -0.18382 0.15903 0.09490
v -0.19089 0.16194 0.10143
v -0.19399 0.16956 0.10722
v -0.19193 0.17899 0.11005
v -0.18549 0.18663 0.10884
v -0.19560 0.19989 0.07910
v -0.18882 0.19710 0.07289
v -0.18576 0.18975 0.06749
v -0.18759 0.18066 0.06498
v -0.19362 0.17329 0.06630
v -0.20154 0.17046 0.07096
v -0.20832 0.17325 0.07717
v -0.21138 0.18059 0.08257
v -0.20955 0.18969 0.08508
v -0.20352 0.19706 0.08376
v -0.21410 0.20927 0.05412
v -0.20757 0.20658 0.04828
v -0.20451 0.19950 0.04332
v -0.20610 0.19074 0.04114
v -0.21173 0.18364 0.04256
v -0.21925 0.18092 0.04705
v -0.22578 0.18362 0.05289
v -0.22883 0.19070 0.05785
v -0.22724 0.19946 0.06003
v -0.22162 0.20655 0.05861
v -0.23238 0.21752 0.02912
v -0.22607 0.21491 0.02369
v -0.22300 0.20809 0.01920
v -0.22434 0.19967 0.01736
v -0.22959 0.19287 0.01887
v -0.23672 0.19028 0.02316
v -0.24303 0.19289 0.02859
v -0.24610 0.19970 0.03308
v -0.24476 0.20812 0.03492
v -0.23952 0.21493 0.03341
v -0.25019 0.22447 0.00411
v -0.24408 0.22194 -0.00086
v -0.24098 0.21539 -0.00486
v -0.24207 0.20732 -0.00635
v -0.24695 0.20082 -0.00477
v -0.25373 0.19837 -0.00072
v -0.25984 0.20091 0.00426
v -0.26294 0.20746 0.00825
v -0.26185 0.21552 0.00974
v -0.25698 0.22202 0.00816
v -0.26728 0.23002 -0.02091
v -0.26135 0.22756 -0.02539
v -0.25821 0.22128 -0.02886
v -0.25906 0.21359 -0.03000
v -0.26358 0.20740 -0.02836
v -0.27004 0.20510 -0.02458
v -0.27597 0.20756 -0.02010
v -0.27911 0.21384 -0.01663
v -0.27826 0.22154 -0.01550
v -0.27374 0.22772 -0.01714
v -0.28341 0.23405 -0.04594
v -0.27764 0.23168 -0.04989
v -0.27447 0.22569 -0.05281
v -0.27509 0.21837 -0.05359
v -0.27927 0.21252 -0.05192
v -0.28542 0.21038 -0.04845
v -0.29118 0.21275 -0.04449
v -0.29436 0.21874 -0.04157
v -0.29374 0.22605 -0.04080
v -0.28956 0.23190 -0.04247
v -0.29833 0.23649 -0.07096
v -0.29273 0.23422 -0.07436
v -0.28952 0.22854 -0.07671
v -0.28993 0.22163 -0.07713
v -0.29380 0.21613 -0.07545
v -0.29966 0.21413 -0.07232
v -0.30526 0.21641 -0.06892
v -0.30847 0.22208 -0.06656
v -0.30806 0.22900 -0.06614
v -0.30419 0.23450 -0.06782
v -0.31183 0.23731 -0.09596
v -0.30640 0.23515 -0.09878
v -0.30318 0.22981 -0.10057
v -0.30340 0.22333 -0.10064
v -0.30698 0.21818 -0.09897
v -0.31255 0.21633 -0.09620
v -0.31798 0.21849 -0.09339
v -0.32120 0.22383 -0.09160
v -0.32098 0.23032 -0.09152
v -0.31740 0.23547 -0.09319
v -0.32368 0.23650 -0.12093
v -0.31844 0.23448 -0.12316
v -0.31524 0.22950 -0.12438
v -0.31531 0.22346 -0.12413
v -0.31862 0.21867 -0.12250
v -0.32390 0.21696 -0.12012
v -0.32914 0.21898 -0.11790
v -0.33234 0.22396 -0.11667
v -0.33228 0.22999 -0.11692
v -0.32897 0.23478 -0.11855
v -0.33372 0.23406 -0.14585
v -0.32870 0.23221 -0.14748
v -0.32556 0.22762 -0.14816
v -0.32551 0.22205 -0.14762
v -0.32856 0.21762 -0.14607
v -0.33355 0.21603 -0.14409
v -0.33858 0.21788 -0.14246
v -0.34171 0.22247 -0.14178
v -0.34176 0.22804 -0.14232
v -0.33871 0.23247 -0.14387
v -0.34177 0.23005 -0.17069
v -0.33701 0.22839 -0.17177
v -0.33399 0.22422 -0.17194
v -0.33387 0.21913 -0.17115
v -0.33668 0.21507 -0.16970
v -0.34135 0.21358 -0.16814
v -0.34611 0.21524 -0.16706
v -0.34913 0.21941 -0.16689
v -0.34926 0.22450 -0.16768
v -0.34645 0.22856 -0.16913
v -0.34773 0.22449 -0.19569
v -0.34324 0.22310 -0.19598
v -0.34037 0.21941 -0.19546
v -0.34019 0.21485 -0.19433
v -0.34278 0.21115 -0.19302
v -0.34716 0.20973 -0.19203
v -0.35164 0.21112 -0.19174
v -0.35452 0.21481 -0.19226
v -0.35469 0.21937 -0.19339
v -0.35210 0.22307 -0.19470
v -0.34883 0.21595 -0.22058
v -0.34473 0.21487 -0.22012
v -0.34211 0.21172 -0.21896
v -0.34196 0.20771 -0.21755
v -0.34434 0.20436 -0.21643
v -0.34834 0.20296 -0.21603
v -0.35243 0.20403 -0.21649
v -0.35505 0.20718 -0.21765
v -0.35520 0.21120 -0.21905
v -0.35283 0.21455 -0.22018
v -0.34661 0.20575 -0.24497
v -0.34297 0.20488 -0.24430
v -0.34063 0.20214 -0.24303
v -0.34051 0.19859 -0.24166
v -0.34264 0.19558 -0.24070
v -0.34621 0.19426 -0.24052
v -0.34985 0.19513 -0.24120
v -0.35219 0.19786 -0.24247
v -0.35231 0.20142 -0.24384
v -0.35018 0.20443 -0.24480
v -0.34420 0.19578 -0.26913
v -0.34098 0.19502 -0.26851
v -0.33892 0.19260 -0.26739
v -0.33881 0.18946 -0.26619
v -0.34069 0.18679 -0.26538
v -0.34384 0.18561 -0.26525
v -0.34705 0.18637 -0.26587
v -0.34911 0.18879 -0.26699
v -0.34922 0.19193 -0.26819
v -0.34735 0.19460 -0.26901
v -0.34157 0.18595 -0.29330
v -0.33878 0.18530 -0.29274
v -0.33699 0.18320 -0.29177
v -0.33689 0.18047 -0.29074
v -0.33852 0.17815 -0.29006
v -0.34125 0.17711 -0.28998
v -0.34404 0.17777 -0.29053
v -0.34582 0.17986 -0.29151
v -0.34592 0.18259 -0.29253
v -0.34430 0.18492 -0.29322
v -0.33872 0.17627 -0.31748
v -0.33636 0.17571 -0.31700
v -0.33484 0.17394 -0.31617
v -0.33476 0.17163 -0.31531
v -0.33614 0.16965 -0.31474
v -0.33845 0.16877 -0.31468
v -0.34081 0.16933 -0.31516
v -0.34232 0.17110 -0.31599
v -0.34240 0.17341 -0.31685
v -0.34103 0.17539 -0.31742
v -0.16263 0.16264 0.12392
v -0.33858 0.17252 -0.31608
v -0.16666 -0.14844 0.11547
v -0.15687 -0.15115 0.11279
v -0.14928 -0.15824 0.11435
v -0.14680 -0.16702 0.11957
v -0.15036 -0.17411 0.12645
v -0.15861 -0.17683 0.13236
v -0.16840 -0.17411 0.13505
v -0.17599 -0.16702 0.13349
v -0.17847 -0.15824 0.12827
v -0.17491 -0.15115 0.12139
v -0.17818 -0.16694 0.09132
v -0.16876 -0.16947 0.08883
v -0.16146 -0.17620 0.09042
v -0.15905 -0.18457 0.09546
v -0.16247 -0.19137 0.10204
v -0.17040 -0.19401 0.10763
v -0.17981 -0.19149 0.11011
v -0.18712 -0.18475 0.10853
v -0.18952 -0.17638 0.10349
v -0.18611 -0.16958 0.09691
v -0.18894 -0.18571 0.06712
v -0.17985 -0.18799 0.06494
v -0.17280 -0.19431 0.06661
v -0.17047 -0.20225 0.07150
v -0.17376 -0.20879 0.07774
v -0.18140 -0.21142 0.08294
v -0.19049 -0.20914 0.08512
v -0.19754 -0.20283 0.08345
v -0.19987 -0.19488 0.07856
v -0.19658 -0.18835 0.07232
v -0.19871 -0.20446 0.04298
v -0.18996 -0.20647 0.04111
v -0.18318 -0.21238 0.04287
v -0.18094 -0.21993 0.04757
v -0.18411 -0.22623 0.05342
v -0.19148 -0.22888 0.05819
v -0.20023 -0.22687 0.06006
v -0.20701 -0.22096 0.05830
v -0.20925 -0.21341 0.05361
v -0.20607 -0.20711 0.04775
v -0.20733 -0.22293 0.01890
v -0.19893 -0.22468 0.01736
v -0.19242 -0.23020 0.01917
v -0.19030 -0.23738 0.02364
v -0.19336 -0.24348 0.02907
v -0.20045 -0.24616 0.03338
v -0.20886 -0.24442 0.03492
v -0.21536 -0.23890 0.03311
v -0.21749 -0.23172 0.02864
v -0.21442 -0.22562 0.02321
v -0.21467 -0.24090 -0.00511
v -0.20662 -0.24238 -0.00633
v -0.20040 -0.24752 -0.00448
v -0.19840 -0.25435 -0.00027
v -0.20136 -0.26028 0.00469
v -0.20817 -0.26302 0.00851
v -0.21622 -0.26154 0.00972
v -0.22244 -0.25640 0.00787
v -0.22445 -0.24956 0.00366
v -0.22148 -0.24364 -0.00130
v -0.22060 -0.25811 -0.02907
v -0.21292 -0.25933 -0.02996
v -0.20701 -0.26411 -0.02809
v -0.20513 -0.27063 -0.02418
v -0.20799 -0.27639 -0.01972
v -0.21451 -0.27920 -0.01642
v -0.22219 -0.27798 -0.01554
v -0.22810 -0.27320 -0.01740
v -0.22999 -0.26668 -0.02131
v -0.22712 -0.26092 -0.02577
v -0.22505 -0.27436 -0.05298
v -0.21776 -0.27532 -0.05354
v -0.21216 -0.27976 -0.05167
v -0.21040 -0.28598 -0.04809
v -0.21315 -0.29159 -0.04417
v -0.21937 -0.29447 -0.04141
v -0.22666 -0.29350 -0.04085
v -0.23226 -0.28906 -0.04271
v -0.23402 -0.28285 -0.04629
v -0.23126 -0.27723 -0.05021
v -0.22796 -0.28940 -0.07683
v -0.22107 -0.29013 -0.07707
v -0.21579 -0.29425 -0.07523
v -0.21416 -0.30017 -0.07202
v -0.21678 -0.30565 -0.06866
v -0.22266 -0.30858 -0.06644
v -0.22955 -0.30785 -0.06621
v -0.23482 -0.30373 -0.06805
v -0.23646 -0.29781 -0.07126
v -0.23384 -0.29234 -0.07461
v -0.22929 -0.30305 -0.10064
v -0.22282 -0.30357 -0.10057
v -0.21788 -0.30738 -0.09878
v -0.21635 -0.31302 -0.09596
v -0.21882 -0.31834 -0.09319
v -0.22435 -0.32131 -0.09152
v -0.23081 -0.32080 -0.09160
v -0.23576 -0.31699 -0.09339
v -0.23728 -0.31135 -0.09620
v -0.23481 -0.30602 -0.09898
v -0.22904 -0.31512 -0.12441
v -0.22302 -0.31546 -0.12405
v -0.21841 -0.31897 -0.12234
v -0.21698 -0.32433 -0.11994
v -0.21927 -0.32948 -0.11776
v -0.22441 -0.33246 -0.11664
v -0.23043 -0.33212 -0.11700
v -0.23504 -0.32861 -0.11871
v -0.23647 -0.32325 -0.12112
v -0.23418 -0.31810 -0.12329
v -0.22723 -0.32545 -0.14817
v -0.22167 -0.32563 -0.14754
v -0.21740 -0.32887 -0.14593
v -0.21605 -0.33393 -0.14396
v -0.21813 -0.33887 -0.14237
v -0.22285 -0.34182 -0.14178
v -0.22841 -0.34164 -0.14240
v -0.23268 -0.33840 -0.14401
v -0.23403 -0.33334 -0.14598
v -0.23195 -0.32839 -0.14757
v -0.22390 -0.33389 -0.17192
v -0.21882 -0.33396 -0.17108
v -0.21488 -0.33693 -0.16960
v -0.21359 -0.34167 -0.16805
v -0.21544 -0.34637 -0.16702
v -0.21972 -0.34923 -0.16691
v -0.22480 -0.34916 -0.16775
v -0.22874 -0.34618 -0.16923
v -0.23003 -0.34145 -0.17078
v -0.22818 -0.33675 -0.17181
v -0.21921 -0.34029 -0.19542
v -0.21465 -0.34025 -0.19427
v -0.21103 -0.34295 -0.19297
v -0.20972 -0.34736 -0.19200
v -0.21124 -0.35181 -0.19175
v -0.21500 -0.35458 -0.19230
v -0.21956 -0.35463 -0.19345
v -0.22319 -0.35193 -0.19475
v -0.22449 -0.34751 -0.19572
v -0.22297 -0.34307 -0.19597
v -0.21164 -0.34208 -0.21894
v -0.20763 -0.34198 -0.21753
v -0.20431 -0.34440 -0.21642
v -0.20295 -0.34842 -0.21603
v -0.20407 -0.35249 -0.21651
v -0.20725 -0.35508 -0.21767
v -0.21127 -0.35518 -0.21908
v -0.21459 -0.35276 -0.22019
v -0.21595 -0.34874 -0.22058
v -0.21482 -0.34466 -0.22010
v -0.20209 -0.34061 -0.24301
v -0.19853 -0.34052 -0.24164
v -0.19554 -0.34268 -0.24069
v -0.19425 -0.34626 -0.24053
v -0.19516 -0.34990 -0.24122
v -0.19791 -0.35220 -0.24249
v -0.20147 -0.35229 -0.24386
v -0.20446 -0.35013 -0.24481
v -0.20575 -0.34655 -0.24497
v -0.20484 -0.34291 -0.24428
v -0.19255 -0.33890 -0.26737
v -0.18941 -0.33882 -0.26618
v -0.18675 -0.34073 -0.26537
v -0.18560 -0.34389 -0.26526
v -0.18640 -0.34709 -0.26589
v -0.18883 -0.34913 -0.26701
v -0.19198 -0.34921 -0.26821
v -0.19463 -0.34730 -0.26902
v -0.19578 -0.34414 -0.26913
v -0.19499 -0.34093 -0.26850
v -0.18316 -0.33697 -0.29175
v -0.18043 -0.33690 -0.29073
v -0.17812 -0.33855 -0.29005
v -0.17711 -0.34129 -0.28998
v -0.17779 -0.34407 -0.29054
v -0.17990 -0.34583 -0.29152
v -0.18263 -0.34590 -0.29255
v -0.18494 -0.34425 -0.29322
v -0.18595 -0.34152 -0.29329
v -0.18527 -0.33873 -0.29273
v -0.17390 -0.33483 -0.31616
v -0.17159 -0.33477 -0.31530
v -0.16963 -0.33616 -0.31474
v -0.16877 -0.33848 -0.31469
v -0.16934 -0.34084 -0.31517
v -0.17113 -0.34233 -0.31600
v -0.17345 -0.34239 -0.31686
v -0.17541 -0.34099 -0.31743
v -0.17626 -0.33868 -0.31747
v -0.17569 -0.33632 -0.31699
v -0.16263 -0.16263 0.12392
v -0.17252 -0.33858 -0.31608
v 0.16624 -0.14677 0.11899
v 0.17362 -0.14980 0.12582
v 0.17681 -0.15773 0.13193
v 0.17458 -0.16753 0.13498
v 0.16779 -0.17547 0.13380
v 0.15903 -0.17850 0.12885
v 0.15165 -0.17547 0.12202
v 0.14846 -0.16753 0.11591
v 0.15069 -0.15773 0.11286
v 0.15748 -0.14980 0.11404
v 0.18382 -0.15902 0.09490
v 0.19089 -0.16193 0.10143
v 0.19399 -0.16955 0.10722
v 0.19193 -0.17898 0.11005
v 0.18549 -0.18662 0.10884
v 0.17714 -0.18954 0.10405
v 0.17007 -0.18664 0.09751
v 0.16697 -0.17902 0.09172
v 0.16903 -0.16959 0.08890
v 0.17547 -0.16195 0.09011
v 0.20154 -0.17045 0.07096
v 0.20832 -0.17324 0.07717
v 0.21138 -0.18059 0.08257
v 0.20955 -0.18968 0.08508
v 0.20352 -0.19705 0.08376
v 0.19560 -0.19988 0.07910
v 0.18882 -0.19709 0.07289
v 0.18576 -0.18975 0.06749
v 0.18759 -0.18065 0.06498
v 0.19362 -0.17328 0.06630
v 0.21925 -0.18092 0.04705
v 0.22578 -0.18361 0.05289
v 0.22883 -0.19069 0.05785
v 0.22724 -0.19945 0.06003
v 0.22162 -0.20655 0.05861
v 0.21410 -0.20926 0.05412
v 0.20757 -0.20657 0.04828
v 0.20451 -0.19949 0.04332
v 0.20610 -0.19073 0.04114
v 0.21173 -0.18364 0.04256
v 0.23672 -0.19027 0.02316
v 0.24303 -0.19288 0.02859
v 0.24610 -0.19970 0.03308
v 0.24476 -0.20811 0.03492
v 0.23952 -0.21492 0.03341
v 0.23238 -0.21751 0.02912
v 0.22607 -0.21490 0.02369
v 0.22300 -0.20808 0.01920
v 0.22434 -0.19966 0.01736
v 0.22959 -0.19286 0.01887
v 0.25373 -0.19837 -0.00072
v 0.25984 -0.20090 0.00426
v 0.26294 -0.20745 0.00825
v 0.26185 -0.21552 0.00974
v 0.25698 -0.22202 0.00816
v 0.25019 -0.22447 0.00411
v 0.24408 -0.22193 -0.00086
v 0.24098 -0.21538 -0.00486
v 0.24207 -0.20732 -0.00635
v 0.24695 -0.20082 -0.00477
v 0.27004 -0.20510 -0.02458
v 0.27597 -0.20755 -0.02010
v 0.27911 -0.21383 -0.01663
v 0.27826 -0.22153 -0.01550
v 0.27374 -0.22771 -0.01714
v 0.26728 -0.23001 -0.02091
v 0.26135 -0.22755 -0.02539
v 0.25821 -0.22128 -0.02886
v 0.25906 -0.21358 -0.03000
v 0.26358 -0.20740 -0.02836
v 0.28542 -0.21037 -0.04845
v 0.29118 -0.21274 -0.04449
v 0.29436 -0.21873 -0.04157
v 0.29374 -0.22605 -0.04080
v 0.28956 -0.23189 -0.04247
v 0.28341 -0.23404 -0.04594
v 0.27764 -0.23167 -0.04989
v 0.27447 -0.22568 -0.05281
v 0.27509 -0.21837 -0.05359
v 0.27927 -0.21252 -0.05192
v 0.29966 -0.21412 -0.07232
v 0.30526 -0.21640 -0.06892
v 0.30847 -0.22208 -0.06656
v 0.30806 -0.22899 -0.06614
v 0.30419 -0.23449 -0.06782
v 0.29833 -0.23649 -0.07096
v 0.29273 -0.23421 -0.07436
v 0.28952 -0.22853 -0.07671
v 0.28993 -0.22162 -0.07713
v 0.29380 -0.21612 -0.07545
v 0.31255 -0.21632 -0.09620
v 0.31798 -0.21848 -0.09339
v 0.32120 -0.22382 -0.09160
v 0.32098 -0.23031 -0.09152
v 0.31740 -0.23546 -0.09319
v 0.31183 -0.23731 -0.09596
v 0.30640 -0.23515 -0.09878
v 0.30318 -0.22980 -0.10057
v 0.30340 -0.22332 -0.10064
v 0.30698 -0.21817 -0.09897
v 0.32390 -0.21695 -0.12012
v 0.32914 -0.21897 -0.11790
v 0.33234 -0.22395 -0.11667
v 0.33228 -0.22999 -0.11692
v 0.32897 -0.23478 -0.11855
v 0.32368 -0.23649 -0.12093
v 0.31844 -0.23447 -0.12316
v 0.31524 -0.22949 -0.12438
v 0.31531 -0.22345 -0.12413
v 0.31862 -0.21866 -0.12250
v 0.33355 -0.21602 -0.14409
v 0.33858 -0.21788 -0.14246
v 0.34171 -0.22246 -0.14178
v 0.34176 -0.22803 -0.14232
v 0.33871 -0.23246 -0.14387
v 0.33372 -0.23405 -0.14585
v 0.32870 -0.23220 -0.14748
v 0.32556 -0.22761 -0.14816
v 0.32551 -0.22204 -0.14762
v 0.32856 -0.21762 -0.14607
v 0.34135 -0.21358 -0.16814
v 0.34611 -0.21523 -0.16706
v 0.34913 -0.21940 -0.16689
v 0.34926 -0.22449 -0.16768
v 0.34645 -0.22855 -0.16913
v 0.34177 -0.23004 -0.17069
v 0.33701 -0.22838 -0.17177
v 0.33399 -0.22421 -0.17194
v 0.33387 -0.21913 -0.17115
v 0.33668 -0.21506 -0.16970
v 0.34716 -0.20972 -0.19203
v 0.35164 -0.21112 -0.19174
v 0.35452 -0.21480 -0.19226
v 0.35469 -0.21936 -0.19339
v 0.35210 -0.22306 -0.19470
v 0.34773 -0.22449 -0.19569
v 0.34324 -0.22309 -0.19598
v 0.34037 -0.21940 -0.19546
v 0.34019 -0.21484 -0.19433
v 0.34278 -0.21114 -0.19302
v 0.34834 -0.20295 -0.21603
v 0.35243 -0.20403 -0.21649
v 0.35505 -0.20717 -0.21765
v 0.35520 -0.21119 -0.21905
v 0.35283 -0.21454 -0.22018
v 0.34883 -0.21594 -0.22058
v 0.34473 -0.21486 -0.22012
v 0.34211 -0.21172 -0.21896
v 0.34196 -0.20770 -0.21755
v 0.34434 -0.20435 -0.21643
v 0.34621 -0.19425 -0.24052
v 0.34985 -0.19512 -0.24120
v 0.35219 -0.19786 -0.24247
v 0.35231 -0.20141 -0.24384
v 0.35018 -0.20442 -0.24480
v 0.34661 -0.20574 -0.24497
v 0.34297 -0.20487 -0.24430
v 0.34063 -0.20214 -0.24303
v 0.34051 -0.19858 -0.24166
v 0.34264 -0.19557 -0.24070
v 0.34384 -0.18560 -0.26525
v 0.34705 -0.18637 -0.26587
v 0.34911 -0.18878 -0.26699
v 0.34922 -0.19192 -0.26819
v 0.34735 -0.19459 -0.26901
v 0.34420 -0.19577 -0.26913
v 0.34098 -0.19501 -0.26851
v 0.33892 -0.19260 -0.26739
v 0.33881 -0.18945 -0.26619
v 0.34069 -0.18678 -0.26538
v 0.34125 -0.17711 -0.28998
v 0.34404 -0.17776 -0.29053
v 0.34582 -0.17985 -0.29151
v 0.34592 -0.18258 -0.29253
v 0.34430 -0.18491 -0.29322
v 0.34157 -0.18594 -0.29330
v 0.33878 -0.18529 -0.29274
v 0.33699 -0.18320 -0.29177
v 0.33689 -0.18047 -0.29074
v 0.33852 -0.17814 -0.29006
v 0.33845 -0.16877 -0.31468
v 0.34081 -0.16932 -0.31516
v 0.34232 -0.17109 -0.31599
v 0.34240 -0.17341 -0.31685
v 0.34103 -0.17538 -0.31742
v 0.33872 -0.17626 -0.31748
v 0.33636 -0.17571 -0.31700
v 0.33484 -0.17393 -0.31617
v 0.33476 -0.17162 -0.31531
v 0.33614 -0.16965 -0.31474
v 0.16263 -0.16263 0.12392
v 0.33858 -0.17251 -0.31608
v 0.15861 0.17683 0.13236
v 0.16840 0.17412 0.13505
v 0.17599 0.16702 0.13349
v 0.17847 0.15825 0.12827
v 0.17491 0.15115 0.12139
v 0.16666 0.14844 0.11547
v 0.15687 0.15115 0.11279
v 0.14928 0.15825 0.11435
v 0.14680 0.16702 0.11957
v 0.15036 0.17412 0.12645
v 0.17040 0.19402 0.10763
v 0.17981 0.19149 0.11011
v 0.18712 0.18476 0.10853
v 0.18952 0.17639 0.10349
v 0.18611 0.16959 0.09691
v 0.17818 0.16695 0.09132
v 0.16876 0.16947 0.08883
v 0.16146 0.17621 0.09042
v 0.15905 0.18458 0.09546
v 0.16247 0.19138 0.10204
v 0.18140 0.21143 0.08294
v 0.19049 0.20915 0.08512
v 0.19754 0.20283 0.08345
v 0.19987 0.19489 0.07856
v 0.19658 0.18835 0.07232
v 0.18894 0.18572 0.06712
v 0.17985 0.18800 0.06494
v 0.17280 0.19431 0.06661
v 0.17047 0.20226 0.07150
v 0.17376 0.20879 0.07774
v 0.19148 0.22889 0.05819
v 0.20023 0.22687 0.06006
v 0.20701 0.22096 0.05830
v 0.20925 0.21342 0.05361
v 0.20607 0.20711 0.04775
v 0.19871 0.20447 0.04298
v 0.18996 0.20648 0.04111
v 0.18318 0.21239 0.04287
v 0.18094 0.21994 0.04757
v 0.18411 0.22624 0.05342
v 0.20045 0.24617 0.03338
v 0.20886 0.24442 0.03492
v 0.21536 0.23890 0.03311
v 0.21749 0.23173 0.02864
v 0.21442 0.22563 0.02321
v 0.20733 0.22294 0.01890
v 0.19893 0.22469 0.01736
v 0.19242 0.23021 0.01917
v 0.19030 0.23738 0.02364
v 0.19336 0.24348 0.02907
v 0.20817 0.26303 0.00851
v 0.21622 0.26154 0.00972
v 0.22244 0.25640 0.00787
v 0.22445 0.24957 0.00366
v 0.22148 0.24365 -0.00130
v 0.21467 0.24090 -0.00511
v 0.20662 0.24238 -0.00633
v 0.20040 0.24753 -0.00448
v 0.19840 0.25436 -0.00027
v 0.20136 0.26028 0.00469
v 0.21451 0.27921 -0.01642
v 0.22219 0.27799 -0.01554
v 0.22810 0.27321 -0.01740
v 0.22999 0.26669 -0.02131
v 0.22712 0.26093 -0.02577
v 0.22060 0.25812 -0.02907
v 0.21292 0.25934 -0.02996
v 0.20701 0.26412 -0.02809
v 0.20513 0.27064 -0.02418
v 0.20799 0.27640 -0.01972
v 0.21937 0.29447 -0.04141
v 0.22666 0.29351 -0.04085
v 0.23226 0.28907 -0.04271
v 0.23402 0.28285 -0.04629
v 0.23126 0.27724 -0.05021
v 0.22505 0.27436 -0.05298
v 0.21776 0.27533 -0.05354
v 0.21216 0.27977 -0.05167
v 0.21040 0.28598 -0.04809
v 0.21315 0.29160 -0.04417
v 0.22266 0.30859 -0.06644
v 0.22955 0.30785 -0.06621
v 0.23482 0.30374 -0.06805
v 0.23646 0.29782 -0.07126
v 0.23384 0.29234 -0.07461
v 0.22796 0.28941 -0.07683
v 0.22107 0.29014 -0.07707
v 0.21579 0.29426 -0.07523
v 0.21416 0.30018 -0.07202
v 0.21678 0.30565 -0.06866
v 0.22435 0.32132 -0.09152
v 0.23081 0.32080 -0.09160
v 0.23576 0.31700 -0.09339
v 0.23728 0.31135 -0.09620
v 0.23481 0.30603 -0.09898
v 0.22929 0.30306 -0.10064
v 0.22282 0.30358 -0.10057
v 0.21788 0.30739 -0.09878
v 0.21635 0.31303 -0.09596
v 0.21882 0.31835 -0.09319
v 0.22441 0.33246 -0.11664
v 0.23043 0.33213 -0.11700
v 0.23504 0.32862 -0.11871
v 0.23647 0.32326 -0.12112
v 0.23418 0.31811 -0.12329
v 0.22904 0.31513 -0.12441
v 0.22302 0.31546 -0.12405
v 0.21841 0.31898 -0.12234
v 0.21698 0.32434 -0.11994
v 0.21927 0.32949 -0.11776
v 0.22285 0.34183 -0.14178
v 0.22841 0.34164 -0.14240
v 0.23268 0.33840 -0.14401
v 0.23403 0.33334 -0.14598
v 0.23195 0.32840 -0.14757
v 0.22723 0.32545 -0.14817
v 0.22167 0.32564 -0.14754
v 0.21740 0.32888 -0.14593
v 0.21605 0.33394 -0.14396
v 0.21813 0.33888 -0.14237
v 0.21972 0.34923 -0.16691
v 0.22480 0.34916 -0.16775
v 0.22874 0.34619 -0.16923
v 0.23003 0.34145 -0.17078
v 0.22818 0.33676 -0.17181
v 0.22390 0.33390 -0.17192
v 0.21882 0.33397 -0.17108
v 0.21488 0.33694 -0.16960
v 0.21359 0.34168 -0.16805
v 0.21544 0.34637 -0.16702
v 0.21500 0.35459 -0.19230
v 0.21956 0.35464 -0.19345
v 0.22319 0.35194 -0.19475
v 0.22449 0.34752 -0.19572
v 0.22297 0.34307 -0.19597
v 0.21921 0.34030 -0.19542
v 0.21465 0.34025 -0.19427
v 0.21103 0.34295 -0.19297
v 0.20972 0.34737 -0.19200
v 0.21124 0.35182 -0.19175
v 0.20725 0.35508 -0.21767
v 0.21127 0.35518 -0.21908
v 0.21459 0.35276 -0.22019
v 0.21595 0.34875 -0.22058
v 0.21482 0.34467 -0.22010
v 0.21164 0.34209 -0.21894
v 0.20763 0.34199 -0.21753
v 0.20431 0.34441 -0.21642
v 0.20295 0.34842 -0.21603
v 0.20407 0.35250 -0.21651
v 0.19791 0.35221 -0.24249
v 0.20147 0.35230 -0.24386
v 0.20446 0.35014 -0.24481
v 0.20575 0.34656 -0.24497
v 0.20484 0.34292 -0.24428
v 0.20209 0.34062 -0.24301
v 0.19853 0.34053 -0.24164
v 0.19554 0.34269 -0.24069
v 0.19425 0.34627 -0.24053
v 0.19516 0.34991 -0.24122
v 0.18883 0.34913 -0.26701
v 0.19198 0.34921 -0.26821
v 0.19463 0.34731 -0.26902
v 0.19578 0.34415 -0.26913
v 0.19499 0.34094 -0.26850
v 0.19255 0.33891 -0.26737
v 0.18941 0.33883 -0.26618
v 0.18675 0.34073 -0.26537
v 0.18560 0.34389 -0.26526
v 0.18640 0.34710 -0.26589
v 0.17990 0.34584 -0.29152
v 0.18263 0.34591 -0.29255
v 0.18494 0.34426 -0.29322
v 0.18595 0.34152 -0.29329
v 0.18527 0.33874 -0.29273
v 0.18316 0.33698 -0.29175
v 0.18043 0.33691 -0.29073
v 0.17812 0.33856 -0.29005
v 0.17711 0.34130 -0.28998
v 0.17779 0.34408 -0.29054
v 0.17113 0.34234 -0.31600
v 0.17345 0.34240 -0.31686
v 0.17541 0.34100 -0.31743
v 0.17626 0.33868 -0.31747
v 0.17569 0.33633 -0.31699
v 0.17390 0.33484 -0.31616
v 0.17159 0.33478 -0.31530
v 0.16963 0.33617 -0.31474
v 0.16877 0.33849 -0.31469
v 0.16934 0.34084 -0.31517
v 0.16263 0.16264 0.12392
v 0.17252 0.33859 -0.31608
v -0.00029 0.46600 -0.19608
v -0.00021 0.46424 -0.20032
v -0.00000 0.46000 -0.20208
v 0.00021 0.45577 -0.20032
v 0.00029 0.45401 -0.19608
v 0.00021 0.45577 -0.19184
v 0.00000 0.46000 -0.19008
v -0.00021 0.46424 -0.19184
v -0.04568 0.46376 -0.19608
v -0.04550 0.46201 -0.20032
v -0.04509 0.45779 -0.20208
v -0.04467 0.45357 -0.20032
v -0.04450 0.45182 -0.19608
v -0.04467 0.45357 -0.19184
v -0.04509 0.45779 -0.19008
v -0.04550 0.46201 -0.19184
v -0.09091 0.45705 -0.19608
v -0.09057 0.45533 -0.20032
v -0.08974 0.45116 -0.20208
v -0.08891 0.44700 -0.20032
v -0.08857 0.44528 -0.19608
v -0.08891 0.44700 -0.19184
v -0.08974 0.45116 -0.19008
v -0.09057 0.45533 -0.19184
v -0.13527 0.44594 -0.19608
v -0.13476 0.44426 -0.20032
v -0.13353 0.44020 -0.20208
v -0.13230 0.43614 -0.20032
v -0.13179 0.43445 -0.19608
v -0.13230 0.43614 -0.19184
v -0.13353 0.44020 -0.19008
v -0.13476 0.44426 -0.19184
v -0.17833 0.43053 -0.19608
v -0.17766 0.42891 -0.20032
v -0.17603 0.42499 -0.20208
v -0.17441 0.42107 -0.20032
v -0.17374 0.41944 -0.19608
v -0.17441 0.42107 -0.19184
v -0.17603 0.42499 -0.19008
v -0.17766 0.42891 -0.19184
v -0.21967 0.41098 -0.19608
v -0.21884 0.40943 -0.20032
v -0.21684 0.40569 -0.20208
v -0.21484 0.40195 -0.20032
v -0.21401 0.40040 -0.19608
v -0.21484 0.40195 -0.19184
v -0.21684 0.40569 -0.19008
v -0.21884 0.40943 -0.19184
v -0.25890 0.38747 -0.19608
v -0.25792 0.38601 -0.20032
v -0.25556 0.38248 -0.20208
v -0.25321 0.37895 -0.20032
v -0.25223 0.37749 -0.19608
v -0.25321 0.37895 -0.19184
v -0.25556 0.38248 -0.19008
v -0.25792 0.38601 -0.19184
v -0.29563 0.36023 -0.19608
v -0.29451 0.35887 -0.20032
v -0.29182 0.35559 -0.20208
v -0.28913 0.35231 -0.20032
v -0.28801 0.35095 -0.19608
v -0.28913 0.35231 -0.19184
v -0.29182 0.35559 -0.19008
v -0.29451 0.35887 -0.19184
v -0.32951 0.32952 -0.19608
v -0.32827 0.32827 -0.20032
v -0.32527 0.32527 -0.20208
v -0.32227 0.32227 -0.20032
v -0.32103 0.32103 -0.19608
v -0.32227 0.32227 -0.19184
v -0.32527 0.32527 -0.19008
v -0.32827 0.32827 -0.19184
v -0.36022 0.29563 -0.19608
v -0.35886 0.29452 -0.20032
v -0.35558 0.29182 -0.20208
v -0.35231 0.28913 -0.20032
v -0.35095 0.28802 -0.19608
v -0.35231 0.28913 -0.19184
v -0.35558 0.29182 -0.19008
v -0.35886 0.29452 -0.19184
v -0.38746 0.25890 -0.19608
v -0.38600 0.25792 -0.20032
v -0.38248 0.25557 -0.20208
v -0.37895 0.25321 -0.20032
v -0.37749 0.25223 -0.19608
v -0.37895 0.25321 -0.19184
v -0.38248 0.25557 -0.19008
v -0.38600 0.25792 -0.19184
v -0.41098 0.21967 -0.19608
v -0.40943 0.21885 -0.20032
v -0.40568 0.21685 -0.20208
v -0.40194 0.21485 -0.20032
v -0.40039 0.21402 -0.19608
v -0.40194 0.21485 -0.19184
v -0.40568 0.21685 -0.19008
v -0.40943 0.21885 -0.19184
v -0.43053 0.17833 -0.19608
v -0.42890 0.17766 -0.20032
v -0.42498 0.17604 -0.20208
v -0.42106 0.17441 -0.20032
v -0.41944 0.17374 -0.19608
v -0.42106 0.17441 -0.19184
v -0.42498 0.17604 -0.19008
v -0.42890 0.17766 -0.19184
v -0.44593 0.13528 -0.19608
v -0.44425 0.13477 -0.20032
v -0.44019 0.13353 -0.20208
v -0.43613 0.13230 -0.20032
v -0.43445 0.13179 -0.19608
v -0.43613 0.13230 -0.19184
v -0.44019 0.13353 -0.19008
v -0.44425 0.13477 -0.19184
v -0.45705 0.09092 -0.19608
v -0.45532 0.09057 -0.20032
v -0.45116 0.08975 -0.20208
v -0.44700 0.08892 -0.20032
v -0.44528 0.08857 -0.19608
v -0.44700 0.08892 -0.19184
v -0.45116 0.08975 -0.19008
v -0.45532 0.09057 -0.19184
v -0.46376 0.04568 -0.19608
v -0.46201 0.04551 -0.20032
v -0.45778 0.04509 -0.20208
v -0.45356 0.04468 -0.20032
v -0.45181 0.04450 -0.19608
v -0.45356 0.04468 -0.19184
v -0.45778 0.04509 -0.19008
v -0.46201 0.04551 -0.19184
v -0.46600 0.00000 -0.19608
v -0.46424 0.00000 -0.20032
v -0.46000 0.00000 -0.20208
v -0.45576 0.00000 -0.20032
v -0.45400 0.00000 -0.19608
v -0.45576 0.00000 -0.19184
v -0.46000 0.00000 -0.19008
v -0.46424 0.00000 -0.19184
v -0.46376 -0.04567 -0.19608
v -0.46201 -0.04550 -0.20032
v -0.45778 -0.04508 -0.20208
v -0.45356 -0.04467 -0.20032
v -0.45181 -0.04450 -0.19608
v -0.45356 -0.04467 -0.19184
v -0.45778 -0.04508 -0.19008
v -0.46201 -0.04550 -0.19184
v -0.45705 -0.09091 -0.19608
v -0.45532 -0.09057 -0.20032
v -0.45116 -0.08974 -0.20208
v -0.44700 -0.08891 -0.20032
v -0.44528 -0.08857 -0.19608
v -0.44700 -0.08891 -0.19184
v -0.45116 -0.08974 -0.19008
v -0.45532 -0.09057 -0.19184
v -0.44593 -0.13527 -0.19608
v -0.44425 -0.13476 -0.20032
v -0.44019 -0.13353 -0.20208
v -0.43613 -0.13230 -0.20032
v -0.43445 -0.13179 -0.19608
v -0.43613 -0.13230 -0.19184
v -0.44019 -0.13353 -0.19008
v -0.44425 -0.13476 -0.19184
v -0.43053 -0.17833 -0.19608
v -0.42890 -0.17765 -0.20032
v -0.42498 -0.17603 -0.20208
v -0.42106 -0.17441 -0.20032
v -0.41944 -0.17373 -0.19608
v -0.42106 -0.17441 -0.19184
v -0.42498 -0.17603 -0.19008
v -0.42890 -0.17765 -0.19184
v -0.41098 -0.21967 -0.19608
v -0.40943 -0.21884 -0.20032
v -0.40568 -0.21684 -0.20208
v -0.40194 -0.21484 -0.20032
v -0.40039 -0.21401 -0.19608
v -0.40194 -0.21484 -0.19184
v -0.40568 -0.21684 -0.19008
v -0.40943 -0.21884 -0.19184
v -0.38746 -0.25889 -0.19608
v -0.38600 -0.25792 -0.20032
v -0.38248 -0.25556 -0.20208
v -0.37895 -0.25320 -0.20032
v -0.37749 -0.25223 -0.19608
v -0.37895 -0.25320 -0.19184
v -0.38248 -0.25556 -0.19008
v -0.38600 -0.25792 -0.19184
v -0.36022 -0.29562 -0.19608
v -0.35886 -0.29451 -0.20032
v -0.35558 -0.29182 -0.20208
v -0.35231 -0.28913 -0.20032
v -0.35095 -0.28801 -0.19608
v -0.35231 -0.28913 -0.19184
v -0.35558 -0.29182 -0.19008
v -0.35886 -0.29451 -0.19184
v -0.32951 -0.32951 -0.19608
v -0.32827 -0.32827 -0.20032
v -0.32527 -0.32527 -0.20208
v -0.32227 -0.32227 -0.20032
v -0.32103 -0.32102 -0.19608
v -0.32227 -0.32227 -0.19184
v -0.32527 -0.32527 -0.19008
v -0.32827 -0.32827 -0.19184
v -0.29563 -0.36022 -0.19608
v -0.29451 -0.35886 -0.20032
v -0.29182 -0.35558 -0.20208
v -0.28913 -0.35230 -0.20032
v -0.28801 -0.35094 -0.19608
v -0.28913 -0.35230 -0.19184
v -0.29182 -0.35558 -0.19008
v -0.29451 -0.35886 -0.19184
v -0.25890 -0.38746 -0.19608
v -0.25792 -0.38600 -0.20032
v -0.25556 -0.38247 -0.20208
v -0.25321 -0.37894 -0.20032
v -0.25223 -0.37748 -0.19608
v -0.25321 -0.37894 -0.19184
v -0.25556 -0.38247 -0.19008
v -0.25792 -0.38600 -0.19184
v -0.21967 -0.41097 -0.19608
v -0.21884 -0.40942 -0.20032
v -0.21684 -0.40568 -0.20208
v -0.21484 -0.40194 -0.20032
v -0.21401 -0.40039 -0.19608
v -0.21484 -0.40194 -0.19184
v -0.21684 -0.40568 -0.19008
v -0.21884 -0.40942 -0.19184
v -0.17833 -0.43052 -0.19608
v -0.17766 -0.42890 -0.20032
v -0.17603 -0.42498 -0.20208
v -0.17441 -0.42106 -0.20032
v -0.17374 -0.41944 -0.19608
v -0.17441 -0.42106 -0.19184
v -0.17603 -0.42498 -0.19008
v -0.17766 -0.42890 -0.19184
v -0.13527 -0.44593 -0.19608
v -0.13476 -0.44425 -0.20032
v -0.13353 -0.44019 -0.20208
v -0.13230 -0.43613 -0.20032
v -0.13179 -0.43445 -0.19608
v -0.13230 -0.43613 -0.19184
v -0.13353 -0.44019 -0.19008
v -0.13476 -0.44425 -0.19184
v -0.09091 -0.45704 -0.19608
v -0.09057 -0.45532 -0.20032
v -0.08974 -0.45116 -0.20208
v -0.08891 -0.44700 -0.20032
v -0.08857 -0.44527 -0.19608
v -0.08891 -0.44700 -0.19184
v -0.08974 -0.45116 -0.19008
v -0.09057 -0.45532 -0.19184
v -0.04568 -0.46375 -0.19608
v -0.04550 -0.46200 -0.20032
v -0.04509 -0.45778 -0.20208
v -0.04467 -0.45356 -0.20032
v -0.04450 -0.45181 -0.19608
v -0.04467 -0.45356 -0.19184
v -0.04509 -0.45778 -0.19008
v -0.04550 -0.46200 -0.19184
v -0.00000 -0.46600 -0.19608
v -0.00000 -0.46424 -0.20032
v -0.00000 -0.46000 -0.20208
v -0.00000 -0.45575 -0.20032
v -0.00000 -0.45400 -0.19608
v -0.00000 -0.45575 -0.19184
v -0.00000 -0.46000 -0.19008
v -0.00000 -0.46424 -0.19184
v 0.04568 -0.46375 -0.19608
v 0.04550 -0.46200 -0.20032
v 0.04509 -0.45778 -0.20208
v 0.04467 -0.45356 -0.20032
v 0.04450 -0.45181 -0.19608
v 0.04467 -0.45356 -0.19184
v 0.04509 -0.45778 -0.19008
v 0.04550 -0.46200 -0.19184
v 0.09091 -0.45704 -0.19608
v 0.09057 -0.45532 -0.20032
v 0.08974 -0.45116 -0.20208
v 0.08891 -0.44700 -0.20032
v 0.08857 -0.44527 -0.19608
v 0.08891 -0.44700 -0.19184
v 0.08974 -0.45116 -0.19008
v 0.09057 -0.45532 -0.19184
v 0.13527 -0.44593 -0.19608
v 0.13476 -0.44425 -0.20032
v 0.13353 -0.44019 -0.20208
v 0.13230 -0.43613 -0.20032
v 0.13179 -0.43445 -0.19608
v 0.13230 -0.43613 -0.19184
v 0.13353 -0.44019 -0.19008
v 0.13476 -0.44425 -0.19184
v 0.17833 -0.43052 -0.19608
v 0.17766 -0.42890 -0.20032
v 0.17603 -0.42498 -0.20208
v 0.17441 -0.42106 -0.20032
v 0.17374 -0.41944 -0.19608
v 0.17441 -0.42106 -0.19184
v 0.17603 -0.42498 -0.19008
v 0.17766 -0.42890 -0.19184
v 0.21967 -0.41097 -0.19608
v 0.21884 -0.40942 -0.20032
v 0.21684 -0.40568 -0.20208
v 0.21484 -0.40194 -0.20032
v 0.21401 -0.40039 -0.19608
v 0.21484 -0.40194 -0.19184
v 0.21684 -0.40568 -0.19008
v 0.21884 -0.40942 -0.19184
v 0.25890 -0.38746 -0.19608
v 0.25792 -0.38600 -0.20032
v 0.25556 -0.38247 -0.20208
v 0.25321 -0.37894 -0.20032
v 0.25223 -0.37748 -0.19608
v 0.25321 -0.37894 -0.19184
v 0.25556 -0.38247 -0.19008
v 0.25792 -0.38600 -0.19184
v 0.29563 -0.36022 -0.19608
v 0.29451 -0.35886 -0.20032
v 0.29182 -0.35558 -0.20208
v 0.28913 -0.35230 -0.20032
v 0.28801 -0.35094 -0.19608
v 0.28913 -0.35230 -0.19184
v 0.29182 -0.35558 -0.19008
v 0.29451 -0.35886 -0.19184
v 0.32951 -0.32951 -0.19608
v 0.32827 -0.32827 -0.20032
v 0.32527 -0.32527 -0.20208
v 0.32227 -0.32227 -0.20032
v 0.32103 -0.32102 -0.19608
v 0.32227 -0.32227 -0.19184
v 0.32527 -0.32527 -0.19008
v 0.32827 -0.32827 -0.19184
v 0.36022 -0.29562 -0.19608
v 0.35886 -0.29451 -0.20032
v 0.35558 -0.29182 -0.20208
v 0.35231 -0.28913 -0.20032
v 0.35095 -0.28801 -0.19608
v 0.35231 -0.28913 -0.19184
v 0.35558 -0.29182 -0.19008
v 0.35886 -0.29451 -0.19184
v 0.38746 -0.25889 -0.19608
v 0.38600 -0.25792 -0.20032
v 0.38248 -0.25556 -0.20208
v 0.37895 -0.25320 -0.20032
v 0.37749 -0.25223 -0.19608
v 0.37895 -0.25320 -0.19184
v 0.38248 -0.25556 -0.19008
v 0.38600 -0.25792 -0.19184
v 0.41098 -0.21967 -0.19608
v 0.40943 -0.21884 -0.20032
v 0.40568 -0.21684 -0.20208
v 0.40194 -0.21484 -0.20032
v 0.40039 -0.21401 -0.19608
v 0.40194 -0.21484 -0.19184
v 0.40568 -0.21684 -0.19008
v 0.40943 -0.21884 -0.19184
v 0.43053 -0.17833 -0.19608
v 0.42890 -0.17765 -0.20032
v 0.42498 -0.17603 -0.20208
v 0.42106 -0.17441 -0.20032
v 0.41944 -0.17373 -0.19608
v 0.42106 -0.17441 -0.19184
v 0.42498 -0.17603 -0.19008
v 0.42890 -0.17765 -0.19184
v 0.44593 -0.13527 -0.19608
v 0.44425 -0.13476 -0.20032
v 0.44019 -0.13353 -0.20208
v 0.43613 -0.13230 -0.20032
v 0.43445 -0.13179 -0.19608
v 0.43613 -0.13230 -0.19184
v 0.44019 -0.13353 -0.19008
v 0.44425 -0.13476 -0.19184
v 0.45705 -0.09091 -0.19608
v 0.45532 -0.09057 -0.20032
v 0.45116 -0.08974 -0.20208
v 0.44700 -0.08891 -0.20032
v 0.44528 -0.08857 -0.19608
v 0.44700 -0.08891 -0.19184
v 0.45116 -0.08974 -0.19008
v 0.45532 -0.09057 -0.19184
v 0.46376 -0.04567 -0.19608
v 0.46201 -0.04550 -0.20032
v 0.45778 -0.04508 -0.20208
v 0.45356 -0.04467 -0.20032
v 0.45181 -0.04450 -0.19608
v 0.45356 -0.04467 -0.19184
v 0.45778 -0.04508 -0.19008
v 0.46201 -0.04550 -0.19184
v 0.46600 0.00000 -0.19608
v 0.46424 0.00000 -0.20032
v 0.46000 0.00000 -0.20208
v 0.45576 0.00000 -0.20032
v 0.45400 0.00000 -0.19608
v 0.45576 0.00000 -0.19184
v 0.46000 0.00000 -0.19008
v 0.46424 0.00000 -0.19184
v 0.46376 0.04568 -0.19608
v 0.46201 0.04551 -0.20032
v 0.45778 0.04509 -0.20208
v 0.45356 0.04468 -0.20032
v 0.45181 0.04450 -0.19608
v 0.45356 0.04468 -0.19184
v 0.45778 0.04509 -0.19008
v 0.46201 0.04551 -0.19184
v 0.45705 0.09092 -0.19608
v 0.45532 0.09057 -0.20032
v 0.45116 0.08975 -0.20208
v 0.44700 0.08892 -0.20032
v 0.44528 0.08857 -0.19608
v 0.44700 0.08892 -0.19184
v 0.45116 0.08975 -0.19008
v 0.45532 0.09057 -0.19184
v 0.44593 0.13528 -0.19608
v 0.44425 0.13477 -0.20032
v 0.44019 0.13353 -0.20208
v 0.43613 0.13230 -0.20032
v 0.43445 0.13179 -0.19608
v 0.43613 0.13230 -0.19184
v 0.44019 0.13353 -0.19008
v 0.44425 0.13477 -0.19184
v 0.43053 0.17833 -0.19608
v 0.42890 0.17766 -0.20032
v 0.42498 0.17604 -0.20208
v 0.42106 0.17441 -0.20032
v 0.41944 0.17374 -0.19608
v 0.42106 0.17441 -0.19184
v 0.42498 0.17604 -0.19008
v 0.42890 0.17766 -0.19184
v 0.41098 0.21967 -0.19608
v 0.40943 0.21885 -0.20032
v 0.40568 0.21685 -0.20208
v 0.40194 0.21485 -0.20032
v 0.40039 0.21402 -0.19608
v 0.40194 0.21485 -0.19184
v 0.40568 0.21685 -0.19008
v 0.40943 0.21885 -0.19184
v 0.38746 0.25890 -0.19608
v 0.38600 0.25792 -0.20032
v 0.38248 0.25557 -0.20208
v 0.37895 0.25321 -0.20032
v 0.37749 0.25223 -0.19608
v 0.37895 0.25321 -0.19184
v 0.38248 0.25557 -0.19008
v 0.38600 0.25792 -0.19184
v 0.36022 0.29563 -0.19608
v 0.35886 0.29452 -0.20032
v 0.35558 0.29182 -0.20208
v 0.35231 0.28913 -0.20032
v 0.35095 0.28802 -0.19608
v 0.35231 0.28913 -0.19184
v 0.35558 0.29182 -0.19008
v 0.35886 0.29452 -0.19184
v 0.32951 0.32952 -0.19608
v 0.32827 0.32827 -0.20032
v 0.32527 0.32527 -0.20208
v 0.32227 0.32227 -0.20032
v 0.32103 0.32103 -0.19608
v 0.32227 0.32227 -0.19184
v 0.32527 0.32527 -0.19008
v 0.32827 0.32827 -0.19184
v 0.29563 0.36023 -0.19608
v 0.29451 0.35887 -0.20032
v 0.29182 0.35559 -0.20208
v 0.28913 0.35231 -0.20032
v 0.28801 0.35095 -0.19608
v 0.28913 0.35231 -0.19184
v 0.29182 0.35559 -0.19008
v 0.29451 0.35887 -0.19184
v 0.25890 0.38747 -0.19608
v 0.25792 0.38601 -0.20032
v 0.25556 0.38248 -0.20208
v 0.25321 0.37895 -0.20032
v 0.25223 0.37749 -0.19608
v 0.25321 0.37895 -0.19184
v 0.25556 0.38248 -0.19008
v 0.25792 0.38601 -0.19184
v 0.21967 0.41098 -0.19608
v 0.21884 0.40943 -0.20032
v 0.21684 0.40569 -0.20208
v 0.21484 0.40195 -0.20032
v 0.21401 0.40040 -0.19608
v 0.21484 0.40195 -0.19184
v 0.21684 0.40569 -0.19008
v 0.21884 0.40943 -0.19184
v 0.17833 0.43053 -0.19608
v 0.17766 0.42891 -0.20032
v 0.17603 0.42499 -0.20208
v 0.17441 0.42107 -0.20032
v 0.17374 0.41944 -0.19608
v 0.17441 0.42107 -0.19184
v 0.17603 0.42499 -0.19008
v 0.17766 0.42891 -0.19184
v 0.13527 0.44594 -0.19608
v 0.13476 0.44426 -0.20032
v 0.13353 0.44020 -0.20208
v 0.13230 0.43614 -0.20032
v 0.13179 0.43445 -0.19608
v 0.13230 0.43614 -0.19184
v 0.13353 0.44020 -0.19008
v 0.13476 0.44426 -0.19184
v 0.09091 0.45705 -0.19608
v 0.09057 0.45533 -0.20032
v 0.08974 0.45116 -0.20208
v 0.08891 0.44700 -0.20032
v 0.08857 0.44528 -0.19608
v 0.08891 0.44700 -0.19184
v 0.08974 0.45116 -0.19008
v 0.09057 0.45533 -0.19184
v 0.04568 0.46376 -0.19608
v 0.04550 0.46201 -0.20032
v 0.04509 0.45779 -0.20208
v 0.04467 0.45357 -0.20032
v 0.04450 0.45182 -0.19608
v 0.04467 0.45357 -0.19184
v 0.04509 0.45779 -0.19008
v 0.04550 0.46201 -0.19184
v 0.00029 0.46600 -0.19608
v 0.00021 0.46424 -0.20032
v 0.00000 0.46000 -0.20208
v -0.00021 0.45577 -0.20032
v -0.00029 0.45401 -0.19608
v -0.00021 0.45577 -0.19184
v 0.00000 0.46000 -0.19008
v 0.00021 0.46424 -0.19184
f 1 12 11
f 2 13 12
f 3 14 13
f 4 15 14
f 5 16 15
f 7 16 6
f 8 17 7
f 9 18 8
f 10 19 9
f 1 20 10
f 11 22 21
f 13 22 12
f 14 23 13
f 14 25 24
f 15 26 25
f 17 26 16
f 18 27 17
f 18 29 28
f 19 30 29
f 20 21 30
f 21 32 31
f 22 33 32
f 23 34 33
f 25 34 24
f 25 36 35
f 27 36 26
f 28 37 27
f 29 38 28
f 30 39 29
f 30 31 40
f 32 41 31
f 33 42 32
f 34 43 33
f 34 45 44
f 35 46 45
f 36 47 46
f 38 47 37
f 39 48 38
f 39 50 49
f 31 50 40
f 41 52 51
f 42 53 52
f 44 53 43
f 44 55 54
f 46 55 45
f 47 56 46
f 48 57 47
f 49 58 48
f 50 59 49
f 41 60 50
f 52 61 51
f 53 62 52
f 54 63 53
f 55 64 54
f 56 65 55
f 56 67 66
f 58 67 57
f 59 68 58
f 60 69 59
f 60 61 70
f 62 71 61
f 62 73 72
f 64 73 63
f 64 75 74
f 65 76 75
f 66 77 76
f 68 77 67
f 68 79 78
f 70 79 69
f 70 71 80
f 71 82 81
f 73 82 72
f 73 84 83
f 74 85 84
f 76 85 75
f 77 86 76
f 78 87 77
f 79 88 78
f 80 89 79
f 71 90 80
f 82 91 81
f 82 93 92
f 83 94 93
f 84 95 94
f 85 96 95
f 87 96 86
f 87 98 97
f 89 98 88
f 90 99 89
f 81 100 90
f 92 101 91
f 93 102 92
f 94 103 93
f 95 104 94
f 95 106 105
f 97 106 96
f 97 108 107
f 99 108 98
f 100 109 99
f 100 101 110
f 101 112 111
f 102 113 112
f 103 114 113
f 105 114 104
f 105 116 115
f 107 116 106
f 107 118 117
f 109 118 108
f 109 120 119
f 101 120 110
f 112 121 111
f 112 123 122
f 114 123 113
f 114 125 124
f 115 126 125
f 116 127 126
f 117 128 127
f 118 129 128
f 119 130 129
f 111 130 120
f 121 132 131
f 122 133 132
f 124 133 123
f 124 135 134
f 126 135 125
f 126 137 136
f 128 137 127
f 129 138 128
f 129 140 139
f 130 131 140
f 131 142 141
f 132 143 142
f 134 143 133
f 134 145 144
f 135 146 145
f 137 146 136
f 138 147 137
f 139 148 138
f 139 150 149
f 131 150 140
f 141 152 151
f 143 152 142
f 144 153 143
f 145 154 144
f 146 155 145
f 146 157 156
f 148 157 147
f 149 158 148
f 150 159 149
f 150 151 160
f 152 161 151
f 153 162 152
f 154 163 153
f 155 164 154
f 155 166 165
f 156 167 166
f 157 168 167
f 159 168 158
f 160 169 159
f 151 170 160
f 161 172 171
f 163 172 162
f 163 174 173
f 165 174 164
f 166 175 165
f 166 177 176
f 168 177 167
f 169 178 168
f 170 179 169
f 170 171 180
f 172 181 171
f 173 182 172
f 174 183 173
f 174 185 184
f 175 186 185
f 176 187 186
f 178 187 177
f 179 188 178
f 180 189 179
f 180 181 190
f 181 192 191
f 182 193 192
f 184 193 183
f 184 195 194
f 185 196 195
f 186 197 196
f 188 197 187
f 189 198 188
f 189 200 199
f 181 200 190
f 191 202 201
f 192 203 202
f 194 203 193
f 195 204 194
f 196 205 195
f 197 206 196
f 198 207 197
f 199 208 198
f 199 210 209
f 200 201 210
f 202 211 201
f 202 213 212
f 204 213 203
f 205 214 204
f 206 215 205
f 206 217 216
f 207 218 217
f 208 219 218
f 210 219 209
f 210 211 220
f 211 222 221
f 213 222 212
f 213 224 223
f 215 224 214
f 216 225 215
f 217 226 216
f 217 228 227
f 219 228 218
f 220 229 219
f 211 230 220
f 221 232 231
f 222 233 232
f 223 234 233
f 224 235 234
f 225 236 235
f 227 236 226
f 227 238 237
f 229 238 228
f 230 239 229
f 221 240 230
f 232 241 231
f 233 242 232
f 234 243 233
f 235 244 234
f 236 245 235
f 236 247 246
f 237 248 247
f 239 248 238
f 239 250 249
f 240 241 250
f 241 252 251
f 242 253 252
f 243 254 253
f 245 254 244
f 246 255 245
f 247 256 246
f 247 258 257
f 249 258 248
f 250 259 249
f 250 251 260
f 252 261 251
f 253 262 252
f 254 263 253
f 254 265 264
f 256 265 255
f 256 267 266
f 257 268 267
f 258 269 268
f 259 270 269
f 251 270 260
f 261 272 271
f 262 273 272
f 264 273 263
f 265 274 264
f 266 275 265
f 267 276 266
f 267 278 277
f 269 278 268
f 270 279 269
f 270 271 280
f 271 282 281
f 273 282 272
f 274 283 273
f 275 284 274
f 276 285 275
f 276 287 286
f 277 288 287
f 279 288 278
f 280 289 279
f 271 290 280
f 282 291 281
f 282 293 292
f 284 293 283
f 284 295 294
f 285 296 295
f 287 296 286
f 288 297 287
f 288 299 298
f 289 300 299
f 290 291 300
f 292 301 291
f 293 302 292
f 294 303 293
f 294 305 304
f 295 306 305
f 296 307 306
f 298 307 297
f 299 308 298
f 299 310 309
f 291 310 300
f 301 312 311
f 302 313 312
f 303 314 313
f 305 314 304
f 305 316 315
f 307 316 306
f 308 317 307
f 309 318 308
f 310 319 309
f 310 311 320
f 312 321 311
f 313 322 312
f 314 323 313
f 314 325 324
f 315 326 325
f 316 327 326
f 318 327 317
f 319 328 318
f 319 330 329
f 311 330 320
f 321 332 331
f 322 333 332
f 324 333 323
f 324 335 334
f 326 335 325
f 327 336 326
f 328 337 327
f 329 338 328
f 330 339 329
f 321 340 330
f 332 341 331
f 333 342 332
f 334 343 333
f 335 344 334
f 336 345 335
f 336 347 346
f 338 347 337
f 339 348 338
f 340 349 339
f 340 341 350
f 342 351 341
f 342 353 352
f 344 353 343
f 344 355 354
f 345 356 355
f 346 357 356
f 348 357 347
f 348 359 358
f 350 359 349
f 350 351 360
f 351 362 361
f 353 362 352
f 353 364 363
f 354 365 364
f 356 365 355
f 357 366 356
f 358 367 357
f 359 368 358
f 360 369 359
f 351 370 360
f 362 371 361
f 362 373 372
f 363 374 373
f 364 375 374
f 365 376 375
f 367 376 366
f 367 378 377
f 369 378 368
f 370 379 369
f 361 380 370
f 372 381 371
f 373 382 372
f 374 383 373
f 375 384 374
f 375 386 385
f 377 386 376
f 377 388 387
f 379 388 378
f 380 389 379
f 380 381 390
f 381 392 391
f 382 393 392
f 383 394 393
f 385 394 384
f 385 396 395
f 387 396 386
f 387 398 397
f 389 398 388
f 389 400 399
f 381 400 390
f 392 401 391
f 392 403 402
f 394 403 393
f 394 405 404
f 395 406 405
f 396 407 406
f 397 408 407
f 398 409 408
f 399 410 409
f 391 410 400
f 401 412 411
f 402 413 412
f 404 413 403
f 404 415 414
f 406 415 405
f 406 417 416
f 408 417 407
f 409 418 408
f 409 420 419
f 410 411 420
f 411 422 421
f 412 423 422
f 414 423 413
f 414 425 424
f 415 426 425
f 417 426 416
f 418 427 417
f 419 428 418
f 419 430 429
f 411 430 420
f 421 432 431
f 423 432 422
f 424 433 423
f 425 434 424
f 426 435 425
f 426 437 436
f 428 437 427
f 429 438 428
f 430 439 429
f 430 431 440
f 432 441 431
f 433 442 432
f 434 443 433
f 435 444 434
f 435 446 445
f 436 447 446
f 437 448 447
f 439 448 438
f 440 449 439
f 431 450 440
f 441 452 451
f 443 452 442
f 443 454 453
f 445 454 444
f 446 455 445
f 446 457 456
f 448 457 447
f 449 458 448
f 450 459 449
f 450 451 460
f 452 461 451
f 453 462 452
f 454 463 453
f 454 465 464
f 455 466 465
f 456 467 466
f 458 467 457
f 459 468 458
f 460 469 459
f 460 461 470
f 461 472 471
f 462 473 472
f 464 473 463
f 464 475 474
f 465 476 475
f 466 477 476
f 468 477 467
f 469 478 468
f 469 480 479
f 461 480 470
f 471 482 481
f 472 483 482
f 474 483 473
f 475 484 474
f 476 485 475
f 477 486 476
f 478 487 477
f 479 488 478
f 479 490 489
f 480 481 490
f 482 491 481
f 482 493 492
f 484 493 483
f 485 494 484
f 486 495 485
f 486 497 496
f 487 498 497
f 488 499 498
f 490 499 489
f 490 491 500
f 491 502 501
f 493 502 492
f 493 504 503
f 495 504 494
f 496 505 495
f 497 506 496
f 497 508 507
f 499 508 498
f 500 509 499
f 491 510 500
f 501 512 511
f 502 513 512
f 503 514 513
f 504 515 514
f 505 516 515
f 507 516 506
f 507 518 517
f 509 518 508
f 510 519 509
f 501 520 510
f 512 521 511
f 513 522 512
f 514 523 513
f 515 524 514
f 516 525 515
f 516 527 526
f 517 528 527
f 519 528 518
f 519 530 529
f 520 521 530
f 521 532 531
f 522 533 532
f 523 534 533
f 525 534 524
f 526 535 525
f 527 536 526
f 527 538 537
f 529 538 528
f 530 539 529
f 530 531 540
f 532 541 531
f 533 542 532
f 534 543 533
f 534 545 544
f 536 545 535
f 536 547 546
f 537 548 547
f 538 549 548
f 539 550 549
f 531 550 540
f 541 552 551
f 542 553 552
f 544 553 543
f 545 554 544
f 546 555 545
f 547 556 546
f 547 558 557
f 549 558 548
f 550 559 549
f 550 551 560
f 552 561 551
f 553 562 552
f 554 563 553
f 555 564 554
f 556 565 555
f 556 567 566
f 557 568 567
f 558 569 568
f 559 570 569
f 560 561 570
f 571 582 581
f 572 583 582
f 573 584 583
f 574 585 584
f 575 586 585
f 577 586 576
f 578 587 577
f 579 588 578
f 580 589 579
f 571 590 580
f 582 591 581
f 582 593 592
f 584 593 583
f 585 594 584
f 586 595 585
f 586 597 596
f 588 597 587
f 589 598 588
f 589 600 599
f 590 591 600
f 592 601 591
f 593 602 592
f 593 604 603
f 594 605 604
f 595 606 605
f 596 607 606
f 597 608 607
f 599 608 598
f 599 610 609
f 591 610 600
f 601 612 611
f 602 613 612
f 604 613 603
f 604 615 614
f 605 616 615
f 606 617 616
f 608 617 607
f 608 619 618
f 610 619 609
f 601 620 610
f 612 621 611
f 613 622 612
f 614 623 613
f 615 624 614
f 616 625 615
f 617 626 616
f 617 628 627
f 618 629 628
f 620 629 619
f 611 630 620
f 621 632 631
f 622 633 632
f 623 634 633
f 624 635 634
f 626 635 625
f 626 637 636
f 628 637 627
f 629 638 628
f 630 639 629
f 630 631 640
f 632 641 631
f 633 642 632
f 634 643 633
f 634 645 644
f 636 645 635
f 637 646 636
f 638 647 637
f 639 648 638
f 639 650 649
f 640 641 650
f 642 651 641
f 642 653 652
f 643 654 653
f 644 655 654
f 645 656 655
f 647 656 646
f 648 657 647
f 648 659 658
f 649 660 659
f 650 651 660
f 651 662 661
f 653 662 652
f 654 663 653
f 655 664 654
f 656 665 655
f 656 667 666
f 657 668 667
f 658 669 668
f 660 669 659
f 651 670 660
f 662 671 661
f 663 672 662
f 663 674 673
f 665 674 664
f 666 675 665
f 666 677 676
f 667 678 677
f 669 678 668
f 669 680 679
f 661 680 670
f 672 681 671
f 672 683 682
f 673 684 683
f 674 685 684
f 675 686 685
f 677 686 676
f 678 687 677
f 679 688 678
f 680 689 679
f 671 690 680
f 682 691 681
f 683 692 682
f 684 693 683
f 685 694 684
f 685 696 695
f 686 697 696
f 688 697 687
f 688 699 698
f 689 700 699
f 690 691 700
f 692 701 691
f 693 702 692
f 693 704 703
f 695 704 694
f 695 706 705
f 696 707 706
f 698 707 697
f 699 708 698
f 699 710 709
f 700 701 710
f 702 711 701
f 702 713 712
f 704 713 703
f 704 715 714
f 705 716 715
f 707 716 706
f 708 717 707
f 709 718 708
f 709 720 719
f 710 711 720
f 711 722 721
f 713 722 712
f 714 723 713
f 715 724 714
f 716 725 715
f 716 727 726
f 717 728 727
f 718 729 728
f 720 729 719
f 711 730 720
f 722 731 721
f 722 733 732
f 724 733 723
f 725 734 724
f 726 735 725
f 727 736 726
f 727 738 737
f 729 738 728
f 730 739 729
f 721 740 730
f 731 742 741
f 733 742 732
f 733 744 743
f 735 744 734
f 736 745 735
f 736 747 746
f 738 747 737
f 739 748 738
f 740 749 739
f 731 750 740
f 741 752 751
f 743 752 742
f 744 753 743
f 745 754 744
f 746 755 745
f 746 757 756
f 747 758 757
f 748 759 758
f 749 760 759
f 750 751 760
f 751 762 761
f 752 763 762
f 754 763 753
f 754 765 764
f 755 766 765
f 757 766 756
f 757 768 767
f 758 769 768
f 760 769 759
f 751 770 760
f 761 772 771
f 762 773 772
f 763 774 773
f 764 775 774
f 765 776 775
f 767 776 766
f 768 777 767
f 769 778 768
f 770 779 769
f 770 771 780
f 771 782 781
f 773 782 772
f 774 783 773
f 775 784 774
f 776 785 775
f 776 787 786
f 777 788 787
f 779 788 778
f 780 789 779
f 780 781 790
f 781 792 791
f 782 793 792
f 783 794 793
f 785 794 784
f 785 796 795
f 786 797 796
f 787 798 797
f 788 799 798
f 790 799 789
f 781 800 790
f 792 801 791
f 793 802 792
f 794 803 793
f 795 804 794
f 795 806 805
f 797 806 796
f 797 808 807
f 798 809 808
f 799 810 809
f 791 810 800
f 801 812 811
f 802 813 812
f 803 814 813
f 804 815 814
f 806 815 805
f 807 816 806
f 808 817 807
f 809 818 808
f 809 820 819
f 810 811 820
f 812 821 811
f 813 822 812
f 813 824 823
f 815 824 814
f 815 826 825
f 817 826 816
f 817 828 827
f 819 828 818
f 819 830 829
f 820 821 830
f 821 832 831
f 822 833 832
f 824 833 823
f 825 834 824
f 826 835 825
f 827 836 826
f 827 838 837
f 828 839 838
f 830 839 829
f 830 831 840
f 831 842 841
f 833 842 832
f 833 844 843
f 834 845 844
f 835 846 845
f 837 846 836
f 838 847 837
f 839 848 838
f 840 849 839
f 831 850 840
f 841 852 851
f 843 852 842
f 844 853 843
f 844 855 854
f 845 856 855
f 846 857 856
f 848 857 847
f 849 858 848
f 849 860 859
f 850 851 860
f 852 861 851
f 852 863 862
f 854 863 853
f 855 864 854
f 856 865 855
f 857 866 856
f 857 868 867
f 858 869 868
f 860 869 859
f 851 870 860
f 862 871 861
f 862 873 872
f 864 873 863
f 865 874 864
f 866 875 865
f 866 877 876
f 868 877 867
f 869 878 868
f 869 880 879
f 870 871 880
f 872 881 871
f 873 882 872
f 873 884 883
f 874 885 884
f 875 886 885
f 876 887 886
f 877 888 887
f 879 888 878
f 879 890 889
f 871 890 880
f 881 892 891
f 882 893 892
f 884 893 883
f 884 895 894
f 885 896 895
f 886 897 896
f 888 897 887
f 888 899 898
f 890 899 889
f 881 900 890
f 892 901 891
f 893 902 892
f 894 903 893
f 895 904 894
f 896 905 895
f 897 906 896
f 897 908 907
f 898 909 908
f 900 909 899
f 891 910 900
f 901 912 911
f 902 913 912
f 903 914 913
f 904 915 914
f 906 915 905
f 906 917 916
f 908 917 907
f 909 918 908
f 910 919 909
f 910 911 920
f 912 921 911
f 913 922 912
f 914 923 913
f 914 925 924
f 916 925 915
f 917 926 916
f 918 927 917
f 919 928 918
f 919 930 929
f 920 921 930
f 922 931 921
f 922 933 932
f 923 934 933
f 924 935 934
f 925 936 935
f 927 936 926
f 928 937 927
f 928 939 938
f 929 940 939
f 930 931 940
f 931 942 941
f 933 942 932
f 934 943 933
f 935 944 934
f 936 945 935
f 936 947 946
f 937 948 947
f 938 949 948
f 940 949 939
f 931 950 940
f 942 951 941
f 943 952 942
f 943 954 953
f 945 954 944
f 946 955 945
f 946 957 956
f 947 958 957
f 949 958 948
f 949 960 959
f 941 960 950
f 952 961 951
f 952 963 962
f 953 964 963
f 954 965 964
f 955 966 965
f 957 966 956
f 958 967 957
f 959 968 958
f 960 969 959
f 951 970 960
f 962 971 961
f 963 972 962
f 964 973 963
f 965 974 964
f 965 976 975
f 966 977 976
f 968 977 967
f 968 979 978
f 969 980 979
f 970 971 980
f 972 981 971
f 973 982 972
f 973 984 983
f 975 984 974
f 975 986 985
f 976 987 986
f 978 987 977
f 979 988 978
f 979 990 989
f 980 981 990
f 982 991 981
f 982 993 992
f 984 993 983
f 984 995 994
f 985 996 995
f 987 996 986
f 988 997 987
f 989 998 988
f 989 1000 999
f 990 991 1000
f 991 1002 1001
f 993 1002 992
f 994 1003 993
f 995 1004 994
f 996 1005 995
f 996 1007 1006
f 997 1008 1007
f 998 1009 1008
f 1000 1009 999
f 991 1010 1000
f 1002 1011 1001
f 1002 1013 1012
f 1004 1013 1003
f 1005 1014 1004
f 1006 1015 1005
f 1007 1016 1006
f 1007 1018 1017
f 1009 1018 1008
f 1010 1019 1009
f 1001 1020 1010
f 1011 1022 1021
f 1013 1022 1012
f 1013 1024 1023
f 1015 1024 1014
f 1016 1025 1015
f 1016 1027 1026
f 1018 1027 1017
f 1019 1028 1018
f 1020 1029 1019
f 1011 1030 1020
f 1021 1032 1031
f 1023 1032 1022
f 1024 1033 1023
f 1025 1034 1024
f 1026 1035 1025
f 1026 1037 1036
f 1027 1038 1037
f 1028 1039 1038
f 1029 1040 1039
f 1030 1031 1040
f 1031 1042 1041
f 1032 1043 1042
f 1034 1043 1033
f 1034 1045 1044
f 1035 1046 1045
f 1037 1046 1036
f 1037 1048 1047
f 1038 1049 1048
f 1040 1049 1039
f 1031 1050 1040
f 1041 1052 1051
f 1042 1053 1052
f 1043 1054 1053
f 1044 1055 1054
f 1045 1056 1055
f 1047 1056 1046
f 1048 1057 1047
f 1049 1058 1048
f 1050 1059 1049
f 1050 1051 1060
f 1051 1062 1061
f 1053 1062 1052
f 1054 1063 1053
f 1055 1064 1054
f 1056 1065 1055
f 1056 1067 1066
f 1057 1068 1067
f 1059 1068 1058
f 1060 1069 1059
f 1060 1061 1070
f 1061 1072 1071
f 1062 1073 1072
f 1063 1074 1073
f 1065 1074 1064
f 1065 1076 1075
f 1066 1077 1076
f 1067 1078 1077
f 1068 1079 1078
f 1070 1079 1069
f 1061 1080 1070
f 1072 1081 1071
f 1073 1082 1072
f 1074 1083 1073
f 1075 1084 1074
f 1075 1086 1085
f 1077 1086 1076
f 1077 1088 1087
f 1078 1089 1088
f 1079 1090 1089
f 1071 1090 1080
f 1081 1092 1091
f 1082 1093 1092
f 1083 1094 1093
f 1084 1095 1094
f 1086 1095 1085
f 1087 1096 1086
f 1088 1097 1087
f 1089 1098 1088
f 1089 1100 1099
f 1090 1091 1100
f 1092 1101 1091
f 1093 1102 1092
f 1093 1104 1103
f 1095 1104 1094
f 1095 1106 1105
f 1097 1106 1096
f 1097 1108 1107
f 1099 1108 1098
f 1099 1110 1109
f 1100 1101 1110
f 1101 1112 1111
f 1102 1113 1112
f 1104 1113 1103
f 1105 1114 1104
f 1106 1115 1105
f 1107 1116 1106
f 1107 1118 1117
f 1108 1119 1118
f 1110 1119 1109
f 1110 1111 1120
f 1111 1122 1121
f 1113 1122 1112
f 1113 1124 1123
f 1114 1125 1124
f 1115 1126 1125
f 1117 1126 1116
f 1118 1127 1117
f 1119 1128 1118
f 1120 1129 1119
f 1111 1130 1120
f 1122 1131 1121
f 1123 1132 1122
f 1124 1133 1123
f 1125 1134 1124
f 1126 1135 1125
f 1126 1137 1136
f 1127 1138 1137
f 1128 1139 1138
f 1129 1140 1139
f 1130 1131 1140
f 1141 1152 1151
f 1142 1153 1152
f 1143 1154 1153
f 1144 1155 1154
f 1145 1156 1155
f 1147 1156 1146
f 1148 1157 1147
f 1149 1158 1148
f 1150 1159 1149
f 1141 1160 1150
f 1151 1162 1161
f 1152 1163 1162
f 1153 1164 1163
f 1154 1165 1164
f 1155 1166 1165
f 1156 1167 1166
f 1158 1167 1157
f 1159 1168 1158
f 1159 1170 1169
f 1151 1170 1160
f 1162 1171 1161
f 1162 1173 1172
f 1163 1174 1173
f 1164 1175 1174
f 1166 1175 1165
f 1166 1177 1176
f 1168 1177 1167
f 1169 1178 1168
f 1169 1180 1179
f 1170 1171 1180
f 1171 1182 1181
f 1173 1182 1172
f 1173 1184 1183
f 1175 1184 1174
f 1176 1185 1175
f 1176 1187 1186
f 1177 1188 1187
f 1179 1188 1178
f 1179 1190 1189
f 1180 1181 1190
f 1182 1191 1181
f 1183 1192 1182
f 1184 1193 1183
f 1185 1194 1184
f 1186 1195 1185
f 1186 1197 1196
f 1188 1197 1187
f 1189 1198 1188
f 1190 1199 1189
f 1190 1191 1200
f 1191 1202 1201
f 1192 1203 1202
f 1194 1203 1193
f 1194 1205 1204
f 1196 1205 1195
f 1197 1206 1196
f 1197 1208 1207
f 1198 1209 1208
f 1200 1209 1199
f 1200 1201 1210
f 1202 1211 1201
f 1202 1213 1212
f 1204 1213 1203
f 1204 1215 1214
f 1205 1216 1215
f 1207 1216 1206
f 1208 1217 1207
f 1208 1219 1218
f 1210 1219 1209
f 1210 1211 1220
f 1212 1221 1211
f 1213 1222 1212
f 1214 1223 1213
f 1214 1225 1224
f 1215 1226 1225
f 1216 1227 1226
f 1218 1227 1217
f 1219 1228 1218
f 1220 1229 1219
f 1220 1221 1230
f 1221 1232 1231
f 1222 1233 1232
f 1223 1234 1233
f 1225 1234 1224
f 1226 1235 1225
f 1227 1236 1226
f 1227 1238 1237
f 1229 1238 1228
f 1229 1240 1239
f 1221 1240 1230
f 1231 1242 1241
f 1233 1242 1232
f 1233 1244 1243
f 1234 1245 1244
f 1235 1246 1245
f 1236 1247 1246
f 1238 1247 1237
f 1239 1248 1238
f 1239 1250 1249
f 1231 1250 1240
f 1241 1252 1251
f 1242 1253 1252
f 1244 1253 1243
f 1244 1255 1254
f 1246 1255 1245
f 1246 1257 1256
f 1248 1257 1247
f 1248 1259 1258
f 1250 1259 1249
f 1241 1260 1250
f 1252 1261 1251
f 1252 1263 1262
f 1254 1263 1253
f 1255 1264 1254
f 1255 1266 1265
f 1257 1266 1256
f 1257 1268 1267
f 1258 1269 1268
f 1260 1269 1259
f 1260 1261 1270
f 1261 1272 1271
f 1263 1272 1262
f 1264 1273 1263
f 1265 1274 1264
f 1266 1275 1265
f 1266 1277 1276
f 1267 1278 1277
f 1269 1278 1268
f 1269 1280 1279
f 1261 1280 1270
f 1272 1281 1271
f 1272 1283 1282
f 1274 1283 1273
f 1274 1285 1284
f 1275 1286 1285
f 1277 1286 1276
f 1277 1288 1287
f 1279 1288 1278
f 1280 1289 1279
f 1280 1281 1290
f 1282 1291 1281
f 1283 1292 1282
f 1284 1293 1283
f 1285 1294 1284
f 1286 1295 1285
f 1286 1297 1296
f 1288 1297 1287
f 1289 1298 1288
f 1289 1300 1299
f 1281 1300 1290
f 1292 1301 1291
f 1293 1302 1292
f 1293 1304 1303
f 1294 1305 1304
f 1295 1306 1305
f 1297 1306 1296
f 1298 1307 1297
f 1299 1308 1298
f 1300 1309 1299
f 1300 1301 1310
f 1301 1312 1311
f 1303 1312 1302
f 1303 1314 1313
f 1304 1315 1314
f 1306 1315 1305
f 1306 1317 1316
f 1307 1318 1317
f 1309 1318 1308
f 1309 1320 1319
f 1301 1320 1310
f 1312 1321 1311
f 1313 1322 1312
f 1313 1324 1323
f 1314 1325 1324
f 1315 1326 1325
f 1317 1326 1316
f 1317 1328 1327
f 1319 1328 1318
f 1319 1330 1329
f 1320 1321 1330
f 1322 1331 1321
f 1323 1332 1322
f 1324 1333 1323
f 1325 1334 1324
f 1326 1335 1325
f 1327 1336 1326
f 1327 1338 1337
f 1329 1338 1328
f 1330 1339 1329
f 1330 1331 1340
f 1332 1341 1331
f 1332 1343 1342
f 1334 1343 1333
f 1334 1345 1344
f 1336 1345 1335
f 1336 1347 1346
f 1338 1347 1337
f 1338 1349 1348
f 1340 1349 1339
f 1340 1341 1350
f 1341 1352 1351
f 1342 1353 1352
f 1344 1353 1343
f 1345 1354 1344
f 1345 1356 1355
f 1347 1356 1346
f 1347 1358 1357
f 1348 1359 1358
f 1349 1360 1359
f 1341 1360 1350
f 1351 1362 1361
f 1353 1362 1352
f 1354 1363 1353
f 1355 1364 1354
f 1356 1365 1355
f 1356 1367 1366
f 1357 1368 1367
f 1359 1368 1358
f 1359 1370 1369
f 1351 1370 1360
f 1362 1371 1361
f 1363 1372 1362
f 1363 1374 1373
f 1365 1374 1364
f 1366 1375 1365
f 1366 1377 1376
f 1368 1377 1367
f 1369 1378 1368
f 1369 1380 1379
f 1370 1371 1380
f 1371 1382 1381
f 1372 1383 1382
f 1373 1384 1383
f 1374 1385 1384
f 1375 1386 1385
f 1377 1386 1376
f 1378 1387 1377
f 1379 1388 1378
f 1380 1389 1379
f 1371 1390 1380
f 1382 1391 1381
f 1382 1393 1392
f 1384 1393 1383
f 1384 1395 1394
f 1386 1395 1385
f 1386 1397 1396
f 1388 1397 1387
f 1388 1399 1398
f 1390 1399 1389
f 1381 1400 1390
f 1391 1402 1401
f 1393 1402 1392
f 1394 1403 1393
f 1395 1404 1394
f 1395 1406 1405
f 1397 1406 1396
f 1397 1408 1407
f 1398 1409 1408
f 1400 1409 1399
f 1391 1410 1400
f 1402 1411 1401
f 1403 1412 1402
f 1404 1413 1403
f 1405 1414 1404
f 1406 1415 1405
f 1407 1416 1406
f 1407 1418 1417
f 1409 1418 1408
f 1409 1420 1419
f 1410 1411 1420
f 1411 1422 1421
f 1412 1423 1422
f 1414 1423 1413
f 1415 1424 1414
f 1416 1425 1415
f 1416 1427 1426
f 1418 1427 1417
f 1419 1428 1418
f 1420 1429 1419
f 1411 1430 1420
f 1422 1431 1421
f 1423 1432 1422
f 1424 1433 1423
f 1424 1435 1434
f 1425 1436 1435
f 1427 1436 1426
f 1427 1438 1437
f 1429 1438 1428
f 1429 1440 1439
f 1430 1431 1440
f 1431 1442 1441
f 1432 1443 1442
f 1433 1444 1443
f 1434 1445 1444
f 1435 1446 1445
f 1436 1447 1446
f 1438 1447 1437
f 1439 1448 1438
f 1439 1450 1449
f 1431 1450 1440
f 1442 1451 1441
f 1442 1453 1452
f 1443 1454 1453
f 1444 1455 1454
f 1446 1455 1445
f 1446 1457 1456
f 1448 1457 1447
f 1449 1458 1448
f 1449 1460 1459
f 1450 1451 1460
f 1451 1462 1461
f 1453 1462 1452
f 1453 1464 1463
f 1455 1464 1454
f 1456 1465 1455
f 1456 1467 1466
f 1457 1468 1467
f 1459 1468 1458
f 1459 1470 1469
f 1460 1461 1470
f 1462 1471 1461
f 1463 1472 1462
f 1464 1473 1463
f 1465 1474 1464
f 1466 1475 1465
f 1466 1477 1476
f 1468 1477 1467
f 1469 1478 1468
f 1470 1479 1469
f 1470 1471 1480
f 1471 1482 1481
f 1472 1483 1482
f 1474 1483 1473
f 1474 1485 1484
f 1476 1485 1475
f 1477 1486 1476
f 1477 1488 1487
f 1478 1489 1488
f 1480 1489 1479
f 1480 1481 1490
f 1482 1491 1481
f 1482 1493 1492
f 1484 1493 1483
f 1484 1495 1494
f 1485 1496 1495
f 1487 1496 1486
f 1488 1497 1487
f 1488 1499 1498
f 1490 1499 1489
f 1490 1491 1500
f 1492 1501 1491
f 1493 1502 1492
f 1494 1503 1493
f 1494 1505 1504
f 1495 1506 1505
f 1496 1507 1506
f 1498 1507 1497
f 1499 1508 1498
f 1500 1509 1499
f 1500 1501 1510
f 1501 1512 1511
f 1502 1513 1512
f 1503 1514 1513
f 1505 1514 1504
f 1506 1515 1505
f 1507 1516 1506
f 1507 1518 1517
f 1509 1518 1508
f 1509 1520 1519
f 1501 1520 1510
f 1511 1522 1521
f 1513 1522 1512
f 1513 1524 1523
f 1514 1525 1524
f 1515 1526 1525
f 1516 1527 1526
f 1518 1527 1517
f 1519 1528 1518
f 1519 1530 1529
f 1511 1530 1520
f 1521 1532 1531
f 1522 1533 1532
f 1524 1533 1523
f 1524 1535 1534
f 1526 1535 1525
f 1526 1537 1536
f 1528 1537 1527
f 1528 1539 1538
f 1530 1539 1529
f 1521 1540 1530
f 1532 1541 1531
f 1532 1543 1542
f 1534 1543 1533
f 1535 1544 1534
f 1535 1546 1545
f 1537 1546 1536
f 1537 1548 1547
f 1538 1549 1548
f 1540 1549 1539
f 1540 1541 1550
f 1541 1552 1551
f 1543 1552 1542
f 1544 1553 1543
f 1545 1554 1544
f 1546 1555 1545
f 1546 1557 1556
f 1547 1558 1557
f 1549 1558 1548
f 1549 1560 1559
f 1541 1560 1550
f 1552 1561 1551
f 1552 1563 1562
f 1554 1563 1553
f 1554 1565 1564
f 1555 1566 1565
f 1557 1566 1556
f 1557 1568 1567
f 1559 1568 1558
f 1560 1569 1559
f 1560 1561 1570
f 1562 1571 1561
f 1563 1572 1562
f 1564 1573 1563
f 1565 1574 1564
f 1566 1575 1565
f 1566 1577 1576
f 1568 1577 1567
f 1569 1578 1568
f 1569 1580 1579
f 1561 1580 1570
f 1572 1581 1571
f 1573 1582 1572
f 1573 1584 1583
f 1574 1585 1584
f 1575 1586 1585
f 1577 1586 1576
f 1578 1587 1577
f 1579 1588 1578
f 1580 1589 1579
f 1580 1581 1590
f 1581 1592 1591
f 1583 1592 1582
f 1583 1594 1593
f 1584 1595 1594
f 1586 1595 1585
f 1586 1597 1596
f 1587 1598 1597
f 1589 1598 1588
f 1589 1600 1599
f 1581 1600 1590
f 1592 1601 1591
f 1593 1602 1592
f 1593 1604 1603
f 1594 1605 1604
f 1595 1606 1605
f 1597 1606 1596
f 1597 1608 1607
f 1599 1608 1598
f 1599 1610 1609
f 1600 1601 1610
f 1602 1611 1601
f 1603 1612 1602
f 1604 1613 1603
f 1605 1614 1604
f 1606 1615 1605
f 1607 1616 1606
f 1607 1618 1617
f 1609 1618 1608
f 1610 1619 1609
f 1610 1611 1620
f 1612 1621 1611
f 1612 1623 1622
f 1614 1623 1613
f 1614 1625 1624
f 1616 1625 1615
f 1616 1627 1626
f 1618 1627 1617
f 1618 1629 1628
f 1620 1629 1619
f 1620 1621 1630
f 1621 1632 1631
f 1622 1633 1632
f 1624 1633 1623
f 1625 1634 1624
f 1625 1636 1635
f 1627 1636 1626
f 1627 1638 1637
f 1628 1639 1638
f 1629 1640 1639
f 1621 1640 1630
f 1631 1642 1641
f 1633 1642 1632
f 1634 1643 1633
f 1635 1644 1634
f 1636 1645 1635
f 1636 1647 1646
f 1637 1648 1647
f 1639 1648 1638
f 1639 1650 1649
f 1631 1650 1640
f 1642 1651 1641
f 1643 1652 1642
f 1643 1654 1653
f 1645 1654 1644
f 1646 1655 1645
f 1646 1657 1656
f 1648 1657 1647
f 1649 1658 1648
f 1649 1660 1659
f 1650 1651 1660
f 1651 1662 1661
f 1652 1663 1662
f 1653 1664 1663
f 1654 1665 1664
f 1655 1666 1665
f 1657 1666 1656
f 1658 1667 1657
f 1659 1668 1658
f 1660 1669 1659
f 1651 1670 1660
f 1662 1671 1661
f 1662 1673 1672
f 1664 1673 1663
f 1664 1675 1674
f 1666 1675 1665
f 1666 1677 1676
f 1668 1677 1667
f 1668 1679 1678
f 1670 1679 1669
f 1661 1680 1670
f 1671 1682 1681
f 1673 1682 1672
f 1674 1683 1673
f 1675 1684 1674
f 1675 1686 1685
f 1677 1686 1676
f 1677 1688 1687
f 1678 1689 1688
f 1680 1689 1679
f 1671 1690 1680
f 1682 1691 1681
f 1683 1692 1682
f 1684 1693 1683
f 1685 1694 1684
f 1686 1695 1685
f 1687 1696 1686
f 1687 1698 1697
f 1689 1698 1688
f 1689 1700 1699
f 1690 1691 1700
f 1692 1701 1691
f 1693 1702 1692
f 1694 1703 1693
f 1695 1704 1694
f 1696 1705 1695
f 1696 1707 1706
f 1697 1708 1707
f 1698 1709 1708
f 1699 1710 1709
f 1700 1701 1710
f 1711 1722 1721
f 1712 1723 1722
f 1713 1724 1723
f 1714 1725 1724
f 1715 1726 1725
f 1717 1726 1716
f 1718 1727 1717
f 1719 1728 1718
f 1720 1729 1719
f 1711 1730 1720
f 1722 1731 1721
f 1722 1733 1732
f 1724 1733 1723
f 1725 1734 1724
f 1725 1736 1735
f 1727 1736 1726
f 1727 1738 1737
f 1729 1738 1728
f 1730 1739 1729
f 1721 1740 1730
f 1731 1742 1741
f 1732 1743 1742
f 1734 1743 1733
f 1735 1744 1734
f 1735 1746 1745
f 1737 1746 1736
f 1737 1748 1747
f 1738 1749 1748
f 1739 1750 1749
f 1731 1750 1740
f 1742 1751 1741
f 1743 1752 1742
f 1744 1753 1743
f 1745 1754 1744
f 1746 1755 1745
f 1747 1756 1746
f 1747 1758 1757
f 1748 1759 1758
f 1749 1760 1759
f 1750 1751 1760
f 1751 1762 1761
f 1752 1763 1762
f 1753 1764 1763
f 1754 1765 1764
f 1755 1766 1765
f 1756 1767 1766
f 1758 1767 1757
f 1759 1768 1758
f 1759 1770 1769
f 1760 1761 1770
f 1762 1771 1761
f 1763 1772 1762
f 1763 1774 1773
f 1764 1775 1774
f 1765 1776 1775
f 1766 1777 1776
f 1768 1777 1767
f 1769 1778 1768
f 1770 1779 1769
f 1770 1771 1780
f 1771 1782 1781
f 1772 1783 1782
f 1773 1784 1783
f 1775 1784 1774
f 1775 1786 1785
f 1777 1786 1776
f 1778 1787 1777
f 1779 1788 1778
f 1779 1790 1789
f 1780 1781 1790
f 1782 1791 1781
f 1783 1792 1782
f 1784 1793 1783
f 1785 1794 1784
f 1786 1795 1785
f 1787 1796 1786
f 1787 1798 1797
f 1788 1799 1798
f 1789 1800 1799
f 1781 1800 1790
f 1792 1801 1791
f 1792 1803 1802
f 1794 1803 1793
f 1795 1804 1794
f 1796 1805 1795
f 1797 1806 1796
f 1797 1808 1807
f 1798 1809 1808
f 1799 1810 1809
f 1800 1801 1810
f 1802 1811 1801
f 1802 1813 1812
f 1804 1813 1803
f 1804 1815 1814
f 1806 1815 1805
f 1806 1817 1816
f 1808 1817 1807
f 1808 1819 1818
f 1809 1820 1819
f 1810 1811 1820
f 1812 1821 1811
f 1813 1822 1812
f 1813 1824 1823
f 1815 1824 1814
f 1816 1825 1815
f 1816 1827 1826
f 1817 1828 1827
f 1819 1828 1818
f 1819 1830 1829
f 1820 1821 1830
f 1822 1831 1821
f 1822 1833 1832
f 1823 1834 1833
f 1824 1835 1834
f 1826 1835 1825
f 1826 1837 1836
f 1827 1838 1837
f 1829 1838 1828
f 1830 1839 1829
f 1830 1831 1840
f 1831 1842 1841
f 1833 1842 1832
f 1834 1843 1833
f 1834 1845 1844
f 1836 1845 1835
f 1836 1847 1846
f 1838 1847 1837
f 1839 1848 1838
f 1840 1849 1839
f 1831 1850 1840
f 1842 1851 1841
f 1842 1853 1852
f 1843 1854 1853
f 1845 1854 1844
f 1845 1856 1855
f 1847 1856 1846
f 1848 1857 1847
f 1849 1858 1848
f 1850 1859 1849
f 1850 1851 1860
f 1851 1862 1861
f 1853 1862 1852
f 1854 1863 1853
f 1854 1865 1864
f 1856 1865 1855
f 1856 1867 1866
f 1857 1868 1867
f 1858 1869 1868
f 1859 1870 1869
f 1851 1870 1860
f 1862 1871 1861
f 1862 1873 1872
f 1864 1873 1863
f 1865 1874 1864
f 1865 1876 1875
f 1866 1877 1876
f 1867 1878 1877
f 1869 1878 1868
f 1869 1880 1879
f 1861 1880 1870
f 1871 1882 1881
f 1873 1882 1872
f 1874 1883 1873
f 1875 1884 1874
f 1875 1886 1885
f 1877 1886 1876
f 1878 1887 1877
f 1878 1889 1888
f 1879 1890 1889
f 1871 1890 1880
f 1881 1892 1891
f 1883 1892 1882
f 1884 1893 1883
f 1884 1895 1894
f 1885 1896 1895
f 1887 1896 1886
f 1888 1897 1887
f 1888 1899 1898
f 1890 1899 1889
f 1890 1891 1900
f 1892 1901 1891
f 1893 1902 1892
f 1893 1904 1903
f 1895 1904 1894
f 1895 1906 1905
f 1897 1906 1896
f 1897 1908 1907
f 1899 1908 1898
f 1900 1909 1899
f 1900 1901 1910
f 1901 1912 1911
f 1903 1912 1902
f 1903 1914 1913
f 1904 1915 1914
f 1906 1915 1905
f 1907 1916 1906
f 1908 1917 1907
f 1909 1918 1908
f 1910 1919 1909
f 1901 1920 1910
f 1911 1922 1921
f 1912 1923 1922
f 1913 1924 1923
f 1914 1925 1924
f 1915 1926 1925
f 1916 1927 1926
f 1918 1927 1917
f 1919 1928 1918
f 1920 1929 1919
f 1920 1921 1930
f 1922 1931 1921
f 1922 1933 1932
f 1924 1933 1923
f 1924 1935 1934
f 1926 1935 1925
f 1926 1937 1936
f 1927 1938 1937
f 1928 1939 1938
f 1929 1940 1939
f 1921 1940 1930
f 1932 1941 1931
f 1932 1943 1942
f 1934 1943 1933
f 1935 1944 1934
f 1936 1945 1935
f 1936 1947 1946
f 1937 1948 1947
f 1938 1949 1948
f 1939 1950 1949
f 1940 1941 1950
f 1941 1952 1951
f 1942 1953 1952
f 1944 1953 1943
f 1945 1954 1944
f 1945 1956 1955
f 1947 1956 1946
f 1947 1958 1957
f 1948 1959 1958
f 1950 1959 1949
f 1950 1951 1960
f 1951 1962 1961
f 1952 1963 1962
f 1953 1964 1963
f 1954 1965 1964
f 1955 1966 1965
f 1956 1967 1966
f 1957 1968 1967
f 1959 1968 1958
f 1960 1969 1959
f 1951 1970 1960
f 1962 1971 1961
f 1963 1972 1962
f 1963 1974 1973
f 1964 1975 1974
f 1966 1975 1965
f 1966 1977 1976
f 1968 1977 1967
f 1969 1978 1968
f 1970 1979 1969
f 1970 1971 1980
f 1971 1982 1981
f 1973 1982 1972
f 1974 1983 1973
f 1974 1985 1984
f 1976 1985 1975
f 1976 1987 1986
f 1978 1987 1977
f 1979 1988 1978
f 1979 1990 1989
f 1980 1981 1990
f 1982 1991 1981
f 1983 1992 1982
f 1983 1994 1993
f 1985 1994 1984
f 1986 1995 1985
f 1986 1997 1996
f 1988 1997 1987
f 1989 1998 1988
f 1989 2000 1999
f 1990 1991 2000
f 1991 2002 2001
f 1993 2002 1992
f 1994 2003 1993
f 1994 2005 2004
f 1995 2006 2005
f 1997 2006 1996
f 1997 2008 2007
f 1998 2009 2008
f 2000 2009 1999
f 1991 2010 2000
f 2002 2011 2001
f 2002 2013 2012
f 2004 2013 2003
f 2005 2014 2004
f 2005 2016 2015
f 2007 2016 2006
f 2007 2018 2017
f 2009 2018 2008
f 2010 2019 2009
f 2001 2020 2010
f 2011 2022 2021
f 2012 2023 2022
f 2014 2023 2013
f 2015 2024 2014
f 2015 2026 2025
f 2017 2026 2016
f 2017 2028 2027
f 2018 2029 2028
f 2019 2030 2029
f 2011 2030 2020
f 2022 2031 2021
f 2023 2032 2022
f 2024 2033 2023
f 2025 2034 2024
f 2026 2035 2025
f 2027 2036 2026
f 2027 2038 2037
f 2028 2039 2038
f 2029 2040 2039
f 2030 2031 2040
f 2031 2042 2041
f 2032 2043 2042
f 2033 2044 2043
f 2034 2045 2044
f 2035 2046 2045
f 2036 2047 2046
f 2038 2047 2037
f 2039 2048 2038
f 2039 2050 2049
f 2040 2041 2050
f 2042 2051 2041
f 2043 2052 2042
f 2043 2054 2053
f 2044 2055 2054
f 2045 2056 2055
f 2046 2057 2056
f 2048 2057 2047
f 2049 2058 2048
f 2050 2059 2049
f 2050 2051 2060
f 2051 2062 2061
f 2052 2063 2062
f 2053 2064 2063
f 2055 2064 2054
f 2055 2066 2065
f 2057 2066 2056
f 2058 2067 2057
f 2059 2068 2058
f 2059 2070 2069
f 2060 2061 2070
f 2062 2071 2061
f 2063 2072 2062
f 2064 2073 2063
f 2065 2074 2064
f 2066 2075 2065
f 2067 2076 2066
f 2067 2078 2077
f 2068 2079 2078
f 2069 2080 2079
f 2061 2080 2070
f 2072 2081 2071
f 2072 2083 2082
f 2074 2083 2073
f 2075 2084 2074
f 2076 2085 2075
f 2077 2086 2076
f 2077 2088 2087
f 2078 2089 2088
f 2079 2090 2089
f 2080 2081 2090
f 2082 2091 2081
f 2082 2093 2092
f 2084 2093 2083
f 2084 2095 2094
f 2086 2095 2085
f 2086 2097 2096
f 2088 2097 2087
f 2088 2099 2098
f 2089 2100 2099
f 2090 2091 2100
f 2092 2101 2091
f 2093 2102 2092
f 2093 2104 2103
f 2095 2104 2094
f 2096 2105 2095
f 2096 2107 2106
f 2097 2108 2107
f 2099 2108 2098
f 2099 2110 2109
f 2100 2101 2110
f 2102 2111 2101
f 2102 2113 2112
f 2103 2114 2113
f 2104 2115 2114
f 2106 2115 2105
f 2106 2117 2116
f 2107 2118 2117
f 2109 2118 2108
f 2110 2119 2109
f 2110 2111 2120
f 2111 2122 2121
f 2113 2122 2112
f 2114 2123 2113
f 2114 2125 2124
f 2116 2125 2115
f 2116 2127 2126
f 2118 2127 2117
f 2119 2128 2118
f 2120 2129 2119
f 2111 2130 2120
f 2122 2131 2121
f 2122 2133 2132
f 2123 2134 2133
f 2125 2134 2124
f 2125 2136 2135
f 2127 2136 2126
f 2128 2137 2127
f 2129 2138 2128
f 2130 2139 2129
f 2130 2131 2140
f 2131 2142 2141
f 2133 2142 2132
f 2134 2143 2133
f 2134 2145 2144
f 2136 2145 2135
f 2136 2147 2146
f 2137 2148 2147
f 2138 2149 2148
f 2139 2150 2149
f 2131 2150 2140
f 2142 2151 2141
f 2142 2153 2152
f 2144 2153 2143
f 2145 2154 2144
f 2145 2156 2155
f 2146 2157 2156
f 2147 2158 2157
f 2149 2158 2148
f 2149 2160 2159
f 2141 2160 2150
f 2151 2162 2161
f 2153 2162 2152
f 2154 2163 2153
f 2155 2164 2154
f 2155 2166 2165
f 2157 2166 2156
f 2158 2167 2157
f 2158 2169 2168
f 2159 2170 2169
f 2151 2170 2160
f 2161 2172 2171
f 2163 2172 2162
f 2164 2173 2163
f 2164 2175 2174
f 2165 2176 2175
f 2167 2176 2166
f 2168 2177 2167
f 2168 2179 2178
f 2170 2179 2169
f 2170 2171 2180
f 2172 2181 2171
f 2173 2182 2172
f 2173 2184 2183
f 2175 2184 2174
f 2175 2186 2185
f 2177 2186 2176
f 2177 2188 2187
f 2179 2188 2178
f 2180 2189 2179
f 2180 2181 2190
f 2181 2192 2191
f 2183 2192 2182
f 2183 2194 2193
f 2184 2195 2194
f 2186 2195 2185
f 2187 2196 2186
f 2188 2197 2187
f 2189 2198 2188
f 2190 2199 2189
f 2181 2200 2190
f 2191 2202 2201
f 2192 2203 2202
f 2193 2204 2203
f 2194 2205 2204
f 2195 2206 2205
f 2196 2207 2206
f 2198 2207 2197
f 2199 2208 2198
f 2200 2209 2199
f 2200 2201 2210
f 2202 2211 2201
f 2202 2213 2212
f 2204 2213 2203
f 2204 2215 2214
f 2206 2215 2205
f 2206 2217 2216
f 2207 2218 2217
f 2208 2219 2218
f 2209 2220 2219
f 2201 2220 2210
f 2212 2221 2211
f 2212 2223 2222
f 2214 2223 2213
f 2215 2224 2214
f 2216 2225 2215
f 2216 2227 2226
f 2217 2228 2227
f 2218 2229 2228
f 2219 2230 2229
f 2220 2221 2230
f 2221 2232 2231
f 2222 2233 2232
f 2224 2233 2223
f 2225 2234 2224
f 2225 2236 2235
f 2227 2236 2226
f 2227 2238 2237
f 2228 2239 2238
f 2230 2239 2229
f 2230 2231 2240
f 2231 2242 2241
f 2232 2243 2242
f 2233 2244 2243
f 2234 2245 2244
f 2235 2246 2245
f 2236 2247 2246
f 2237 2248 2247
f 2239 2248 2238
f 2240 2249 2239
f 2231 2250 2240
f 2242 2251 2241
f 2243 2252 2242
f 2243 2254 2253
f 2244 2255 2254
f 2246 2255 2245
f 2246 2257 2256
f 2248 2257 2247
f 2249 2258 2248
f 2250 2259 2249
f 2250 2251 2260
f 2251 2262 2261
f 2253 2262 2252
f 2254 2263 2253
f 2254 2265 2264
f 2256 2265 2255
f 2256 2267 2266
f 2258 2267 2257
f 2259 2268 2258
f 2259 2270 2269
f 2260 2261 2270
f 2262 2271 2261
f 2263 2272 2262
f 2264 2273 2263
f 2265 2274 2264
f 2266 2275 2265
f 2266 2277 2276
f 2267 2278 2277
f 2268 2279 2278
f 2269 2280 2279
f 2270 2271 2280
f 2281 2292 2291
f 2282 2293 2292
f 2283 2294 2293
f 2284 2295 2294
f 2285 2296 2295
f 2287 2296 2286
f 2288 2297 2287
f 2289 2298 2288
f 2290 2299 2289
f 2281 2300 2290
f 2291 2302 2301
f 2292 2303 2302
f 2293 2304 2303
f 2294 2305 2304
f 2296 2305 2295
f 2297 2306 2296
f 2298 2307 2297
f 2299 2308 2298
f 2300 2309 2299
f 2300 2301 2310
f 2301 2312 2311
f 2302 2313 2312
f 2303 2314 2313
f 2305 2314 2304
f 2306 2315 2305
f 2307 2316 2306
f 2308 2317 2307
f 2309 2318 2308
f 2309 2320 2319
f 2310 2311 2320
f 2311 2322 2321
f 2312 2323 2322
f 2313 2324 2323
f 2315 2324 2314
f 2316 2325 2315
f 2317 2326 2316
f 2318 2327 2317
f 2319 2328 2318
f 2319 2330 2329
f 2320 2321 2330
f 2321 2332 2331
f 2322 2333 2332
f 2323 2334 2333
f 2325 2334 2324
f 2326 2335 2325
f 2327 2336 2326
f 2328 2337 2327
f 2329 2338 2328
f 2329 2340 2339
f 2330 2331 2340
f 2331 2342 2341
f 2332 2343 2342
f 2333 2344 2343
f 2335 2344 2334
f 2336 2345 2335
f 2337 2346 2336
f 2338 2347 2337
f 2339 2348 2338
f 2339 2350 2349
f 2340 2341 2350
f 2341 2352 2351
f 2342 2353 2352
f 2343 2354 2353
f 2345 2354 2344
f 2346 2355 2345
f 2347 2356 2346
f 2348 2357 2347
f 2349 2358 2348
f 2349 2360 2359
f 2350 2351 2360
f 2351 2362 2361
f 2352 2363 2362
f 2353 2364 2363
f 2355 2364 2354
f 2356 2365 2355
f 2357 2366 2356
f 2358 2367 2357
f 2359 2368 2358
f 2359 2370 2369
f 2360 2361 2370
f 2361 2372 2371
f 2362 2373 2372
f 2364 2373 2363
f 2365 2374 2364
f 2366 2375 2365
f 2367 2376 2366
f 2368 2377 2367
f 2369 2378 2368
f 2369 2380 2379
f 2370 2371 2380
f 2371 2382 2381
f 2372 2383 2382
f 2374 2383 2373
f 2375 2384 2374
f 2376 2385 2375
f 2377 2386 2376
f 2378 2387 2377
f 2379 2388 2378
f 2379 2390 2389
f 2380 2381 2390
f 2381 2392 2391
f 2382 2393 2392
f 2384 2393 2383
f 2385 2394 2384
f 2386 2395 2385
f 2387 2396 2386
f 2388 2397 2387
f 2389 2398 2388
f 2389 2400 2399
f 2390 2391 2400
f 2391 2402 2401
f 2393 2402 2392
f 2394 2403 2393
f 2395 2404 2394
f 2396 2405 2395
f 2397 2406 2396
f 2398 2407 2397
f 2399 2408 2398
f 2399 2410 2409
f 2400 2401 2410
f 2401 2412 2411
f 2402 2413 2412
f 2403 2414 2413
f 2405 2414 2404
f 2406 2415 2405
f 2407 2416 2406
f 2408 2417 2407
f 2409 2418 2408
f 2409 2420 2419
f 2410 2411 2420
f 2412 2421 2411
f 2413 2422 2412
f 2414 2423 2413
f 2415 2424 2414
f 2415 2426 2425
f 2416 2427 2426
f 2417 2428 2427
f 2418 2429 2428
f 2420 2429 2419
f 2411 2430 2420
f 2422 2431 2421
f 2423 2432 2422
f 2424 2433 2423
f 2424 2435 2434
f 2425 2436 2435
f 2426 2437 2436
f 2427 2438 2437
f 2428 2439 2438
f 2430 2439 2429
f 2421 2440 2430
f 2432 2441 2431
f 2433 2442 2432
f 2434 2443 2433
f 2435 2444 2434
f 2435 2446 2445
f 2436 2447 2446
f 2437 2448 2447
f 2439 2448 2438
f 2440 2449 2439
f 2431 2450 2440
f 2442 2451 2441
f 2443 2452 2442
f 2444 2453 2443
f 2445 2454 2444
f 2446 2455 2445
f 2447 2456 2446
f 2447 2458 2457
f 2448 2459 2458
f 2450 2459 2449
f 2441 2460 2450
f 2452 2461 2451
f 2453 2462 2452
f 2453 2464 2463
f 2454 2465 2464
f 2455 2466 2465
f 2456 2467 2466
f 2457 2468 2467
f 2459 2468 2458
f 2460 2469 2459
f 2451 2470 2460
f 2471 2282 2281
f 2471 2283 2282
f 2471 2284 2283
f 2471 2285 2284
f 2471 2286 2285
f 2471 2287 2286
f 2471 2288 2287
f 2471 2289 2288
f 2471 2290 2289
f 2471 2281 2290
f 2461 2462 2472
f 2462 2463 2472
f 2463 2464 2472
f 2464 2465 2472
f 2465 2466 2472
f 2466 2467 2472
f 2467 2468 2472
f 2468 2469 2472
f 2469 2470 2472
f 2470 2461 2472
f 2473 2484 2483
f 2474 2485 2484
f 2475 2486 2485
f 2477 2486 2476
f 2478 2487 2477
f 2479 2488 2478
f 2480 2489 2479
f 2481 2490 2480
f 2481 2492 2491
f 2482 2483 2492
f 2483 2494 2493
f 2485 2494 2484
f 2486 2495 2485
f 2487 2496 2486
f 2488 2497 2487
f 2489 2498 2488
f 2490 2499 2489
f 2490 2501 2500
f 2491 2502 2501
f 2492 2493 2502
f 2493 2504 2503
f 2495 2504 2494
f 2496 2505 2495
f 2497 2506 2496
f 2498 2507 2497
f 2499 2508 2498
f 2499 2510 2509
f 2500 2511 2510
f 2501 2512 2511
f 2502 2503 2512
f 2503 2514 2513
f 2505 2514 2504
f 2506 2515 2505
f 2507 2516 2506
f 2508 2517 2507
f 2509 2518 2508
f 2509 2520 2519
f 2510 2521 2520
f 2511 2522 2521
f 2512 2513 2522
f 2513 2524 2523
f 2515 2524 2514
f 2516 2525 2515
f 2517 2526 2516
f 2518 2527 2517
f 2519 2528 2518
f 2519 2530 2529
f 2520 2531 2530
f 2521 2532 2531
f 2522 2523 2532
f 2523 2534 2533
f 2525 2534 2524
f 2526 2535 2525
f 2527 2536 2526
f 2528 2537 2527
f 2529 2538 2528
f 2529 2540 2539
f 2530 2541 2540
f 2531 2542 2541
f 2532 2533 2542
f 2533 2544 2543
f 2535 2544 2534
f 2536 2545 2535
f 2537 2546 2536
f 2538 2547 2537
f 2539 2548 2538
f 2539 2550 2549
f 2540 2551 2550
f 2541 2552 2551
f 2542 2543 2552
f 2543 2554 2553
f 2545 2554 2544
f 2546 2555 2545
f 2547 2556 2546
f 2548 2557 2547
f 2549 2558 2548
f 2549 2560 2559
f 2550 2561 2560
f 2551 2562 2561
f 2552 2553 2562
f 2553 2564 2563
f 2555 2564 2554
f 2556 2565 2555
f 2557 2566 2556
f 2558 2567 2557
f 2559 2568 2558
f 2559 2570 2569
f 2560 2571 2570
f 2561 2572 2571
f 2562 2563 2572
f 2563 2574 2573
f 2565 2574 2564
f 2566 2575 2565
f 2567 2576 2566
f 2568 2577 2567
f 2568 2579 2578
f 2569 2580 2579
f 2570 2581 2580
f 2571 2582 2581
f 2572 2573 2582
f 2573 2584 2583
f 2575 2584 2574
f 2576 2585 2575
f 2577 2586 2576
f 2578 2587 2577
f 2578 2589 2588
f 2579 2590 2589
f 2580 2591 2590
f 2581 2592 2591
f 2582 2583 2592
f 2583 2594 2593
f 2585 2594 2584
f 2586 2595 2585
f 2587 2596 2586
f 2587 2598 2597
f 2588 2599 2598
f 2589 2600 2599
f 2590 2601 2600
f 2591 2602 2601
f 2592 2593 2602
f 2593 2604 2603
f 2595 2604 2594
f 2596 2605 2595
f 2597 2606 2596
f 2598 2607 2597
f 2599 2608 2598
f 2599 2610 2609
f 2600 2611 2610
f 2601 2612 2611
f 2602 2603 2612
f 2604 2613 2603
f 2604 2615 2614
f 2605 2616 2615
f 2606 2617 2616
f 2607 2618 2617
f 2608 2619 2618
f 2609 2620 2619
f 2611 2620 2610
f 2612 2621 2611
f 2603 2622 2612
f 2614 2623 2613
f 2614 2625 2624
f 2615 2626 2625
f 2616 2627 2626
f 2617 2628 2627
f 2618 2629 2628
f 2620 2629 2619
f 2621 2630 2620
f 2622 2631 2621
f 2613 2632 2622
f 2624 2633 2623
f 2625 2634 2624
f 2626 2635 2625
f 2626 2637 2636
f 2628 2637 2627
f 2629 2638 2628
f 2630 2639 2629
f 2631 2640 2630
f 2632 2641 2631
f 2623 2642 2632
f 2634 2643 2633
f 2635 2644 2634
f 2636 2645 2635
f 2636 2647 2646
f 2637 2648 2647
f 2639 2648 2638
f 2639 2650 2649
f 2641 2650 2640
f 2641 2652 2651
f 2633 2652 2642
f 2643 2654 2653
f 2644 2655 2654
f 2645 2656 2655
f 2646 2657 2656
f 2647 2658 2657
f 2649 2658 2648
f 2650 2659 2649
f 2651 2660 2650
f 2652 2661 2651
f 2643 2662 2652
f 2663 2474 2473
f 2663 2475 2474
f 2663 2476 2475
f 2663 2477 2476
f 2663 2478 2477
f 2663 2479 2478
f 2663 2480 2479
f 2663 2481 2480
f 2663 2482 2481
f 2663 2473 2482
f 2653 2654 2664
f 2654 2655 2664
f 2655 2656 2664
f 2656 2657 2664
f 2657 2658 2664
f 2658 2659 2664
f 2659 2660 2664
f 2660 2661 2664
f 2661 2662 2664
f 2662 2653 2664
f 2666 2675 2665
f 2667 2676 2666
f 2668 2677 2667
f 2669 2678 2668
f 2670 2679 2669
f 2670 2681 2680
f 2671 2682 2681
f 2672 2683 2682
f 2673 2684 2683
f 2674 2675 2684
f 2676 2685 2675
f 2677 2686 2676
f 2678 2687 2677
f 2679 2688 2678
f 2679 2690 2689
f 2680 2691 2690
f 2681 2692 2691
f 2682 2693 2692
f 2683 2694 2693
f 2675 2694 2684
f 2686 2695 2685
f 2687 2696 2686
f 2688 2697 2687
f 2688 2699 2698
f 2689 2700 2699
f 2690 2701 2700
f 2691 2702 2701
f 2692 2703 2702
f 2694 2703 2693
f 2685 2704 2694
f 2696 2705 2695
f 2697 2706 2696
f 2698 2707 2697
f 2698 2709 2708
f 2699 2710 2709
f 2700 2711 2710
f 2701 2712 2711
f 2702 2713 2712
f 2704 2713 2703
f 2695 2714 2704
f 2706 2715 2705
f 2707 2716 2706
f 2708 2717 2707
f 2708 2719 2718
f 2709 2720 2719
f 2710 2721 2720
f 2711 2722 2721
f 2712 2723 2722
f 2714 2723 2713
f 2705 2724 2714
f 2716 2725 2715
f 2717 2726 2716
f 2718 2727 2717
f 2718 2729 2728
f 2719 2730 2729
f 2720 2731 2730
f 2721 2732 2731
f 2722 2733 2732
f 2724 2733 2723
f 2715 2734 2724
f 2726 2735 2725
f 2727 2736 2726
f 2728 2737 2727
f 2728 2739 2738
f 2729 2740 2739
f 2730 2741 2740
f 2731 2742 2741
f 2732 2743 2742
f 2734 2743 2733
f 2725 2744 2734
f 2736 2745 2735
f 2737 2746 2736
f 2738 2747 2737
f 2738 2749 2748
f 2739 2750 2749
f 2740 2751 2750
f 2741 2752 2751
f 2742 2753 2752
f 2744 2753 2743
f 2735 2754 2744
f 2746 2755 2745
f 2747 2756 2746
f 2748 2757 2747
f 2748 2759 2758
f 2749 2760 2759
f 2750 2761 2760
f 2751 2762 2761
f 2753 2762 2752
f 2754 2763 2753
f 2745 2764 2754
f 2756 2765 2755
f 2757 2766 2756
f 2758 2767 2757
f 2758 2769 2768
f 2759 2770 2769
f 2760 2771 2770
f 2761 2772 2771
f 2763 2772 2762
f 2764 2773 2763
f 2755 2774 2764
f 2766 2775 2765
f 2767 2776 2766
f 2768 2777 2767
f 2768 2779 2778
f 2769 2780 2779
f 2770 2781 2780
f 2771 2782 2781
f 2773 2782 2772
f 2774 2783 2773
f 2765 2784 2774
f 2776 2785 2775
f 2777 2786 2776
f 2778 2787 2777
f 2778 2789 2788
f 2779 2790 2789
f 2780 2791 2790
f 2782 2791 2781
f 2783 2792 2782
f 2784 2793 2783
f 2775 2794 2784
f 2786 2795 2785
f 2787 2796 2786
f 2788 2797 2787
f 2788 2799 2798
f 2789 2800 2799
f 2790 2801 2800
f 2791 2802 2801
f 2792 2803 2802
f 2794 2803 2793
f 2785 2804 2794
f 2795 2806 2805
f 2796 2807 2806
f 2797 2808 2807
f 2799 2808 2798
f 2800 2809 2799
f 2801 2810 2800
f 2802 2811 2801
f 2803 2812 2802
f 2804 2813 2803
f 2804 2805 2814
f 2805 2816 2815
f 2806 2817 2816
f 2807 2818 2817
f 2809 2818 2808
f 2810 2819 2809
f 2811 2820 2810
f 2812 2821 2811
f 2813 2822 2812
f 2813 2824 2823
f 2814 2815 2824
f 2815 2826 2825
f 2816 2827 2826
f 2818 2827 2817
f 2819 2828 2818
f 2820 2829 2819
f 2821 2830 2820
f 2822 2831 2821
f 2823 2832 2822
f 2824 2833 2823
f 2824 2825 2834
f 2826 2835 2825
f 2826 2837 2836
f 2827 2838 2837
f 2829 2838 2828
f 2830 2839 2829
f 2831 2840 2830
f 2832 2841 2831
f 2833 2842 2832
f 2834 2843 2833
f 2825 2844 2834
f 2835 2846 2845
f 2836 2847 2846
f 2838 2847 2837
f 2839 2848 2838
f 2840 2849 2839
f 2841 2850 2840
f 2842 2851 2841
f 2842 2853 2852
f 2843 2854 2853
f 2844 2845 2854
f 2855 2666 2665
f 2855 2667 2666
f 2855 2668 2667
f 2855 2669 2668
f 2855 2670 2669
f 2855 2671 2670
f 2855 2672 2671
f 2855 2673 2672
f 2855 2674 2673
f 2855 2665 2674
f 2845 2846 2856
f 2846 2847 2856
f 2847 2848 2856
f 2848 2849 2856
f 2849 2850 2856
f 2850 2851 2856
f 2851 2852 2856
f 2852 2853 2856
f 2853 2854 2856
f 2854 2845 2856
f 2858 2867 2857
f 2859 2868 2858
f 2860 2869 2859
f 2860 2871 2870
f 2861 2872 2871
f 2862 2873 2872
f 2863 2874 2873
f 2864 2875 2874
f 2866 2875 2865
f 2857 2876 2866
f 2868 2877 2867
f 2869 2878 2868
f 2869 2880 2879
f 2870 2881 2880
f 2871 2882 2881
f 2872 2883 2882
f 2874 2883 2873
f 2875 2884 2874
f 2876 2885 2875
f 2867 2886 2876
f 2878 2887 2877
f 2878 2889 2888
f 2879 2890 2889
f 2880 2891 2890
f 2881 2892 2891
f 2882 2893 2892
f 2884 2893 2883
f 2885 2894 2884
f 2886 2895 2885
f 2877 2896 2886
f 2888 2897 2887
f 2888 2899 2898
f 2889 2900 2899
f 2890 2901 2900
f 2891 2902 2901
f 2892 2903 2902
f 2894 2903 2893
f 2895 2904 2894
f 2896 2905 2895
f 2887 2906 2896
f 2898 2907 2897
f 2898 2909 2908
f 2899 2910 2909
f 2900 2911 2910
f 2901 2912 2911
f 2902 2913 2912
f 2904 2913 2903
f 2905 2914 2904
f 2906 2915 2905
f 2897 2916 2906
f 2908 2917 2907
f 2908 2919 2918
f 2909 2920 2919
f 2910 2921 2920
f 2911 2922 2921
f 2912 2923 2922
f 2914 2923 2913
f 2915 2924 2914
f 2916 2925 2915
f 2907 2926 2916
f 2918 2927 2917
f 2918 2929 2928
f 2919 2930 2929
f 2920 2931 2930
f 2921 2932 2931
f 2922 2933 2932
f 2924 2933 2923
f 2925 2934 2924
f 2926 2935 2925
f 2917 2936 2926
f 2928 2937 2927
f 2928 2939 2938
f 2929 2940 2939
f 2930 2941 2940
f 2931 2942 2941
f 2932 2943 2942
f 2934 2943 2933
f 2935 2944 2934
f 2936 2945 2935
f 2927 2946 2936
f 2938 2947 2937
f 2938 2949 2948
f 2939 2950 2949
f 2940 2951 2950
f 2941 2952 2951
f 2942 2953 2952
f 2944 2953 2943
f 2945 2954 2944
f 2946 2955 2945
f 2937 2956 2946
f 2947 2958 2957
f 2948 2959 2958
f 2949 2960 2959
f 2950 2961 2960
f 2951 2962 2961
f 2952 2963 2962
f 2954 2963 2953
f 2955 2964 2954
f 2956 2965 2955
f 2947 2966 2956
f 2957 2968 2967
f 2958 2969 2968
f 2959 2970 2969
f 2960 2971 2970
f 2961 2972 2971
f 2962 2973 2972
f 2964 2973 2963
f 2965 2974 2964
f 2966 2975 2965
f 2957 2976 2966
f 2967 2978 2977
f 2968 2979 2978
f 2969 2980 2979
f 2970 2981 2980
f 2971 2982 2981
f 2972 2983 2982
f 2974 2983 2973
f 2975 2984 2974
f 2976 2985 2975
f 2976 2977 2986
f 2978 2987 2977
f 2978 2989 2988
f 2979 2990 2989
f 2980 2991 2990
f 2981 2992 2991
f 2982 2993 2992
f 2984 2993 2983
f 2985 2994 2984
f 2986 2995 2985
f 2977 2996 2986
f 2987 2998 2997
f 2988 2999 2998
f 2990 2999 2989
f 2991 3000 2990
f 2992 3001 2991
f 2993 3002 2992
f 2993 3004 3003
f 2994 3005 3004
f 2995 3006 3005
f 2996 2997 3006
f 2997 3008 3007
f 2999 3008 2998
f 3000 3009 2999
f 3001 3010 3000
f 3002 3011 3001
f 3003 3012 3002
f 3003 3014 3013
f 3004 3015 3014
f 3005 3016 3015
f 3006 3007 3016
f 3008 3017 3007
f 3009 3018 3008
f 3010 3019 3009
f 3011 3020 3010
f 3012 3021 3011
f 3013 3022 3012
f 3014 3023 3013
f 3015 3024 3014
f 3015 3026 3025
f 3007 3026 3016
f 3018 3027 3017
f 3018 3029 3028
f 3020 3029 3019
f 3020 3031 3030
f 3022 3031 3021
f 3023 3032 3022
f 3024 3033 3023
f 3025 3034 3024
f 3025 3036 3035
f 3026 3027 3036
f 3028 3037 3027
f 3029 3038 3028
f 3030 3039 3029
f 3031 3040 3030
f 3032 3041 3031
f 3032 3043 3042
f 3033 3044 3043
f 3034 3045 3044
f 3035 3046 3045
f 3036 3037 3046
f 3047 2858 2857
f 3047 2859 2858
f 3047 2860 2859
f 3047 2861 2860
f 3047 2862 2861
f 3047 2863 2862
f 3047 2864 2863
f 3047 2865 2864
f 3047 2866 2865
f 3047 2857 2866
f 3037 3038 3048
f 3038 3039 3048
f 3039 3040 3048
f 3040 3041 3048
f 3041 3042 3048
f 3042 3043 3048
f 3043 3044 3048
f 3044 3045 3048
f 3045 3046 3048
f 3046 3037 3048
f 3049 3058 3057
f 3050 3059 3058
f 3051 3060 3059
f 3052 3061 3060
f 3054 3061 3053
f 3055 3062 3054
f 3056 3063 3055
f 3049 3064 3056
f 3057 3066 3065
f 3059 3066 3058
f 3059 3068 3067
f 3061 3068 3060
f 3061 3070 3069
f 3063 3070 3062
f 3063 3072 3071
f 3064 3065 3072
f 3065 3074 3073
f 3067 3074 3066
f 3067 3076 3075
f 3069 3076 3068
f 3070 3077 3069
f 3071 3078 3070
f 3071 3080 3079
f 3065 3080 3072
f 3073 3082 3081
f 3075 3082 3074
f 3075 3084 3083
f 3077 3084 3076
f 3078 3085 3077
f 3078 3087 3086
f 3080 3087 3079
f 3073 3088 3080
f 3081 3090 3089
f 3082 3091 3090
f 3084 3091 3083
f 3085 3092 3084
f 3085 3094 3093
f 3086 3095 3094
f 3088 3095 3087
f 3088 3089 3096
f 3089 3098 3097
f 3091 3098 3090
f 3092 3099 3091
f 3093 3100 3092
f 3094 3101 3093
f 3094 3103 3102
f 3095 3104 3103
f 3089 3104 3096
f 3097 3106 3105
f 3099 3106 3098
f 3100 3107 3099
f 3101 3108 3100
f 3102 3109 3101
f 3103 3110 3102
f 3104 3111 3103
f 3097 3112 3104
f 3106 3113 3105
f 3106 3115 3114
f 3108 3115 3107
f 3108 3117 3116
f 3110 3117 3109
f 3111 3118 3110
f 3112 3119 3111
f 3112 3113 3120
f 3113 3122 3121
f 3114 3123 3122
f 3115 3124 3123
f 3116 3125 3124
f 3118 3125 3117
f 3118 3127 3126
f 3120 3127 3119
f 3113 3128 3120
f 3121 3130 3129
f 3123 3130 3122
f 3123 3132 3131
f 3124 3133 3132
f 3125 3134 3133
f 3127 3134 3126
f 3127 3136 3135
f 3128 3129 3136
f 3130 3137 3129
f 3130 3139 3138
f 3131 3140 3139
f 3132 3141 3140
f 3134 3141 3133
f 3135 3142 3134
f 3136 3143 3135
f 3129 3144 3136
f 3137 3146 3145
f 3139 3146 3138
f 3139 3148 3147
f 3141 3148 3140
f 3141 3150 3149
f 3143 3150 3142
f 3143 3152 3151
f 3144 3145 3152
f 3146 3153 3145
f 3146 3155 3154
f 3148 3155 3147
f 3148 3157 3156
f 3150 3157 3149
f 3150 3159 3158
f 3152 3159 3151
f 3145 3160 3152
f 3154 3161 3153
f 3154 3163 3162
f 3155 3164 3163
f 3157 3164 3156
f 3157 3166 3165
f 3158 3167 3166
f 3159 3168 3167
f 3153 3168 3160
f 3162 3169 3161
f 3163 3170 3162
f 3163 3172 3171
f 3164 3173 3172
f 3166 3173 3165
f 3166 3175 3174
f 3168 3175 3167
f 3168 3169 3176
f 3170 3177 3169
f 3171 3178 3170
f 3171 3180 3179
f 3172 3181 3180
f 3173 3182 3181
f 3175 3182 3174
f 3175 3184 3183
f 3176 3177 3184
f 3177 3186 3185
f 3178 3187 3186
f 3180 3187 3179
f 3181 3188 3180
f 3182 3189 3181
f 3182 3191 3190
f 3184 3191 3183
f 3177 3192 3184
f 3185 3194 3193
f 3186 3195 3194
f 3187 3196 3195
f 3189 3196 3188
f 3189 3198 3197
f 3191 3198 3190
f 3192 3199 3191
f 3185 3200 3192
f 3193 3202 3201
f 3195 3202 3194
f 3196 3203 3195
f 3197 3204 3196
f 3198 3205 3197
f 3199 3206 3198
f 3200 3207 3199
f 3200 3201 3208
f 3201 3210 3209
f 3203 3210 3202
f 3204 3211 3203
f 3205 3212 3204
f 3205 3214 3213
f 3207 3214 3206
f 3207 3216 3215
f 3208 3209 3216
f 3210 3217 3209
f 3211 3218 3210
f 3212 3219 3211
f 3212 3221 3220
f 3214 3221 3213
f 3215 3222 3214
f 3216 3223 3215
f 3216 3217 3224
f 3217 3226 3225
f 3218 3227 3226
f 3220 3227 3219
f 3220 3229 3228
f 3221 3230 3229
f 3222 3231 3230
f 3224 3231 3223
f 3224 3225 3232
f 3226 3233 3225
f 3226 3235 3234
f 3228 3235 3227
f 3229 3236 3228
f 3230 3237 3229
f 3231 3238 3230
f 3232 3239 3231
f 3225 3240 3232
f 3234 3241 3233
f 3235 3242 3234
f 3236 3243 3235
f 3237 3244 3236
f 3237 3246 3245
f 3239 3246 3238
f 3239 3248 3247
f 3240 3241 3248
f 3242 3249 3241
f 3243 3250 3242
f 3243 3252 3251
f 3245 3252 3244
f 3245 3254 3253
f 3246 3255 3254
f 3247 3256 3255
f 3241 3256 3248
f 3249 3258 3257
f 3251 3258 3250
f 3252 3259 3251
f 3252 3261 3260
f 3254 3261 3253
f 3255 3262 3254
f 3255 3264 3263
f 3256 3257 3264
f 3258 3265 3257
f 3258 3267 3266
f 3260 3267 3259
f 3260 3269 3268
f 3261 3270 3269
f 3263 3270 3262
f 3264 3271 3263
f 3264 3265 3272
f 3266 3273 3265
f 3267 3274 3266
f 3267 3276 3275
f 3268 3277 3276
f 3270 3277 3269
f 3271 3278 3270
f 3271 3280 3279
f 3265 3280 3272
f 3274 3281 3273
f 3275 3282 3274
f 3276 3283 3275
f 3276 3285 3284
f 3277 3286 3285
f 3279 3286 3278
f 3279 3288 3287
f 3280 3281 3288
f 3282 3289 3281
f 3282 3291 3290
f 3284 3291 3283
f 3284 3293 3292
f 3286 3293 3285
f 3286 3295 3294
f 3288 3295 3287
f 3288 3289 3296
f 3290 3297 3289
f 3290 3299 3298
f 3292 3299 3291
f 3292 3301 3300
f 3294 3301 3293
f 3294 3303 3302
f 3296 3303 3295
f 3289 3304 3296
f 3298 3305 3297
f 3298 3307 3306
f 3300 3307 3299
f 3300 3309 3308
f 3301 3310 3309
f 3303 3310 3302
f 3304 3311 3303
f 3304 3305 3312
f 3306 3313 3305
f 3307 3314 3306
f 3307 3316 3315
f 3309 3316 3308
f 3310 3317 3309
f 3310 3319 3318
f 3311 3320 3319
f 3305 3320 3312
f 3313 3322 3321
f 3315 3322 3314
f 3315 3324 3323
f 3317 3324 3316
f 3317 3326 3325
f 3319 3326 3318
f 3319 3328 3327
f 3320 3321 3328
f 3321 3330 3329
f 3323 3330 3322
f 3323 3332 3331
f 3325 3332 3324
f 3326 3333 3325
f 3327 3334 3326
f 3327 3336 3335
f 3321 3336 3328
f 3329 3338 3337
f 3331 3338 3330
f 3331 3340 3339
f 3333 3340 3332
f 3334 3341 3333
f 3334 3343 3342
f 3336 3343 3335
f 3329 3344 3336
f 3337 3346 3345
f 3338 3347 3346
f 3340 3347 3339
f 3341 3348 3340
f 3341 3350 3349
f 3342 3351 3350
f 3344 3351 3343
f 3344 3345 3352
f 3345 3354 3353
f 3347 3354 3346
f 3348 3355 3347
f 3349 3356 3348
f 3350 3357 3349
f 3350 3359 3358
f 3351 3360 3359
f 3345 3360 3352
f 3353 3362 3361
f 3355 3362 3354
f 3356 3363 3355
f 3357 3364 3356
f 3358 3365 3357
f 3359 3366 3358
f 3360 3367 3359
f 3353 3368 3360
f 3362 3369 3361
f 3362 3371 3370
f 3364 3371 3363
f 3364 3373 3372
f 3366 3373 3365
f 3367 3374 3366
f 3368 3375 3367
f 3368 3369 3376
f 3369 3378 3377
f 3370 3379 3378
f 3371 3380 3379
f 3372 3381 3380
f 3374 3381 3373
f 3374 3383 3382
f 3376 3383 3375
f 3369 3384 3376
f 3377 3386 3385
f 3379 3386 3378
f 3379 3388 3387
f 3380 3389 3388
f 3381 3390 3389
f 3383 3390 3382
f 3383 3392 3391
f 3384 3385 3392
f 3386 3393 3385
f 3386 3395 3394
f 3387 3396 3395
f 3388 3397 3396
f 3390 3397 3389
f 3391 3398 3390
f 3392 3399 3391
f 3385 3400 3392
f 3393 3402 3401
f 3395 3402 3394
f 3395 3404 3403
f 3397 3404 3396
f 3397 3406 3405
f 3399 3406 3398
f 3399 3408 3407
f 3400 3401 3408
f 3402 3409 3401
f 3402 3411 3410
f 3404 3411 3403
f 3404 3413 3412
f 3406 3413 3405
f 3406 3415 3414
f 3408 3415 3407
f 3401 3416 3408
f 3410 3417 3409
f 3410 3419 3418
f 3411 3420 3419
f 3413 3420 3412
f 3413 3422 3421
f 3414 3423 3422
f 3415 3424 3423
f 3409 3424 3416
f 3418 3425 3417
f 3419 3426 3418
f 3419 3428 3427
f 3420 3429 3428
f 3422 3429 3421
f 3422 3431 3430
f 3424 3431 3423
f 3424 3425 3432
f 3426 3433 3425
f 3427 3434 3426
f 3427 3436 3435
f 3428 3437 3436
f 3429 3438 3437
f 3431 3438 3430
f 3431 3440 3439
f 3432 3433 3440
f 3433 3442 3441
f 3434 3443 3442
f 3436 3443 3435
f 3437 3444 3436
f 3438 3445 3437
f 3438 3447 3446
f 3440 3447 3439
f 3433 3448 3440
f 3441 3450 3449
f 3442 3451 3450
f 3443 3452 3451
f 3445 3452 3444
f 3445 3454 3453
f 3447 3454 3446
f 3448 3455 3447
f 3441 3456 3448
f 3449 3458 3457
f 3451 3458 3450
f 3452 3459 3451
f 3453 3460 3452
f 3454 3461 3453
f 3455 3462 3454
f 3456 3463 3455
f 3456 3457 3464
f 3457 3466 3465
f 3459 3466 3458
f 3460 3467 3459
f 3461 3468 3460
f 3461 3470 3469
f 3463 3470 3462
f 3463 3472 3471
f 3464 3465 3472
f 3466 3473 3465
f 3467 3474 3466
f 3468 3475 3467
f 3468 3477 3476
f 3470 3477 3469
f 3471 3478 3470
f 3472 3479 3471
f 3472 3473 3480
f 3473 3482 3481
f 3474 3483 3482
f 3476 3483 3475
f 3476 3485 3484
f 3477 3486 3485
f 3478 3487 3486
f 3480 3487 3479
f 3480 3481 3488
f 3482 3489 3481
f 3482 3491 3490
f 3484 3491 3483
f 3485 3492 3484
f 3486 3493 3485
f 3487 3494 3486
f 3488 3495 3487
f 3481 3496 3488
f 3490 3497 3489
f 3491 3498 3490
f 3492 3499 3491
f 3493 3500 3492
f 3493 3502 3501
f 3495 3502 3494
f 3495 3504 3503
f 3496 3497 3504
f 3498 3505 3497
f 3499 3506 3498
f 3499 3508 3507
f 3501 3508 3500
f 3501 3510 3509
f 3502 3511 3510
f 3503 3512 3511
f 3497 3512 3504
f 3505 3514 3513
f 3507 3514 3506
f 3508 3515 3507
f 3508 3517 3516
f 3510 3517 3509
f 3511 3518 3510
f 3511 3520 3519
f 3512 3513 3520
f 3514 3521 3513
f 3514 3523 3522
f 3516 3523 3515
f 3516 3525 3524
f 3517 3526 3525
f 3519 3526 3518
f 3520 3527 3519
f 3520 3521 3528
f 3522 3529 3521
f 3523 3530 3522
f 3523 3532 3531
f 3524 3533 3532
f 3526 3533 3525
f 3527 3534 3526
f 3527 3536 3535
f 3521 3536 3528
f 3530 3537 3529
f 3531 3538 3530
f 3532 3539 3531
f 3532 3541 3540
f 3533 3542 3541
f 3535 3542 3534
f 3535 3544 3543
f 3536 3537 3544
f 3538 3545 3537
f 3538 3547 3546
f 3540 3547 3539
f 3540 3549 3548
f 3542 3549 3541
f 3542 3551 3550
f 3544 3551 3543
f 3544 3545 3552
f 3546 3553 3545
f 3546 3555 3554
f 3548 3555 3547
f 3548 3557 3556
f 3550 3557 3549
f 3550 3559 3558
f 3552 3559 3551
f 3545 3560 3552
f 3554 3561 3553
f 3555 3562 3554
f 3556 3563 3555
f 3557 3564 3556
f 3557 3566 3565
f 3558 3567 3566
f 3559 3568 3567
f 3560 3561 3568
f 1 2 12
f 2 3 13
f 3 4 14
f 4 5 15
f 5 6 16
f 7 17 16
f 8 18 17
f 9 19 18
f 10 20 19
f 1 11 20
f 11 12 22
f 13 23 22
f 14 24 23
f 14 15 25
f 15 16 26
f 17 27 26
f 18 28 27
f 18 19 29
f 19 20 30
f 20 11 21
f 21 22 32
f 22 23 33
f 23 24 34
f 25 35 34
f 25 26 36
f 27 37 36
f 28 38 37
f 29 39 38
f 30 40 39
f 30 21 31
f 32 42 41
f 33 43 42
f 34 44 43
f 34 35 45
f 35 36 46
f 36 37 47
f 38 48 47
f 39 49 48
f 39 40 50
f 31 41 50
f 41 42 52
f 42 43 53
f 44 54 53
f 44 45 55
f 46 56 55
f 47 57 56
f 48 58 57
f 49 59 58
f 50 60 59
f 41 51 60
f 52 62 61
f 53 63 62
f 54 64 63
f 55 65 64
f 56 66 65
f 56 57 67
f 58 68 67
f 59 69 68
f 60 70 69
f 60 51 61
f 62 72 71
f 62 63 73
f 64 74 73
f 64 65 75
f 65 66 76
f 66 67 77
f 68 78 77
f 68 69 79
f 70 80 79
f 70 61 71
f 71 72 82
f 73 83 82
f 73 74 84
f 74 75 85
f 76 86 85
f 77 87 86
f 78 88 87
f 79 89 88
f 80 90 89
f 71 81 90
f 82 92 91
f 82 83 93
f 83 84 94
f 84 85 95
f 85 86 96
f 87 97 96
f 87 88 98
f 89 99 98
f 90 100 99
f 81 91 100
f 92 102 101
f 93 103 102
f 94 104 103
f 95 105 104
f 95 96 106
f 97 107 106
f 97 98 108
f 99 109 108
f 100 110 109
f 100 91 101
f 101 102 112
f 102 103 113
f 103 104 114
f 105 115 114
f 105 106 116
f 107 117 116
f 107 108 118
f 109 119 118
f 109 110 120
f 101 111 120
f 112 122 121
f 112 113 123
f 114 124 123
f 114 115 125
f 115 116 126
f 116 117 127
f 117 118 128
f 118 119 129
f 119 120 130
f 111 121 130
f 121 122 132
f 122 123 133
f 124 134 133
f 124 125 135
f 126 136 135
f 126 127 137
f 128 138 137
f 129 139 138
f 129 130 140
f 130 121 131
f 131 132 142
f 132 133 143
f 134 144 143
f 134 135 145
f 135 136 146
f 137 147 146
f 138 148 147
f 139 149 148
f 139 140 150
f 131 141 150
f 141 142 152
f 143 153 152
f 144 154 153
f 145 155 154
f 146 156 155
f 146 147 157
f 148 158 157
f 149 159 158
f 150 160 159
f 150 141 151
f 152 162 161
f 153 163 162
f 154 164 163
f 155 165 164
f 155 156 166
f 156 157 167
f 157 158 168
f 159 169 168
f 160 170 169
f 151 161 170
f 161 162 172
f 163 173 172
f 163 164 174
f 165 175 174
f 166 176 175
f 166 167 177
f 168 178 177
f 169 179 178
f 170 180 179
f 170 161 171
f 172 182 181
f 173 183 182
f 174 184 183
f 174 175 185
f 175 176 186
f 176 177 187
f 178 188 187
f 179 189 188
f 180 190 189
f 180 171 181
f 181 182 192
f 182 183 193
f 184 194 193
f 184 185 195
f 185 186 196
f 186 187 197
f 188 198 197
f 189 199 198
f 189 190 200
f 181 191 200
f 191 192 202
f 192 193 203
f 194 204 203
f 195 205 204
f 196 206 205
f 197 207 206
f 198 208 207
f 199 209 208
f 199 200 210
f 200 191 201
f 202 212 211
f 202 203 213
f 204 214 213
f 205 215 214
f 206 216 215
f 206 207 217
f 207 208 218
f 208 209 219
f 210 220 219
f 210 201 211
f 211 212 222
f 213 223 222
f 213 214 224
f 215 225 224
f 216 226 225
f 217 227 226
f 217 218 228
f 219 229 228
f 220 230 229
f 211 221 230
f 221 222 232
f 222 223 233
f 223 224 234
f 224 225 235
f 225 226 236
f 227 237 236
f 227 228 238
f 229 239 238
f 230 240 239
f 221 231 240
f 232 242 241
f 233 243 242
f 234 244 243
f 235 245 244
f 236 246 245
f 236 237 247
f 237 238 248
f 239 249 248
f 239 240 250
f 240 231 241
f 241 242 252
f 242 243 253
f 243 244 254
f 245 255 254
f 246 256 255
f 247 257 256
f 247 248 258
f 249 259 258
f 250 260 259
f 250 241 251
f 252 262 261
f 253 263 262
f 254 264 263
f 254 255 265
f 256 266 265
f 256 257 267
f 257 258 268
f 258 259 269
f 259 260 270
f 251 261 270
f 261 262 272
f 262 263 273
f 264 274 273
f 265 275 274
f 266 276 275
f 267 277 276
f 267 268 278
f 269 279 278
f 270 280 279
f 270 261 271
f 271 272 282
f 273 283 282
f 274 284 283
f 275 285 284
f 276 286 285
f 276 277 287
f 277 278 288
f 279 289 288
f 280 290 289
f 271 281 290
f 282 292 291
f 282 283 293
f 284 294 293
f 284 285 295
f 285 286 296
f 287 297 296
f 288 298 297
f 288 289 299
f 289 290 300
f 290 281 291
f 292 302 301
f 293 303 302
f 294 304 303
f 294 295 305
f 295 296 306
f 296 297 307
f 298 308 307
f 299 309 308
f 299 300 310
f 291 301 310
f 301 302 312
f 302 303 313
f 303 304 314
f 305 315 314
f 305 306 316
f 307 317 316
f 308 318 317
f 309 319 318
f 310 320 319
f 310 301 311
f 312 322 321
f 313 323 322
f 314 324 323
f 314 315 325
f 315 316 326
f 316 317 327
f 318 328 327
f 319 329 328
f 319 320 330
f 311 321 330
f 321 322 332
f 322 323 333
f 324 334 333
f 324 325 335
f 326 336 335
f 327 337 336
f 328 338 337
f 329 339 338
f 330 340 339
f 321 331 340
f 332 342 341
f 333 343 342
f 334 344 343
f 335 345 344
f 336 346 345
f 336 337 347
f 338 348 347
f 339 349 348
f 340 350 349
f 340 331 341
f 342 352 351
f 342 343 353
f 344 354 353
f 344 345 355
f 345 346 356
f 346 347 357
f 348 358 357
f 348 349 359
f 350 360 359
f 350 341 351
f 351 352 362
f 353 363 362
f 353 354 364
f 354 355 365
f 356 366 365
f 357 367 366
f 358 368 367
f 359 369 368
f 360 370 369
f 351 361 370
f 362 372 371
f 362 363 373
f 363 364 374
f 364 365 375
f 365 366 376
f 367 377 376
f 367 368 378
f 369 379 378
f 370 380 379
f 361 371 380
f 372 382 381
f 373 383 382
f 374 384 383
f 375 385 384
f 375 376 386
f 377 387 386
f 377 378 388
f 379 389 388
f 380 390 389
f 380 371 381
f 381 382 392
f 382 383 393
f 383 384 394
f 385 395 394
f 385 386 396
f 387 397 396
f 387 388 398
f 389 399 398
f 389 390 400
f 381 391 400
f 392 402 401
f 392 393 403
f 394 404 403
f 394 395 405
f 395 396 406
f 396 397 407
f 397 398 408
f 398 399 409
f 399 400 410
f 391 401 410
f 401 402 412
f 402 403 413
f 404 414 413
f 404 405 415
f 406 416 415
f 406 407 417
f 408 418 417
f 409 419 418
f 409 410 420
f 410 401 411
f 411 412 422
f 412 413 423
f 414 424 423
f 414 415 425
f 415 416 426
f 417 427 426
f 418 428 427
f 419 429 428
f 419 420 430
f 411 421 430
f 421 422 432
f 423 433 432
f 424 434 433
f 425 435 434
f 426 436 435
f 426 427 437
f 428 438 437
f 429 439 438
f 430 440 439
f 430 421 431
f 432 442 441
f 433 443 442
f 434 444 443
f 435 445 444
f 435 436 446
f 436 437 447
f 437 438 448
f 439 449 448
f 440 450 449
f 431 441 450
f 441 442 452
f 443 453 452
f 443 444 454
f 445 455 454
f 446 456 455
f 446 447 457
f 448 458 457
f 449 459 458
f 450 460 459
f 450 441 451
f 452 462 461
f 453 463 462
f 454 464 463
f 454 455 465
f 455 456 466
f 456 457 467
f 458 468 467
f 459 469 468
f 460 470 469
f 460 451 461
f 461 462 472
f 462 463 473
f 464 474 473
f 464 465 475
f 465 466 476
f 466 467 477
f 468 478 477
f 469 479 478
f 469 470 480
f 461 471 480
f 471 472 482
f 472 473 483
f 474 484 483
f 475 485 484
f 476 486 485
f 477 487 486
f 478 488 487
f 479 489 488
f 479 480 490
f 480 471 481
f 482 492 491
f 482 483 493
f 484 494 493
f 485 495 494
f 486 496 495
f 486 487 497
f 487 488 498
f 488 489 499
f 490 500 499
f 490 481 491
f 491 492 502
f 493 503 502
f 493 494 504
f 495 505 504
f 496 506 505
f 497 507 506
f 497 498 508
f 499 509 508
f 500 510 509
f 491 501 510
f 501 502 512
f 502 503 513
f 503 504 514
f 504 505 515
f 505 506 516
f 507 517 516
f 507 508 518
f 509 519 518
f 510 520 519
f 501 511 520
f 512 522 521
f 513 523 522
f 514 524 523
f 515 525 524
f 516 526 525
f 516 517 527
f 517 518 528
f 519 529 528
f 519 520 530
f 520 511 521
f 521 522 532
f 522 523 533
f 523 524 534
f 525 535 534
f 526 536 535
f 527 537 536
f 527 528 538
f 529 539 538
f 530 540 539
f 530 521 531
f 532 542 541
f 533 543 542
f 534 544 543
f 534 535 545
f 536 546 545
f 536 537 547
f 537 538 548
f 538 539 549
f 539 540 550
f 531 541 550
f 541 542 552
f 542 543 553
f 544 554 553
f 545 555 554
f 546 556 555
f 547 557 556
f 547 548 558
f 549 559 558
f 550 560 559
f 550 541 551
f 552 562 561
f 553 563 562
f 554 564 563
f 555 565 564
f 556 566 565
f 556 557 567
f 557 558 568
f 558 559 569
f 559 560 570
f 560 551 561
f 571 572 582
f 572 573 583
f 573 574 584
f 574 575 585
f 575 576 586
f 577 587 586
f 578 588 587
f 579 589 588
f 580 590 589
f 571 581 590
f 582 592 591
f 582 583 593
f 584 594 593
f 585 595 594
f 586 596 595
f 586 587 597
f 588 598 597
f 589 599 598
f 589 590 600
f 590 581 591
f 592 602 601
f 593 603 602
f 593 594 604
f 594 595 605
f 595 596 606
f 596 597 607
f 597 598 608
f 599 609 608
f 599 600 610
f 591 601 610
f 601 602 612
f 602 603 613
f 604 614 613
f 604 605 615
f 605 606 616
f 606 607 617
f 608 618 617
f 608 609 619
f 610 620 619
f 601 611 620
f 612 622 621
f 613 623 622
f 614 624 623
f 615 625 624
f 616 626 625
f 617 627 626
f 617 618 628
f 618 619 629
f 620 630 629
f 611 621 630
f 621 622 632
f 622 623 633
f 623 624 634
f 624 625 635
f 626 636 635
f 626 627 637
f 628 638 637
f 629 639 638
f 630 640 639
f 630 621 631
f 632 642 641
f 633 643 642
f 634 644 643
f 634 635 645
f 636 646 645
f 637 647 646
f 638 648 647
f 639 649 648
f 639 640 650
f 640 631 641
f 642 652 651
f 642 643 653
f 643 644 654
f 644 645 655
f 645 646 656
f 647 657 656
f 648 658 657
f 648 649 659
f 649 650 660
f 650 641 651
f 651 652 662
f 653 663 662
f 654 664 663
f 655 665 664
f 656 666 665
f 656 657 667
f 657 658 668
f 658 659 669
f 660 670 669
f 651 661 670
f 662 672 671
f 663 673 672
f 663 664 674
f 665 675 674
f 666 676 675
f 666 667 677
f 667 668 678
f 669 679 678
f 669 670 680
f 661 671 680
f 672 682 681
f 672 673 683
f 673 674 684
f 674 675 685
f 675 676 686
f 677 687 686
f 678 688 687
f 679 689 688
f 680 690 689
f 671 681 690
f 682 692 691
f 683 693 692
f 684 694 693
f 685 695 694
f 685 686 696
f 686 687 697
f 688 698 697
f 688 689 699
f 689 690 700
f 690 681 691
f 692 702 701
f 693 703 702
f 693 694 704
f 695 705 704
f 695 696 706
f 696 697 707
f 698 708 707
f 699 709 708
f 699 700 710
f 700 691 701
f 702 712 711
f 702 703 713
f 704 714 713
f 704 705 715
f 705 706 716
f 707 717 716
f 708 718 717
f 709 719 718
f 709 710 720
f 710 701 711
f 711 712 722
f 713 723 722
f 714 724 723
f 715 725 724
f 716 726 725
f 716 717 727
f 717 718 728
f 718 719 729
f 720 730 729
f 711 721 730
f 722 732 731
f 722 723 733
f 724 734 733
f 725 735 734
f 726 736 735
f 727 737 736
f 727 728 738
f 729 739 738
f 730 740 739
f 721 731 740
f 731 732 742
f 733 743 742
f 733 734 744
f 735 745 744
f 736 746 745
f 736 737 747
f 738 748 747
f 739 749 748
f 740 750 749
f 731 741 750
f 741 742 752
f 743 753 752
f 744 754 753
f 745 755 754
f 746 756 755
f 746 747 757
f 747 748 758
f 748 749 759
f 749 750 760
f 750 741 751
f 751 752 762
f 752 753 763
f 754 764 763
f 754 755 765
f 755 756 766
f 757 767 766
f 757 758 768
f 758 759 769
f 760 770 769
f 751 761 770
f 761 762 772
f 762 763 773
f 763 764 774
f 764 765 775
f 765 766 776
f 767 777 776
f 768 778 777
f 769 779 778
f 770 780 779
f 770 761 771
f 771 772 782
f 773 783 782
f 774 784 783
f 775 785 784
f 776 786 785
f 776 777 787
f 777 778 788
f 779 789 788
f 780 790 789
f 780 771 781
f 781 782 792
f 782 783 793
f 783 784 794
f 785 795 794
f 785 786 796
f 786 787 797
f 787 788 798
f 788 789 799
f 790 800 799
f 781 791 800
f 792 802 801
f 793 803 802
f 794 804 803
f 795 805 804
f 795 796 806
f 797 807 806
f 797 798 808
f 798 799 809
f 799 800 810
f 791 801 810
f 801 802 812
f 802 803 813
f 803 804 814
f 804 805 815
f 806 816 815
f 807 817 816
f 808 818 817
f 809 819 818
f 809 810 820
f 810 801 811
f 812 822 821
f 813 823 822
f 813 814 824
f 815 825 824
f 815 816 826
f 817 827 826
f 817 818 828
f 819 829 828
f 819 820 830
f 820 811 821
f 821 822 832
f 822 823 833
f 824 834 833
f 825 835 834
f 826 836 835
f 827 837 836
f 827 828 838
f 828 829 839
f 830 840 839
f 830 821 831
f 831 832 842
f 833 843 842
f 833 834 844
f 834 835 845
f 835 836 846
f 837 847 846
f 838 848 847
f 839 849 848
f 840 850 849
f 831 841 850
f 841 842 852
f 843 853 852
f 844 854 853
f 844 845 855
f 845 846 856
f 846 847 857
f 848 858 857
f 849 859 858
f 849 850 860
f 850 841 851
f 852 862 861
f 852 853 863
f 854 864 863
f 855 865 864
f 856 866 865
f 857 867 866
f 857 858 868
f 858 859 869
f 860 870 869
f 851 861 870
f 862 872 871
f 862 863 873
f 864 874 873
f 865 875 874
f 866 876 875
f 866 867 877
f 868 878 877
f 869 879 878
f 869 870 880
f 870 861 871
f 872 882 881
f 873 883 882
f 873 874 884
f 874 875 885
f 875 876 886
f 876 877 887
f 877 878 888
f 879 889 888
f 879 880 890
f 871 881 890
f 881 882 892
f 882 883 893
f 884 894 893
f 884 885 895
f 885 886 896
f 886 887 897
f 888 898 897
f 888 889 899
f 890 900 899
f 881 891 900
f 892 902 901
f 893 903 902
f 894 904 903
f 895 905 904
f 896 906 905
f 897 907 906
f 897 898 908
f 898 899 909
f 900 910 909
f 891 901 910
f 901 902 912
f 902 903 913
f 903 904 914
f 904 905 915
f 906 916 915
f 906 907 917
f 908 918 917
f 909 919 918
f 910 920 919
f 910 901 911
f 912 922 921
f 913 923 922
f 914 924 923
f 914 915 925
f 916 926 925
f 917 927 926
f 918 928 927
f 919 929 928
f 919 920 930
f 920 911 921
f 922 932 931
f 922 923 933
f 923 924 934
f 924 925 935
f 925 926 936
f 927 937 936
f 928 938 937
f 928 929 939
f 929 930 940
f 930 921 931
f 931 932 942
f 933 943 942
f 934 944 943
f 935 945 944
f 936 946 945
f 936 937 947
f 937 938 948
f 938 939 949
f 940 950 949
f 931 941 950
f 942 952 951
f 943 953 952
f 943 944 954
f 945 955 954
f 946 956 955
f 946 947 957
f 947 948 958
f 949 959 958
f 949 950 960
f 941 951 960
f 952 962 961
f 952 953 963
f 953 954 964
f 954 955 965
f 955 956 966
f 957 967 966
f 958 968 967
f 959 969 968
f 960 970 969
f 951 961 970
f 962 972 971
f 963 973 972
f 964 974 973
f 965 975 974
f 965 966 976
f 966 967 977
f 968 978 977
f 968 969 979
f 969 970 980
f 970 961 971
f 972 982 981
f 973 983 982
f 973 974 984
f 975 985 984
f 975 976 986
f 976 977 987
f 978 988 987
f 979 989 988
f 979 980 990
f 980 971 981
f 982 992 991
f 982 983 993
f 984 994 993
f 984 985 995
f 985 986 996
f 987 997 996
f 988 998 997
f 989 999 998
f 989 990 1000
f 990 981 991
f 991 992 1002
f 993 1003 1002
f 994 1004 1003
f 995 1005 1004
f 996 1006 1005
f 996 997 1007
f 997 998 1008
f 998 999 1009
f 1000 1010 1009
f 991 1001 1010
f 1002 1012 1011
f 1002 1003 1013
f 1004 1014 1013
f 1005 1015 1014
f 1006 1016 1015
f 1007 1017 1016
f 1007 1008 1018
f 1009 1019 1018
f 1010 1020 1019
f 1001 1011 1020
f 1011 1012 1022
f 1013 1023 1022
f 1013 1014 1024
f 1015 1025 1024
f 1016 1026 1025
f 1016 1017 1027
f 1018 1028 1027
f 1019 1029 1028
f 1020 1030 1029
f 1011 1021 1030
f 1021 1022 1032
f 1023 1033 1032
f 1024 1034 1033
f 1025 1035 1034
f 1026 1036 1035
f 1026 1027 1037
f 1027 1028 1038
f 1028 1029 1039
f 1029 1030 1040
f 1030 1021 1031
f 1031 1032 1042
f 1032 1033 1043
f 1034 1044 1043
f 1034 1035 1045
f 1035 1036 1046
f 1037 1047 1046
f 1037 1038 1048
f 1038 1039 1049
f 1040 1050 1049
f 1031 1041 1050
f 1041 1042 1052
f 1042 1043 1053
f 1043 1044 1054
f 1044 1045 1055
f 1045 1046 1056
f 1047 1057 1056
f 1048 1058 1057
f 1049 1059 1058
f 1050 1060 1059
f 1050 1041 1051
f 1051 1052 1062
f 1053 1063 1062
f 1054 1064 1063
f 1055 1065 1064
f 1056 1066 1065
f 1056 1057 1067
f 1057 1058 1068
f 1059 1069 1068
f 1060 1070 1069
f 1060 1051 1061
f 1061 1062 1072
f 1062 1063 1073
f 1063 1064 1074
f 1065 1075 1074
f 1065 1066 1076
f 1066 1067 1077
f 1067 1068 1078
f 1068 1069 1079
f 1070 1080 1079
f 1061 1071 1080
f 1072 1082 1081
f 1073 1083 1082
f 1074 1084 1083
f 1075 1085 1084
f 1075 1076 1086
f 1077 1087 1086
f 1077 1078 1088
f 1078 1079 1089
f 1079 1080 1090
f 1071 1081 1090
f 1081 1082 1092
f 1082 1083 1093
f 1083 1084 1094
f 1084 1085 1095
f 1086 1096 1095
f 1087 1097 1096
f 1088 1098 1097
f 1089 1099 1098
f 1089 1090 1100
f 1090 1081 1091
f 1092 1102 1101
f 1093 1103 1102
f 1093 1094 1104
f 1095 1105 1104
f 1095 1096 1106
f 1097 1107 1106
f 1097 1098 1108
f 1099 1109 1108
f 1099 1100 1110
f 1100 1091 1101
f 1101 1102 1112
f 1102 1103 1113
f 1104 1114 1113
f 1105 1115 1114
f 1106 1116 1115
f 1107 1117 1116
f 1107 1108 1118
f 1108 1109 1119
f 1110 1120 1119
f 1110 1101 1111
f 1111 1112 1122
f 1113 1123 1122
f 1113 1114 1124
f 1114 1115 1125
f 1115 1116 1126
f 1117 1127 1126
f 1118 1128 1127
f 1119 1129 1128
f 1120 1130 1129
f 1111 1121 1130
f 1122 1132 1131
f 1123 1133 1132
f 1124 1134 1133
f 1125 1135 1134
f 1126 1136 1135
f 1126 1127 1137
f 1127 1128 1138
f 1128 1129 1139
f 1129 1130 1140
f 1130 1121 1131
f 1141 1142 1152
f 1142 1143 1153
f 1143 1144 1154
f 1144 1145 1155
f 1145 1146 1156
f 1147 1157 1156
f 1148 1158 1157
f 1149 1159 1158
f 1150 1160 1159
f 1141 1151 1160
f 1151 1152 1162
f 1152 1153 1163
f 1153 1154 1164
f 1154 1155 1165
f 1155 1156 1166
f 1156 1157 1167
f 1158 1168 1167
f 1159 1169 1168
f 1159 1160 1170
f 1151 1161 1170
f 1162 1172 1171
f 1162 1163 1173
f 1163 1164 1174
f 1164 1165 1175
f 1166 1176 1175
f 1166 1167 1177
f 1168 1178 1177
f 1169 1179 1178
f 1169 1170 1180
f 1170 1161 1171
f 1171 1172 1182
f 1173 1183 1182
f 1173 1174 1184
f 1175 1185 1184
f 1176 1186 1185
f 1176 1177 1187
f 1177 1178 1188
f 1179 1189 1188
f 1179 1180 1190
f 1180 1171 1181
f 1182 1192 1191
f 1183 1193 1192
f 1184 1194 1193
f 1185 1195 1194
f 1186 1196 1195
f 1186 1187 1197
f 1188 1198 1197
f 1189 1199 1198
f 1190 1200 1199
f 1190 1181 1191
f 1191 1192 1202
f 1192 1193 1203
f 1194 1204 1203
f 1194 1195 1205
f 1196 1206 1205
f 1197 1207 1206
f 1197 1198 1208
f 1198 1199 1209
f 1200 1210 1209
f 1200 1191 1201
f 1202 1212 1211
f 1202 1203 1213
f 1204 1214 1213
f 1204 1205 1215
f 1205 1206 1216
f 1207 1217 1216
f 1208 1218 1217
f 1208 1209 1219
f 1210 1220 1219
f 1210 1201 1211
f 1212 1222 1221
f 1213 1223 1222
f 1214 1224 1223
f 1214 1215 1225
f 1215 1216 1226
f 1216 1217 1227
f 1218 1228 1227
f 1219 1229 1228
f 1220 1230 1229
f 1220 1211 1221
f 1221 1222 1232
f 1222 1223 1233
f 1223 1224 1234
f 1225 1235 1234
f 1226 1236 1235
f 1227 1237 1236
f 1227 1228 1238
f 1229 1239 1238
f 1229 1230 1240
f 1221 1231 1240
f 1231 1232 1242
f 1233 1243 1242
f 1233 1234 1244
f 1234 1235 1245
f 1235 1236 1246
f 1236 1237 1247
f 1238 1248 1247
f 1239 1249 1248
f 1239 1240 1250
f 1231 1241 1250
f 1241 1242 1252
f 1242 1243 1253
f 1244 1254 1253
f 1244 1245 1255
f 1246 1256 1255
f 1246 1247 1257
f 1248 1258 1257
f 1248 1249 1259
f 1250 1260 1259
f 1241 1251 1260
f 1252 1262 1261
f 1252 1253 1263
f 1254 1264 1263
f 1255 1265 1264
f 1255 1256 1266
f 1257 1267 1266
f 1257 1258 1268
f 1258 1259 1269
f 1260 1270 1269
f 1260 1251 1261
f 1261 1262 1272
f 1263 1273 1272
f 1264 1274 1273
f 1265 1275 1274
f 1266 1276 1275
f 1266 1267 1277
f 1267 1268 1278
f 1269 1279 1278
f 1269 1270 1280
f 1261 1271 1280
f 1272 1282 1281
f 1272 1273 1283
f 1274 1284 1283
f 1274 1275 1285
f 1275 1276 1286
f 1277 1287 1286
f 1277 1278 1288
f 1279 1289 1288
f 1280 1290 1289
f 1280 1271 1281
f 1282 1292 1291
f 1283 1293 1292
f 1284 1294 1293
f 1285 1295 1294
f 1286 1296 1295
f 1286 1287 1297
f 1288 1298 1297
f 1289 1299 1298
f 1289 1290 1300
f 1281 1291 1300
f 1292 1302 1301
f 1293 1303 1302
f 1293 1294 1304
f 1294 1295 1305
f 1295 1296 1306
f 1297 1307 1306
f 1298 1308 1307
f 1299 1309 1308
f 1300 1310 1309
f 1300 1291 1301
f 1301 1302 1312
f 1303 1313 1312
f 1303 1304 1314
f 1304 1305 1315
f 1306 1316 1315
f 1306 1307 1317
f 1307 1308 1318
f 1309 1319 1318
f 1309 1310 1320
f 1301 1311 1320
f 1312 1322 1321
f 1313 1323 1322
f 1313 1314 1324
f 1314 1315 1325
f 1315 1316 1326
f 1317 1327 1326
f 1317 1318 1328
f 1319 1329 1328
f 1319 1320 1330
f 1320 1311 1321
f 1322 1332 1331
f 1323 1333 1332
f 1324 1334 1333
f 1325 1335 1334
f 1326 1336 1335
f 1327 1337 1336
f 1327 1328 1338
f 1329 1339 1338
f 1330 1340 1339
f 1330 1321 1331
f 1332 1342 1341
f 1332 1333 1343
f 1334 1344 1343
f 1334 1335 1345
f 1336 1346 1345
f 1336 1337 1347
f 1338 1348 1347
f 1338 1339 1349
f 1340 1350 1349
f 1340 1331 1341
f 1341 1342 1352
f 1342 1343 1353
f 1344 1354 1353
f 1345 1355 1354
f 1345 1346 1356
f 1347 1357 1356
f 1347 1348 1358
f 1348 1349 1359
f 1349 1350 1360
f 1341 1351 1360
f 1351 1352 1362
f 1353 1363 1362
f 1354 1364 1363
f 1355 1365 1364
f 1356 1366 1365
f 1356 1357 1367
f 1357 1358 1368
f 1359 1369 1368
f 1359 1360 1370
f 1351 1361 1370
f 1362 1372 1371
f 1363 1373 1372
f 1363 1364 1374
f 1365 1375 1374
f 1366 1376 1375
f 1366 1367 1377
f 1368 1378 1377
f 1369 1379 1378
f 1369 1370 1380
f 1370 1361 1371
f 1371 1372 1382
f 1372 1373 1383
f 1373 1374 1384
f 1374 1375 1385
f 1375 1376 1386
f 1377 1387 1386
f 1378 1388 1387
f 1379 1389 1388
f 1380 1390 1389
f 1371 1381 1390
f 1382 1392 1391
f 1382 1383 1393
f 1384 1394 1393
f 1384 1385 1395
f 1386 1396 1395
f 1386 1387 1397
f 1388 1398 1397
f 1388 1389 1399
f 1390 1400 1399
f 1381 1391 1400
f 1391 1392 1402
f 1393 1403 1402
f 1394 1404 1403
f 1395 1405 1404
f 1395 1396 1406
f 1397 1407 1406
f 1397 1398 1408
f 1398 1399 1409
f 1400 1410 1409
f 1391 1401 1410
f 1402 1412 1411
f 1403 1413 1412
f 1404 1414 1413
f 1405 1415 1414
f 1406 1416 1415
f 1407 1417 1416
f 1407 1408 1418
f 1409 1419 1418
f 1409 1410 1420
f 1410 1401 1411
f 1411 1412 1422
f 1412 1413 1423
f 1414 1424 1423
f 1415 1425 1424
f 1416 1426 1425
f 1416 1417 1427
f 1418 1428 1427
f 1419 1429 1428
f 1420 1430 1429
f 1411 1421 1430
f 1422 1432 1431
f 1423 1433 1432
f 1424 1434 1433
f 1424 1425 1435
f 1425 1426 1436
f 1427 1437 1436
f 1427 1428 1438
f 1429 1439 1438
f 1429 1430 1440
f 1430 1421 1431
f 1431 1432 1442
f 1432 1433 1443
f 1433 1434 1444
f 1434 1435 1445
f 1435 1436 1446
f 1436 1437 1447
f 1438 1448 1447
f 1439 1449 1448
f 1439 1440 1450
f 1431 1441 1450
f 1442 1452 1451
f 1442 1443 1453
f 1443 1444 1454
f 1444 1445 1455
f 1446 1456 1455
f 1446 1447 1457
f 1448 1458 1457
f 1449 1459 1458
f 1449 1450 1460
f 1450 1441 1451
f 1451 1452 1462
f 1453 1463 1462
f 1453 1454 1464
f 1455 1465 1464
f 1456 1466 1465
f 1456 1457 1467
f 1457 1458 1468
f 1459 1469 1468
f 1459 1460 1470
f 1460 1451 1461
f 1462 1472 1471
f 1463 1473 1472
f 1464 1474 1473
f 1465 1475 1474
f 1466 1476 1475
f 1466 1467 1477
f 1468 1478 1477
f 1469 1479 1478
f 1470 1480 1479
f 1470 1461 1471
f 1471 1472 1482
f 1472 1473 1483
f 1474 1484 1483
f 1474 1475 1485
f 1476 1486 1485
f 1477 1487 1486
f 1477 1478 1488
f 1478 1479 1489
f 1480 1490 1489
f 1480 1471 1481
f 1482 1492 1491
f 1482 1483 1493
f 1484 1494 1493
f 1484 1485 1495
f 1485 1486 1496
f 1487 1497 1496
f 1488 1498 1497
f 1488 1489 1499
f 1490 1500 1499
f 1490 1481 1491
f 1492 1502 1501
f 1493 1503 1502
f 1494 1504 1503
f 1494 1495 1505
f 1495 1496 1506
f 1496 1497 1507
f 1498 1508 1507
f 1499 1509 1508
f 1500 1510 1509
f 1500 1491 1501
f 1501 1502 1512
f 1502 1503 1513
f 1503 1504 1514
f 1505 1515 1514
f 1506 1516 1515
f 1507 1517 1516
f 1507 1508 1518
f 1509 1519 1518
f 1509 1510 1520
f 1501 1511 1520
f 1511 1512 1522
f 1513 1523 1522
f 1513 1514 1524
f 1514 1515 1525
f 1515 1516 1526
f 1516 1517 1527
f 1518 1528 1527
f 1519 1529 1528
f 1519 1520 1530
f 1511 1521 1530
f 1521 1522 1532
f 1522 1523 1533
f 1524 1534 1533
f 1524 1525 1535
f 1526 1536 1535
f 1526 1527 1537
f 1528 1538 1537
f 1528 1529 1539
f 1530 1540 1539
f 1521 1531 1540
f 1532 1542 1541
f 1532 1533 1543
f 1534 1544 1543
f 1535 1545 1544
f 1535 1536 1546
f 1537 1547 1546
f 1537 1538 1548
f 1538 1539 1549
f 1540 1550 1549
f 1540 1531 1541
f 1541 1542 1552
f 1543 1553 1552
f 1544 1554 1553
f 1545 1555 1554
f 1546 1556 1555
f 1546 1547 1557
f 1547 1548 1558
f 1549 1559 1558
f 1549 1550 1560
f 1541 1551 1560
f 1552 1562 1561
f 1552 1553 1563
f 1554 1564 1563
f 1554 1555 1565
f 1555 1556 1566
f 1557 1567 1566
f 1557 1558 1568
f 1559 1569 1568
f 1560 1570 1569
f 1560 1551 1561
f 1562 1572 1571
f 1563 1573 1572
f 1564 1574 1573
f 1565 1575 1574
f 1566 1576 1575
f 1566 1567 1577
f 1568 1578 1577
f 1569 1579 1578
f 1569 1570 1580
f 1561 1571 1580
f 1572 1582 1581
f 1573 1583 1582
f 1573 1574 1584
f 1574 1575 1585
f 1575 1576 1586
f 1577 1587 1586
f 1578 1588 1587
f 1579 1589 1588
f 1580 1590 1589
f 1580 1571 1581
f 1581 1582 1592
f 1583 1593 1592
f 1583 1584 1594
f 1584 1585 1595
f 1586 1596 1595
f 1586 1587 1597
f 1587 1588 1598
f 1589 1599 1598
f 1589 1590 1600
f 1581 1591 1600
f 1592 1602 1601
f 1593 1603 1602
f 1593 1594 1604
f 1594 1595 1605
f 1595 1596 1606
f 1597 1607 1606
f 1597 1598 1608
f 1599 1609 1608
f 1599 1600 1610
f 1600 1591 1601
f 1602 1612 1611
f 1603 1613 1612
f 1604 1614 1613
f 1605 1615 1614
f 1606 1616 1615
f 1607 1617 1616
f 1607 1608 1618
f 1609 1619 1618
f 1610 1620 1619
f 1610 1601 1611
f 1612 1622 1621
f 1612 1613 1623
f 1614 1624 1623
f 1614 1615 1625
f 1616 1626 1625
f 1616 1617 1627
f 1618 1628 1627
f 1618 1619 1629
f 1620 1630 1629
f 1620 1611 1621
f 1621 1622 1632
f 1622 1623 1633
f 1624 1634 1633
f 1625 1635 1634
f 1625 1626 1636
f 1627 1637 1636
f 1627 1628 1638
f 1628 1629 1639
f 1629 1630 1640
f 1621 1631 1640
f 1631 1632 1642
f 1633 1643 1642
f 1634 1644 1643
f 1635 1645 1644
f 1636 1646 1645
f 1636 1637 1647
f 1637 1638 1648
f 1639 1649 1648
f 1639 1640 1650
f 1631 1641 1650
f 1642 1652 1651
f 1643 1653 1652
f 1643 1644 1654
f 1645 1655 1654
f 1646 1656 1655
f 1646 1647 1657
f 1648 1658 1657
f 1649 1659 1658
f 1649 1650 1660
f 1650 1641 1651
f 1651 1652 1662
f 1652 1653 1663
f 1653 1654 1664
f 1654 1655 1665
f 1655 1656 1666
f 1657 1667 1666
f 1658 1668 1667
f 1659 1669 1668
f 1660 1670 1669
f 1651 1661 1670
f 1662 1672 1671
f 1662 1663 1673
f 1664 1674 1673
f 1664 1665 1675
f 1666 1676 1675
f 1666 1667 1677
f 1668 1678 1677
f 1668 1669 1679
f 1670 1680 1679
f 1661 1671 1680
f 1671 1672 1682
f 1673 1683 1682
f 1674 1684 1683
f 1675 1685 1684
f 1675 1676 1686
f 1677 1687 1686
f 1677 1678 1688
f 1678 1679 1689
f 1680 1690 1689
f 1671 1681 1690
f 1682 1692 1691
f 1683 1693 1692
f 1684 1694 1693
f 1685 1695 1694
f 1686 1696 1695
f 1687 1697 1696
f 1687 1688 1698
f 1689 1699 1698
f 1689 1690 1700
f 1690 1681 1691
f 1692 1702 1701
f 1693 1703 1702
f 1694 1704 1703
f 1695 1705 1704
f 1696 1706 1705
f 1696 1697 1707
f 1697 1698 1708
f 1698 1699 1709
f 1699 1700 1710
f 1700 1691 1701
f 1711 1712 1722
f 1712 1713 1723
f 1713 1714 1724
f 1714 1715 1725
f 1715 1716 1726
f 1717 1727 1726
f 1718 1728 1727
f 1719 1729 1728
f 1720 1730 1729
f 1711 1721 1730
f 1722 1732 1731
f 1722 1723 1733
f 1724 1734 1733
f 1725 1735 1734
f 1725 1726 1736
f 1727 1737 1736
f 1727 1728 1738
f 1729 1739 1738
f 1730 1740 1739
f 1721 1731 1740
f 1731 1732 1742
f 1732 1733 1743
f 1734 1744 1743
f 1735 1745 1744
f 1735 1736 1746
f 1737 1747 1746
f 1737 1738 1748
f 1738 1739 1749
f 1739 1740 1750
f 1731 1741 1750
f 1742 1752 1751
f 1743 1753 1752
f 1744 1754 1753
f 1745 1755 1754
f 1746 1756 1755
f 1747 1757 1756
f 1747 1748 1758
f 1748 1749 1759
f 1749 1750 1760
f 1750 1741 1751
f 1751 1752 1762
f 1752 1753 1763
f 1753 1754 1764
f 1754 1755 1765
f 1755 1756 1766
f 1756 1757 1767
f 1758 1768 1767
f 1759 1769 1768
f 1759 1760 1770
f 1760 1751 1761
f 1762 1772 1771
f 1763 1773 1772
f 1763 1764 1774
f 1764 1765 1775
f 1765 1766 1776
f 1766 1767 1777
f 1768 1778 1777
f 1769 1779 1778
f 1770 1780 1779
f 1770 1761 1771
f 1771 1772 1782
f 1772 1773 1783
f 1773 1774 1784
f 1775 1785 1784
f 1775 1776 1786
f 1777 1787 1786
f 1778 1788 1787
f 1779 1789 1788
f 1779 1780 1790
f 1780 1771 1781
f 1782 1792 1791
f 1783 1793 1792
f 1784 1794 1793
f 1785 1795 1794
f 1786 1796 1795
f 1787 1797 1796
f 1787 1788 1798
f 1788 1789 1799
f 1789 1790 1800
f 1781 1791 1800
f 1792 1802 1801
f 1792 1793 1803
f 1794 1804 1803
f 1795 1805 1804
f 1796 1806 1805
f 1797 1807 1806
f 1797 1798 1808
f 1798 1799 1809
f 1799 1800 1810
f 1800 1791 1801
f 1802 1812 1811
f 1802 1803 1813
f 1804 1814 1813
f 1804 1805 1815
f 1806 1816 1815
f 1806 1807 1817
f 1808 1818 1817
f 1808 1809 1819
f 1809 1810 1820
f 1810 1801 1811
f 1812 1822 1821
f 1813 1823 1822
f 1813 1814 1824
f 1815 1825 1824
f 1816 1826 1825
f 1816 1817 1827
f 1817 1818 1828
f 1819 1829 1828
f 1819 1820 1830
f 1820 1811 1821
f 1822 1832 1831
f 1822 1823 1833
f 1823 1824 1834
f 1824 1825 1835
f 1826 1836 1835
f 1826 1827 1837
f 1827 1828 1838
f 1829 1839 1838
f 1830 1840 1839
f 1830 1821 1831
f 1831 1832 1842
f 1833 1843 1842
f 1834 1844 1843
f 1834 1835 1845
f 1836 1846 1845
f 1836 1837 1847
f 1838 1848 1847
f 1839 1849 1848
f 1840 1850 1849
f 1831 1841 1850
f 1842 1852 1851
f 1842 1843 1853
f 1843 1844 1854
f 1845 1855 1854
f 1845 1846 1856
f 1847 1857 1856
f 1848 1858 1857
f 1849 1859 1858
f 1850 1860 1859
f 1850 1841 1851
f 1851 1852 1862
f 1853 1863 1862
f 1854 1864 1863
f 1854 1855 1865
f 1856 1866 1865
f 1856 1857 1867
f 1857 1858 1868
f 1858 1859 1869
f 1859 1860 1870
f 1851 1861 1870
f 1862 1872 1871
f 1862 1863 1873
f 1864 1874 1873
f 1865 1875 1874
f 1865 1866 1876
f 1866 1867 1877
f 1867 1868 1878
f 1869 1879 1878
f 1869 1870 1880
f 1861 1871 1880
f 1871 1872 1882
f 1873 1883 1882
f 1874 1884 1883
f 1875 1885 1884
f 1875 1876 1886
f 1877 1887 1886
f 1878 1888 1887
f 1878 1879 1889
f 1879 1880 1890
f 1871 1881 1890
f 1881 1882 1892
f 1883 1893 1892
f 1884 1894 1893
f 1884 1885 1895
f 1885 1886 1896
f 1887 1897 1896
f 1888 1898 1897
f 1888 1889 1899
f 1890 1900 1899
f 1890 1881 1891
f 1892 1902 1901
f 1893 1903 1902
f 1893 1894 1904
f 1895 1905 1904
f 1895 1896 1906
f 1897 1907 1906
f 1897 1898 1908
f 1899 1909 1908
f 1900 1910 1909
f 1900 1891 1901
f 1901 1902 1912
f 1903 1913 1912
f 1903 1904 1914
f 1904 1905 1915
f 1906 1916 1915
f 1907 1917 1916
f 1908 1918 1917
f 1909 1919 1918
f 1910 1920 1919
f 1901 1911 1920
f 1911 1912 1922
f 1912 1913 1923
f 1913 1914 1924
f 1914 1915 1925
f 1915 1916 1926
f 1916 1917 1927
f 1918 1928 1927
f 1919 1929 1928
f 1920 1930 1929
f 1920 1911 1921
f 1922 1932 1931
f 1922 1923 1933
f 1924 1934 1933
f 1924 1925 1935
f 1926 1936 1935
f 1926 1927 1937
f 1927 1928 1938
f 1928 1929 1939
f 1929 1930 1940
f 1921 1931 1940
f 1932 1942 1941
f 1932 1933 1943
f 1934 1944 1943
f 1935 1945 1944
f 1936 1946 1945
f 1936 1937 1947
f 1937 1938 1948
f 1938 1939 1949
f 1939 1940 1950
f 1940 1931 1941
f 1941 1942 1952
f 1942 1943 1953
f 1944 1954 1953
f 1945 1955 1954
f 1945 1946 1956
f 1947 1957 1956
f 1947 1948 1958
f 1948 1949 1959
f 1950 1960 1959
f 1950 1941 1951
f 1951 1952 1962
f 1952 1953 1963
f 1953 1954 1964
f 1954 1955 1965
f 1955 1956 1966
f 1956 1957 1967
f 1957 1958 1968
f 1959 1969 1968
f 1960 1970 1969
f 1951 1961 1970
f 1962 1972 1971
f 1963 1973 1972
f 1963 1964 1974
f 1964 1965 1975
f 1966 1976 1975
f 1966 1967 1977
f 1968 1978 1977
f 1969 1979 1978
f 1970 1980 1979
f 1970 1961 1971
f 1971 1972 1982
f 1973 1983 1982
f 1974 1984 1983
f 1974 1975 1985
f 1976 1986 1985
f 1976 1977 1987
f 1978 1988 1987
f 1979 1989 1988
f 1979 1980 1990
f 1980 1971 1981
f 1982 1992 1991
f 1983 1993 1992
f 1983 1984 1994
f 1985 1995 1994
f 1986 1996 1995
f 1986 1987 1997
f 1988 1998 1997
f 1989 1999 1998
f 1989 1990 2000
f 1990 1981 1991
f 1991 1992 2002
f 1993 2003 2002
f 1994 2004 2003
f 1994 1995 2005
f 1995 1996 2006
f 1997 2007 2006
f 1997 1998 2008
f 1998 1999 2009
f 2000 2010 2009
f 1991 2001 2010
f 2002 2012 2011
f 2002 2003 2013
f 2004 2014 2013
f 2005 2015 2014
f 2005 2006 2016
f 2007 2017 2016
f 2007 2008 2018
f 2009 2019 2018
f 2010 2020 2019
f 2001 2011 2020
f 2011 2012 2022
f 2012 2013 2023
f 2014 2024 2023
f 2015 2025 2024
f 2015 2016 2026
f 2017 2027 2026
f 2017 2018 2028
f 2018 2019 2029
f 2019 2020 2030
f 2011 2021 2030
f 2022 2032 2031
f 2023 2033 2032
f 2024 2034 2033
f 2025 2035 2034
f 2026 2036 2035
f 2027 2037 2036
f 2027 2028 2038
f 2028 2029 2039
f 2029 2030 2040
f 2030 2021 2031
f 2031 2032 2042
f 2032 2033 2043
f 2033 2034 2044
f 2034 2035 2045
f 2035 2036 2046
f 2036 2037 2047
f 2038 2048 2047
f 2039 2049 2048
f 2039 2040 2050
f 2040 2031 2041
f 2042 2052 2051
f 2043 2053 2052
f 2043 2044 2054
f 2044 2045 2055
f 2045 2046 2056
f 2046 2047 2057
f 2048 2058 2057
f 2049 2059 2058
f 2050 2060 2059
f 2050 2041 2051
f 2051 2052 2062
f 2052 2053 2063
f 2053 2054 2064
f 2055 2065 2064
f 2055 2056 2066
f 2057 2067 2066
f 2058 2068 2067
f 2059 2069 2068
f 2059 2060 2070
f 2060 2051 2061
f 2062 2072 2071
f 2063 2073 2072
f 2064 2074 2073
f 2065 2075 2074
f 2066 2076 2075
f 2067 2077 2076
f 2067 2068 2078
f 2068 2069 2079
f 2069 2070 2080
f 2061 2071 2080
f 2072 2082 2081
f 2072 2073 2083
f 2074 2084 2083
f 2075 2085 2084
f 2076 2086 2085
f 2077 2087 2086
f 2077 2078 2088
f 2078 2079 2089
f 2079 2080 2090
f 2080 2071 2081
f 2082 2092 2091
f 2082 2083 2093
f 2084 2094 2093
f 2084 2085 2095
f 2086 2096 2095
f 2086 2087 2097
f 2088 2098 2097
f 2088 2089 2099
f 2089 2090 2100
f 2090 2081 2091
f 2092 2102 2101
f 2093 2103 2102
f 2093 2094 2104
f 2095 2105 2104
f 2096 2106 2105
f 2096 2097 2107
f 2097 2098 2108
f 2099 2109 2108
f 2099 2100 2110
f 2100 2091 2101
f 2102 2112 2111
f 2102 2103 2113
f 2103 2104 2114
f 2104 2105 2115
f 2106 2116 2115
f 2106 2107 2117
f 2107 2108 2118
f 2109 2119 2118
f 2110 2120 2119
f 2110 2101 2111
f 2111 2112 2122
f 2113 2123 2122
f 2114 2124 2123
f 2114 2115 2125
f 2116 2126 2125
f 2116 2117 2127
f 2118 2128 2127
f 2119 2129 2128
f 2120 2130 2129
f 2111 2121 2130
f 2122 2132 2131
f 2122 2123 2133
f 2123 2124 2134
f 2125 2135 2134
f 2125 2126 2136
f 2127 2137 2136
f 2128 2138 2137
f 2129 2139 2138
f 2130 2140 2139
f 2130 2121 2131
f 2131 2132 2142
f 2133 2143 2142
f 2134 2144 2143
f 2134 2135 2145
f 2136 2146 2145
f 2136 2137 2147
f 2137 2138 2148
f 2138 2139 2149
f 2139 2140 2150
f 2131 2141 2150
f 2142 2152 2151
f 2142 2143 2153
f 2144 2154 2153
f 2145 2155 2154
f 2145 2146 2156
f 2146 2147 2157
f 2147 2148 2158
f 2149 2159 2158
f 2149 2150 2160
f 2141 2151 2160
f 2151 2152 2162
f 2153 2163 2162
f 2154 2164 2163
f 2155 2165 2164
f 2155 2156 2166
f 2157 2167 2166
f 2158 2168 2167
f 2158 2159 2169
f 2159 2160 2170
f 2151 2161 2170
f 2161 2162 2172
f 2163 2173 2172
f 2164 2174 2173
f 2164 2165 2175
f 2165 2166 2176
f 2167 2177 2176
f 2168 2178 2177
f 2168 2169 2179
f 2170 2180 2179
f 2170 2161 2171
f 2172 2182 2181
f 2173 2183 2182
f 2173 2174 2184
f 2175 2185 2184
f 2175 2176 2186
f 2177 2187 2186
f 2177 2178 2188
f 2179 2189 2188
f 2180 2190 2189
f 2180 2171 2181
f 2181 2182 2192
f 2183 2193 2192
f 2183 2184 2194
f 2184 2185 2195
f 2186 2196 2195
f 2187 2197 2196
f 2188 2198 2197
f 2189 2199 2198
f 2190 2200 2199
f 2181 2191 2200
f 2191 2192 2202
f 2192 2193 2203
f 2193 2194 2204
f 2194 2195 2205
f 2195 2196 2206
f 2196 2197 2207
f 2198 2208 2207
f 2199 2209 2208
f 2200 2210 2209
f 2200 2191 2201
f 2202 2212 2211
f 2202 2203 2213
f 2204 2214 2213
f 2204 2205 2215
f 2206 2216 2215
f 2206 2207 2217
f 2207 2208 2218
f 2208 2209 2219
f 2209 2210 2220
f 2201 2211 2220
f 2212 2222 2221
f 2212 2213 2223
f 2214 2224 2223
f 2215 2225 2224
f 2216 2226 2225
f 2216 2217 2227
f 2217 2218 2228
f 2218 2219 2229
f 2219 2220 2230
f 2220 2211 2221
f 2221 2222 2232
f 2222 2223 2233
f 2224 2234 2233
f 2225 2235 2234
f 2225 2226 2236
f 2227 2237 2236
f 2227 2228 2238
f 2228 2229 2239
f 2230 2240 2239
f 2230 2221 2231
f 2231 2232 2242
f 2232 2233 2243
f 2233 2234 2244
f 2234 2235 2245
f 2235 2236 2246
f 2236 2237 2247
f 2237 2238 2248
f 2239 2249 2248
f 2240 2250 2249
f 2231 2241 2250
f 2242 2252 2251
f 2243 2253 2252
f 2243 2244 2254
f 2244 2245 2255
f 2246 2256 2255
f 2246 2247 2257
f 2248 2258 2257
f 2249 2259 2258
f 2250 2260 2259
f 2250 2241 2251
f 2251 2252 2262
f 2253 2263 2262
f 2254 2264 2263
f 2254 2255 2265
f 2256 2266 2265
f 2256 2257 2267
f 2258 2268 2267
f 2259 2269 2268
f 2259 2260 2270
f 2260 2251 2261
f 2262 2272 2271
f 2263 2273 2272
f 2264 2274 2273
f 2265 2275 2274
f 2266 2276 2275
f 2266 2267 2277
f 2267 2268 2278
f 2268 2269 2279
f 2269 2270 2280
f 2270 2261 2271
f 2281 2282 2292
f 2282 2283 2293
f 2283 2284 2294
f 2284 2285 2295
f 2285 2286 2296
f 2287 2297 2296
f 2288 2298 2297
f 2289 2299 2298
f 2290 2300 2299
f 2281 2291 2300
f 2291 2292 2302
f 2292 2293 2303
f 2293 2294 2304
f 2294 2295 2305
f 2296 2306 2305
f 2297 2307 2306
f 2298 2308 2307
f 2299 2309 2308
f 2300 2310 2309
f 2300 2291 2301
f 2301 2302 2312
f 2302 2303 2313
f 2303 2304 2314
f 2305 2315 2314
f 2306 2316 2315
f 2307 2317 2316
f 2308 2318 2317
f 2309 2319 2318
f 2309 2310 2320
f 2310 2301 2311
f 2311 2312 2322
f 2312 2313 2323
f 2313 2314 2324
f 2315 2325 2324
f 2316 2326 2325
f 2317 2327 2326
f 2318 2328 2327
f 2319 2329 2328
f 2319 2320 2330
f 2320 2311 2321
f 2321 2322 2332
f 2322 2323 2333
f 2323 2324 2334
f 2325 2335 2334
f 2326 2336 2335
f 2327 2337 2336
f 2328 2338 2337
f 2329 2339 2338
f 2329 2330 2340
f 2330 2321 2331
f 2331 2332 2342
f 2332 2333 2343
f 2333 2334 2344
f 2335 2345 2344
f 2336 2346 2345
f 2337 2347 2346
f 2338 2348 2347
f 2339 2349 2348
f 2339 2340 2350
f 2340 2331 2341
f 2341 2342 2352
f 2342 2343 2353
f 2343 2344 2354
f 2345 2355 2354
f 2346 2356 2355
f 2347 2357 2356
f 2348 2358 2357
f 2349 2359 2358
f 2349 2350 2360
f 2350 2341 2351
f 2351 2352 2362
f 2352 2353 2363
f 2353 2354 2364
f 2355 2365 2364
f 2356 2366 2365
f 2357 2367 2366
f 2358 2368 2367
f 2359 2369 2368
f 2359 2360 2370
f 2360 2351 2361
f 2361 2362 2372
f 2362 2363 2373
f 2364 2374 2373
f 2365 2375 2374
f 2366 2376 2375
f 2367 2377 2376
f 2368 2378 2377
f 2369 2379 2378
f 2369 2370 2380
f 2370 2361 2371
f 2371 2372 2382
f 2372 2373 2383
f 2374 2384 2383
f 2375 2385 2384
f 2376 2386 2385
f 2377 2387 2386
f 2378 2388 2387
f 2379 2389 2388
f 2379 2380 2390
f 2380 2371 2381
f 2381 2382 2392
f 2382 2383 2393
f 2384 2394 2393
f 2385 2395 2394
f 2386 2396 2395
f 2387 2397 2396
f 2388 2398 2397
f 2389 2399 2398
f 2389 2390 2400
f 2390 2381 2391
f 2391 2392 2402
f 2393 2403 2402
f 2394 2404 2403
f 2395 2405 2404
f 2396 2406 2405
f 2397 2407 2406
f 2398 2408 2407
f 2399 2409 2408
f 2399 2400 2410
f 2400 2391 2401
f 2401 2402 2412
f 2402 2403 2413
f 2403 2404 2414
f 2405 2415 2414
f 2406 2416 2415
f 2407 2417 2416
f 2408 2418 2417
f 2409 2419 2418
f 2409 2410 2420
f 2410 2401 2411
f 2412 2422 2421
f 2413 2423 2422
f 2414 2424 2423
f 2415 2425 2424
f 2415 2416 2426
f 2416 2417 2427
f 2417 2418 2428
f 2418 2419 2429
f 2420 2430 2429
f 2411 2421 2430
f 2422 2432 2431
f 2423 2433 2432
f 2424 2434 2433
f 2424 2425 2435
f 2425 2426 2436
f 2426 2427 2437
f 2427 2428 2438
f 2428 2429 2439
f 2430 2440 2439
f 2421 2431 2440
f 2432 2442 2441
f 2433 2443 2442
f 2434 2444 2443
f 2435 2445 2444
f 2435 2436 2446
f 2436 2437 2447
f 2437 2438 2448
f 2439 2449 2448
f 2440 2450 2449
f 2431 2441 2450
f 2442 2452 2451
f 2443 2453 2452
f 2444 2454 2453
f 2445 2455 2454
f 2446 2456 2455
f 2447 2457 2456
f 2447 2448 2458
f 2448 2449 2459
f 2450 2460 2459
f 2441 2451 2460
f 2452 2462 2461
f 2453 2463 2462
f 2453 2454 2464
f 2454 2455 2465
f 2455 2456 2466
f 2456 2457 2467
f 2457 2458 2468
f 2459 2469 2468
f 2460 2470 2469
f 2451 2461 2470
f 2473 2474 2484
f 2474 2475 2485
f 2475 2476 2486
f 2477 2487 2486
f 2478 2488 2487
f 2479 2489 2488
f 2480 2490 2489
f 2481 2491 2490
f 2481 2482 2492
f 2482 2473 2483
f 2483 2484 2494
f 2485 2495 2494
f 2486 2496 2495
f 2487 2497 2496
f 2488 2498 2497
f 2489 2499 2498
f 2490 2500 2499
f 2490 2491 2501
f 2491 2492 2502
f 2492 2483 2493
f 2493 2494 2504
f 2495 2505 2504
f 2496 2506 2505
f 2497 2507 2506
f 2498 2508 2507
f 2499 2509 2508
f 2499 2500 2510
f 2500 2501 2511
f 2501 2502 2512
f 2502 2493 2503
f 2503 2504 2514
f 2505 2515 2514
f 2506 2516 2515
f 2507 2517 2516
f 2508 2518 2517
f 2509 2519 2518
f 2509 2510 2520
f 2510 2511 2521
f 2511 2512 2522
f 2512 2503 2513
f 2513 2514 2524
f 2515 2525 2524
f 2516 2526 2525
f 2517 2527 2526
f 2518 2528 2527
f 2519 2529 2528
f 2519 2520 2530
f 2520 2521 2531
f 2521 2522 2532
f 2522 2513 2523
f 2523 2524 2534
f 2525 2535 2534
f 2526 2536 2535
f 2527 2537 2536
f 2528 2538 2537
f 2529 2539 2538
f 2529 2530 2540
f 2530 2531 2541
f 2531 2532 2542
f 2532 2523 2533
f 2533 2534 2544
f 2535 2545 2544
f 2536 2546 2545
f 2537 2547 2546
f 2538 2548 2547
f 2539 2549 2548
f 2539 2540 2550
f 2540 2541 2551
f 2541 2542 2552
f 2542 2533 2543
f 2543 2544 2554
f 2545 2555 2554
f 2546 2556 2555
f 2547 2557 2556
f 2548 2558 2557
f 2549 2559 2558
f 2549 2550 2560
f 2550 2551 2561
f 2551 2552 2562
f 2552 2543 2553
f 2553 2554 2564
f 2555 2565 2564
f 2556 2566 2565
f 2557 2567 2566
f 2558 2568 2567
f 2559 2569 2568
f 2559 2560 2570
f 2560 2561 2571
f 2561 2562 2572
f 2562 2553 2563
f 2563 2564 2574
f 2565 2575 2574
f 2566 2576 2575
f 2567 2577 2576
f 2568 2578 2577
f 2568 2569 2579
f 2569 2570 2580
f 2570 2571 2581
f 2571 2572 2582
f 2572 2563 2573
f 2573 2574 2584
f 2575 2585 2584
f 2576 2586 2585
f 2577 2587 2586
f 2578 2588 2587
f 2578 2579 2589
f 2579 2580 2590
f 2580 2581 2591
f 2581 2582 2592
f 2582 2573 2583
f 2583 2584 2594
f 2585 2595 2594
f 2586 2596 2595
f 2587 2597 2596
f 2587 2588 2598
f 2588 2589 2599
f 2589 2590 2600
f 2590 2591 2601
f 2591 2592 2602
f 2592 2583 2593
f 2593 2594 2604
f 2595 2605 2604
f 2596 2606 2605
f 2597 2607 2606
f 2598 2608 2607
f 2599 2609 2608
f 2599 2600 2610
f 2600 2601 2611
f 2601 2602 2612
f 2602 2593 2603
f 2604 2614 2613
f 2604 2605 2615
f 2605 2606 2616
f 2606 2607 2617
f 2607 2608 2618
f 2608 2609 2619
f 2609 2610 2620
f 2611 2621 2620
f 2612 2622 2621
f 2603 2613 2622
f 2614 2624 2623
f 2614 2615 2625
f 2615 2616 2626
f 2616 2617 2627
f 2617 2618 2628
f 2618 2619 2629
f 2620 2630 2629
f 2621 2631 2630
f 2622 2632 2631
f 2613 2623 2632
f 2624 2634 2633
f 2625 2635 2634
f 2626 2636 2635
f 2626 2627 2637
f 2628 2638 2637
f 2629 2639 2638
f 2630 2640 2639
f 2631 2641 2640
f 2632 2642 2641
f 2623 2633 2642
f 2634 2644 2643
f 2635 2645 2644
f 2636 2646 2645
f 2636 2637 2647
f 2637 2638 2648
f 2639 2649 2648
f 2639 2640 2650
f 2641 2651 2650
f 2641 2642 2652
f 2633 2643 2652
f 2643 2644 2654
f 2644 2645 2655
f 2645 2646 2656
f 2646 2647 2657
f 2647 2648 2658
f 2649 2659 2658
f 2650 2660 2659
f 2651 2661 2660
f 2652 2662 2661
f 2643 2653 2662
f 2666 2676 2675
f 2667 2677 2676
f 2668 2678 2677
f 2669 2679 2678
f 2670 2680 2679
f 2670 2671 2681
f 2671 2672 2682
f 2672 2673 2683
f 2673 2674 2684
f 2674 2665 2675
f 2676 2686 2685
f 2677 2687 2686
f 2678 2688 2687
f 2679 2689 2688
f 2679 2680 2690
f 2680 2681 2691
f 2681 2682 2692
f 2682 2683 2693
f 2683 2684 2694
f 2675 2685 2694
f 2686 2696 2695
f 2687 2697 2696
f 2688 2698 2697
f 2688 2689 2699
f 2689 2690 2700
f 2690 2691 2701
f 2691 2692 2702
f 2692 2693 2703
f 2694 2704 2703
f 2685 2695 2704
f 2696 2706 2705
f 2697 2707 2706
f 2698 2708 2707
f 2698 2699 2709
f 2699 2700 2710
f 2700 2701 2711
f 2701 2702 2712
f 2702 2703 2713
f 2704 2714 2713
f 2695 2705 2714
f 2706 2716 2715
f 2707 2717 2716
f 2708 2718 2717
f 2708 2709 2719
f 2709 2710 2720
f 2710 2711 2721
f 2711 2712 2722
f 2712 2713 2723
f 2714 2724 2723
f 2705 2715 2724
f 2716 2726 2725
f 2717 2727 2726
f 2718 2728 2727
f 2718 2719 2729
f 2719 2720 2730
f 2720 2721 2731
f 2721 2722 2732
f 2722 2723 2733
f 2724 2734 2733
f 2715 2725 2734
f 2726 2736 2735
f 2727 2737 2736
f 2728 2738 2737
f 2728 2729 2739
f 2729 2730 2740
f 2730 2731 2741
f 2731 2732 2742
f 2732 2733 2743
f 2734 2744 2743
f 2725 2735 2744
f 2736 2746 2745
f 2737 2747 2746
f 2738 2748 2747
f 2738 2739 2749
f 2739 2740 2750
f 2740 2741 2751
f 2741 2742 2752
f 2742 2743 2753
f 2744 2754 2753
f 2735 2745 2754
f 2746 2756 2755
f 2747 2757 2756
f 2748 2758 2757
f 2748 2749 2759
f 2749 2750 2760
f 2750 2751 2761
f 2751 2752 2762
f 2753 2763 2762
f 2754 2764 2763
f 2745 2755 2764
f 2756 2766 2765
f 2757 2767 2766
f 2758 2768 2767
f 2758 2759 2769
f 2759 2760 2770
f 2760 2761 2771
f 2761 2762 2772
f 2763 2773 2772
f 2764 2774 2773
f 2755 2765 2774
f 2766 2776 2775
f 2767 2777 2776
f 2768 2778 2777
f 2768 2769 2779
f 2769 2770 2780
f 2770 2771 2781
f 2771 2772 2782
f 2773 2783 2782
f 2774 2784 2783
f 2765 2775 2784
f 2776 2786 2785
f 2777 2787 2786
f 2778 2788 2787
f 2778 2779 2789
f 2779 2780 2790
f 2780 2781 2791
f 2782 2792 2791
f 2783 2793 2792
f 2784 2794 2793
f 2775 2785 2794
f 2786 2796 2795
f 2787 2797 2796
f 2788 2798 2797
f 2788 2789 2799
f 2789 2790 2800
f 2790 2791 2801
f 2791 2792 2802
f 2792 2793 2803
f 2794 2804 2803
f 2785 2795 2804
f 2795 2796 2806
f 2796 2797 2807
f 2797 2798 2808
f 2799 2809 2808
f 2800 2810 2809
f 2801 2811 2810
f 2802 2812 2811
f 2803 2813 2812
f 2804 2814 2813
f 2804 2795 2805
f 2805 2806 2816
f 2806 2807 2817
f 2807 2808 2818
f 2809 2819 2818
f 2810 2820 2819
f 2811 2821 2820
f 2812 2822 2821
f 2813 2823 2822
f 2813 2814 2824
f 2814 2805 2815
f 2815 2816 2826
f 2816 2817 2827
f 2818 2828 2827
f 2819 2829 2828
f 2820 2830 2829
f 2821 2831 2830
f 2822 2832 2831
f 2823 2833 2832
f 2824 2834 2833
f 2824 2815 2825
f 2826 2836 2835
f 2826 2827 2837
f 2827 2828 2838
f 2829 2839 2838
f 2830 2840 2839
f 2831 2841 2840
f 2832 2842 2841
f 2833 2843 2842
f 2834 2844 2843
f 2825 2835 2844
f 2835 2836 2846
f 2836 2837 2847
f 2838 2848 2847
f 2839 2849 2848
f 2840 2850 2849
f 2841 2851 2850
f 2842 2852 2851
f 2842 2843 2853
f 2843 2844 2854
f 2844 2835 2845
f 2858 2868 2867
f 2859 2869 2868
f 2860 2870 2869
f 2860 2861 2871
f 2861 2862 2872
f 2862 2863 2873
f 2863 2864 2874
f 2864 2865 2875
f 2866 2876 2875
f 2857 2867 2876
f 2868 2878 2877
f 2869 2879 2878
f 2869 2870 2880
f 2870 2871 2881
f 2871 2872 2882
f 2872 2873 2883
f 2874 2884 2883
f 2875 2885 2884
f 2876 2886 2885
f 2867 2877 2886
f 2878 2888 2887
f 2878 2879 2889
f 2879 2880 2890
f 2880 2881 2891
f 2881 2882 2892
f 2882 2883 2893
f 2884 2894 2893
f 2885 2895 2894
f 2886 2896 2895
f 2877 2887 2896
f 2888 2898 2897
f 2888 2889 2899
f 2889 2890 2900
f 2890 2891 2901
f 2891 2892 2902
f 2892 2893 2903
f 2894 2904 2903
f 2895 2905 2904
f 2896 2906 2905
f 2887 2897 2906
f 2898 2908 2907
f 2898 2899 2909
f 2899 2900 2910
f 2900 2901 2911
f 2901 2902 2912
f 2902 2903 2913
f 2904 2914 2913
f 2905 2915 2914
f 2906 2916 2915
f 2897 2907 2916
f 2908 2918 2917
f 2908 2909 2919
f 2909 2910 2920
f 2910 2911 2921
f 2911 2912 2922
f 2912 2913 2923
f 2914 2924 2923
f 2915 2925 2924
f 2916 2926 2925
f 2907 2917 2926
f 2918 2928 2927
f 2918 2919 2929
f 2919 2920 2930
f 2920 2921 2931
f 2921 2922 2932
f 2922 2923 2933
f 2924 2934 2933
f 2925 2935 2934
f 2926 2936 2935
f 2917 2927 2936
f 2928 2938 2937
f 2928 2929 2939
f 2929 2930 2940
f 2930 2931 2941
f 2931 2932 2942
f 2932 2933 2943
f 2934 2944 2943
f 2935 2945 2944
f 2936 2946 2945
f 2927 2937 2946
f 2938 2948 2947
f 2938 2939 2949
f 2939 2940 2950
f 2940 2941 2951
f 2941 2942 2952
f 2942 2943 2953
f 2944 2954 2953
f 2945 2955 2954
f 2946 2956 2955
f 2937 2947 2956
f 2947 2948 2958
f 2948 2949 2959
f 2949 2950 2960
f 2950 2951 2961
f 2951 2952 2962
f 2952 2953 2963
f 2954 2964 2963
f 2955 2965 2964
f 2956 2966 2965
f 2947 2957 2966
f 2957 2958 2968
f 2958 2959 2969
f 2959 2960 2970
f 2960 2961 2971
f 2961 2962 2972
f 2962 2963 2973
f 2964 2974 2973
f 2965 2975 2974
f 2966 2976 2975
f 2957 2967 2976
f 2967 2968 2978
f 2968 2969 2979
f 2969 2970 2980
f 2970 2971 2981
f 2971 2972 2982
f 2972 2973 2983
f 2974 2984 2983
f 2975 2985 2984
f 2976 2986 2985
f 2976 2967 2977
f 2978 2988 2987
f 2978 2979 2989
f 2979 2980 2990
f 2980 2981 2991
f 2981 2982 2992
f 2982 2983 2993
f 2984 2994 2993
f 2985 2995 2994
f 2986 2996 2995
f 2977 2987 2996
f 2987 2988 2998
f 2988 2989 2999
f 2990 3000 2999
f 2991 3001 3000
f 2992 3002 3001
f 2993 3003 3002
f 2993 2994 3004
f 2994 2995 3005
f 2995 2996 3006
f 2996 2987 2997
f 2997 2998 3008
f 2999 3009 3008
f 3000 3010 3009
f 3001 3011 3010
f 3002 3012 3011
f 3003 3013 3012
f 3003 3004 3014
f 3004 3005 3015
f 3005 3006 3016
f 3006 2997 3007
f 3008 3018 3017
f 3009 3019 3018
f 3010 3020 3019
f 3011 3021 3020
f 3012 3022 3021
f 3013 3023 3022
f 3014 3024 3023
f 3015 3025 3024
f 3015 3016 3026
f 3007 3017 3026
f 3018 3028 3027
f 3018 3019 3029
f 3020 3030 3029
f 3020 3021 3031
f 3022 3032 3031
f 3023 3033 3032
f 3024 3034 3033
f 3025 3035 3034
f 3025 3026 3036
f 3026 3017 3027
f 3028 3038 3037
f 3029 3039 3038
f 3030 3040 3039
f 3031 3041 3040
f 3032 3042 3041
f 3032 3033 3043
f 3033 3034 3044
f 3034 3035 3045
f 3035 3036 3046
f 3036 3027 3037
f 3049 3050 3058
f 3050 3051 3059
f 3051 3052 3060
f 3052 3053 3061
f 3054 3062 3061
f 3055 3063 3062
f 3056 3064 3063
f 3049 3057 3064
f 3057 3058 3066
f 3059 3067 3066
f 3059 3060 3068
f 3061 3069 3068
f 3061 3062 3070
f 3063 3071 3070
f 3063 3064 3072
f 3064 3057 3065
f 3065 3066 3074
f 3067 3075 3074
f 3067 3068 3076
f 3069 3077 3076
f 3070 3078 3077
f 3071 3079 3078
f 3071 3072 3080
f 3065 3073 3080
f 3073 3074 3082
f 3075 3083 3082
f 3075 3076 3084
f 3077 3085 3084
f 3078 3086 3085
f 3078 3079 3087
f 3080 3088 3087
f 3073 3081 3088
f 3081 3082 3090
f 3082 3083 3091
f 3084 3092 3091
f 3085 3093 3092
f 3085 3086 3094
f 3086 3087 3095
f 3088 3096 3095
f 3088 3081 3089
f 3089 3090 3098
f 3091 3099 3098
f 3092 3100 3099
f 3093 3101 3100
f 3094 3102 3101
f 3094 3095 3103
f 3095 3096 3104
f 3089 3097 3104
f 3097 3098 3106
f 3099 3107 3106
f 3100 3108 3107
f 3101 3109 3108
f 3102 3110 3109
f 3103 3111 3110
f 3104 3112 3111
f 3097 3105 3112
f 3106 3114 3113
f 3106 3107 3115
f 3108 3116 3115
f 3108 3109 3117
f 3110 3118 3117
f 3111 3119 3118
f 3112 3120 3119
f 3112 3105 3113
f 3113 3114 3122
f 3114 3115 3123
f 3115 3116 3124
f 3116 3117 3125
f 3118 3126 3125
f 3118 3119 3127
f 3120 3128 3127
f 3113 3121 3128
f 3121 3122 3130
f 3123 3131 3130
f 3123 3124 3132
f 3124 3125 3133
f 3125 3126 3134
f 3127 3135 3134
f 3127 3128 3136
f 3128 3121 3129
f 3130 3138 3137
f 3130 3131 3139
f 3131 3132 3140
f 3132 3133 3141
f 3134 3142 3141
f 3135 3143 3142
f 3136 3144 3143
f 3129 3137 3144
f 3137 3138 3146
f 3139 3147 3146
f 3139 3140 3148
f 3141 3149 3148
f 3141 3142 3150
f 3143 3151 3150
f 3143 3144 3152
f 3144 3137 3145
f 3146 3154 3153
f 3146 3147 3155
f 3148 3156 3155
f 3148 3149 3157
f 3150 3158 3157
f 3150 3151 3159
f 3152 3160 3159
f 3145 3153 3160
f 3154 3162 3161
f 3154 3155 3163
f 3155 3156 3164
f 3157 3165 3164
f 3157 3158 3166
f 3158 3159 3167
f 3159 3160 3168
f 3153 3161 3168
f 3162 3170 3169
f 3163 3171 3170
f 3163 3164 3172
f 3164 3165 3173
f 3166 3174 3173
f 3166 3167 3175
f 3168 3176 3175
f 3168 3161 3169
f 3170 3178 3177
f 3171 3179 3178
f 3171 3172 3180
f 3172 3173 3181
f 3173 3174 3182
f 3175 3183 3182
f 3175 3176 3184
f 3176 3169 3177
f 3177 3178 3186
f 3178 3179 3187
f 3180 3188 3187
f 3181 3189 3188
f 3182 3190 3189
f 3182 3183 3191
f 3184 3192 3191
f 3177 3185 3192
f 3185 3186 3194
f 3186 3187 3195
f 3187 3188 3196
f 3189 3197 3196
f 3189 3190 3198
f 3191 3199 3198
f 3192 3200 3199
f 3185 3193 3200
f 3193 3194 3202
f 3195 3203 3202
f 3196 3204 3203
f 3197 3205 3204
f 3198 3206 3205
f 3199 3207 3206
f 3200 3208 3207
f 3200 3193 3201
f 3201 3202 3210
f 3203 3211 3210
f 3204 3212 3211
f 3205 3213 3212
f 3205 3206 3214
f 3207 3215 3214
f 3207 3208 3216
f 3208 3201 3209
f 3210 3218 3217
f 3211 3219 3218
f 3212 3220 3219
f 3212 3213 3221
f 3214 3222 3221
f 3215 3223 3222
f 3216 3224 3223
f 3216 3209 3217
f 3217 3218 3226
f 3218 3219 3227
f 3220 3228 3227
f 3220 3221 3229
f 3221 3222 3230
f 3222 3223 3231
f 3224 3232 3231
f 3224 3217 3225
f 3226 3234 3233
f 3226 3227 3235
f 3228 3236 3235
f 3229 3237 3236
f 3230 3238 3237
f 3231 3239 3238
f 3232 3240 3239
f 3225 3233 3240
f 3234 3242 3241
f 3235 3243 3242
f 3236 3244 3243
f 3237 3245 3244
f 3237 3238 3246
f 3239 3247 3246
f 3239 3240 3248
f 3240 3233 3241
f 3242 3250 3249
f 3243 3251 3250
f 3243 3244 3252
f 3245 3253 3252
f 3245 3246 3254
f 3246 3247 3255
f 3247 3248 3256
f 3241 3249 3256
f 3249 3250 3258
f 3251 3259 3258
f 3252 3260 3259
f 3252 3253 3261
f 3254 3262 3261
f 3255 3263 3262
f 3255 3256 3264
f 3256 3249 3257
f 3258 3266 3265
f 3258 3259 3267
f 3260 3268 3267
f 3260 3261 3269
f 3261 3262 3270
f 3263 3271 3270
f 3264 3272 3271
f 3264 3257 3265
f 3266 3274 3273
f 3267 3275 3274
f 3267 3268 3276
f 3268 3269 3277
f 3270 3278 3277
f 3271 3279 3278
f 3271 3272 3280
f 3265 3273 3280
f 3274 3282 3281
f 3275 3283 3282
f 3276 3284 3283
f 3276 3277 3285
f 3277 3278 3286
f 3279 3287 3286
f 3279 3280 3288
f 3280 3273 3281
f 3282 3290 3289
f 3282 3283 3291
f 3284 3292 3291
f 3284 3285 3293
f 3286 3294 3293
f 3286 3287 3295
f 3288 3296 3295
f 3288 3281 3289
f 3290 3298 3297
f 3290 3291 3299
f 3292 3300 3299
f 3292 3293 3301
f 3294 3302 3301
f 3294 3295 3303
f 3296 3304 3303
f 3289 3297 3304
f 3298 3306 3305
f 3298 3299 3307
f 3300 3308 3307
f 3300 3301 3309
f 3301 3302 3310
f 3303 3311 3310
f 3304 3312 3311
f 3304 3297 3305
f 3306 3314 3313
f 3307 3315 3314
f 3307 3308 3316
f 3309 3317 3316
f 3310 3318 3317
f 3310 3311 3319
f 3311 3312 3320
f 3305 3313 3320
f 3313 3314 3322
f 3315 3323 3322
f 3315 3316 3324
f 3317 3325 3324
f 3317 3318 3326
f 3319 3327 3326
f 3319 3320 3328
f 3320 3313 3321
f 3321 3322 3330
f 3323 3331 3330
f 3323 3324 3332
f 3325 3333 3332
f 3326 3334 3333
f 3327 3335 3334
f 3327 3328 3336
f 3321 3329 3336
f 3329 3330 3338
f 3331 3339 3338
f 3331 3332 3340
f 3333 3341 3340
f 3334 3342 3341
f 3334 3335 3343
f 3336 3344 3343
f 3329 3337 3344
f 3337 3338 3346
f 3338 3339 3347
f 3340 3348 3347
f 3341 3349 3348
f 3341 3342 3350
f 3342 3343 3351
f 3344 3352 3351
f 3344 3337 3345
f 3345 3346 3354
f 3347 3355 3354
f 3348 3356 3355
f 3349 3357 3356
f 3350 3358 3357
f 3350 3351 3359
f 3351 3352 3360
f 3345 3353 3360
f 3353 3354 3362
f 3355 3363 3362
f 3356 3364 3363
f 3357 3365 3364
f 3358 3366 3365
f 3359 3367 3366
f 3360 3368 3367
f 3353 3361 3368
f 3362 3370 3369
f 3362 3363 3371
f 3364 3372 3371
f 3364 3365 3373
f 3366 3374 3373
f 3367 3375 3374
f 3368 3376 3375
f 3368 3361 3369
f 3369 3370 3378
f 3370 3371 3379
f 3371 3372 3380
f 3372 3373 3381
f 3374 3382 3381
f 3374 3375 3383
f 3376 3384 3383
f 3369 3377 3384
f 3377 3378 3386
f 3379 3387 3386
f 3379 3380 3388
f 3380 3381 3389
f 3381 3382 3390
f 3383 3391 3390
f 3383 3384 3392
f 3384 3377 3385
f 3386 3394 3393
f 3386 3387 3395
f 3387 3388 3396
f 3388 3389 3397
f 3390 3398 3397
f 3391 3399 3398
f 3392 3400 3399
f 3385 3393 3400
f 3393 3394 3402
f 3395 3403 3402
f 3395 3396 3404
f 3397 3405 3404
f 3397 3398 3406
f 3399 3407 3406
f 3399 3400 3408
f 3400 3393 3401
f 3402 3410 3409
f 3402 3403 3411
f 3404 3412 3411
f 3404 3405 3413
f 3406 3414 3413
f 3406 3407 3415
f 3408 3416 3415
f 3401 3409 3416
f 3410 3418 3417
f 3410 3411 3419
f 3411 3412 3420
f 3413 3421 3420
f 3413 3414 3422
f 3414 3415 3423
f 3415 3416 3424
f 3409 3417 3424
f 3418 3426 3425
f 3419 3427 3426
f 3419 3420 3428
f 3420 3421 3429
f 3422 3430 3429
f 3422 3423 3431
f 3424 3432 3431
f 3424 3417 3425
f 3426 3434 3433
f 3427 3435 3434
f 3427 3428 3436
f 3428 3429 3437
f 3429 3430 3438
f 3431 3439 3438
f 3431 3432 3440
f 3432 3425 3433
f 3433 3434 3442
f 3434 3435 3443
f 3436 3444 3443
f 3437 3445 3444
f 3438 3446 3445
f 3438 3439 3447
f 3440 3448 3447
f 3433 3441 3448
f 3441 3442 3450
f 3442 3443 3451
f 3443 3444 3452
f 3445 3453 3452
f 3445 3446 3454
f 3447 3455 3454
f 3448 3456 3455
f 3441 3449 3456
f 3449 3450 3458
f 3451 3459 3458
f 3452 3460 3459
f 3453 3461 3460
f 3454 3462 3461
f 3455 3463 3462
f 3456 3464 3463
f 3456 3449 3457
f 3457 3458 3466
f 3459 3467 3466
f 3460 3468 3467
f 3461 3469 3468
f 3461 3462 3470
f 3463 3471 3470
f 3463 3464 3472
f 3464 3457 3465
f 3466 3474 3473
f 3467 3475 3474
f 3468 3476 3475
f 3468 3469 3477
f 3470 3478 3477
f 3471 3479 3478
f 3472 3480 3479
f 3472 3465 3473
f 3473 3474 3482
f 3474 3475 3483
f 3476 3484 3483
f 3476 3477 3485
f 3477 3478 3486
f 3478 3479 3487
f 3480 3488 3487
f 3480 3473 3481
f 3482 3490 3489
f 3482 3483 3491
f 3484 3492 3491
f 3485 3493 3492
f 3486 3494 3493
f 3487 3495 3494
f 3488 3496 3495
f 3481 3489 3496
f 3490 3498 3497
f 3491 3499 3498
f 3492 3500 3499
f 3493 3501 3500
f 3493 3494 3502
f 3495 3503 3502
f 3495 3496 3504
f 3496 3489 3497
f 3498 3506 3505
f 3499 3507 3506
f 3499 3500 3508
f 3501 3509 3508
f 3501 3502 3510
f 3502 3503 3511
f 3503 3504 3512
f 3497 3505 3512
f 3505 3506 3514
f 3507 3515 3514
f 3508 3516 3515
f 3508 3509 3517
f 3510 3518 3517
f 3511 3519 3518
f 3511 3512 3520
f 3512 3505 3513
f 3514 3522 3521
f 3514 3515 3523
f 3516 3524 3523
f 3516 3517 3525
f 3517 3518 3526
f 3519 3527 3526
f 3520 3528 3527
f 3520 3513 3521
f 3522 3530 3529
f 3523 3531 3530
f 3523 3524 3532
f 3524 3525 3533
f 3526 3534 3533
f 3527 3535 3534
f 3527 3528 3536
f 3521 3529 3536
f 3530 3538 3537
f 3531 3539 3538
f 3532 3540 3539
f 3532 3533 3541
f 3533 3534 3542
f 3535 3543 3542
f 3535 3536 3544
f 3536 3529 3537
f 3538 3546 3545
f 3538 3539 3547
f 3540 3548 3547
f 3540 3541 3549
f 3542 3550 3549
f 3542 3543 3551
f 3544 3552 3551
f 3544 3537 3545
f 3546 3554 3553
f 3546 3547 3555
f 3548 3556 3555
f 3548 3549 3557
f 3550 3558 3557
f 3550 3551 3559
f 3552 3560 3559
f 3545 3553 3560
f 3554 3562 3561
f 3555 3563 3562
f 3556 3564 3563
f 3557 3565 3564
f 3557 3558 3566
f 3558 3559 3567
f 3559 3560 3568
f 3560 3553 3561
