# eclipse Prominences_SolarVolume.obj: Roblox cue frame, recentred on its bounding box
v 0.09063 0.58481 0.56994
v 0.07578 0.56661 0.55083
v 0.05149 0.55201 0.53721
v 0.01588 0.54711 0.53641
v 0.00413 0.56076 0.55391
v 0.00085 0.57677 0.57297
v 0.03203 0.59043 0.58456
v 0.06328 0.59127 0.58123
v 0.08423 0.64321 0.51625
v 0.06851 0.62461 0.49817
v 0.04408 0.60978 0.48511
v 0.00845 0.60610 0.48525
v -0.00298 0.62062 0.50207
v -0.00592 0.63757 0.52051
v 0.02604 0.65070 0.53089
v 0.05736 0.65101 0.52765
v 0.07937 0.69838 0.45767
v 0.06291 0.67863 0.44155
v 0.03836 0.66309 0.42962
v 0.00273 0.66111 0.43019
v -0.00852 0.67749 0.44515
v -0.01112 0.69642 0.46179
v 0.02155 0.70915 0.47076
v 0.05299 0.70845 0.46812
v 0.07727 0.74576 0.39178
v 0.06011 0.72446 0.37869
v 0.03538 0.70789 0.36863
v -0.00016 0.70792 0.36900
v -0.01123 0.72668 0.38079
v -0.01339 0.74820 0.39421
v 0.01994 0.76054 0.40156
v 0.05150 0.75865 0.40007
v 0.07845 0.78106 0.31855
v 0.06060 0.75846 0.30918
v 0.03565 0.74092 0.30151
v 0.00032 0.74292 0.30102
v -0.01054 0.76371 0.30867
v -0.01211 0.78752 0.31782
v 0.02181 0.79937 0.32360
v 0.05345 0.79652 0.32363
v 0.08265 0.80245 0.24011
v 0.06420 0.77925 0.23435
v 0.03901 0.76109 0.22911
v 0.00398 0.76467 0.22740
v -0.00667 0.78653 0.23091
v -0.00757 0.81171 0.23572
v 0.02684 0.82292 0.24025
v 0.05854 0.81965 0.24179
v 0.08893 0.81156 0.15951
v 0.07003 0.78834 0.15650
v 0.04464 0.76989 0.15321
v 0.00995 0.77459 0.15050
v -0.00064 0.79668 0.15090
v -0.00090 0.82238 0.15240
v 0.03389 0.83292 0.15603
v 0.06569 0.82969 0.15858
v 0.09582 0.81263 0.07902
v 0.07670 0.78962 0.07764
v 0.05118 0.77104 0.07566
v 0.01679 0.77660 0.07267
v 0.00603 0.79851 0.07151
v 0.00628 0.82434 0.07125
v 0.04136 0.83426 0.07414
v 0.07335 0.83129 0.07690
v 0.10169 0.81050 -0.00081
v 0.08260 0.78766 -0.00135
v 0.05703 0.76891 -0.00242
v 0.02287 0.77517 -0.00479
v 0.01168 0.79682 -0.00616
v 0.01226 0.82271 -0.00690
v 0.04757 0.83216 -0.00492
v 0.07983 0.82957 -0.00278
v 0.10506 0.80814 -0.08093
v 0.08626 0.78532 -0.08064
v 0.06081 0.76622 -0.08065
v 0.02681 0.77292 -0.08176
v 0.01495 0.79421 -0.08281
v 0.01567 0.82016 -0.08368
v 0.05109 0.82943 -0.08307
v 0.08366 0.82747 -0.08215
v 0.10497 0.80501 -0.16236
v 0.08685 0.78202 -0.16045
v 0.06177 0.76235 -0.15864
v 0.02790 0.76905 -0.15852
v 0.01509 0.78979 -0.15975
v 0.01567 0.81577 -0.16157
v 0.05099 0.82529 -0.16284
v 0.08383 0.82432 -0.16334
v 0.10120 0.79751 -0.24507
v 0.08439 0.77426 -0.24029
v 0.06020 0.75379 -0.23556
v 0.02637 0.75983 -0.23465
v 0.01214 0.77957 -0.23710
v 0.01200 0.80533 -0.24134
v 0.04689 0.81568 -0.24501
v 0.07993 0.81628 -0.24696
v 0.09416 0.78112 -0.32749
v 0.07974 0.75779 -0.31865
v 0.05737 0.73645 -0.30980
v 0.02342 0.74068 -0.30831
v 0.00707 0.75843 -0.31272
v 0.00522 0.78328 -0.32067
v 0.03908 0.79519 -0.32742
v 0.07207 0.79826 -0.33121
v 0.08450 0.75267 -0.40715
v 0.07405 0.72985 -0.39360
v 0.05506 0.70780 -0.37963
v 0.02108 0.70865 -0.37674
v 0.00186 0.72288 -0.38265
v -0.00312 0.74566 -0.39465
v 0.02856 0.75995 -0.40562
v 0.06079 0.76658 -0.41244
v 0.07284 0.71145 -0.48133
v 0.06818 0.69008 -0.46351
v 0.05459 0.66790 -0.44419
v 0.02140 0.66414 -0.43803
v -0.00092 0.67342 -0.44350
v -0.01039 0.69286 -0.45844
v 0.01724 0.70986 -0.47485
v 0.04714 0.72069 -0.48646
v 0.06097 0.65900 -0.54715
v 0.06277 0.64002 -0.52679
v 0.05574 0.61864 -0.50330
v 0.02465 0.61053 -0.49267
v 0.00021 0.61462 -0.49560
v -0.01389 0.63018 -0.51152
v 0.00809 0.64910 -0.53326
v 0.03392 0.66345 -0.55030
v 0.05330 0.59927 -0.60301
v 0.05968 0.58265 -0.58197
v 0.05746 0.56245 -0.55641
v 0.02861 0.55164 -0.54273
v 0.00346 0.55192 -0.54309
v -0.01346 0.56450 -0.55901
v 0.00387 0.58413 -0.58386
v 0.02596 0.60046 -0.60451
v 0.05330 0.53705 -0.65128
v 0.06104 0.52164 -0.63020
v 0.05990 0.50193 -0.60403
v 0.03162 0.49012 -0.59031
v 0.00629 0.48854 -0.59000
v -0.01093 0.50004 -0.60653
v 0.00513 0.51989 -0.63183
v 0.02613 0.53712 -0.65329
v 0.05843 0.47448 -0.69707
v 0.06613 0.45954 -0.67606
v 0.06426 0.43980 -0.64979
v 0.03564 0.42781 -0.63730
v 0.01012 0.42541 -0.63728
v -0.00627 0.43691 -0.65477
v 0.01019 0.45686 -0.67948
v 0.03157 0.47457 -0.70057
v 0.06087 0.41085 -0.74574
v 0.07143 0.39761 -0.72524
v 0.07256 0.37872 -0.69816
v 0.04568 0.36555 -0.68352
v 0.02028 0.36104 -0.68101
v 0.00240 0.37109 -0.69807
v 0.01552 0.39102 -0.72446
v 0.03404 0.40946 -0.74788
v 0.05311 0.34158 -0.79547
v 0.07131 0.33334 -0.77840
v 0.08301 0.31856 -0.75111
v 0.06385 0.30361 -0.72850
v 0.04144 0.29526 -0.71777
v 0.01832 0.30039 -0.73030
v 0.01975 0.31827 -0.76078
v 0.02736 0.33615 -0.79028
v 0.04059 0.26141 -0.83305
v 0.06475 0.25912 -0.82378
v 0.08762 0.25127 -0.80089
v 0.08041 0.23886 -0.77110
v 0.06541 0.22994 -0.75113
v 0.03882 0.23004 -0.75530
v 0.02614 0.24161 -0.78597
v 0.01938 0.25429 -0.81847
v 0.03334 0.17536 -0.85380
v 0.05892 0.17531 -0.85135
v 0.08707 0.17222 -0.83360
v 0.08793 0.16573 -0.80131
v 0.07930 0.16057 -0.77643
v 0.05234 0.15969 -0.77441
v 0.03180 0.16493 -0.80216
v 0.01635 0.17103 -0.83379
v 0.02857 0.08857 -0.85944
v 0.05395 0.08795 -0.86098
v 0.08412 0.08698 -0.84632
v 0.08897 0.08640 -0.81388
v 0.08412 0.08614 -0.78715
v 0.05736 0.08675 -0.78228
v 0.03339 0.08771 -0.80731
v 0.01382 0.08863 -0.83741
v 0.02307 0.00396 -0.85204
v 0.04793 0.00192 -0.85568
v 0.07891 0.00176 -0.84248
v 0.08575 0.00559 -0.81075
v 0.08315 0.00939 -0.78364
v 0.05647 0.01181 -0.77799
v 0.03092 0.01032 -0.80101
v 0.00933 0.00781 -0.82979
v 0.01626 -0.07677 -0.83594
v 0.04057 -0.07998 -0.84080
v 0.07192 -0.07986 -0.82814
v 0.07979 -0.07358 -0.79718
v 0.07864 -0.06738 -0.77008
v 0.05189 -0.06380 -0.76453
v 0.02555 -0.06637 -0.78614
v 0.00289 -0.07068 -0.81406
v 0.00887 -0.15404 -0.81604
v 0.03268 -0.15774 -0.82197
v 0.06427 -0.15742 -0.80953
v 0.07280 -0.15034 -0.77906
v 0.07272 -0.14330 -0.75181
v 0.04576 -0.13946 -0.74646
v 0.01891 -0.14230 -0.76698
v -0.00441 -0.14724 -0.79439
v 0.00198 -0.23007 -0.79511
v 0.02527 -0.23366 -0.80240
v 0.05719 -0.23284 -0.79047
v 0.06657 -0.22564 -0.76041
v 0.06764 -0.21850 -0.73288
v 0.04045 -0.21510 -0.72736
v 0.01299 -0.21815 -0.74657
v -0.01111 -0.22343 -0.77337
v -0.00332 -0.30725 -0.77245
v 0.01922 -0.31066 -0.78157
v 0.05169 -0.30878 -0.77096
v 0.06259 -0.30081 -0.74175
v 0.06540 -0.29303 -0.71421
v 0.03810 -0.29024 -0.70786
v 0.00967 -0.29413 -0.72496
v -0.01572 -0.30051 -0.75041
v -0.00587 -0.38584 -0.74461
v 0.01556 -0.38977 -0.75575
v 0.04870 -0.38636 -0.74737
v 0.06169 -0.37609 -0.71992
v 0.06678 -0.36613 -0.69313
v 0.03958 -0.36353 -0.68545
v 0.01002 -0.36898 -0.69944
v -0.01703 -0.37774 -0.72243
v -0.00478 -0.46297 -0.70750
v 0.01537 -0.46860 -0.72008
v 0.04903 -0.46368 -0.71433
v 0.06400 -0.44973 -0.68980
v 0.07125 -0.43603 -0.66495
v 0.04424 -0.43279 -0.65612
v 0.01382 -0.43997 -0.66643
v -0.01466 -0.45202 -0.68602
v -0.00024 -0.53389 -0.65858
v 0.01882 -0.54218 -0.67136
v 0.05275 -0.53612 -0.66793
v 0.06906 -0.51815 -0.64732
v 0.07781 -0.50009 -0.62567
v 0.05085 -0.49550 -0.61658
v 0.02000 -0.50391 -0.62336
v -0.00928 -0.51927 -0.63908
v 0.00638 -0.59442 -0.59833
v 0.02467 -0.60555 -0.61004
v 0.05874 -0.59885 -0.60817
v 0.07580 -0.57765 -0.59182
v 0.08536 -0.55580 -0.57406
v 0.05823 -0.54973 -0.56571
v 0.02723 -0.55853 -0.56974
v -0.00233 -0.57644 -0.58181
v 0.01313 -0.64302 -0.53009
v 0.03083 -0.65654 -0.54013
v 0.06505 -0.64966 -0.53895
v 0.08264 -0.62665 -0.52619
v 0.09271 -0.60235 -0.51195
v 0.06528 -0.59506 -0.50492
v 0.03419 -0.60339 -0.50729
v 0.00454 -0.62269 -0.51663
v 0.01813 -0.68145 -0.45848
v 0.03520 -0.69678 -0.46702
v 0.06963 -0.69022 -0.46566
v 0.08793 -0.66678 -0.45504
v 0.09858 -0.64137 -0.44302
v 0.07089 -0.63310 -0.43739
v 0.03965 -0.64024 -0.43922
v 0.00984 -0.65978 -0.44728
v 0.02015 -0.71369 -0.38701
v 0.03642 -0.73040 -0.39468
v 0.07109 -0.72464 -0.39243
v 0.09033 -0.70182 -0.38235
v 0.10178 -0.67631 -0.37099
v 0.07396 -0.66710 -0.36658
v 0.04256 -0.67250 -0.36870
v 0.01243 -0.69138 -0.37690
v 0.01875 -0.74384 -0.31641
v 0.03410 -0.76167 -0.32374
v 0.06899 -0.75696 -0.32033
v 0.08927 -0.73527 -0.30994
v 0.10156 -0.71016 -0.29833
v 0.07375 -0.70001 -0.29488
v 0.04226 -0.70343 -0.29759
v 0.01182 -0.72123 -0.30664
v 0.01427 -0.77384 -0.24484
v 0.02867 -0.79273 -0.25176
v 0.06372 -0.78890 -0.24751
v 0.08501 -0.76824 -0.23717
v 0.09808 -0.74340 -0.22568
v 0.07036 -0.73235 -0.22307
v 0.03887 -0.73395 -0.22611
v 0.00818 -0.75090 -0.23559
v 0.00763 -0.80207 -0.16983
v 0.02113 -0.82214 -0.17555
v 0.05634 -0.81870 -0.17115
v 0.07862 -0.79848 -0.16211
v 0.09236 -0.77333 -0.15215
v 0.06475 -0.76148 -0.15056
v 0.03331 -0.76166 -0.15349
v 0.00242 -0.77847 -0.16213
v 0.00037 -0.82397 -0.09011
v 0.01315 -0.84516 -0.09342
v 0.04854 -0.84141 -0.08963
v 0.07166 -0.82107 -0.08344
v 0.08585 -0.79508 -0.07684
v 0.05827 -0.78280 -0.07663
v 0.02688 -0.78211 -0.07916
v -0.00410 -0.79956 -0.08542
v -0.00568 -0.83444 -0.00644
v 0.00691 -0.85613 -0.00630
v 0.04243 -0.85124 -0.00397
v 0.06597 -0.83051 -0.00192
v 0.07996 -0.80369 -0.00029
v 0.05215 -0.79181 -0.00166
v 0.02077 -0.79101 -0.00357
v -0.00990 -0.80967 -0.00599
v -0.00879 -0.83055 0.07867
v 0.00451 -0.85163 0.08241
v 0.03989 -0.84470 0.08220
v 0.06304 -0.82356 0.07938
v 0.07571 -0.79641 0.07533
v 0.04728 -0.78614 0.07295
v 0.01587 -0.78623 0.07216
v -0.01369 -0.80636 0.07465
v -0.00790 -0.81276 0.16207
v 0.00697 -0.83229 0.16830
v 0.04168 -0.82284 0.16454
v 0.06354 -0.80138 0.15701
v 0.07367 -0.77450 0.14788
v 0.04441 -0.76671 0.14582
v 0.01307 -0.76837 0.14693
v -0.01437 -0.78992 0.15459
v -0.00333 -0.78434 0.24098
v 0.01315 -0.80234 0.24816
v 0.04677 -0.79084 0.24086
v 0.06713 -0.76930 0.22980
v 0.07445 -0.74299 0.21737
v 0.04465 -0.73736 0.21665
v 0.01355 -0.74032 0.21991
v -0.01136 -0.76282 0.23168
v 0.00312 -0.74993 0.31446
v 0.02035 -0.76731 0.32174
v 0.05324 -0.75495 0.31235
v 0.07309 -0.73369 0.29964
v 0.07879 -0.70780 0.28587
v 0.04887 -0.70303 0.28622
v 0.01791 -0.70617 0.29071
v -0.00540 -0.72899 0.30455
v 0.00968 -0.71345 0.38423
v 0.02675 -0.73107 0.39167
v 0.05970 -0.71885 0.38197
v 0.08034 -0.69823 0.36915
v 0.08588 -0.67257 0.35524
v 0.05609 -0.66747 0.35561
v 0.02500 -0.66978 0.35996
v 0.00192 -0.69244 0.37409
v 0.01547 -0.67627 0.45311
v 0.03211 -0.69411 0.46127
v 0.06542 -0.68227 0.45211
v 0.08729 -0.66247 0.43965
v 0.09313 -0.63717 0.42558
v 0.06354 -0.63158 0.42509
v 0.03221 -0.63294 0.42846
v 0.00889 -0.65523 0.44238
v 0.01990 -0.63685 0.52241
v 0.03670 -0.65391 0.53207
v 0.06998 -0.64178 0.52300
v 0.09244 -0.62263 0.51014
v 0.09775 -0.59816 0.49486
v 0.06825 -0.59309 0.49318
v 0.03675 -0.59446 0.49556
v 0.01390 -0.61653 0.51022
v 0.02309 -0.59234 0.59131
v 0.04154 -0.60657 0.60261
v 0.07346 -0.59255 0.59147
v 0.09465 -0.57336 0.57624
v 0.09713 -0.55064 0.55819
v 0.06746 -0.54831 0.55635
v 0.03608 -0.55186 0.55916
v 0.01587 -0.57408 0.57681
v 0.02868 -0.54024 0.65877
v 0.05142 -0.54787 0.66871
v 0.07727 -0.52982 0.65008
v 0.09181 -0.50995 0.62873
v 0.08600 -0.49127 0.60744
v 0.05680 -0.49535 0.61023
v 0.02755 -0.50453 0.61870
v 0.01613 -0.52670 0.64282
v 0.04658 -0.47419 0.71899
v 0.07238 -0.47110 0.71746
v 0.07872 -0.45218 0.68677
v 0.07467 -0.43570 0.65868
v 0.05359 -0.42704 0.64125
v 0.03234 -0.43876 0.65782
v 0.01507 -0.45360 0.68017
v 0.02471 -0.47004 0.70899
v 0.06094 -0.39213 0.75486
v 0.08173 -0.38475 0.74091
v 0.06918 -0.37328 0.70852
v 0.04983 -0.36512 0.68300
v 0.02203 -0.36531 0.67686
v 0.01347 -0.37613 0.70253
v 0.01157 -0.38790 0.73224
v 0.03661 -0.39442 0.75492
v 0.06067 -0.30985 0.77731
v 0.07808 -0.30352 0.75886
v 0.05948 -0.29700 0.72811
v 0.03582 -0.29292 0.70503
v 0.00766 -0.29517 0.70457
v 0.00396 -0.30274 0.73218
v 0.00766 -0.31058 0.76313
v 0.03666 -0.31290 0.78124
v 0.05569 -0.23113 0.79536
v 0.07263 -0.22614 0.77599
v 0.05356 -0.22091 0.74535
v 0.02975 -0.21745 0.72197
v 0.00178 -0.21924 0.72276
v -0.00190 -0.22519 0.75048
v 0.00207 -0.23145 0.78186
v 0.03146 -0.23332 0.79912
v 0.05080 -0.15525 0.81232
v 0.06865 -0.15123 0.79347
v 0.05145 -0.14535 0.76196
v 0.02925 -0.14083 0.73688
v 0.00142 -0.14134 0.73692
v -0.00430 -0.14677 0.76407
v -0.00234 -0.15296 0.79579
v 0.02613 -0.15604 0.81411
v 0.04915 -0.07925 0.82875
v 0.06780 -0.07631 0.81040
v 0.05255 -0.06988 0.77813
v 0.03208 -0.06435 0.75147
v 0.00447 -0.06350 0.75082
v -0.00323 -0.06824 0.77728
v -0.00322 -0.07421 0.80923
v 0.02424 -0.07856 0.82857
v 0.05307 0.00015 0.84225
v 0.07126 0.00159 0.82317
v 0.05594 0.00692 0.79089
v 0.03554 0.01188 0.76375
v 0.00814 0.01356 0.76403
v 0.00021 0.01051 0.79033
v 0.00039 0.00612 0.82266
v 0.02803 0.00183 0.84152
v 0.06206 0.08399 0.84811
v 0.07833 0.08311 0.82724
v 0.06073 0.08530 0.79594
v 0.03844 0.08776 0.76963
v 0.01140 0.08996 0.77251
v 0.00506 0.08988 0.79907
v 0.00778 0.08890 0.83170
v 0.03682 0.08609 0.84837
v 0.07304 0.17029 0.84117
v 0.08653 0.16591 0.81871
v 0.06590 0.16351 0.78955
v 0.04100 0.16217 0.76525
v 0.01473 0.16529 0.77122
v 0.01072 0.16941 0.79758
v 0.01699 0.17346 0.82961
v 0.04765 0.17274 0.84304
v 0.08280 0.25502 0.81862
v 0.09355 0.24640 0.79580
v 0.07045 0.23906 0.76970
v 0.04333 0.23358 0.74817
v 0.01812 0.23826 0.75655
v 0.01606 0.24703 0.78163
v 0.02553 0.25672 0.81173
v 0.05731 0.25792 0.82179
v 0.08933 0.33422 0.78154
v 0.09791 0.32172 0.75948
v 0.07333 0.31012 0.73676
v 0.04475 0.30098 0.71821
v 0.02057 0.30730 0.72801
v 0.01959 0.32005 0.75104
v 0.03134 0.33467 0.77836
v 0.06368 0.33737 0.78548
v 0.09180 0.40594 0.73440
v 0.09880 0.39074 0.71336
v 0.07359 0.37615 0.69361
v 0.04418 0.36427 0.67767
v 0.02087 0.37178 0.68837
v 0.02021 0.38706 0.70944
v 0.03336 0.40510 0.73410
v 0.06589 0.40890 0.73886
v 0.09034 0.47100 0.68292
v 0.09614 0.45443 0.66237
v 0.07079 0.43816 0.64461
v 0.04093 0.42462 0.63052
v 0.01835 0.43270 0.64208
v 0.01754 0.44904 0.66197
v 0.03163 0.46884 0.68488
v 0.06414 0.47339 0.68787
v 0.08583 0.53211 0.63120
v 0.09057 0.51509 0.61055
v 0.06530 0.49820 0.59376
v 0.03513 0.48391 0.58063
v 0.01322 0.49220 0.59310
v 0.01208 0.50860 0.61257
v 0.02691 0.52894 0.63472
v 0.05933 0.53387 0.63654
v 0.07964 0.59210 0.57998
v 0.08341 0.57473 0.55921
v 0.05833 0.55768 0.54281
v 0.02789 0.54317 0.53011
v 0.00657 0.55183 0.54314
v 0.00497 0.56813 0.56236
v 0.02046 0.58862 0.58410
v 0.05278 0.59352 0.58535
v 0.04176 0.57122 0.56088
v 0.04176 0.57122 0.56088
v 0.00263 0.60383 0.58900
v -0.01221 0.58552 0.56999
v -0.03649 0.57086 0.55642
v -0.07210 0.56601 0.55557
v -0.08387 0.57981 0.57293
v -0.08717 0.59597 0.59187
v -0.05600 0.60966 0.60343
v -0.02473 0.61043 0.60017
v -0.00382 0.66042 0.52765
v -0.01945 0.63935 0.51244
v -0.04381 0.62273 0.50162
v -0.07944 0.61904 0.50218
v -0.09095 0.63584 0.51666
v -0.09397 0.65531 0.53242
v -0.06206 0.66987 0.54087
v -0.03073 0.66975 0.53771
v -0.00874 0.70438 0.45799
v -0.02499 0.68142 0.44660
v -0.04938 0.66345 0.43832
v -0.08500 0.66138 0.43917
v -0.09643 0.68059 0.45007
v -0.09924 0.70273 0.46208
v -0.06670 0.71737 0.46813
v -0.03524 0.71633 0.46584
v -0.01084 0.73603 0.38367
v -0.02778 0.71238 0.37507
v -0.05232 0.69391 0.36846
v -0.08786 0.69370 0.36871
v -0.09914 0.71435 0.37646
v -0.10154 0.73810 0.38527
v -0.06834 0.75197 0.39010
v -0.03676 0.75009 0.38911
v -0.00960 0.75873 0.30822
v -0.02734 0.73531 0.30089
v -0.05221 0.71705 0.29479
v -0.08755 0.71887 0.29406
v -0.09850 0.74021 0.29978
v -0.10018 0.76475 0.30674
v -0.06632 0.77720 0.31150
v -0.03467 0.77449 0.31185
v -0.00531 0.77721 0.23327
v -0.02386 0.75452 0.22599
v -0.04913 0.73685 0.21954
v -0.08414 0.74069 0.21802
v -0.09469 0.76233 0.22292
v -0.09549 0.78715 0.22937
v -0.06104 0.79788 0.23467
v -0.02936 0.79437 0.23603
v 0.00101 0.79521 0.15806
v -0.01815 0.77323 0.15065
v -0.04376 0.75607 0.14388
v -0.07838 0.76162 0.14215
v -0.08871 0.78333 0.14681
v -0.08866 0.80827 0.15324
v -0.05376 0.81749 0.15881
v -0.02201 0.81345 0.16067
v 0.00795 0.81320 0.08077
v -0.01157 0.79147 0.07417
v -0.03743 0.77431 0.06806
v -0.07171 0.78102 0.06658
v -0.08208 0.80278 0.07058
v -0.08136 0.82796 0.07631
v -0.04610 0.83633 0.08127
v -0.01418 0.83224 0.08312
v 0.01383 0.82800 0.00015
v -0.00571 0.80593 -0.00403
v -0.03164 0.78810 -0.00804
v -0.06567 0.79532 -0.00919
v -0.07644 0.81711 -0.00694
v -0.07535 0.84275 -0.00343
v -0.03986 0.85107 -0.00010
v -0.00765 0.84755 0.00144
v 0.01709 0.83460 -0.08344
v -0.00179 0.81185 -0.08360
v -0.02732 0.79285 -0.08397
v -0.06129 0.79970 -0.08493
v -0.07307 0.82105 -0.08553
v -0.07226 0.84701 -0.08587
v -0.03681 0.85613 -0.08511
v -0.00424 0.85403 -0.08426
v 0.01655 0.82884 -0.16820
v -0.00054 0.80552 -0.16320
v -0.02472 0.78517 -0.15868
v -0.05885 0.79036 -0.15914
v -0.07256 0.81019 -0.16290
v -0.07314 0.83572 -0.16803
v -0.03828 0.84653 -0.17081
v -0.00542 0.84693 -0.17146
v 0.01164 0.80911 -0.25137
v -0.00224 0.78570 -0.24112
v -0.02378 0.76416 -0.23118
v -0.05807 0.76649 -0.23008
v -0.07455 0.78358 -0.23597
v -0.07777 0.80768 -0.24547
v -0.04441 0.82079 -0.25273
v -0.01171 0.82459 -0.25620
v 0.00306 0.77656 -0.32969
v -0.00689 0.75361 -0.31540
v -0.02498 0.73140 -0.30078
v -0.05904 0.73077 -0.29722
v -0.07826 0.74465 -0.30351
v -0.08455 0.76685 -0.31584
v -0.05349 0.78205 -0.32759
v -0.02169 0.78914 -0.33470
v -0.00640 0.73473 -0.40060
v -0.01344 0.71247 -0.38422
v -0.02900 0.69014 -0.36687
v -0.06262 0.68780 -0.36159
v -0.08361 0.69932 -0.36741
v -0.09179 0.72012 -0.38112
v -0.06259 0.73638 -0.39568
v -0.03177 0.74554 -0.40544
v -0.01356 0.68828 -0.46453
v -0.01986 0.66652 -0.44773
v -0.03517 0.64432 -0.42976
v -0.06871 0.64197 -0.42487
v -0.09034 0.65254 -0.43072
v -0.09834 0.67297 -0.44519
v -0.06936 0.68918 -0.45999
v -0.03859 0.69897 -0.47015
v -0.01744 0.64051 -0.52497
v -0.02447 0.61910 -0.50853
v -0.04111 0.59718 -0.49119
v -0.07480 0.59576 -0.48832
v -0.09645 0.60620 -0.49501
v -0.10286 0.62680 -0.51014
v -0.07296 0.64238 -0.52343
v -0.04145 0.65197 -0.53230
v -0.01879 0.59221 -0.58572
v -0.02608 0.57135 -0.56923
v -0.04367 0.54976 -0.55218
v -0.07735 0.54864 -0.55129
v -0.09919 0.55843 -0.55903
v -0.10429 0.57877 -0.57510
v -0.07388 0.59403 -0.58716
v -0.04186 0.60383 -0.59490
v -0.01906 0.54222 -0.64858
v -0.02402 0.52245 -0.63052
v -0.03991 0.50098 -0.61151
v -0.07331 0.49768 -0.61033
v -0.09641 0.50470 -0.61815
v -0.10261 0.52341 -0.63585
v -0.07371 0.53987 -0.64948
v -0.04251 0.55170 -0.65870
v -0.02409 0.48815 -0.71460
v -0.02022 0.47156 -0.69377
v -0.02685 0.45084 -0.66907
v -0.05767 0.44102 -0.66054
v -0.08313 0.44104 -0.66349
v -0.09631 0.45486 -0.68198
v -0.07541 0.47433 -0.70351
v -0.05026 0.49094 -0.72103
v -0.04640 0.41913 -0.77431
v -0.02657 0.41215 -0.75804
v -0.01166 0.39912 -0.73159
v -0.02781 0.38389 -0.70674
v -0.04888 0.37509 -0.69449
v -0.07339 0.37819 -0.70455
v -0.07539 0.39512 -0.73577
v -0.07112 0.41220 -0.76614
v -0.06089 0.33349 -0.80551
v -0.03530 0.33371 -0.79954
v -0.00842 0.32978 -0.78052
v -0.00941 0.31941 -0.74900
v -0.02062 0.31121 -0.72677
v -0.04727 0.30864 -0.72582
v -0.06561 0.31661 -0.75499
v -0.07833 0.32586 -0.78662
v -0.06143 0.24808 -0.82143
v -0.03550 0.24938 -0.82053
v -0.00579 0.24858 -0.80552
v -0.00162 0.24348 -0.77312
v -0.00831 0.23894 -0.74786
v -0.03464 0.23662 -0.74280
v -0.05770 0.23967 -0.76915
v -0.07588 0.24364 -0.79942
v -0.05943 0.16573 -0.82926
v -0.03376 0.16624 -0.83012
v -0.00353 0.16577 -0.81587
v 0.00156 0.16359 -0.78339
v -0.00374 0.16166 -0.75715
v -0.03020 0.16082 -0.75160
v -0.05419 0.16217 -0.77693
v -0.07365 0.16392 -0.80685
v -0.05885 0.08667 -0.83318
v -0.03345 0.08605 -0.83432
v -0.00353 0.08475 -0.81919
v 0.00080 0.08352 -0.78669
v -0.00449 0.08274 -0.76005
v -0.03133 0.08329 -0.75561
v -0.05489 0.08478 -0.78101
v -0.07396 0.08632 -0.81140
v -0.06109 0.00924 -0.83601
v -0.03596 0.00767 -0.83714
v -0.00662 0.00531 -0.82076
v -0.00338 0.00413 -0.78826
v -0.00900 0.00368 -0.76135
v -0.03617 0.00533 -0.75839
v -0.05900 0.00756 -0.78406
v -0.07725 0.00965 -0.81510
v -0.06691 -0.06954 -0.83746
v -0.04208 -0.07164 -0.83936
v -0.01282 -0.07432 -0.82262
v -0.00956 -0.07495 -0.79024
v -0.01468 -0.07481 -0.76289
v -0.04204 -0.07250 -0.76059
v -0.06500 -0.07026 -0.78579
v -0.08339 -0.06835 -0.81692
v -0.07579 -0.15159 -0.83408
v -0.05141 -0.15393 -0.83808
v -0.02125 -0.15561 -0.82258
v -0.01602 -0.15416 -0.79061
v -0.01904 -0.15224 -0.76269
v -0.04649 -0.14969 -0.75956
v -0.07105 -0.14896 -0.78294
v -0.09136 -0.14900 -0.81306
v -0.08520 -0.23594 -0.82085
v -0.06170 -0.23888 -0.82774
v -0.03012 -0.23857 -0.81494
v -0.02158 -0.23321 -0.78424
v -0.02129 -0.22782 -0.75630
v -0.04864 -0.22498 -0.75130
v -0.07557 -0.22702 -0.77138
v -0.09892 -0.23079 -0.79909
v -0.09213 -0.31882 -0.79385
v -0.06988 -0.32325 -0.80325
v -0.03711 -0.32075 -0.79376
v -0.02532 -0.31033 -0.76569
v -0.02166 -0.30016 -0.73904
v -0.04874 -0.29656 -0.73221
v -0.07768 -0.30166 -0.74809
v -0.10383 -0.31002 -0.77215
v -0.09483 -0.39570 -0.75239
v -0.07387 -0.40222 -0.76321
v -0.04040 -0.39789 -0.75678
v -0.02628 -0.38257 -0.73241
v -0.02010 -0.36754 -0.70836
v -0.04696 -0.36290 -0.70047
v -0.07708 -0.37043 -0.71210
v -0.10506 -0.38307 -0.73195
v -0.09319 -0.46365 -0.69942
v -0.07330 -0.47219 -0.71071
v -0.03951 -0.46651 -0.70668
v -0.02402 -0.44761 -0.68609
v -0.01625 -0.42880 -0.66503
v -0.04308 -0.42334 -0.65678
v -0.07373 -0.43229 -0.66479
v -0.10262 -0.44806 -0.68079
v -0.08825 -0.52270 -0.64005
v -0.06921 -0.53277 -0.65150
v -0.03528 -0.52627 -0.64904
v -0.01895 -0.50547 -0.63132
v -0.01017 -0.48442 -0.61256
v -0.03712 -0.47856 -0.60419
v -0.06798 -0.48789 -0.60963
v -0.09727 -0.50539 -0.62288
v -0.08162 -0.57546 -0.57916
v -0.06334 -0.58659 -0.59089
v -0.02927 -0.57983 -0.58912
v -0.01221 -0.55856 -0.57286
v -0.00264 -0.53666 -0.55518
v -0.02977 -0.53061 -0.54677
v -0.06076 -0.53947 -0.55071
v -0.09032 -0.55746 -0.56266
v -0.07503 -0.62541 -0.51916
v -0.05747 -0.63741 -0.53118
v -0.02320 -0.63094 -0.52927
v -0.00539 -0.61009 -0.51344
v 0.00491 -0.58816 -0.49591
v -0.02244 -0.58184 -0.48769
v -0.05359 -0.58959 -0.49102
v -0.08341 -0.60720 -0.50284
v -0.07006 -0.67479 -0.45915
v -0.05318 -0.68792 -0.47106
v -0.01869 -0.68212 -0.46849
v -0.00012 -0.66183 -0.45297
v 0.01083 -0.63989 -0.43559
v -0.01675 -0.63289 -0.42804
v -0.04807 -0.63919 -0.43121
v -0.07810 -0.65616 -0.44327
v -0.06794 -0.72295 -0.39610
v -0.05177 -0.73782 -0.40706
v -0.01706 -0.73279 -0.40378
v 0.00231 -0.71257 -0.38932
v 0.01389 -0.68996 -0.37303
v -0.01387 -0.68172 -0.36676
v -0.04530 -0.68645 -0.36985
v -0.07553 -0.70313 -0.38164
v -0.06925 -0.76609 -0.32713
v -0.05391 -0.78321 -0.33599
v -0.01902 -0.77881 -0.33223
v 0.00127 -0.75810 -0.32003
v 0.01357 -0.73408 -0.30631
v -0.01423 -0.72427 -0.30196
v -0.04573 -0.72746 -0.30492
v -0.07618 -0.74442 -0.31543
v -0.07373 -0.79908 -0.25133
v -0.05931 -0.81839 -0.25695
v -0.02426 -0.81424 -0.25303
v -0.00298 -0.79289 -0.24417
v 0.01007 -0.76730 -0.23444
v -0.01766 -0.75612 -0.23256
v -0.04915 -0.75797 -0.23543
v -0.07983 -0.77557 -0.24367
v -0.08029 -0.81819 -0.17022
v -0.06668 -0.83890 -0.17202
v -0.03148 -0.83449 -0.16835
v -0.00934 -0.81279 -0.16333
v 0.00425 -0.78613 -0.15834
v -0.02342 -0.77435 -0.15904
v -0.05486 -0.77526 -0.16188
v -0.08565 -0.79359 -0.16716
v -0.08736 -0.82305 -0.08683
v -0.07416 -0.84418 -0.08524
v -0.03886 -0.83898 -0.08241
v -0.01616 -0.81732 -0.08101
v -0.00250 -0.79024 -0.08049
v -0.03031 -0.77877 -0.08308
v -0.06170 -0.77929 -0.08569
v -0.09231 -0.79831 -0.08781
v -0.09326 -0.81675 -0.00409
v -0.08004 -0.83774 -0.00042
v -0.04468 -0.83149 0.00096
v -0.02177 -0.81002 -0.00050
v -0.00858 -0.78289 -0.00334
v -0.03673 -0.77222 -0.00656
v -0.06811 -0.77268 -0.00847
v -0.09822 -0.79238 -0.00770
v -0.09668 -0.80412 0.07644
v -0.08322 -0.82499 0.08070
v -0.04789 -0.81780 0.08029
v -0.02490 -0.79657 0.07693
v -0.01243 -0.76944 0.07219
v -0.04094 -0.75945 0.06957
v -0.07235 -0.75979 0.06880
v -0.10176 -0.78007 0.07181
v -0.09689 -0.78934 0.15517
v -0.08326 -0.81033 0.15904
v -0.04801 -0.80253 0.15687
v -0.02484 -0.78161 0.15235
v -0.01305 -0.75444 0.14681
v -0.04177 -0.74475 0.14542
v -0.07317 -0.74470 0.14598
v -0.10192 -0.76540 0.15056
v -0.09378 -0.77402 0.23367
v -0.08004 -0.79512 0.23724
v -0.04492 -0.78685 0.23349
v -0.02152 -0.76632 0.22788
v -0.01037 -0.73917 0.22162
v -0.03918 -0.72967 0.22132
v -0.07055 -0.72914 0.22304
v -0.09862 -0.75017 0.22901
v -0.08788 -0.75645 0.31299
v -0.07373 -0.77727 0.31728
v -0.03888 -0.76830 0.31199
v -0.01548 -0.74813 0.30471
v -0.00536 -0.72117 0.29676
v -0.03430 -0.71220 0.29684
v -0.06563 -0.71155 0.29931
v -0.09275 -0.73295 0.30722
v -0.08017 -0.73270 0.39233
v -0.06490 -0.75232 0.39856
v -0.03069 -0.74200 0.39135
v -0.00793 -0.72202 0.38143
v 0.00024 -0.69568 0.37038
v -0.02903 -0.68818 0.37018
v -0.06038 -0.68830 0.37315
v -0.08578 -0.71022 0.38408
v -0.07155 -0.69903 0.46925
v -0.05404 -0.71581 0.47783
v -0.02142 -0.70307 0.46745
v -0.00063 -0.68298 0.45367
v 0.00389 -0.65812 0.43840
v -0.02590 -0.65374 0.43829
v -0.05708 -0.65620 0.44239
v -0.07919 -0.67877 0.45776
v -0.06188 -0.65366 0.54113
v -0.04079 -0.66532 0.55038
v -0.01223 -0.64909 0.53431
v 0.00389 -0.62874 0.51526
v 0.00195 -0.60685 0.49583
v -0.02792 -0.60769 0.49822
v -0.05786 -0.61440 0.50585
v -0.07351 -0.63731 0.52716
v -0.04980 -0.59645 0.60515
v -0.02497 -0.60101 0.61089
v -0.00525 -0.58183 0.58674
v 0.00189 -0.56219 0.56200
v -0.00959 -0.54555 0.54104
v -0.03716 -0.55261 0.54994
v -0.06270 -0.56429 0.56465
v -0.06716 -0.58578 0.59171
v -0.03811 -0.52887 0.65711
v -0.01222 -0.52705 0.65621
v -0.00439 -0.50806 0.62590
v -0.00782 -0.49122 0.59821
v -0.02795 -0.48108 0.58011
v -0.04998 -0.49221 0.59648
v -0.06793 -0.50657 0.61844
v -0.05993 -0.52396 0.64739
v -0.03433 -0.45734 0.69820
v -0.00941 -0.45226 0.69265
v -0.00933 -0.43495 0.66039
v -0.01888 -0.42074 0.63239
v -0.04296 -0.41500 0.61789
v -0.06044 -0.42729 0.63806
v -0.07287 -0.44199 0.66351
v -0.05771 -0.45566 0.69138
v -0.03901 -0.38725 0.73512
v -0.01453 -0.38126 0.72836
v -0.01634 -0.36454 0.69587
v -0.02689 -0.35093 0.66766
v -0.05176 -0.34660 0.65448
v -0.06817 -0.35900 0.67512
v -0.07945 -0.37372 0.70122
v -0.06250 -0.38617 0.72846
v -0.04599 -0.31765 0.77156
v -0.02155 -0.31172 0.76440
v -0.02343 -0.29525 0.73184
v -0.03352 -0.28156 0.70322
v -0.05849 -0.27747 0.69065
v -0.07506 -0.28943 0.71104
v -0.08661 -0.30393 0.73729
v -0.06935 -0.31611 0.76428
v -0.04821 -0.24455 0.80697
v -0.02466 -0.23861 0.79711
v -0.02959 -0.22390 0.76412
v -0.04187 -0.21160 0.73543
v -0.06793 -0.20867 0.72548
v -0.08271 -0.21956 0.74739
v -0.09197 -0.23282 0.77529
v -0.07204 -0.24328 0.80095
v -0.04444 -0.16537 0.83667
v -0.02326 -0.16012 0.82205
v -0.03407 -0.14934 0.78903
v -0.05103 -0.14038 0.76120
v -0.07838 -0.13920 0.75617
v -0.08925 -0.14761 0.78088
v -0.09346 -0.15781 0.81132
v -0.06903 -0.16488 0.83388
v -0.03773 -0.08086 0.85495
v -0.01965 -0.07827 0.83598
v -0.03588 -0.07270 0.80404
v -0.05715 -0.06794 0.77787
v -0.08478 -0.06726 0.77801
v -0.09167 -0.07140 0.80480
v -0.09068 -0.07659 0.83687
v -0.06263 -0.08031 0.85548
v -0.02973 0.00592 0.85838
v -0.01445 0.00436 0.83690
v -0.03428 0.00471 0.80670
v -0.05841 0.00550 0.78232
v -0.08552 0.00728 0.78625
v -0.08959 0.00831 0.81356
v -0.08476 0.00895 0.84583
v -0.05465 0.00753 0.86098
v -0.02091 0.09136 0.84667
v -0.00783 0.08562 0.82438
v -0.02977 0.08163 0.79614
v -0.05562 0.07910 0.77334
v -0.08196 0.08261 0.77949
v -0.08441 0.08834 0.80607
v -0.07701 0.09422 0.83744
v -0.04586 0.09418 0.85005
v -0.01211 0.17270 0.82303
v -0.00065 0.16393 0.80073
v -0.02374 0.15688 0.77428
v -0.05064 0.15187 0.75276
v -0.07626 0.15678 0.76019
v -0.07794 0.16573 0.78558
v -0.06890 0.17534 0.81570
v -0.03721 0.17618 0.82648
v -0.00453 0.24926 0.79271
v 0.00569 0.23902 0.77032
v -0.01799 0.23017 0.74523
v -0.04557 0.22353 0.72465
v -0.07057 0.22901 0.73317
v -0.07206 0.23948 0.75764
v -0.06190 0.25107 0.78683
v -0.02992 0.25263 0.79617
v 0.00070 0.32261 0.76027
v 0.00980 0.31211 0.73739
v -0.01424 0.30233 0.71329
v -0.04238 0.29460 0.69347
v -0.06679 0.29989 0.70330
v -0.06832 0.31060 0.72731
v -0.05722 0.32291 0.75601
v -0.02505 0.32522 0.76396
v 0.00286 0.39534 0.72726
v 0.01069 0.38485 0.70377
v -0.01372 0.37426 0.68074
v -0.04248 0.36549 0.66187
v -0.06620 0.37035 0.67318
v -0.06770 0.38100 0.69689
v -0.05552 0.39380 0.72509
v -0.02321 0.39698 0.73147
v 0.00173 0.46900 0.69188
v 0.00809 0.45761 0.66821
v -0.01675 0.44559 0.64673
v -0.04619 0.43535 0.62935
v -0.06906 0.44037 0.64201
v -0.07041 0.45174 0.66508
v -0.05697 0.46592 0.69217
v -0.02458 0.46997 0.69674
v -0.00235 0.54229 0.65034
v 0.00257 0.52848 0.62746
v -0.02254 0.51419 0.60820
v -0.05259 0.50192 0.59291
v -0.07460 0.50827 0.60630
v -0.07592 0.52165 0.62795
v -0.06129 0.53856 0.65293
v -0.02890 0.54322 0.65569
v -0.00838 0.61102 0.59918
v -0.00458 0.59370 0.57837
v -0.02964 0.57674 0.56186
v -0.06007 0.56231 0.54904
v -0.08141 0.57097 0.56204
v -0.08304 0.58722 0.58130
v -0.06757 0.60763 0.60313
v -0.03525 0.61248 0.60448
v -0.04624 0.59026 0.57992
v -0.04624 0.59026 0.57992
vt 0.12500 0.00000
vt 0.00000 0.01562
vt 0.00000 0.00000
vt 0.25000 0.00000
vt 0.12500 0.01562
vt 0.12500 0.00000
vt 0.37500 0.00000
vt 0.25000 0.01562
vt 0.25000 0.00000
vt 0.50000 0.00000
vt 0.37500 0.01562
vt 0.37500 0.00000
vt 0.62500 0.00000
vt 0.50000 0.01562
vt 0.50000 0.00000
vt 0.75000 0.00000
vt 0.62500 0.01562
vt 0.62500 0.00000
vt 0.87500 0.00000
vt 0.75000 0.01562
vt 0.75000 0.00000
vt 1.00000 0.00000
vt 0.87500 0.01562
vt 0.87500 0.00000
vt 0.12500 0.01562
vt 0.00000 0.03125
vt 0.00000 0.01562
vt 0.25000 0.01562
vt 0.12500 0.03125
vt 0.12500 0.01562
vt 0.37500 0.01562
vt 0.25000 0.03125
vt 0.25000 0.01562
vt 0.50000 0.01562
vt 0.37500 0.03125
vt 0.37500 0.01562
vt 0.62500 0.01562
vt 0.50000 0.03125
vt 0.50000 0.01562
vt 0.75000 0.01562
vt 0.62500 0.03125
vt 0.62500 0.01562
vt 0.87500 0.01562
vt 0.75000 0.03125
vt 0.75000 0.01562
vt 1.00000 0.01562
vt 0.87500 0.03125
vt 0.87500 0.01562
vt 0.12500 0.03125
vt 0.00000 0.04688
vt 0.00000 0.03125
vt 0.25000 0.03125
vt 0.12500 0.04688
vt 0.12500 0.03125
vt 0.37500 0.03125
vt 0.25000 0.04688
vt 0.25000 0.03125
vt 0.50000 0.03125
vt 0.37500 0.04688
vt 0.37500 0.03125
vt 0.62500 0.03125
vt 0.50000 0.04688
vt 0.50000 0.03125
vt 0.75000 0.03125
vt 0.62500 0.04688
vt 0.62500 0.03125
vt 0.87500 0.03125
vt 0.75000 0.04688
vt 0.75000 0.03125
vt 1.00000 0.03125
vt 0.87500 0.04688
vt 0.87500 0.03125
vt 0.12500 0.04688
vt 0.00000 0.06250
vt 0.00000 0.04688
vt 0.25000 0.04688
vt 0.12500 0.06250
vt 0.12500 0.04688
vt 0.37500 0.04688
vt 0.25000 0.06250
vt 0.25000 0.04688
vt 0.50000 0.04688
vt 0.37500 0.06250
vt 0.37500 0.04688
vt 0.62500 0.04688
vt 0.50000 0.06250
vt 0.50000 0.04688
vt 0.75000 0.04688
vt 0.62500 0.06250
vt 0.62500 0.04688
vt 0.87500 0.04688
vt 0.75000 0.06250
vt 0.75000 0.04688
vt 1.00000 0.04688
vt 0.87500 0.06250
vt 0.87500 0.04688
vt 0.12500 0.06250
vt 0.00000 0.07812
vt 0.00000 0.06250
vt 0.25000 0.06250
vt 0.12500 0.07812
vt 0.12500 0.06250
vt 0.37500 0.06250
vt 0.25000 0.07812
vt 0.25000 0.06250
vt 0.50000 0.06250
vt 0.37500 0.07812
vt 0.37500 0.06250
vt 0.62500 0.06250
vt 0.50000 0.07812
vt 0.50000 0.06250
vt 0.75000 0.06250
vt 0.62500 0.07812
vt 0.62500 0.06250
vt 0.87500 0.06250
vt 0.75000 0.07812
vt 0.75000 0.06250
vt 1.00000 0.06250
vt 0.87500 0.07812
vt 0.87500 0.06250
vt 0.12500 0.07812
vt 0.00000 0.09375
vt 0.00000 0.07812
vt 0.25000 0.07812
vt 0.12500 0.09375
vt 0.12500 0.07812
vt 0.37500 0.07812
vt 0.25000 0.09375
vt 0.25000 0.07812
vt 0.50000 0.07812
vt 0.37500 0.09375
vt 0.37500 0.07812
vt 0.62500 0.07812
vt 0.50000 0.09375
vt 0.50000 0.07812
vt 0.75000 0.07812
vt 0.62500 0.09375
vt 0.62500 0.07812
vt 0.87500 0.07812
vt 0.75000 0.09375
vt 0.75000 0.07812
vt 1.00000 0.07812
vt 0.87500 0.09375
vt 0.87500 0.07812
vt 0.12500 0.09375
vt 0.00000 0.10938
vt 0.00000 0.09375
vt 0.25000 0.09375
vt 0.12500 0.10938
vt 0.12500 0.09375
vt 0.25000 0.09375
vt 0.37500 0.10938
vt 0.25000 0.10938
vt 0.50000 0.09375
vt 0.37500 0.10938
vt 0.37500 0.09375
vt 0.50000 0.09375
vt 0.62500 0.10938
vt 0.50000 0.10938
vt 0.75000 0.09375
vt 0.62500 0.10938
vt 0.62500 0.09375
vt 0.87500 0.09375
vt 0.75000 0.10938
vt 0.75000 0.09375
vt 1.00000 0.09375
vt 0.87500 0.10938
vt 0.87500 0.09375
vt 0.12500 0.10938
vt 0.00000 0.12500
vt 0.00000 0.10938
vt 0.25000 0.10938
vt 0.12500 0.12500
vt 0.12500 0.10938
vt 0.25000 0.10938
vt 0.37500 0.12500
vt 0.25000 0.12500
vt 0.37500 0.10938
vt 0.50000 0.12500
vt 0.37500 0.12500
vt 0.50000 0.10938
vt 0.62500 0.12500
vt 0.50000 0.12500
vt 0.75000 0.10938
vt 0.62500 0.12500
vt 0.62500 0.10938
vt 0.87500 0.10938
vt 0.75000 0.12500
vt 0.75000 0.10938
vt 1.00000 0.10938
vt 0.87500 0.12500
vt 0.87500 0.10938
vt 0.00000 0.12500
vt 0.12500 0.14062
vt 0.00000 0.14062
vt 0.12500 0.12500
vt 0.25000 0.14062
vt 0.12500 0.14062
vt 0.25000 0.12500
vt 0.37500 0.14062
vt 0.25000 0.14062
vt 0.37500 0.12500
vt 0.50000 0.14062
vt 0.37500 0.14062
vt 0.50000 0.12500
vt 0.62500 0.14062
vt 0.50000 0.14062
vt 0.62500 0.12500
vt 0.75000 0.14062
vt 0.62500 0.14062
vt 0.87500 0.12500
vt 0.75000 0.14062
vt 0.75000 0.12500
vt 0.87500 0.12500
vt 1.00000 0.14062
vt 0.87500 0.14062
vt 0.00000 0.14062
vt 0.12500 0.15625
vt 0.00000 0.15625
vt 0.12500 0.14062
vt 0.25000 0.15625
vt 0.12500 0.15625
vt 0.25000 0.14062
vt 0.37500 0.15625
vt 0.25000 0.15625
vt 0.37500 0.14062
vt 0.50000 0.15625
vt 0.37500 0.15625
vt 0.50000 0.14062
vt 0.62500 0.15625
vt 0.50000 0.15625
vt 0.62500 0.14062
vt 0.75000 0.15625
vt 0.62500 0.15625
vt 0.75000 0.14062
vt 0.87500 0.15625
vt 0.75000 0.15625
vt 0.87500 0.14062
vt 1.00000 0.15625
vt 0.87500 0.15625
vt 0.00000 0.15625
vt 0.12500 0.17188
vt 0.00000 0.17188
vt 0.12500 0.15625
vt 0.25000 0.17188
vt 0.12500 0.17188
vt 0.25000 0.15625
vt 0.37500 0.17188
vt 0.25000 0.17188
vt 0.37500 0.15625
vt 0.50000 0.17188
vt 0.37500 0.17188
vt 0.50000 0.15625
vt 0.62500 0.17188
vt 0.50000 0.17188
vt 0.62500 0.15625
vt 0.75000 0.17188
vt 0.62500 0.17188
vt 0.75000 0.15625
vt 0.87500 0.17188
vt 0.75000 0.17188
vt 0.87500 0.15625
vt 1.00000 0.17188
vt 0.87500 0.17188
vt 0.00000 0.17188
vt 0.12500 0.18750
vt 0.00000 0.18750
vt 0.12500 0.17188
vt 0.25000 0.18750
vt 0.12500 0.18750
vt 0.25000 0.17188
vt 0.37500 0.18750
vt 0.25000 0.18750
vt 0.37500 0.17188
vt 0.50000 0.18750
vt 0.37500 0.18750
vt 0.50000 0.17188
vt 0.62500 0.18750
vt 0.50000 0.18750
vt 0.62500 0.17188
vt 0.75000 0.18750
vt 0.62500 0.18750
vt 0.75000 0.17188
vt 0.87500 0.18750
vt 0.75000 0.18750
vt 0.87500 0.17188
vt 1.00000 0.18750
vt 0.87500 0.18750
vt 0.00000 0.18750
vt 0.12500 0.20312
vt 0.00000 0.20312
vt 0.12500 0.18750
vt 0.25000 0.20312
vt 0.12500 0.20312
vt 0.25000 0.18750
vt 0.37500 0.20312
vt 0.25000 0.20312
vt 0.37500 0.18750
vt 0.50000 0.20312
vt 0.37500 0.20312
vt 0.50000 0.18750
vt 0.62500 0.20312
vt 0.50000 0.20312
vt 0.62500 0.18750
vt 0.75000 0.20312
vt 0.62500 0.20312
vt 0.75000 0.18750
vt 0.87500 0.20312
vt 0.75000 0.20312
vt 0.87500 0.18750
vt 1.00000 0.20312
vt 0.87500 0.20312
vt 0.00000 0.20312
vt 0.12500 0.21875
vt 0.00000 0.21875
vt 0.12500 0.20312
vt 0.25000 0.21875
vt 0.12500 0.21875
vt 0.25000 0.20312
vt 0.37500 0.21875
vt 0.25000 0.21875
vt 0.37500 0.20312
vt 0.50000 0.21875
vt 0.37500 0.21875
vt 0.50000 0.20312
vt 0.62500 0.21875
vt 0.50000 0.21875
vt 0.62500 0.20312
vt 0.75000 0.21875
vt 0.62500 0.21875
vt 0.75000 0.20312
vt 0.87500 0.21875
vt 0.75000 0.21875
vt 0.87500 0.20312
vt 1.00000 0.21875
vt 0.87500 0.21875
vt 0.00000 0.21875
vt 0.12500 0.23438
vt 0.00000 0.23438
vt 0.12500 0.21875
vt 0.25000 0.23438
vt 0.12500 0.23438
vt 0.25000 0.21875
vt 0.37500 0.23438
vt 0.25000 0.23438
vt 0.37500 0.21875
vt 0.50000 0.23438
vt 0.37500 0.23438
vt 0.50000 0.21875
vt 0.62500 0.23438
vt 0.50000 0.23438
vt 0.62500 0.21875
vt 0.75000 0.23438
vt 0.62500 0.23438
vt 0.75000 0.21875
vt 0.87500 0.23438
vt 0.75000 0.23438
vt 0.87500 0.21875
vt 1.00000 0.23438
vt 0.87500 0.23438
vt 0.00000 0.23438
vt 0.12500 0.25000
vt 0.00000 0.25000
vt 0.12500 0.23438
vt 0.25000 0.25000
vt 0.12500 0.25000
vt 0.25000 0.23438
vt 0.37500 0.25000
vt 0.25000 0.25000
vt 0.37500 0.23438
vt 0.50000 0.25000
vt 0.37500 0.25000
vt 0.50000 0.23438
vt 0.62500 0.25000
vt 0.50000 0.25000
vt 0.62500 0.23438
vt 0.75000 0.25000
vt 0.62500 0.25000
vt 0.75000 0.23438
vt 0.87500 0.25000
vt 0.75000 0.25000
vt 0.87500 0.23438
vt 1.00000 0.25000
vt 0.87500 0.25000
vt 0.00000 0.25000
vt 0.12500 0.26562
vt 0.00000 0.26562
vt 0.12500 0.25000
vt 0.25000 0.26562
vt 0.12500 0.26562
vt 0.25000 0.25000
vt 0.37500 0.26562
vt 0.25000 0.26562
vt 0.37500 0.25000
vt 0.50000 0.26562
vt 0.37500 0.26562
vt 0.50000 0.25000
vt 0.62500 0.26562
vt 0.50000 0.26562
vt 0.62500 0.25000
vt 0.75000 0.26562
vt 0.62500 0.26562
vt 0.75000 0.25000
vt 0.87500 0.26562
vt 0.75000 0.26562
vt 0.87500 0.25000
vt 1.00000 0.26562
vt 0.87500 0.26562
vt 0.12500 0.26562
vt 0.00000 0.28125
vt 0.00000 0.26562
vt 0.25000 0.26562
vt 0.12500 0.28125
vt 0.12500 0.26562
vt 0.37500 0.26562
vt 0.25000 0.28125
vt 0.25000 0.26562
vt 0.50000 0.26562
vt 0.37500 0.28125
vt 0.37500 0.26562
vt 0.62500 0.26562
vt 0.50000 0.28125
vt 0.50000 0.26562
vt 0.75000 0.26562
vt 0.62500 0.28125
vt 0.62500 0.26562
vt 0.87500 0.26562
vt 0.75000 0.28125
vt 0.75000 0.26562
vt 1.00000 0.26562
vt 0.87500 0.28125
vt 0.87500 0.26562
vt 0.00000 0.28125
vt 0.12500 0.29688
vt 0.00000 0.29688
vt 0.12500 0.28125
vt 0.25000 0.29688
vt 0.12500 0.29688
vt 0.25000 0.28125
vt 0.37500 0.29688
vt 0.25000 0.29688
vt 0.37500 0.28125
vt 0.50000 0.29688
vt 0.37500 0.29688
vt 0.50000 0.28125
vt 0.62500 0.29688
vt 0.50000 0.29688
vt 0.62500 0.28125
vt 0.75000 0.29688
vt 0.62500 0.29688
vt 0.75000 0.28125
vt 0.87500 0.29688
vt 0.75000 0.29688
vt 0.87500 0.28125
vt 1.00000 0.29688
vt 0.87500 0.29688
vt 0.00000 0.29688
vt 0.12500 0.31250
vt 0.00000 0.31250
vt 0.12500 0.29688
vt 0.25000 0.31250
vt 0.12500 0.31250
vt 0.25000 0.29688
vt 0.37500 0.31250
vt 0.25000 0.31250
vt 0.37500 0.29688
vt 0.50000 0.31250
vt 0.37500 0.31250
vt 0.50000 0.29688
vt 0.62500 0.31250
vt 0.50000 0.31250
vt 0.62500 0.29688
vt 0.75000 0.31250
vt 0.62500 0.31250
vt 0.75000 0.29688
vt 0.87500 0.31250
vt 0.75000 0.31250
vt 0.87500 0.29688
vt 1.00000 0.31250
vt 0.87500 0.31250
vt 0.00000 0.31250
vt 0.12500 0.32812
vt 0.00000 0.32812
vt 0.12500 0.31250
vt 0.25000 0.32812
vt 0.12500 0.32812
vt 0.25000 0.31250
vt 0.37500 0.32812
vt 0.25000 0.32812
vt 0.37500 0.31250
vt 0.50000 0.32812
vt 0.37500 0.32812
vt 0.50000 0.31250
vt 0.62500 0.32812
vt 0.50000 0.32812
vt 0.62500 0.31250
vt 0.75000 0.32812
vt 0.62500 0.32812
vt 0.75000 0.31250
vt 0.87500 0.32812
vt 0.75000 0.32812
vt 0.87500 0.31250
vt 1.00000 0.32812
vt 0.87500 0.32812
vt 0.00000 0.32812
vt 0.12500 0.34375
vt 0.00000 0.34375
vt 0.12500 0.32812
vt 0.25000 0.34375
vt 0.12500 0.34375
vt 0.25000 0.32812
vt 0.37500 0.34375
vt 0.25000 0.34375
vt 0.37500 0.32812
vt 0.50000 0.34375
vt 0.37500 0.34375
vt 0.50000 0.32812
vt 0.62500 0.34375
vt 0.50000 0.34375
vt 0.62500 0.32812
vt 0.75000 0.34375
vt 0.62500 0.34375
vt 0.75000 0.32812
vt 0.87500 0.34375
vt 0.75000 0.34375
vt 0.87500 0.32812
vt 1.00000 0.34375
vt 0.87500 0.34375
vt 0.00000 0.34375
vt 0.12500 0.35938
vt 0.00000 0.35938
vt 0.12500 0.34375
vt 0.25000 0.35938
vt 0.12500 0.35938
vt 0.25000 0.34375
vt 0.37500 0.35938
vt 0.25000 0.35938
vt 0.37500 0.34375
vt 0.50000 0.35938
vt 0.37500 0.35938
vt 0.50000 0.34375
vt 0.62500 0.35938
vt 0.50000 0.35938
vt 0.62500 0.34375
vt 0.75000 0.35938
vt 0.62500 0.35938
vt 0.75000 0.34375
vt 0.87500 0.35938
vt 0.75000 0.35938
vt 0.87500 0.34375
vt 1.00000 0.35938
vt 0.87500 0.35938
vt 0.00000 0.35938
vt 0.12500 0.37500
vt 0.00000 0.37500
vt 0.12500 0.35938
vt 0.25000 0.37500
vt 0.12500 0.37500
vt 0.25000 0.35938
vt 0.37500 0.37500
vt 0.25000 0.37500
vt 0.37500 0.35938
vt 0.50000 0.37500
vt 0.37500 0.37500
vt 0.50000 0.35938
vt 0.62500 0.37500
vt 0.50000 0.37500
vt 0.62500 0.35938
vt 0.75000 0.37500
vt 0.62500 0.37500
vt 0.75000 0.35938
vt 0.87500 0.37500
vt 0.75000 0.37500
vt 0.87500 0.35938
vt 1.00000 0.37500
vt 0.87500 0.37500
vt 0.00000 0.37500
vt 0.12500 0.39062
vt 0.00000 0.39062
vt 0.12500 0.37500
vt 0.25000 0.39062
vt 0.12500 0.39062
vt 0.25000 0.37500
vt 0.37500 0.39062
vt 0.25000 0.39062
vt 0.37500 0.37500
vt 0.50000 0.39062
vt 0.37500 0.39062
vt 0.50000 0.37500
vt 0.62500 0.39062
vt 0.50000 0.39062
vt 0.62500 0.37500
vt 0.75000 0.39062
vt 0.62500 0.39062
vt 0.75000 0.37500
vt 0.87500 0.39062
vt 0.75000 0.39062
vt 0.87500 0.37500
vt 1.00000 0.39062
vt 0.87500 0.39062
vt 0.00000 0.39062
vt 0.12500 0.40625
vt 0.00000 0.40625
vt 0.12500 0.39062
vt 0.25000 0.40625
vt 0.12500 0.40625
vt 0.25000 0.39062
vt 0.37500 0.40625
vt 0.25000 0.40625
vt 0.37500 0.39062
vt 0.50000 0.40625
vt 0.37500 0.40625
vt 0.50000 0.39062
vt 0.62500 0.40625
vt 0.50000 0.40625
vt 0.62500 0.39062
vt 0.75000 0.40625
vt 0.62500 0.40625
vt 0.75000 0.39062
vt 0.87500 0.40625
vt 0.75000 0.40625
vt 0.87500 0.39062
vt 1.00000 0.40625
vt 0.87500 0.40625
vt 0.00000 0.40625
vt 0.12500 0.42188
vt 0.00000 0.42188
vt 0.12500 0.40625
vt 0.25000 0.42188
vt 0.12500 0.42188
vt 0.25000 0.40625
vt 0.37500 0.42188
vt 0.25000 0.42188
vt 0.37500 0.40625
vt 0.50000 0.42188
vt 0.37500 0.42188
vt 0.50000 0.40625
vt 0.62500 0.42188
vt 0.50000 0.42188
vt 0.62500 0.40625
vt 0.75000 0.42188
vt 0.62500 0.42188
vt 0.75000 0.40625
vt 0.87500 0.42188
vt 0.75000 0.42188
vt 0.87500 0.40625
vt 1.00000 0.42188
vt 0.87500 0.42188
vt 0.00000 0.42188
vt 0.12500 0.43750
vt 0.00000 0.43750
vt 0.12500 0.42188
vt 0.25000 0.43750
vt 0.12500 0.43750
vt 0.25000 0.42188
vt 0.37500 0.43750
vt 0.25000 0.43750
vt 0.37500 0.42188
vt 0.50000 0.43750
vt 0.37500 0.43750
vt 0.50000 0.42188
vt 0.62500 0.43750
vt 0.50000 0.43750
vt 0.62500 0.42188
vt 0.75000 0.43750
vt 0.62500 0.43750
vt 0.75000 0.42188
vt 0.87500 0.43750
vt 0.75000 0.43750
vt 0.87500 0.42188
vt 1.00000 0.43750
vt 0.87500 0.43750
vt 0.00000 0.43750
vt 0.12500 0.45312
vt 0.00000 0.45312
vt 0.12500 0.43750
vt 0.25000 0.45312
vt 0.12500 0.45312
vt 0.25000 0.43750
vt 0.37500 0.45312
vt 0.25000 0.45312
vt 0.37500 0.43750
vt 0.50000 0.45312
vt 0.37500 0.45312
vt 0.50000 0.43750
vt 0.62500 0.45312
vt 0.50000 0.45312
vt 0.62500 0.43750
vt 0.75000 0.45312
vt 0.62500 0.45312
vt 0.75000 0.43750
vt 0.87500 0.45312
vt 0.75000 0.45312
vt 0.87500 0.43750
vt 1.00000 0.45312
vt 0.87500 0.45312
vt 0.00000 0.45312
vt 0.12500 0.46875
vt 0.00000 0.46875
vt 0.12500 0.45312
vt 0.25000 0.46875
vt 0.12500 0.46875
vt 0.25000 0.45312
vt 0.37500 0.46875
vt 0.25000 0.46875
vt 0.37500 0.45312
vt 0.50000 0.46875
vt 0.37500 0.46875
vt 0.50000 0.45312
vt 0.62500 0.46875
vt 0.50000 0.46875
vt 0.62500 0.45312
vt 0.75000 0.46875
vt 0.62500 0.46875
vt 0.75000 0.45312
vt 0.87500 0.46875
vt 0.75000 0.46875
vt 0.87500 0.45312
vt 1.00000 0.46875
vt 0.87500 0.46875
vt 0.00000 0.46875
vt 0.12500 0.48438
vt 0.00000 0.48438
vt 0.12500 0.46875
vt 0.25000 0.48438
vt 0.12500 0.48438
vt 0.25000 0.46875
vt 0.37500 0.48438
vt 0.25000 0.48438
vt 0.37500 0.46875
vt 0.50000 0.48438
vt 0.37500 0.48438
vt 0.50000 0.46875
vt 0.62500 0.48438
vt 0.50000 0.48438
vt 0.62500 0.46875
vt 0.75000 0.48438
vt 0.62500 0.48438
vt 0.75000 0.46875
vt 0.87500 0.48438
vt 0.75000 0.48438
vt 0.87500 0.46875
vt 1.00000 0.48438
vt 0.87500 0.48438
vt 0.00000 0.48438
vt 0.12500 0.50000
vt 0.00000 0.50000
vt 0.12500 0.48438
vt 0.25000 0.50000
vt 0.12500 0.50000
vt 0.25000 0.48438
vt 0.37500 0.50000
vt 0.25000 0.50000
vt 0.37500 0.48438
vt 0.50000 0.50000
vt 0.37500 0.50000
vt 0.50000 0.48438
vt 0.62500 0.50000
vt 0.50000 0.50000
vt 0.62500 0.48438
vt 0.75000 0.50000
vt 0.62500 0.50000
vt 0.75000 0.48438
vt 0.87500 0.50000
vt 0.75000 0.50000
vt 0.87500 0.48438
vt 1.00000 0.50000
vt 0.87500 0.50000
vt 0.00000 0.50000
vt 0.12500 0.51562
vt 0.00000 0.51562
vt 0.12500 0.50000
vt 0.25000 0.51562
vt 0.12500 0.51562
vt 0.25000 0.50000
vt 0.37500 0.51562
vt 0.25000 0.51562
vt 0.37500 0.50000
vt 0.50000 0.51562
vt 0.37500 0.51562
vt 0.50000 0.50000
vt 0.62500 0.51562
vt 0.50000 0.51562
vt 0.62500 0.50000
vt 0.75000 0.51562
vt 0.62500 0.51562
vt 0.75000 0.50000
vt 0.87500 0.51562
vt 0.75000 0.51562
vt 0.87500 0.50000
vt 1.00000 0.51562
vt 0.87500 0.51562
vt 0.00000 0.51562
vt 0.12500 0.53125
vt 0.00000 0.53125
vt 0.12500 0.51562
vt 0.25000 0.53125
vt 0.12500 0.53125
vt 0.25000 0.51562
vt 0.37500 0.53125
vt 0.25000 0.53125
vt 0.37500 0.51562
vt 0.50000 0.53125
vt 0.37500 0.53125
vt 0.50000 0.51562
vt 0.62500 0.53125
vt 0.50000 0.53125
vt 0.62500 0.51562
vt 0.75000 0.53125
vt 0.62500 0.53125
vt 0.75000 0.51562
vt 0.87500 0.53125
vt 0.75000 0.53125
vt 0.87500 0.51562
vt 1.00000 0.53125
vt 0.87500 0.53125
vt 0.00000 0.53125
vt 0.12500 0.54688
vt 0.00000 0.54688
vt 0.12500 0.53125
vt 0.25000 0.54688
vt 0.12500 0.54688
vt 0.25000 0.53125
vt 0.37500 0.54688
vt 0.25000 0.54688
vt 0.37500 0.53125
vt 0.50000 0.54688
vt 0.37500 0.54688
vt 0.50000 0.53125
vt 0.62500 0.54688
vt 0.50000 0.54688
vt 0.62500 0.53125
vt 0.75000 0.54688
vt 0.62500 0.54688
vt 0.75000 0.53125
vt 0.87500 0.54688
vt 0.75000 0.54688
vt 0.87500 0.53125
vt 1.00000 0.54688
vt 0.87500 0.54688
vt 0.00000 0.54688
vt 0.12500 0.56250
vt 0.00000 0.56250
vt 0.12500 0.54688
vt 0.25000 0.56250
vt 0.12500 0.56250
vt 0.25000 0.54688
vt 0.37500 0.56250
vt 0.25000 0.56250
vt 0.37500 0.54688
vt 0.50000 0.56250
vt 0.37500 0.56250
vt 0.50000 0.54688
vt 0.62500 0.56250
vt 0.50000 0.56250
vt 0.62500 0.54688
vt 0.75000 0.56250
vt 0.62500 0.56250
vt 0.75000 0.54688
vt 0.87500 0.56250
vt 0.75000 0.56250
vt 0.87500 0.54688
vt 1.00000 0.56250
vt 0.87500 0.56250
vt 0.00000 0.56250
vt 0.12500 0.57812
vt 0.00000 0.57812
vt 0.12500 0.56250
vt 0.25000 0.57812
vt 0.12500 0.57812
vt 0.25000 0.56250
vt 0.37500 0.57812
vt 0.25000 0.57812
vt 0.37500 0.56250
vt 0.50000 0.57812
vt 0.37500 0.57812
vt 0.50000 0.56250
vt 0.62500 0.57812
vt 0.50000 0.57812
vt 0.62500 0.56250
vt 0.75000 0.57812
vt 0.62500 0.57812
vt 0.75000 0.56250
vt 0.87500 0.57812
vt 0.75000 0.57812
vt 0.87500 0.56250
vt 1.00000 0.57812
vt 0.87500 0.57812
vt 0.00000 0.57812
vt 0.12500 0.59375
vt 0.00000 0.59375
vt 0.12500 0.57812
vt 0.25000 0.59375
vt 0.12500 0.59375
vt 0.25000 0.57812
vt 0.37500 0.59375
vt 0.25000 0.59375
vt 0.37500 0.57812
vt 0.50000 0.59375
vt 0.37500 0.59375
vt 0.50000 0.57812
vt 0.62500 0.59375
vt 0.50000 0.59375
vt 0.62500 0.57812
vt 0.75000 0.59375
vt 0.62500 0.59375
vt 0.75000 0.57812
vt 0.87500 0.59375
vt 0.75000 0.59375
vt 0.87500 0.57812
vt 1.00000 0.59375
vt 0.87500 0.59375
vt 0.00000 0.59375
vt 0.12500 0.60938
vt 0.00000 0.60938
vt 0.12500 0.59375
vt 0.25000 0.60938
vt 0.12500 0.60938
vt 0.25000 0.59375
vt 0.37500 0.60938
vt 0.25000 0.60938
vt 0.37500 0.59375
vt 0.50000 0.60938
vt 0.37500 0.60938
vt 0.50000 0.59375
vt 0.62500 0.60938
vt 0.50000 0.60938
vt 0.62500 0.59375
vt 0.75000 0.60938
vt 0.62500 0.60938
vt 0.75000 0.59375
vt 0.87500 0.60938
vt 0.75000 0.60938
vt 0.87500 0.59375
vt 1.00000 0.60938
vt 0.87500 0.60938
vt 0.12500 0.60938
vt 0.00000 0.62500
vt 0.00000 0.60938
vt 0.25000 0.60938
vt 0.12500 0.62500
vt 0.12500 0.60938
vt 0.37500 0.60938
vt 0.25000 0.62500
vt 0.25000 0.60938
vt 0.50000 0.60938
vt 0.37500 0.62500
vt 0.37500 0.60938
vt 0.62500 0.60938
vt 0.50000 0.62500
vt 0.50000 0.60938
vt 0.75000 0.60938
vt 0.62500 0.62500
vt 0.62500 0.60938
vt 0.87500 0.60938
vt 0.75000 0.62500
vt 0.75000 0.60938
vt 1.00000 0.60938
vt 0.87500 0.62500
vt 0.87500 0.60938
vt 0.12500 0.62500
vt 0.00000 0.64062
vt 0.00000 0.62500
vt 0.25000 0.62500
vt 0.12500 0.64062
vt 0.12500 0.62500
vt 0.37500 0.62500
vt 0.25000 0.64062
vt 0.25000 0.62500
vt 0.50000 0.62500
vt 0.37500 0.64062
vt 0.37500 0.62500
vt 0.62500 0.62500
vt 0.50000 0.64062
vt 0.50000 0.62500
vt 0.75000 0.62500
vt 0.62500 0.64062
vt 0.62500 0.62500
vt 0.87500 0.62500
vt 0.75000 0.64062
vt 0.75000 0.62500
vt 1.00000 0.62500
vt 0.87500 0.64062
vt 0.87500 0.62500
vt 0.12500 0.64062
vt 0.00000 0.65625
vt 0.00000 0.64062
vt 0.25000 0.64062
vt 0.12500 0.65625
vt 0.12500 0.64062
vt 0.37500 0.64062
vt 0.25000 0.65625
vt 0.25000 0.64062
vt 0.50000 0.64062
vt 0.37500 0.65625
vt 0.37500 0.64062
vt 0.62500 0.64062
vt 0.50000 0.65625
vt 0.50000 0.64062
vt 0.75000 0.64062
vt 0.62500 0.65625
vt 0.62500 0.64062
vt 0.87500 0.64062
vt 0.75000 0.65625
vt 0.75000 0.64062
vt 1.00000 0.64062
vt 0.87500 0.65625
vt 0.87500 0.64062
vt 0.12500 0.65625
vt 0.00000 0.67188
vt 0.00000 0.65625
vt 0.25000 0.65625
vt 0.12500 0.67188
vt 0.12500 0.65625
vt 0.37500 0.65625
vt 0.25000 0.67188
vt 0.25000 0.65625
vt 0.50000 0.65625
vt 0.37500 0.67188
vt 0.37500 0.65625
vt 0.62500 0.65625
vt 0.50000 0.67188
vt 0.50000 0.65625
vt 0.75000 0.65625
vt 0.62500 0.67188
vt 0.62500 0.65625
vt 0.87500 0.65625
vt 0.75000 0.67188
vt 0.75000 0.65625
vt 1.00000 0.65625
vt 0.87500 0.67188
vt 0.87500 0.65625
vt 0.12500 0.67188
vt 0.00000 0.68750
vt 0.00000 0.67188
vt 0.25000 0.67188
vt 0.12500 0.68750
vt 0.12500 0.67188
vt 0.37500 0.67188
vt 0.25000 0.68750
vt 0.25000 0.67188
vt 0.50000 0.67188
vt 0.37500 0.68750
vt 0.37500 0.67188
vt 0.62500 0.67188
vt 0.50000 0.68750
vt 0.50000 0.67188
vt 0.75000 0.67188
vt 0.62500 0.68750
vt 0.62500 0.67188
vt 0.87500 0.67188
vt 0.75000 0.68750
vt 0.75000 0.67188
vt 1.00000 0.67188
vt 0.87500 0.68750
vt 0.87500 0.67188
vt 0.00000 0.68750
vt 0.12500 0.70312
vt 0.00000 0.70312
vt 0.12500 0.68750
vt 0.25000 0.70312
vt 0.12500 0.70312
vt 0.25000 0.68750
vt 0.37500 0.70312
vt 0.25000 0.70312
vt 0.37500 0.68750
vt 0.50000 0.70312
vt 0.37500 0.70312
vt 0.50000 0.68750
vt 0.62500 0.70312
vt 0.50000 0.70312
vt 0.62500 0.68750
vt 0.75000 0.70312
vt 0.62500 0.70312
vt 0.75000 0.68750
vt 0.87500 0.70312
vt 0.75000 0.70312
vt 0.87500 0.68750
vt 1.00000 0.70312
vt 0.87500 0.70312
vt 0.00000 0.70312
vt 0.12500 0.71875
vt 0.00000 0.71875
vt 0.12500 0.70312
vt 0.25000 0.71875
vt 0.12500 0.71875
vt 0.25000 0.70312
vt 0.37500 0.71875
vt 0.25000 0.71875
vt 0.37500 0.70312
vt 0.50000 0.71875
vt 0.37500 0.71875
vt 0.50000 0.70312
vt 0.62500 0.71875
vt 0.50000 0.71875
vt 0.62500 0.70312
vt 0.75000 0.71875
vt 0.62500 0.71875
vt 0.75000 0.70312
vt 0.87500 0.71875
vt 0.75000 0.71875
vt 0.87500 0.70312
vt 1.00000 0.71875
vt 0.87500 0.71875
vt 0.12500 0.71875
vt 0.00000 0.73438
vt 0.00000 0.71875
vt 0.12500 0.71875
vt 0.25000 0.73438
vt 0.12500 0.73438
vt 0.25000 0.71875
vt 0.37500 0.73438
vt 0.25000 0.73438
vt 0.37500 0.71875
vt 0.50000 0.73438
vt 0.37500 0.73438
vt 0.50000 0.71875
vt 0.62500 0.73438
vt 0.50000 0.73438
vt 0.62500 0.71875
vt 0.75000 0.73438
vt 0.62500 0.73438
vt 0.75000 0.71875
vt 0.87500 0.73438
vt 0.75000 0.73438
vt 1.00000 0.71875
vt 0.87500 0.73438
vt 0.87500 0.71875
vt 0.12500 0.73438
vt 0.00000 0.75000
vt 0.00000 0.73438
vt 0.25000 0.73438
vt 0.12500 0.75000
vt 0.12500 0.73438
vt 0.37500 0.73438
vt 0.25000 0.75000
vt 0.25000 0.73438
vt 0.50000 0.73438
vt 0.37500 0.75000
vt 0.37500 0.73438
vt 0.62500 0.73438
vt 0.50000 0.75000
vt 0.50000 0.73438
vt 0.75000 0.73438
vt 0.62500 0.75000
vt 0.62500 0.73438
vt 0.87500 0.73438
vt 0.75000 0.75000
vt 0.75000 0.73438
vt 1.00000 0.73438
vt 0.87500 0.75000
vt 0.87500 0.73438
vt 0.12500 0.75000
vt 0.00000 0.76562
vt 0.00000 0.75000
vt 0.25000 0.75000
vt 0.12500 0.76562
vt 0.12500 0.75000
vt 0.37500 0.75000
vt 0.25000 0.76562
vt 0.25000 0.75000
vt 0.50000 0.75000
vt 0.37500 0.76562
vt 0.37500 0.75000
vt 0.62500 0.75000
vt 0.50000 0.76562
vt 0.50000 0.75000
vt 0.75000 0.75000
vt 0.62500 0.76562
vt 0.62500 0.75000
vt 0.87500 0.75000
vt 0.75000 0.76562
vt 0.75000 0.75000
vt 1.00000 0.75000
vt 0.87500 0.76562
vt 0.87500 0.75000
vt 0.12500 0.76562
vt 0.00000 0.78125
vt 0.00000 0.76562
vt 0.25000 0.76562
vt 0.12500 0.78125
vt 0.12500 0.76562
vt 0.37500 0.76562
vt 0.25000 0.78125
vt 0.25000 0.76562
vt 0.50000 0.76562
vt 0.37500 0.78125
vt 0.37500 0.76562
vt 0.62500 0.76562
vt 0.50000 0.78125
vt 0.50000 0.76562
vt 0.75000 0.76562
vt 0.62500 0.78125
vt 0.62500 0.76562
vt 0.87500 0.76562
vt 0.75000 0.78125
vt 0.75000 0.76562
vt 1.00000 0.76562
vt 0.87500 0.78125
vt 0.87500 0.76562
vt 0.12500 0.78125
vt 0.00000 0.79688
vt 0.00000 0.78125
vt 0.25000 0.78125
vt 0.12500 0.79688
vt 0.12500 0.78125
vt 0.37500 0.78125
vt 0.25000 0.79688
vt 0.25000 0.78125
vt 0.50000 0.78125
vt 0.37500 0.79688
vt 0.37500 0.78125
vt 0.62500 0.78125
vt 0.50000 0.79688
vt 0.50000 0.78125
vt 0.75000 0.78125
vt 0.62500 0.79688
vt 0.62500 0.78125
vt 0.87500 0.78125
vt 0.75000 0.79688
vt 0.75000 0.78125
vt 1.00000 0.78125
vt 0.87500 0.79688
vt 0.87500 0.78125
vt 0.12500 0.79688
vt 0.00000 0.81250
vt 0.00000 0.79688
vt 0.25000 0.79688
vt 0.12500 0.81250
vt 0.12500 0.79688
vt 0.37500 0.79688
vt 0.25000 0.81250
vt 0.25000 0.79688
vt 0.50000 0.79688
vt 0.37500 0.81250
vt 0.37500 0.79688
vt 0.62500 0.79688
vt 0.50000 0.81250
vt 0.50000 0.79688
vt 0.75000 0.79688
vt 0.62500 0.81250
vt 0.62500 0.79688
vt 0.87500 0.79688
vt 0.75000 0.81250
vt 0.75000 0.79688
vt 1.00000 0.79688
vt 0.87500 0.81250
vt 0.87500 0.79688
vt 0.12500 0.81250
vt 0.00000 0.82812
vt 0.00000 0.81250
vt 0.25000 0.81250
vt 0.12500 0.82812
vt 0.12500 0.81250
vt 0.37500 0.81250
vt 0.25000 0.82812
vt 0.25000 0.81250
vt 0.50000 0.81250
vt 0.37500 0.82812
vt 0.37500 0.81250
vt 0.62500 0.81250
vt 0.50000 0.82812
vt 0.50000 0.81250
vt 0.75000 0.81250
vt 0.62500 0.82812
vt 0.62500 0.81250
vt 0.87500 0.81250
vt 0.75000 0.82812
vt 0.75000 0.81250
vt 1.00000 0.81250
vt 0.87500 0.82812
vt 0.87500 0.81250
vt 0.00000 0.82812
vt 0.12500 0.84375
vt 0.00000 0.84375
vt 0.12500 0.82812
vt 0.25000 0.84375
vt 0.12500 0.84375
vt 0.25000 0.82812
vt 0.37500 0.84375
vt 0.25000 0.84375
vt 0.37500 0.82812
vt 0.50000 0.84375
vt 0.37500 0.84375
vt 0.50000 0.82812
vt 0.62500 0.84375
vt 0.50000 0.84375
vt 0.62500 0.82812
vt 0.75000 0.84375
vt 0.62500 0.84375
vt 0.75000 0.82812
vt 0.87500 0.84375
vt 0.75000 0.84375
vt 0.87500 0.82812
vt 1.00000 0.84375
vt 0.87500 0.84375
vt 0.00000 0.84375
vt 0.12500 0.85938
vt 0.00000 0.85938
vt 0.12500 0.84375
vt 0.25000 0.85938
vt 0.12500 0.85938
vt 0.25000 0.84375
vt 0.37500 0.85938
vt 0.25000 0.85938
vt 0.37500 0.84375
vt 0.50000 0.85938
vt 0.37500 0.85938
vt 0.50000 0.84375
vt 0.62500 0.85938
vt 0.50000 0.85938
vt 0.62500 0.84375
vt 0.75000 0.85938
vt 0.62500 0.85938
vt 0.75000 0.84375
vt 0.87500 0.85938
vt 0.75000 0.85938
vt 0.87500 0.84375
vt 1.00000 0.85938
vt 0.87500 0.85938
vt 0.00000 0.85938
vt 0.12500 0.87500
vt 0.00000 0.87500
vt 0.12500 0.85938
vt 0.25000 0.87500
vt 0.12500 0.87500
vt 0.25000 0.85938
vt 0.37500 0.87500
vt 0.25000 0.87500
vt 0.37500 0.85938
vt 0.50000 0.87500
vt 0.37500 0.87500
vt 0.62500 0.85938
vt 0.50000 0.87500
vt 0.50000 0.85938
vt 0.75000 0.85938
vt 0.62500 0.87500
vt 0.62500 0.85938
vt 0.87500 0.85938
vt 0.75000 0.87500
vt 0.75000 0.85938
vt 1.00000 0.85938
vt 0.87500 0.87500
vt 0.87500 0.85938
vt 0.12500 0.87500
vt 0.00000 0.89062
vt 0.00000 0.87500
vt 0.25000 0.87500
vt 0.12500 0.89062
vt 0.12500 0.87500
vt 0.37500 0.87500
vt 0.25000 0.89062
vt 0.25000 0.87500
vt 0.50000 0.87500
vt 0.37500 0.89062
vt 0.37500 0.87500
vt 0.62500 0.87500
vt 0.50000 0.89062
vt 0.50000 0.87500
vt 0.75000 0.87500
vt 0.62500 0.89062
vt 0.62500 0.87500
vt 0.87500 0.87500
vt 0.75000 0.89062
vt 0.75000 0.87500
vt 1.00000 0.87500
vt 0.87500 0.89062
vt 0.87500 0.87500
vt 0.12500 0.89062
vt 0.00000 0.90625
vt 0.00000 0.89062
vt 0.25000 0.89062
vt 0.12500 0.90625
vt 0.12500 0.89062
vt 0.37500 0.89062
vt 0.25000 0.90625
vt 0.25000 0.89062
vt 0.50000 0.89062
vt 0.37500 0.90625
vt 0.37500 0.89062
vt 0.62500 0.89062
vt 0.50000 0.90625
vt 0.50000 0.89062
vt 0.75000 0.89062
vt 0.62500 0.90625
vt 0.62500 0.89062
vt 0.87500 0.89062
vt 0.75000 0.90625
vt 0.75000 0.89062
vt 1.00000 0.89062
vt 0.87500 0.90625
vt 0.87500 0.89062
vt 0.12500 0.90625
vt 0.00000 0.92188
vt 0.00000 0.90625
vt 0.25000 0.90625
vt 0.12500 0.92188
vt 0.12500 0.90625
vt 0.37500 0.90625
vt 0.25000 0.92188
vt 0.25000 0.90625
vt 0.50000 0.90625
vt 0.37500 0.92188
vt 0.37500 0.90625
vt 0.62500 0.90625
vt 0.50000 0.92188
vt 0.50000 0.90625
vt 0.75000 0.90625
vt 0.62500 0.92188
vt 0.62500 0.90625
vt 0.87500 0.90625
vt 0.75000 0.92188
vt 0.75000 0.90625
vt 1.00000 0.90625
vt 0.87500 0.92188
vt 0.87500 0.90625
vt 0.12500 0.92188
vt 0.00000 0.93750
vt 0.00000 0.92188
vt 0.25000 0.92188
vt 0.12500 0.93750
vt 0.12500 0.92188
vt 0.37500 0.92188
vt 0.25000 0.93750
vt 0.25000 0.92188
vt 0.50000 0.92188
vt 0.37500 0.93750
vt 0.37500 0.92188
vt 0.62500 0.92188
vt 0.50000 0.93750
vt 0.50000 0.92188
vt 0.75000 0.92188
vt 0.62500 0.93750
vt 0.62500 0.92188
vt 0.87500 0.92188
vt 0.75000 0.93750
vt 0.75000 0.92188
vt 1.00000 0.92188
vt 0.87500 0.93750
vt 0.87500 0.92188
vt 0.12500 0.93750
vt 0.00000 0.95312
vt 0.00000 0.93750
vt 0.25000 0.93750
vt 0.12500 0.95312
vt 0.12500 0.93750
vt 0.37500 0.93750
vt 0.25000 0.95312
vt 0.25000 0.93750
vt 0.50000 0.93750
vt 0.37500 0.95312
vt 0.37500 0.93750
vt 0.62500 0.93750
vt 0.50000 0.95312
vt 0.50000 0.93750
vt 0.75000 0.93750
vt 0.62500 0.95312
vt 0.62500 0.93750
vt 0.87500 0.93750
vt 0.75000 0.95312
vt 0.75000 0.93750
vt 1.00000 0.93750
vt 0.87500 0.95312
vt 0.87500 0.93750
vt 0.12500 0.95312
vt 0.00000 0.96875
vt 0.00000 0.95312
vt 0.25000 0.95312
vt 0.12500 0.96875
vt 0.12500 0.95312
vt 0.37500 0.95312
vt 0.25000 0.96875
vt 0.25000 0.95312
vt 0.50000 0.95312
vt 0.37500 0.96875
vt 0.37500 0.95312
vt 0.62500 0.95312
vt 0.50000 0.96875
vt 0.50000 0.95312
vt 0.75000 0.95312
vt 0.62500 0.96875
vt 0.62500 0.95312
vt 0.87500 0.95312
vt 0.75000 0.96875
vt 0.75000 0.95312
vt 1.00000 0.95312
vt 0.87500 0.96875
vt 0.87500 0.95312
vt 0.12500 0.96875
vt 0.00000 0.98438
vt 0.00000 0.96875
vt 0.25000 0.96875
vt 0.12500 0.98438
vt 0.12500 0.96875
vt 0.37500 0.96875
vt 0.25000 0.98438
vt 0.25000 0.96875
vt 0.50000 0.96875
vt 0.37500 0.98438
vt 0.37500 0.96875
vt 0.62500 0.96875
vt 0.50000 0.98438
vt 0.50000 0.96875
vt 0.75000 0.96875
vt 0.62500 0.98438
vt 0.62500 0.96875
vt 0.87500 0.96875
vt 0.75000 0.98438
vt 0.75000 0.96875
vt 1.00000 0.96875
vt 0.87500 0.98438
vt 0.87500 0.96875
vt 0.12500 0.98438
vt 0.00000 1.00000
vt 0.00000 0.98438
vt 0.25000 0.98438
vt 0.12500 1.00000
vt 0.12500 0.98438
vt 0.37500 0.98438
vt 0.25000 1.00000
vt 0.25000 0.98438
vt 0.50000 0.98438
vt 0.37500 1.00000
vt 0.37500 0.98438
vt 0.62500 0.98438
vt 0.50000 1.00000
vt 0.50000 0.98438
vt 0.75000 0.98438
vt 0.62500 1.00000
vt 0.62500 0.98438
vt 0.87500 0.98438
vt 0.75000 1.00000
vt 0.75000 0.98438
vt 1.00000 0.98438
vt 0.87500 1.00000
vt 0.87500 0.98438
vt 0.00000 0.00000
vt 0.00000 0.00000
vt 0.00000 0.00000
vt 0.12500 0.00000
vt 0.12500 0.00000
vt 0.12500 0.00000
vt 0.25000 0.00000
vt 0.25000 0.00000
vt 0.25000 0.00000
vt 0.37500 0.00000
vt 0.37500 0.00000
vt 0.37500 0.00000
vt 0.50000 0.00000
vt 0.50000 0.00000
vt 0.50000 0.00000
vt 0.62500 0.00000
vt 0.62500 0.00000
vt 0.62500 0.00000
vt 0.75000 0.00000
vt 0.75000 0.00000
vt 0.75000 0.00000
vt 0.87500 0.00000
vt 0.87500 0.00000
vt 0.87500 0.00000
vt 0.00000 1.00000
vt 0.00000 1.00000
vt 0.00000 1.00000
vt 0.12500 1.00000
vt 0.12500 1.00000
vt 0.12500 1.00000
vt 0.25000 1.00000
vt 0.25000 1.00000
vt 0.25000 1.00000
vt 0.37500 1.00000
vt 0.37500 1.00000
vt 0.37500 1.00000
vt 0.50000 1.00000
vt 0.50000 1.00000
vt 0.50000 1.00000
vt 0.62500 1.00000
vt 0.62500 1.00000
vt 0.62500 1.00000
vt 0.75000 1.00000
vt 0.75000 1.00000
vt 0.75000 1.00000
vt 0.87500 1.00000
vt 0.87500 1.00000
vt 0.87500 1.00000
vt 0.12500 0.00000
vt 0.00000 0.01562
vt 0.00000 0.00000
vt 0.25000 0.00000
vt 0.12500 0.01562
vt 0.12500 0.00000
vt 0.37500 0.00000
vt 0.25000 0.01562
vt 0.25000 0.00000
vt 0.50000 0.00000
vt 0.37500 0.01562
vt 0.37500 0.00000
vt 0.62500 0.00000
vt 0.50000 0.01562
vt 0.50000 0.00000
vt 0.75000 0.00000
vt 0.62500 0.01562
vt 0.62500 0.00000
vt 0.87500 0.00000
vt 0.75000 0.01562
vt 0.75000 0.00000
vt 1.00000 0.00000
vt 0.87500 0.01562
vt 0.87500 0.00000
vt 0.12500 0.01562
vt 0.00000 0.03125
vt 0.00000 0.01562
vt 0.25000 0.01562
vt 0.12500 0.03125
vt 0.12500 0.01562
vt 0.37500 0.01562
vt 0.25000 0.03125
vt 0.25000 0.01562
vt 0.50000 0.01562
vt 0.37500 0.03125
vt 0.37500 0.01562
vt 0.62500 0.01562
vt 0.50000 0.03125
vt 0.50000 0.01562
vt 0.75000 0.01562
vt 0.62500 0.03125
vt 0.62500 0.01562
vt 0.87500 0.01562
vt 0.75000 0.03125
vt 0.75000 0.01562
vt 1.00000 0.01562
vt 0.87500 0.03125
vt 0.87500 0.01562
vt 0.12500 0.03125
vt 0.00000 0.04688
vt 0.00000 0.03125
vt 0.25000 0.03125
vt 0.12500 0.04688
vt 0.12500 0.03125
vt 0.37500 0.03125
vt 0.25000 0.04688
vt 0.25000 0.03125
vt 0.50000 0.03125
vt 0.37500 0.04688
vt 0.37500 0.03125
vt 0.62500 0.03125
vt 0.50000 0.04688
vt 0.50000 0.03125
vt 0.75000 0.03125
vt 0.62500 0.04688
vt 0.62500 0.03125
vt 0.87500 0.03125
vt 0.75000 0.04688
vt 0.75000 0.03125
vt 1.00000 0.03125
vt 0.87500 0.04688
vt 0.87500 0.03125
vt 0.12500 0.04688
vt 0.00000 0.06250
vt 0.00000 0.04688
vt 0.25000 0.04688
vt 0.12500 0.06250
vt 0.12500 0.04688
vt 0.37500 0.04688
vt 0.25000 0.06250
vt 0.25000 0.04688
vt 0.50000 0.04688
vt 0.37500 0.06250
vt 0.37500 0.04688
vt 0.62500 0.04688
vt 0.50000 0.06250
vt 0.50000 0.04688
vt 0.75000 0.04688
vt 0.62500 0.06250
vt 0.62500 0.04688
vt 0.87500 0.04688
vt 0.75000 0.06250
vt 0.75000 0.04688
vt 1.00000 0.04688
vt 0.87500 0.06250
vt 0.87500 0.04688
vt 0.12500 0.06250
vt 0.00000 0.07812
vt 0.00000 0.06250
vt 0.25000 0.06250
vt 0.12500 0.07812
vt 0.12500 0.06250
vt 0.37500 0.06250
vt 0.25000 0.07812
vt 0.25000 0.06250
vt 0.50000 0.06250
vt 0.37500 0.07812
vt 0.37500 0.06250
vt 0.62500 0.06250
vt 0.50000 0.07812
vt 0.50000 0.06250
vt 0.75000 0.06250
vt 0.62500 0.07812
vt 0.62500 0.06250
vt 0.87500 0.06250
vt 0.75000 0.07812
vt 0.75000 0.06250
vt 1.00000 0.06250
vt 0.87500 0.07812
vt 0.87500 0.06250
vt 0.12500 0.07812
vt 0.00000 0.09375
vt 0.00000 0.07812
vt 0.25000 0.07812
vt 0.12500 0.09375
vt 0.12500 0.07812
vt 0.37500 0.07812
vt 0.25000 0.09375
vt 0.25000 0.07812
vt 0.50000 0.07812
vt 0.37500 0.09375
vt 0.37500 0.07812
vt 0.62500 0.07812
vt 0.50000 0.09375
vt 0.50000 0.07812
vt 0.75000 0.07812
vt 0.62500 0.09375
vt 0.62500 0.07812
vt 0.87500 0.07812
vt 0.75000 0.09375
vt 0.75000 0.07812
vt 1.00000 0.07812
vt 0.87500 0.09375
vt 0.87500 0.07812
vt 0.12500 0.09375
vt 0.00000 0.10938
vt 0.00000 0.09375
vt 0.25000 0.09375
vt 0.12500 0.10938
vt 0.12500 0.09375
vt 0.37500 0.09375
vt 0.25000 0.10938
vt 0.25000 0.09375
vt 0.50000 0.09375
vt 0.37500 0.10938
vt 0.37500 0.09375
vt 0.62500 0.09375
vt 0.50000 0.10938
vt 0.50000 0.09375
vt 0.75000 0.09375
vt 0.62500 0.10938
vt 0.62500 0.09375
vt 0.87500 0.09375
vt 0.75000 0.10938
vt 0.75000 0.09375
vt 1.00000 0.09375
vt 0.87500 0.10938
vt 0.87500 0.09375
vt 0.00000 0.10938
vt 0.12500 0.12500
vt 0.00000 0.12500
vt 0.12500 0.10938
vt 0.25000 0.12500
vt 0.12500 0.12500
vt 0.25000 0.10938
vt 0.37500 0.12500
vt 0.25000 0.12500
vt 0.50000 0.10938
vt 0.37500 0.12500
vt 0.37500 0.10938
vt 0.62500 0.10938
vt 0.50000 0.12500
vt 0.50000 0.10938
vt 0.75000 0.10938
vt 0.62500 0.12500
vt 0.62500 0.10938
vt 0.87500 0.10938
vt 0.75000 0.12500
vt 0.75000 0.10938
vt 0.87500 0.10938
vt 1.00000 0.12500
vt 0.87500 0.12500
vt 0.00000 0.12500
vt 0.12500 0.14062
vt 0.00000 0.14062
vt 0.12500 0.12500
vt 0.25000 0.14062
vt 0.12500 0.14062
vt 0.25000 0.12500
vt 0.37500 0.14062
vt 0.25000 0.14062
vt 0.37500 0.12500
vt 0.50000 0.14062
vt 0.37500 0.14062
vt 0.50000 0.12500
vt 0.62500 0.14062
vt 0.50000 0.14062
vt 0.62500 0.12500
vt 0.75000 0.14062
vt 0.62500 0.14062
vt 0.75000 0.12500
vt 0.87500 0.14062
vt 0.75000 0.14062
vt 0.87500 0.12500
vt 1.00000 0.14062
vt 0.87500 0.14062
vt 0.00000 0.14062
vt 0.12500 0.15625
vt 0.00000 0.15625
vt 0.12500 0.14062
vt 0.25000 0.15625
vt 0.12500 0.15625
vt 0.25000 0.14062
vt 0.37500 0.15625
vt 0.25000 0.15625
vt 0.37500 0.14062
vt 0.50000 0.15625
vt 0.37500 0.15625
vt 0.50000 0.14062
vt 0.62500 0.15625
vt 0.50000 0.15625
vt 0.62500 0.14062
vt 0.75000 0.15625
vt 0.62500 0.15625
vt 0.75000 0.14062
vt 0.87500 0.15625
vt 0.75000 0.15625
vt 0.87500 0.14062
vt 1.00000 0.15625
vt 0.87500 0.15625
vt 0.00000 0.15625
vt 0.12500 0.17188
vt 0.00000 0.17188
vt 0.12500 0.15625
vt 0.25000 0.17188
vt 0.12500 0.17188
vt 0.25000 0.15625
vt 0.37500 0.17188
vt 0.25000 0.17188
vt 0.37500 0.15625
vt 0.50000 0.17188
vt 0.37500 0.17188
vt 0.50000 0.15625
vt 0.62500 0.17188
vt 0.50000 0.17188
vt 0.62500 0.15625
vt 0.75000 0.17188
vt 0.62500 0.17188
vt 0.75000 0.15625
vt 0.87500 0.17188
vt 0.75000 0.17188
vt 0.87500 0.15625
vt 1.00000 0.17188
vt 0.87500 0.17188
vt 0.00000 0.17188
vt 0.12500 0.18750
vt 0.00000 0.18750
vt 0.12500 0.17188
vt 0.25000 0.18750
vt 0.12500 0.18750
vt 0.25000 0.17188
vt 0.37500 0.18750
vt 0.25000 0.18750
vt 0.37500 0.17188
vt 0.50000 0.18750
vt 0.37500 0.18750
vt 0.50000 0.17188
vt 0.62500 0.18750
vt 0.50000 0.18750
vt 0.62500 0.17188
vt 0.75000 0.18750
vt 0.62500 0.18750
vt 0.75000 0.17188
vt 0.87500 0.18750
vt 0.75000 0.18750
vt 0.87500 0.17188
vt 1.00000 0.18750
vt 0.87500 0.18750
vt 0.00000 0.18750
vt 0.12500 0.20312
vt 0.00000 0.20312
vt 0.12500 0.18750
vt 0.25000 0.20312
vt 0.12500 0.20312
vt 0.25000 0.18750
vt 0.37500 0.20312
vt 0.25000 0.20312
vt 0.37500 0.18750
vt 0.50000 0.20312
vt 0.37500 0.20312
vt 0.50000 0.18750
vt 0.62500 0.20312
vt 0.50000 0.20312
vt 0.62500 0.18750
vt 0.75000 0.20312
vt 0.62500 0.20312
vt 0.75000 0.18750
vt 0.87500 0.20312
vt 0.75000 0.20312
vt 0.87500 0.18750
vt 1.00000 0.20312
vt 0.87500 0.20312
vt 0.12500 0.20312
vt 0.00000 0.21875
vt 0.00000 0.20312
vt 0.25000 0.20312
vt 0.12500 0.21875
vt 0.12500 0.20312
vt 0.25000 0.20312
vt 0.37500 0.21875
vt 0.25000 0.21875
vt 0.37500 0.20312
vt 0.50000 0.21875
vt 0.37500 0.21875
vt 0.50000 0.20312
vt 0.62500 0.21875
vt 0.50000 0.21875
vt 0.62500 0.20312
vt 0.75000 0.21875
vt 0.62500 0.21875
vt 0.75000 0.20312
vt 0.87500 0.21875
vt 0.75000 0.21875
vt 0.87500 0.20312
vt 1.00000 0.21875
vt 0.87500 0.21875
vt 0.12500 0.21875
vt 0.00000 0.23438
vt 0.00000 0.21875
vt 0.25000 0.21875
vt 0.12500 0.23438
vt 0.12500 0.21875
vt 0.37500 0.21875
vt 0.25000 0.23438
vt 0.25000 0.21875
vt 0.50000 0.21875
vt 0.37500 0.23438
vt 0.37500 0.21875
vt 0.62500 0.21875
vt 0.50000 0.23438
vt 0.50000 0.21875
vt 0.75000 0.21875
vt 0.62500 0.23438
vt 0.62500 0.21875
vt 0.87500 0.21875
vt 0.75000 0.23438
vt 0.75000 0.21875
vt 1.00000 0.21875
vt 0.87500 0.23438
vt 0.87500 0.21875
vt 0.12500 0.23438
vt 0.00000 0.25000
vt 0.00000 0.23438
vt 0.25000 0.23438
vt 0.12500 0.25000
vt 0.12500 0.23438
vt 0.37500 0.23438
vt 0.25000 0.25000
vt 0.25000 0.23438
vt 0.50000 0.23438
vt 0.37500 0.25000
vt 0.37500 0.23438
vt 0.62500 0.23438
vt 0.50000 0.25000
vt 0.50000 0.23438
vt 0.75000 0.23438
vt 0.62500 0.25000
vt 0.62500 0.23438
vt 0.87500 0.23438
vt 0.75000 0.25000
vt 0.75000 0.23438
vt 1.00000 0.23438
vt 0.87500 0.25000
vt 0.87500 0.23438
vt 0.00000 0.25000
vt 0.12500 0.26562
vt 0.00000 0.26562
vt 0.12500 0.25000
vt 0.25000 0.26562
vt 0.12500 0.26562
vt 0.25000 0.25000
vt 0.37500 0.26562
vt 0.25000 0.26562
vt 0.37500 0.25000
vt 0.50000 0.26562
vt 0.37500 0.26562
vt 0.50000 0.25000
vt 0.62500 0.26562
vt 0.50000 0.26562
vt 0.62500 0.25000
vt 0.75000 0.26562
vt 0.62500 0.26562
vt 0.75000 0.25000
vt 0.87500 0.26562
vt 0.75000 0.26562
vt 0.87500 0.25000
vt 1.00000 0.26562
vt 0.87500 0.26562
vt 0.00000 0.26562
vt 0.12500 0.28125
vt 0.00000 0.28125
vt 0.12500 0.26562
vt 0.25000 0.28125
vt 0.12500 0.28125
vt 0.25000 0.26562
vt 0.37500 0.28125
vt 0.25000 0.28125
vt 0.37500 0.26562
vt 0.50000 0.28125
vt 0.37500 0.28125
vt 0.50000 0.26562
vt 0.62500 0.28125
vt 0.50000 0.28125
vt 0.62500 0.26562
vt 0.75000 0.28125
vt 0.62500 0.28125
vt 0.75000 0.26562
vt 0.87500 0.28125
vt 0.75000 0.28125
vt 0.87500 0.26562
vt 1.00000 0.28125
vt 0.87500 0.28125
vt 0.00000 0.28125
vt 0.12500 0.29688
vt 0.00000 0.29688
vt 0.12500 0.28125
vt 0.25000 0.29688
vt 0.12500 0.29688
vt 0.25000 0.28125
vt 0.37500 0.29688
vt 0.25000 0.29688
vt 0.37500 0.28125
vt 0.50000 0.29688
vt 0.37500 0.29688
vt 0.50000 0.28125
vt 0.62500 0.29688
vt 0.50000 0.29688
vt 0.62500 0.28125
vt 0.75000 0.29688
vt 0.62500 0.29688
vt 0.75000 0.28125
vt 0.87500 0.29688
vt 0.75000 0.29688
vt 0.87500 0.28125
vt 1.00000 0.29688
vt 0.87500 0.29688
vt 0.00000 0.29688
vt 0.12500 0.31250
vt 0.00000 0.31250
vt 0.12500 0.29688
vt 0.25000 0.31250
vt 0.12500 0.31250
vt 0.25000 0.29688
vt 0.37500 0.31250
vt 0.25000 0.31250
vt 0.37500 0.29688
vt 0.50000 0.31250
vt 0.37500 0.31250
vt 0.50000 0.29688
vt 0.62500 0.31250
vt 0.50000 0.31250
vt 0.62500 0.29688
vt 0.75000 0.31250
vt 0.62500 0.31250
vt 0.75000 0.29688
vt 0.87500 0.31250
vt 0.75000 0.31250
vt 0.87500 0.29688
vt 1.00000 0.31250
vt 0.87500 0.31250
vt 0.00000 0.31250
vt 0.12500 0.32812
vt 0.00000 0.32812
vt 0.12500 0.31250
vt 0.25000 0.32812
vt 0.12500 0.32812
vt 0.25000 0.31250
vt 0.37500 0.32812
vt 0.25000 0.32812
vt 0.37500 0.31250
vt 0.50000 0.32812
vt 0.37500 0.32812
vt 0.50000 0.31250
vt 0.62500 0.32812
vt 0.50000 0.32812
vt 0.62500 0.31250
vt 0.75000 0.32812
vt 0.62500 0.32812
vt 0.75000 0.31250
vt 0.87500 0.32812
vt 0.75000 0.32812
vt 0.87500 0.31250
vt 1.00000 0.32812
vt 0.87500 0.32812
vt 0.00000 0.32812
vt 0.12500 0.34375
vt 0.00000 0.34375
vt 0.12500 0.32812
vt 0.25000 0.34375
vt 0.12500 0.34375
vt 0.25000 0.32812
vt 0.37500 0.34375
vt 0.25000 0.34375
vt 0.37500 0.32812
vt 0.50000 0.34375
vt 0.37500 0.34375
vt 0.50000 0.32812
vt 0.62500 0.34375
vt 0.50000 0.34375
vt 0.62500 0.32812
vt 0.75000 0.34375
vt 0.62500 0.34375
vt 0.75000 0.32812
vt 0.87500 0.34375
vt 0.75000 0.34375
vt 0.87500 0.32812
vt 1.00000 0.34375
vt 0.87500 0.34375
vt 0.12500 0.34375
vt 0.00000 0.35938
vt 0.00000 0.34375
vt 0.25000 0.34375
vt 0.12500 0.35938
vt 0.12500 0.34375
vt 0.37500 0.34375
vt 0.25000 0.35938
vt 0.25000 0.34375
vt 0.50000 0.34375
vt 0.37500 0.35938
vt 0.37500 0.34375
vt 0.62500 0.34375
vt 0.50000 0.35938
vt 0.50000 0.34375
vt 0.75000 0.34375
vt 0.62500 0.35938
vt 0.62500 0.34375
vt 0.87500 0.34375
vt 0.75000 0.35938
vt 0.75000 0.34375
vt 1.00000 0.34375
vt 0.87500 0.35938
vt 0.87500 0.34375
vt 0.12500 0.35938
vt 0.00000 0.37500
vt 0.00000 0.35938
vt 0.25000 0.35938
vt 0.12500 0.37500
vt 0.12500 0.35938
vt 0.37500 0.35938
vt 0.25000 0.37500
vt 0.25000 0.35938
vt 0.50000 0.35938
vt 0.37500 0.37500
vt 0.37500 0.35938
vt 0.62500 0.35938
vt 0.50000 0.37500
vt 0.50000 0.35938
vt 0.75000 0.35938
vt 0.62500 0.37500
vt 0.62500 0.35938
vt 0.87500 0.35938
vt 0.75000 0.37500
vt 0.75000 0.35938
vt 1.00000 0.35938
vt 0.87500 0.37500
vt 0.87500 0.35938
vt 0.00000 0.37500
vt 0.12500 0.39062
vt 0.00000 0.39062
vt 0.12500 0.37500
vt 0.25000 0.39062
vt 0.12500 0.39062
vt 0.25000 0.37500
vt 0.37500 0.39062
vt 0.25000 0.39062
vt 0.37500 0.37500
vt 0.50000 0.39062
vt 0.37500 0.39062
vt 0.50000 0.37500
vt 0.62500 0.39062
vt 0.50000 0.39062
vt 0.75000 0.37500
vt 0.62500 0.39062
vt 0.62500 0.37500
vt 0.87500 0.37500
vt 0.75000 0.39062
vt 0.75000 0.37500
vt 0.87500 0.37500
vt 1.00000 0.39062
vt 0.87500 0.39062
vt 0.00000 0.39062
vt 0.12500 0.40625
vt 0.00000 0.40625
vt 0.12500 0.39062
vt 0.25000 0.40625
vt 0.12500 0.40625
vt 0.25000 0.39062
vt 0.37500 0.40625
vt 0.25000 0.40625
vt 0.37500 0.39062
vt 0.50000 0.40625
vt 0.37500 0.40625
vt 0.50000 0.39062
vt 0.62500 0.40625
vt 0.50000 0.40625
vt 0.62500 0.39062
vt 0.75000 0.40625
vt 0.62500 0.40625
vt 0.75000 0.39062
vt 0.87500 0.40625
vt 0.75000 0.40625
vt 0.87500 0.39062
vt 1.00000 0.40625
vt 0.87500 0.40625
vt 0.00000 0.40625
vt 0.12500 0.42188
vt 0.00000 0.42188
vt 0.12500 0.40625
vt 0.25000 0.42188
vt 0.12500 0.42188
vt 0.25000 0.40625
vt 0.37500 0.42188
vt 0.25000 0.42188
vt 0.37500 0.40625
vt 0.50000 0.42188
vt 0.37500 0.42188
vt 0.50000 0.40625
vt 0.62500 0.42188
vt 0.50000 0.42188
vt 0.62500 0.40625
vt 0.75000 0.42188
vt 0.62500 0.42188
vt 0.75000 0.40625
vt 0.87500 0.42188
vt 0.75000 0.42188
vt 0.87500 0.40625
vt 1.00000 0.42188
vt 0.87500 0.42188
vt 0.00000 0.42188
vt 0.12500 0.43750
vt 0.00000 0.43750
vt 0.12500 0.42188
vt 0.25000 0.43750
vt 0.12500 0.43750
vt 0.25000 0.42188
vt 0.37500 0.43750
vt 0.25000 0.43750
vt 0.37500 0.42188
vt 0.50000 0.43750
vt 0.37500 0.43750
vt 0.50000 0.42188
vt 0.62500 0.43750
vt 0.50000 0.43750
vt 0.62500 0.42188
vt 0.75000 0.43750
vt 0.62500 0.43750
vt 0.75000 0.42188
vt 0.87500 0.43750
vt 0.75000 0.43750
vt 0.87500 0.42188
vt 1.00000 0.43750
vt 0.87500 0.43750
vt 0.00000 0.43750
vt 0.12500 0.45312
vt 0.00000 0.45312
vt 0.12500 0.43750
vt 0.25000 0.45312
vt 0.12500 0.45312
vt 0.25000 0.43750
vt 0.37500 0.45312
vt 0.25000 0.45312
vt 0.37500 0.43750
vt 0.50000 0.45312
vt 0.37500 0.45312
vt 0.50000 0.43750
vt 0.62500 0.45312
vt 0.50000 0.45312
vt 0.62500 0.43750
vt 0.75000 0.45312
vt 0.62500 0.45312
vt 0.75000 0.43750
vt 0.87500 0.45312
vt 0.75000 0.45312
vt 0.87500 0.43750
vt 1.00000 0.45312
vt 0.87500 0.45312
vt 0.00000 0.45312
vt 0.12500 0.46875
vt 0.00000 0.46875
vt 0.12500 0.45312
vt 0.25000 0.46875
vt 0.12500 0.46875
vt 0.25000 0.45312
vt 0.37500 0.46875
vt 0.25000 0.46875
vt 0.37500 0.45312
vt 0.50000 0.46875
vt 0.37500 0.46875
vt 0.50000 0.45312
vt 0.62500 0.46875
vt 0.50000 0.46875
vt 0.62500 0.45312
vt 0.75000 0.46875
vt 0.62500 0.46875
vt 0.75000 0.45312
vt 0.87500 0.46875
vt 0.75000 0.46875
vt 0.87500 0.45312
vt 1.00000 0.46875
vt 0.87500 0.46875
vt 0.00000 0.46875
vt 0.12500 0.48438
vt 0.00000 0.48438
vt 0.12500 0.46875
vt 0.25000 0.48438
vt 0.12500 0.48438
vt 0.25000 0.46875
vt 0.37500 0.48438
vt 0.25000 0.48438
vt 0.37500 0.46875
vt 0.50000 0.48438
vt 0.37500 0.48438
vt 0.50000 0.46875
vt 0.62500 0.48438
vt 0.50000 0.48438
vt 0.62500 0.46875
vt 0.75000 0.48438
vt 0.62500 0.48438
vt 0.75000 0.46875
vt 0.87500 0.48438
vt 0.75000 0.48438
vt 0.87500 0.46875
vt 1.00000 0.48438
vt 0.87500 0.48438
vt 0.00000 0.48438
vt 0.12500 0.50000
vt 0.00000 0.50000
vt 0.12500 0.48438
vt 0.25000 0.50000
vt 0.12500 0.50000
vt 0.25000 0.48438
vt 0.37500 0.50000
vt 0.25000 0.50000
vt 0.37500 0.48438
vt 0.50000 0.50000
vt 0.37500 0.50000
vt 0.50000 0.48438
vt 0.62500 0.50000
vt 0.50000 0.50000
vt 0.62500 0.48438
vt 0.75000 0.50000
vt 0.62500 0.50000
vt 0.75000 0.48438
vt 0.87500 0.50000
vt 0.75000 0.50000
vt 0.87500 0.48438
vt 1.00000 0.50000
vt 0.87500 0.50000
vt 0.00000 0.50000
vt 0.12500 0.51562
vt 0.00000 0.51562
vt 0.12500 0.50000
vt 0.25000 0.51562
vt 0.12500 0.51562
vt 0.25000 0.50000
vt 0.37500 0.51562
vt 0.25000 0.51562
vt 0.37500 0.50000
vt 0.50000 0.51562
vt 0.37500 0.51562
vt 0.50000 0.50000
vt 0.62500 0.51562
vt 0.50000 0.51562
vt 0.62500 0.50000
vt 0.75000 0.51562
vt 0.62500 0.51562
vt 0.75000 0.50000
vt 0.87500 0.51562
vt 0.75000 0.51562
vt 0.87500 0.50000
vt 1.00000 0.51562
vt 0.87500 0.51562
vt 0.00000 0.51562
vt 0.12500 0.53125
vt 0.00000 0.53125
vt 0.12500 0.51562
vt 0.25000 0.53125
vt 0.12500 0.53125
vt 0.25000 0.51562
vt 0.37500 0.53125
vt 0.25000 0.53125
vt 0.37500 0.51562
vt 0.50000 0.53125
vt 0.37500 0.53125
vt 0.50000 0.51562
vt 0.62500 0.53125
vt 0.50000 0.53125
vt 0.62500 0.51562
vt 0.75000 0.53125
vt 0.62500 0.53125
vt 0.75000 0.51562
vt 0.87500 0.53125
vt 0.75000 0.53125
vt 0.87500 0.51562
vt 1.00000 0.53125
vt 0.87500 0.53125
vt 0.00000 0.53125
vt 0.12500 0.54688
vt 0.00000 0.54688
vt 0.12500 0.53125
vt 0.25000 0.54688
vt 0.12500 0.54688
vt 0.25000 0.53125
vt 0.37500 0.54688
vt 0.25000 0.54688
vt 0.37500 0.53125
vt 0.50000 0.54688
vt 0.37500 0.54688
vt 0.50000 0.53125
vt 0.62500 0.54688
vt 0.50000 0.54688
vt 0.62500 0.53125
vt 0.75000 0.54688
vt 0.62500 0.54688
vt 0.75000 0.53125
vt 0.87500 0.54688
vt 0.75000 0.54688
vt 0.87500 0.53125
vt 1.00000 0.54688
vt 0.87500 0.54688
vt 0.00000 0.54688
vt 0.12500 0.56250
vt 0.00000 0.56250
vt 0.12500 0.54688
vt 0.25000 0.56250
vt 0.12500 0.56250
vt 0.25000 0.54688
vt 0.37500 0.56250
vt 0.25000 0.56250
vt 0.37500 0.54688
vt 0.50000 0.56250
vt 0.37500 0.56250
vt 0.50000 0.54688
vt 0.62500 0.56250
vt 0.50000 0.56250
vt 0.62500 0.54688
vt 0.75000 0.56250
vt 0.62500 0.56250
vt 0.75000 0.54688
vt 0.87500 0.56250
vt 0.75000 0.56250
vt 0.87500 0.54688
vt 1.00000 0.56250
vt 0.87500 0.56250
vt 0.00000 0.56250
vt 0.12500 0.57812
vt 0.00000 0.57812
vt 0.12500 0.56250
vt 0.25000 0.57812
vt 0.12500 0.57812
vt 0.25000 0.56250
vt 0.37500 0.57812
vt 0.25000 0.57812
vt 0.37500 0.56250
vt 0.50000 0.57812
vt 0.37500 0.57812
vt 0.50000 0.56250
vt 0.62500 0.57812
vt 0.50000 0.57812
vt 0.62500 0.56250
vt 0.75000 0.57812
vt 0.62500 0.57812
vt 0.75000 0.56250
vt 0.87500 0.57812
vt 0.75000 0.57812
vt 0.87500 0.56250
vt 1.00000 0.57812
vt 0.87500 0.57812
vt 0.00000 0.57812
vt 0.12500 0.59375
vt 0.00000 0.59375
vt 0.12500 0.57812
vt 0.25000 0.59375
vt 0.12500 0.59375
vt 0.25000 0.57812
vt 0.37500 0.59375
vt 0.25000 0.59375
vt 0.37500 0.57812
vt 0.50000 0.59375
vt 0.37500 0.59375
vt 0.50000 0.57812
vt 0.62500 0.59375
vt 0.50000 0.59375
vt 0.62500 0.57812
vt 0.75000 0.59375
vt 0.62500 0.59375
vt 0.75000 0.57812
vt 0.87500 0.59375
vt 0.75000 0.59375
vt 0.87500 0.57812
vt 1.00000 0.59375
vt 0.87500 0.59375
vt 0.00000 0.59375
vt 0.12500 0.60938
vt 0.00000 0.60938
vt 0.12500 0.59375
vt 0.25000 0.60938
vt 0.12500 0.60938
vt 0.37500 0.59375
vt 0.25000 0.60938
vt 0.25000 0.59375
vt 0.50000 0.59375
vt 0.37500 0.60938
vt 0.37500 0.59375
vt 0.62500 0.59375
vt 0.50000 0.60938
vt 0.50000 0.59375
vt 0.75000 0.59375
vt 0.62500 0.60938
vt 0.62500 0.59375
vt 0.87500 0.59375
vt 0.75000 0.60938
vt 0.75000 0.59375
vt 0.87500 0.59375
vt 1.00000 0.60938
vt 0.87500 0.60938
vt 0.12500 0.60938
vt 0.00000 0.62500
vt 0.00000 0.60938
vt 0.25000 0.60938
vt 0.12500 0.62500
vt 0.12500 0.60938
vt 0.37500 0.60938
vt 0.25000 0.62500
vt 0.25000 0.60938
vt 0.50000 0.60938
vt 0.37500 0.62500
vt 0.37500 0.60938
vt 0.62500 0.60938
vt 0.50000 0.62500
vt 0.50000 0.60938
vt 0.75000 0.60938
vt 0.62500 0.62500
vt 0.62500 0.60938
vt 0.87500 0.60938
vt 0.75000 0.62500
vt 0.75000 0.60938
vt 1.00000 0.60938
vt 0.87500 0.62500
vt 0.87500 0.60938
vt 0.12500 0.62500
vt 0.00000 0.64062
vt 0.00000 0.62500
vt 0.25000 0.62500
vt 0.12500 0.64062
vt 0.12500 0.62500
vt 0.37500 0.62500
vt 0.25000 0.64062
vt 0.25000 0.62500
vt 0.50000 0.62500
vt 0.37500 0.64062
vt 0.37500 0.62500
vt 0.62500 0.62500
vt 0.50000 0.64062
vt 0.50000 0.62500
vt 0.75000 0.62500
vt 0.62500 0.64062
vt 0.62500 0.62500
vt 0.87500 0.62500
vt 0.75000 0.64062
vt 0.75000 0.62500
vt 1.00000 0.62500
vt 0.87500 0.64062
vt 0.87500 0.62500
vt 0.12500 0.64062
vt 0.00000 0.65625
vt 0.00000 0.64062
vt 0.25000 0.64062
vt 0.12500 0.65625
vt 0.12500 0.64062
vt 0.37500 0.64062
vt 0.25000 0.65625
vt 0.25000 0.64062
vt 0.50000 0.64062
vt 0.37500 0.65625
vt 0.37500 0.64062
vt 0.62500 0.64062
vt 0.50000 0.65625
vt 0.50000 0.64062
vt 0.75000 0.64062
vt 0.62500 0.65625
vt 0.62500 0.64062
vt 0.87500 0.64062
vt 0.75000 0.65625
vt 0.75000 0.64062
vt 1.00000 0.64062
vt 0.87500 0.65625
vt 0.87500 0.64062
vt 0.12500 0.65625
vt 0.00000 0.67188
vt 0.00000 0.65625
vt 0.25000 0.65625
vt 0.12500 0.67188
vt 0.12500 0.65625
vt 0.37500 0.65625
vt 0.25000 0.67188
vt 0.25000 0.65625
vt 0.50000 0.65625
vt 0.37500 0.67188
vt 0.37500 0.65625
vt 0.62500 0.65625
vt 0.50000 0.67188
vt 0.50000 0.65625
vt 0.75000 0.65625
vt 0.62500 0.67188
vt 0.62500 0.65625
vt 0.87500 0.65625
vt 0.75000 0.67188
vt 0.75000 0.65625
vt 1.00000 0.65625
vt 0.87500 0.67188
vt 0.87500 0.65625
vt 0.12500 0.67188
vt 0.00000 0.68750
vt 0.00000 0.67188
vt 0.25000 0.67188
vt 0.12500 0.68750
vt 0.12500 0.67188
vt 0.37500 0.67188
vt 0.25000 0.68750
vt 0.25000 0.67188
vt 0.50000 0.67188
vt 0.37500 0.68750
vt 0.37500 0.67188
vt 0.62500 0.67188
vt 0.50000 0.68750
vt 0.50000 0.67188
vt 0.75000 0.67188
vt 0.62500 0.68750
vt 0.62500 0.67188
vt 0.87500 0.67188
vt 0.75000 0.68750
vt 0.75000 0.67188
vt 1.00000 0.67188
vt 0.87500 0.68750
vt 0.87500 0.67188
vt 0.12500 0.68750
vt 0.00000 0.70312
vt 0.00000 0.68750
vt 0.25000 0.68750
vt 0.12500 0.70312
vt 0.12500 0.68750
vt 0.37500 0.68750
vt 0.25000 0.70312
vt 0.25000 0.68750
vt 0.50000 0.68750
vt 0.37500 0.70312
vt 0.37500 0.68750
vt 0.62500 0.68750
vt 0.50000 0.70312
vt 0.50000 0.68750
vt 0.75000 0.68750
vt 0.62500 0.70312
vt 0.62500 0.68750
vt 0.87500 0.68750
vt 0.75000 0.70312
vt 0.75000 0.68750
vt 1.00000 0.68750
vt 0.87500 0.70312
vt 0.87500 0.68750
vt 0.12500 0.70312
vt 0.00000 0.71875
vt 0.00000 0.70312
vt 0.25000 0.70312
vt 0.12500 0.71875
vt 0.12500 0.70312
vt 0.37500 0.70312
vt 0.25000 0.71875
vt 0.25000 0.70312
vt 0.50000 0.70312
vt 0.37500 0.71875
vt 0.37500 0.70312
vt 0.62500 0.70312
vt 0.50000 0.71875
vt 0.50000 0.70312
vt 0.75000 0.70312
vt 0.62500 0.71875
vt 0.62500 0.70312
vt 0.87500 0.70312
vt 0.75000 0.71875
vt 0.75000 0.70312
vt 1.00000 0.70312
vt 0.87500 0.71875
vt 0.87500 0.70312
vt 0.12500 0.71875
vt 0.00000 0.73438
vt 0.00000 0.71875
vt 0.25000 0.71875
vt 0.12500 0.73438
vt 0.12500 0.71875
vt 0.37500 0.71875
vt 0.25000 0.73438
vt 0.25000 0.71875
vt 0.50000 0.71875
vt 0.37500 0.73438
vt 0.37500 0.71875
vt 0.62500 0.71875
vt 0.50000 0.73438
vt 0.50000 0.71875
vt 0.75000 0.71875
vt 0.62500 0.73438
vt 0.62500 0.71875
vt 0.87500 0.71875
vt 0.75000 0.73438
vt 0.75000 0.71875
vt 1.00000 0.71875
vt 0.87500 0.73438
vt 0.87500 0.71875
vt 0.12500 0.73438
vt 0.00000 0.75000
vt 0.00000 0.73438
vt 0.25000 0.73438
vt 0.12500 0.75000
vt 0.12500 0.73438
vt 0.37500 0.73438
vt 0.25000 0.75000
vt 0.25000 0.73438
vt 0.50000 0.73438
vt 0.37500 0.75000
vt 0.37500 0.73438
vt 0.62500 0.73438
vt 0.50000 0.75000
vt 0.50000 0.73438
vt 0.75000 0.73438
vt 0.62500 0.75000
vt 0.62500 0.73438
vt 0.87500 0.73438
vt 0.75000 0.75000
vt 0.75000 0.73438
vt 1.00000 0.73438
vt 0.87500 0.75000
vt 0.87500 0.73438
vt 0.12500 0.75000
vt 0.00000 0.76562
vt 0.00000 0.75000
vt 0.25000 0.75000
vt 0.12500 0.76562
vt 0.12500 0.75000
vt 0.37500 0.75000
vt 0.25000 0.76562
vt 0.25000 0.75000
vt 0.50000 0.75000
vt 0.37500 0.76562
vt 0.37500 0.75000
vt 0.62500 0.75000
vt 0.50000 0.76562
vt 0.50000 0.75000
vt 0.75000 0.75000
vt 0.62500 0.76562
vt 0.62500 0.75000
vt 0.87500 0.75000
vt 0.75000 0.76562
vt 0.75000 0.75000
vt 1.00000 0.75000
vt 0.87500 0.76562
vt 0.87500 0.75000
vt 0.12500 0.76562
vt 0.00000 0.78125
vt 0.00000 0.76562
vt 0.25000 0.76562
vt 0.12500 0.78125
vt 0.12500 0.76562
vt 0.37500 0.76562
vt 0.25000 0.78125
vt 0.25000 0.76562
vt 0.50000 0.76562
vt 0.37500 0.78125
vt 0.37500 0.76562
vt 0.62500 0.76562
vt 0.50000 0.78125
vt 0.50000 0.76562
vt 0.75000 0.76562
vt 0.62500 0.78125
vt 0.62500 0.76562
vt 0.87500 0.76562
vt 0.75000 0.78125
vt 0.75000 0.76562
vt 1.00000 0.76562
vt 0.87500 0.78125
vt 0.87500 0.76562
vt 0.12500 0.78125
vt 0.00000 0.79688
vt 0.00000 0.78125
vt 0.25000 0.78125
vt 0.12500 0.79688
vt 0.12500 0.78125
vt 0.37500 0.78125
vt 0.25000 0.79688
vt 0.25000 0.78125
vt 0.50000 0.78125
vt 0.37500 0.79688
vt 0.37500 0.78125
vt 0.62500 0.78125
vt 0.50000 0.79688
vt 0.50000 0.78125
vt 0.75000 0.78125
vt 0.62500 0.79688
vt 0.62500 0.78125
vt 0.87500 0.78125
vt 0.75000 0.79688
vt 0.75000 0.78125
vt 1.00000 0.78125
vt 0.87500 0.79688
vt 0.87500 0.78125
vt 0.00000 0.79688
vt 0.12500 0.81250
vt 0.00000 0.81250
vt 0.12500 0.79688
vt 0.25000 0.81250
vt 0.12500 0.81250
vt 0.37500 0.79688
vt 0.25000 0.81250
vt 0.25000 0.79688
vt 0.37500 0.79688
vt 0.50000 0.81250
vt 0.37500 0.81250
vt 0.62500 0.79688
vt 0.50000 0.81250
vt 0.50000 0.79688
vt 0.75000 0.79688
vt 0.62500 0.81250
vt 0.62500 0.79688
vt 0.75000 0.79688
vt 0.87500 0.81250
vt 0.75000 0.81250
vt 0.87500 0.79688
vt 1.00000 0.81250
vt 0.87500 0.81250
vt 0.12500 0.81250
vt 0.00000 0.82812
vt 0.00000 0.81250
vt 0.25000 0.81250
vt 0.12500 0.82812
vt 0.12500 0.81250
vt 0.37500 0.81250
vt 0.25000 0.82812
vt 0.25000 0.81250
vt 0.50000 0.81250
vt 0.37500 0.82812
vt 0.37500 0.81250
vt 0.62500 0.81250
vt 0.50000 0.82812
vt 0.50000 0.81250
vt 0.75000 0.81250
vt 0.62500 0.82812
vt 0.62500 0.81250
vt 0.87500 0.81250
vt 0.75000 0.82812
vt 0.75000 0.81250
vt 1.00000 0.81250
vt 0.87500 0.82812
vt 0.87500 0.81250
vt 0.12500 0.82812
vt 0.00000 0.84375
vt 0.00000 0.82812
vt 0.25000 0.82812
vt 0.12500 0.84375
vt 0.12500 0.82812
vt 0.37500 0.82812
vt 0.25000 0.84375
vt 0.25000 0.82812
vt 0.50000 0.82812
vt 0.37500 0.84375
vt 0.37500 0.82812
vt 0.62500 0.82812
vt 0.50000 0.84375
vt 0.50000 0.82812
vt 0.75000 0.82812
vt 0.62500 0.84375
vt 0.62500 0.82812
vt 0.87500 0.82812
vt 0.75000 0.84375
vt 0.75000 0.82812
vt 1.00000 0.82812
vt 0.87500 0.84375
vt 0.87500 0.82812
vt 0.12500 0.84375
vt 0.00000 0.85938
vt 0.00000 0.84375
vt 0.25000 0.84375
vt 0.12500 0.85938
vt 0.12500 0.84375
vt 0.37500 0.84375
vt 0.25000 0.85938
vt 0.25000 0.84375
vt 0.50000 0.84375
vt 0.37500 0.85938
vt 0.37500 0.84375
vt 0.62500 0.84375
vt 0.50000 0.85938
vt 0.50000 0.84375
vt 0.75000 0.84375
vt 0.62500 0.85938
vt 0.62500 0.84375
vt 0.87500 0.84375
vt 0.75000 0.85938
vt 0.75000 0.84375
vt 1.00000 0.84375
vt 0.87500 0.85938
vt 0.87500 0.84375
vt 0.12500 0.85938
vt 0.00000 0.87500
vt 0.00000 0.85938
vt 0.25000 0.85938
vt 0.12500 0.87500
vt 0.12500 0.85938
vt 0.37500 0.85938
vt 0.25000 0.87500
vt 0.25000 0.85938
vt 0.50000 0.85938
vt 0.37500 0.87500
vt 0.37500 0.85938
vt 0.62500 0.85938
vt 0.50000 0.87500
vt 0.50000 0.85938
vt 0.75000 0.85938
vt 0.62500 0.87500
vt 0.62500 0.85938
vt 0.87500 0.85938
vt 0.75000 0.87500
vt 0.75000 0.85938
vt 1.00000 0.85938
vt 0.87500 0.87500
vt 0.87500 0.85938
vt 0.12500 0.87500
vt 0.00000 0.89062
vt 0.00000 0.87500
vt 0.25000 0.87500
vt 0.12500 0.89062
vt 0.12500 0.87500
vt 0.37500 0.87500
vt 0.25000 0.89062
vt 0.25000 0.87500
vt 0.50000 0.87500
vt 0.37500 0.89062
vt 0.37500 0.87500
vt 0.62500 0.87500
vt 0.50000 0.89062
vt 0.50000 0.87500
vt 0.75000 0.87500
vt 0.62500 0.89062
vt 0.62500 0.87500
vt 0.87500 0.87500
vt 0.75000 0.89062
vt 0.75000 0.87500
vt 1.00000 0.87500
vt 0.87500 0.89062
vt 0.87500 0.87500
vt 0.12500 0.89062
vt 0.00000 0.90625
vt 0.00000 0.89062
vt 0.25000 0.89062
vt 0.12500 0.90625
vt 0.12500 0.89062
vt 0.37500 0.89062
vt 0.25000 0.90625
vt 0.25000 0.89062
vt 0.50000 0.89062
vt 0.37500 0.90625
vt 0.37500 0.89062
vt 0.62500 0.89062
vt 0.50000 0.90625
vt 0.50000 0.89062
vt 0.75000 0.89062
vt 0.62500 0.90625
vt 0.62500 0.89062
vt 0.87500 0.89062
vt 0.75000 0.90625
vt 0.75000 0.89062
vt 1.00000 0.89062
vt 0.87500 0.90625
vt 0.87500 0.89062
vt 0.12500 0.90625
vt 0.00000 0.92188
vt 0.00000 0.90625
vt 0.25000 0.90625
vt 0.12500 0.92188
vt 0.12500 0.90625
vt 0.37500 0.90625
vt 0.25000 0.92188
vt 0.25000 0.90625
vt 0.50000 0.90625
vt 0.37500 0.92188
vt 0.37500 0.90625
vt 0.62500 0.90625
vt 0.50000 0.92188
vt 0.50000 0.90625
vt 0.75000 0.90625
vt 0.62500 0.92188
vt 0.62500 0.90625
vt 0.87500 0.90625
vt 0.75000 0.92188
vt 0.75000 0.90625
vt 1.00000 0.90625
vt 0.87500 0.92188
vt 0.87500 0.90625
vt 0.12500 0.92188
vt 0.00000 0.93750
vt 0.00000 0.92188
vt 0.25000 0.92188
vt 0.12500 0.93750
vt 0.12500 0.92188
vt 0.37500 0.92188
vt 0.25000 0.93750
vt 0.25000 0.92188
vt 0.50000 0.92188
vt 0.37500 0.93750
vt 0.37500 0.92188
vt 0.62500 0.92188
vt 0.50000 0.93750
vt 0.50000 0.92188
vt 0.75000 0.92188
vt 0.62500 0.93750
vt 0.62500 0.92188
vt 0.87500 0.92188
vt 0.75000 0.93750
vt 0.75000 0.92188
vt 1.00000 0.92188
vt 0.87500 0.93750
vt 0.87500 0.92188
vt 0.12500 0.93750
vt 0.00000 0.95312
vt 0.00000 0.93750
vt 0.25000 0.93750
vt 0.12500 0.95312
vt 0.12500 0.93750
vt 0.37500 0.93750
vt 0.25000 0.95312
vt 0.25000 0.93750
vt 0.50000 0.93750
vt 0.37500 0.95312
vt 0.37500 0.93750
vt 0.62500 0.93750
vt 0.50000 0.95312
vt 0.50000 0.93750
vt 0.75000 0.93750
vt 0.62500 0.95312
vt 0.62500 0.93750
vt 0.87500 0.93750
vt 0.75000 0.95312
vt 0.75000 0.93750
vt 1.00000 0.93750
vt 0.87500 0.95312
vt 0.87500 0.93750
vt 0.12500 0.95312
vt 0.00000 0.96875
vt 0.00000 0.95312
vt 0.25000 0.95312
vt 0.12500 0.96875
vt 0.12500 0.95312
vt 0.37500 0.95312
vt 0.25000 0.96875
vt 0.25000 0.95312
vt 0.50000 0.95312
vt 0.37500 0.96875
vt 0.37500 0.95312
vt 0.62500 0.95312
vt 0.50000 0.96875
vt 0.50000 0.95312
vt 0.75000 0.95312
vt 0.62500 0.96875
vt 0.62500 0.95312
vt 0.87500 0.95312
vt 0.75000 0.96875
vt 0.75000 0.95312
vt 1.00000 0.95312
vt 0.87500 0.96875
vt 0.87500 0.95312
vt 0.12500 0.96875
vt 0.00000 0.98438
vt 0.00000 0.96875
vt 0.25000 0.96875
vt 0.12500 0.98438
vt 0.12500 0.96875
vt 0.37500 0.96875
vt 0.25000 0.98438
vt 0.25000 0.96875
vt 0.50000 0.96875
vt 0.37500 0.98438
vt 0.37500 0.96875
vt 0.62500 0.96875
vt 0.50000 0.98438
vt 0.50000 0.96875
vt 0.75000 0.96875
vt 0.62500 0.98438
vt 0.62500 0.96875
vt 0.87500 0.96875
vt 0.75000 0.98438
vt 0.75000 0.96875
vt 1.00000 0.96875
vt 0.87500 0.98438
vt 0.87500 0.96875
vt 0.12500 0.98438
vt 0.00000 1.00000
vt 0.00000 0.98438
vt 0.25000 0.98438
vt 0.12500 1.00000
vt 0.12500 0.98438
vt 0.37500 0.98438
vt 0.25000 1.00000
vt 0.25000 0.98438
vt 0.50000 0.98438
vt 0.37500 1.00000
vt 0.37500 0.98438
vt 0.62500 0.98438
vt 0.50000 1.00000
vt 0.50000 0.98438
vt 0.75000 0.98438
vt 0.62500 1.00000
vt 0.62500 0.98438
vt 0.87500 0.98438
vt 0.75000 1.00000
vt 0.75000 0.98438
vt 1.00000 0.98438
vt 0.87500 1.00000
vt 0.87500 0.98438
vt 0.00000 0.00000
vt 0.00000 0.00000
vt 0.00000 0.00000
vt 0.12500 0.00000
vt 0.12500 0.00000
vt 0.12500 0.00000
vt 0.25000 0.00000
vt 0.25000 0.00000
vt 0.25000 0.00000
vt 0.37500 0.00000
vt 0.37500 0.00000
vt 0.37500 0.00000
vt 0.50000 0.00000
vt 0.50000 0.00000
vt 0.50000 0.00000
vt 0.62500 0.00000
vt 0.62500 0.00000
vt 0.62500 0.00000
vt 0.75000 0.00000
vt 0.75000 0.00000
vt 0.75000 0.00000
vt 0.87500 0.00000
vt 0.87500 0.00000
vt 0.87500 0.00000
vt 0.00000 1.00000
vt 0.00000 1.00000
vt 0.00000 1.00000
vt 0.12500 1.00000
vt 0.12500 1.00000
vt 0.12500 1.00000
vt 0.25000 1.00000
vt 0.25000 1.00000
vt 0.25000 1.00000
vt 0.37500 1.00000
vt 0.37500 1.00000
vt 0.37500 1.00000
vt 0.50000 1.00000
vt 0.50000 1.00000
vt 0.50000 1.00000
vt 0.62500 1.00000
vt 0.62500 1.00000
vt 0.62500 1.00000
vt 0.75000 1.00000
vt 0.75000 1.00000
vt 0.75000 1.00000
vt 0.87500 1.00000
vt 0.87500 1.00000
vt 0.87500 1.00000
vt 0.12500 0.00000
vt 0.12500 0.01562
vt 0.00000 0.01562
vt 0.25000 0.00000
vt 0.25000 0.01562
vt 0.12500 0.01562
vt 0.37500 0.00000
vt 0.37500 0.01562
vt 0.25000 0.01562
vt 0.50000 0.00000
vt 0.50000 0.01562
vt 0.37500 0.01562
vt 0.62500 0.00000
vt 0.62500 0.01562
vt 0.50000 0.01562
vt 0.75000 0.00000
vt 0.75000 0.01562
vt 0.62500 0.01562
vt 0.87500 0.00000
vt 0.87500 0.01562
vt 0.75000 0.01562
vt 1.00000 0.00000
vt 1.00000 0.01562
vt 0.87500 0.01562
vt 0.12500 0.01562
vt 0.12500 0.03125
vt 0.00000 0.03125
vt 0.25000 0.01562
vt 0.25000 0.03125
vt 0.12500 0.03125
vt 0.37500 0.01562
vt 0.37500 0.03125
vt 0.25000 0.03125
vt 0.50000 0.01562
vt 0.50000 0.03125
vt 0.37500 0.03125
vt 0.62500 0.01562
vt 0.62500 0.03125
vt 0.50000 0.03125
vt 0.75000 0.01562
vt 0.75000 0.03125
vt 0.62500 0.03125
vt 0.87500 0.01562
vt 0.87500 0.03125
vt 0.75000 0.03125
vt 1.00000 0.01562
vt 1.00000 0.03125
vt 0.87500 0.03125
vt 0.12500 0.03125
vt 0.12500 0.04688
vt 0.00000 0.04688
vt 0.25000 0.03125
vt 0.25000 0.04688
vt 0.12500 0.04688
vt 0.37500 0.03125
vt 0.37500 0.04688
vt 0.25000 0.04688
vt 0.50000 0.03125
vt 0.50000 0.04688
vt 0.37500 0.04688
vt 0.62500 0.03125
vt 0.62500 0.04688
vt 0.50000 0.04688
vt 0.75000 0.03125
vt 0.75000 0.04688
vt 0.62500 0.04688
vt 0.87500 0.03125
vt 0.87500 0.04688
vt 0.75000 0.04688
vt 1.00000 0.03125
vt 1.00000 0.04688
vt 0.87500 0.04688
vt 0.12500 0.04688
vt 0.12500 0.06250
vt 0.00000 0.06250
vt 0.25000 0.04688
vt 0.25000 0.06250
vt 0.12500 0.06250
vt 0.37500 0.04688
vt 0.37500 0.06250
vt 0.25000 0.06250
vt 0.50000 0.04688
vt 0.50000 0.06250
vt 0.37500 0.06250
vt 0.62500 0.04688
vt 0.62500 0.06250
vt 0.50000 0.06250
vt 0.75000 0.04688
vt 0.75000 0.06250
vt 0.62500 0.06250
vt 0.87500 0.04688
vt 0.87500 0.06250
vt 0.75000 0.06250
vt 1.00000 0.04688
vt 1.00000 0.06250
vt 0.87500 0.06250
vt 0.12500 0.06250
vt 0.12500 0.07812
vt 0.00000 0.07812
vt 0.25000 0.06250
vt 0.25000 0.07812
vt 0.12500 0.07812
vt 0.37500 0.06250
vt 0.37500 0.07812
vt 0.25000 0.07812
vt 0.50000 0.06250
vt 0.50000 0.07812
vt 0.37500 0.07812
vt 0.62500 0.06250
vt 0.62500 0.07812
vt 0.50000 0.07812
vt 0.75000 0.06250
vt 0.75000 0.07812
vt 0.62500 0.07812
vt 0.87500 0.06250
vt 0.87500 0.07812
vt 0.75000 0.07812
vt 1.00000 0.06250
vt 1.00000 0.07812
vt 0.87500 0.07812
vt 0.12500 0.07812
vt 0.12500 0.09375
vt 0.00000 0.09375
vt 0.25000 0.07812
vt 0.25000 0.09375
vt 0.12500 0.09375
vt 0.37500 0.07812
vt 0.37500 0.09375
vt 0.25000 0.09375
vt 0.50000 0.07812
vt 0.50000 0.09375
vt 0.37500 0.09375
vt 0.62500 0.07812
vt 0.62500 0.09375
vt 0.50000 0.09375
vt 0.75000 0.07812
vt 0.75000 0.09375
vt 0.62500 0.09375
vt 0.87500 0.07812
vt 0.87500 0.09375
vt 0.75000 0.09375
vt 1.00000 0.07812
vt 1.00000 0.09375
vt 0.87500 0.09375
vt 0.12500 0.09375
vt 0.12500 0.10938
vt 0.00000 0.10938
vt 0.25000 0.09375
vt 0.25000 0.10938
vt 0.12500 0.10938
vt 0.25000 0.09375
vt 0.37500 0.09375
vt 0.37500 0.10938
vt 0.50000 0.09375
vt 0.50000 0.10938
vt 0.37500 0.10938
vt 0.50000 0.09375
vt 0.62500 0.09375
vt 0.62500 0.10938
vt 0.75000 0.09375
vt 0.75000 0.10938
vt 0.62500 0.10938
vt 0.87500 0.09375
vt 0.87500 0.10938
vt 0.75000 0.10938
vt 1.00000 0.09375
vt 1.00000 0.10938
vt 0.87500 0.10938
vt 0.12500 0.10938
vt 0.12500 0.12500
vt 0.00000 0.12500
vt 0.25000 0.10938
vt 0.25000 0.12500
vt 0.12500 0.12500
vt 0.25000 0.10938
vt 0.37500 0.10938
vt 0.37500 0.12500
vt 0.37500 0.10938
vt 0.50000 0.10938
vt 0.50000 0.12500
vt 0.50000 0.10938
vt 0.62500 0.10938
vt 0.62500 0.12500
vt 0.75000 0.10938
vt 0.75000 0.12500
vt 0.62500 0.12500
vt 0.87500 0.10938
vt 0.87500 0.12500
vt 0.75000 0.12500
vt 1.00000 0.10938
vt 1.00000 0.12500
vt 0.87500 0.12500
vt 0.00000 0.12500
vt 0.12500 0.12500
vt 0.12500 0.14062
vt 0.12500 0.12500
vt 0.25000 0.12500
vt 0.25000 0.14062
vt 0.25000 0.12500
vt 0.37500 0.12500
vt 0.37500 0.14062
vt 0.37500 0.12500
vt 0.50000 0.12500
vt 0.50000 0.14062
vt 0.50000 0.12500
vt 0.62500 0.12500
vt 0.62500 0.14062
vt 0.62500 0.12500
vt 0.75000 0.12500
vt 0.75000 0.14062
vt 0.87500 0.12500
vt 0.87500 0.14062
vt 0.75000 0.14062
vt 0.87500 0.12500
vt 1.00000 0.12500
vt 1.00000 0.14062
vt 0.00000 0.14062
vt 0.12500 0.14062
vt 0.12500 0.15625
vt 0.12500 0.14062
vt 0.25000 0.14062
vt 0.25000 0.15625
vt 0.25000 0.14062
vt 0.37500 0.14062
vt 0.37500 0.15625
vt 0.37500 0.14062
vt 0.50000 0.14062
vt 0.50000 0.15625
vt 0.50000 0.14062
vt 0.62500 0.14062
vt 0.62500 0.15625
vt 0.62500 0.14062
vt 0.75000 0.14062
vt 0.75000 0.15625
vt 0.75000 0.14062
vt 0.87500 0.14062
vt 0.87500 0.15625
vt 0.87500 0.14062
vt 1.00000 0.14062
vt 1.00000 0.15625
vt 0.00000 0.15625
vt 0.12500 0.15625
vt 0.12500 0.17188
vt 0.12500 0.15625
vt 0.25000 0.15625
vt 0.25000 0.17188
vt 0.25000 0.15625
vt 0.37500 0.15625
vt 0.37500 0.17188
vt 0.37500 0.15625
vt 0.50000 0.15625
vt 0.50000 0.17188
vt 0.50000 0.15625
vt 0.62500 0.15625
vt 0.62500 0.17188
vt 0.62500 0.15625
vt 0.75000 0.15625
vt 0.75000 0.17188
vt 0.75000 0.15625
vt 0.87500 0.15625
vt 0.87500 0.17188
vt 0.87500 0.15625
vt 1.00000 0.15625
vt 1.00000 0.17188
vt 0.00000 0.17188
vt 0.12500 0.17188
vt 0.12500 0.18750
vt 0.12500 0.17188
vt 0.25000 0.17188
vt 0.25000 0.18750
vt 0.25000 0.17188
vt 0.37500 0.17188
vt 0.37500 0.18750
vt 0.37500 0.17188
vt 0.50000 0.17188
vt 0.50000 0.18750
vt 0.50000 0.17188
vt 0.62500 0.17188
vt 0.62500 0.18750
vt 0.62500 0.17188
vt 0.75000 0.17188
vt 0.75000 0.18750
vt 0.75000 0.17188
vt 0.87500 0.17188
vt 0.87500 0.18750
vt 0.87500 0.17188
vt 1.00000 0.17188
vt 1.00000 0.18750
vt 0.00000 0.18750
vt 0.12500 0.18750
vt 0.12500 0.20312
vt 0.12500 0.18750
vt 0.25000 0.18750
vt 0.25000 0.20312
vt 0.25000 0.18750
vt 0.37500 0.18750
vt 0.37500 0.20312
vt 0.37500 0.18750
vt 0.50000 0.18750
vt 0.50000 0.20312
vt 0.50000 0.18750
vt 0.62500 0.18750
vt 0.62500 0.20312
vt 0.62500 0.18750
vt 0.75000 0.18750
vt 0.75000 0.20312
vt 0.75000 0.18750
vt 0.87500 0.18750
vt 0.87500 0.20312
vt 0.87500 0.18750
vt 1.00000 0.18750
vt 1.00000 0.20312
vt 0.00000 0.20312
vt 0.12500 0.20312
vt 0.12500 0.21875
vt 0.12500 0.20312
vt 0.25000 0.20312
vt 0.25000 0.21875
vt 0.25000 0.20312
vt 0.37500 0.20312
vt 0.37500 0.21875
vt 0.37500 0.20312
vt 0.50000 0.20312
vt 0.50000 0.21875
vt 0.50000 0.20312
vt 0.62500 0.20312
vt 0.62500 0.21875
vt 0.62500 0.20312
vt 0.75000 0.20312
vt 0.75000 0.21875
vt 0.75000 0.20312
vt 0.87500 0.20312
vt 0.87500 0.21875
vt 0.87500 0.20312
vt 1.00000 0.20312
vt 1.00000 0.21875
vt 0.00000 0.21875
vt 0.12500 0.21875
vt 0.12500 0.23438
vt 0.12500 0.21875
vt 0.25000 0.21875
vt 0.25000 0.23438
vt 0.25000 0.21875
vt 0.37500 0.21875
vt 0.37500 0.23438
vt 0.37500 0.21875
vt 0.50000 0.21875
vt 0.50000 0.23438
vt 0.50000 0.21875
vt 0.62500 0.21875
vt 0.62500 0.23438
vt 0.62500 0.21875
vt 0.75000 0.21875
vt 0.75000 0.23438
vt 0.75000 0.21875
vt 0.87500 0.21875
vt 0.87500 0.23438
vt 0.87500 0.21875
vt 1.00000 0.21875
vt 1.00000 0.23438
vt 0.00000 0.23438
vt 0.12500 0.23438
vt 0.12500 0.25000
vt 0.12500 0.23438
vt 0.25000 0.23438
vt 0.25000 0.25000
vt 0.25000 0.23438
vt 0.37500 0.23438
vt 0.37500 0.25000
vt 0.37500 0.23438
vt 0.50000 0.23438
vt 0.50000 0.25000
vt 0.50000 0.23438
vt 0.62500 0.23438
vt 0.62500 0.25000
vt 0.62500 0.23438
vt 0.75000 0.23438
vt 0.75000 0.25000
vt 0.75000 0.23438
vt 0.87500 0.23438
vt 0.87500 0.25000
vt 0.87500 0.23438
vt 1.00000 0.23438
vt 1.00000 0.25000
vt 0.00000 0.25000
vt 0.12500 0.25000
vt 0.12500 0.26562
vt 0.12500 0.25000
vt 0.25000 0.25000
vt 0.25000 0.26562
vt 0.25000 0.25000
vt 0.37500 0.25000
vt 0.37500 0.26562
vt 0.37500 0.25000
vt 0.50000 0.25000
vt 0.50000 0.26562
vt 0.50000 0.25000
vt 0.62500 0.25000
vt 0.62500 0.26562
vt 0.62500 0.25000
vt 0.75000 0.25000
vt 0.75000 0.26562
vt 0.75000 0.25000
vt 0.87500 0.25000
vt 0.87500 0.26562
vt 0.87500 0.25000
vt 1.00000 0.25000
vt 1.00000 0.26562
vt 0.12500 0.26562
vt 0.12500 0.28125
vt 0.00000 0.28125
vt 0.25000 0.26562
vt 0.25000 0.28125
vt 0.12500 0.28125
vt 0.37500 0.26562
vt 0.37500 0.28125
vt 0.25000 0.28125
vt 0.50000 0.26562
vt 0.50000 0.28125
vt 0.37500 0.28125
vt 0.62500 0.26562
vt 0.62500 0.28125
vt 0.50000 0.28125
vt 0.75000 0.26562
vt 0.75000 0.28125
vt 0.62500 0.28125
vt 0.87500 0.26562
vt 0.87500 0.28125
vt 0.75000 0.28125
vt 1.00000 0.26562
vt 1.00000 0.28125
vt 0.87500 0.28125
vt 0.00000 0.28125
vt 0.12500 0.28125
vt 0.12500 0.29688
vt 0.12500 0.28125
vt 0.25000 0.28125
vt 0.25000 0.29688
vt 0.25000 0.28125
vt 0.37500 0.28125
vt 0.37500 0.29688
vt 0.37500 0.28125
vt 0.50000 0.28125
vt 0.50000 0.29688
vt 0.50000 0.28125
vt 0.62500 0.28125
vt 0.62500 0.29688
vt 0.62500 0.28125
vt 0.75000 0.28125
vt 0.75000 0.29688
vt 0.75000 0.28125
vt 0.87500 0.28125
vt 0.87500 0.29688
vt 0.87500 0.28125
vt 1.00000 0.28125
vt 1.00000 0.29688
vt 0.00000 0.29688
vt 0.12500 0.29688
vt 0.12500 0.31250
vt 0.12500 0.29688
vt 0.25000 0.29688
vt 0.25000 0.31250
vt 0.25000 0.29688
vt 0.37500 0.29688
vt 0.37500 0.31250
vt 0.37500 0.29688
vt 0.50000 0.29688
vt 0.50000 0.31250
vt 0.50000 0.29688
vt 0.62500 0.29688
vt 0.62500 0.31250
vt 0.62500 0.29688
vt 0.75000 0.29688
vt 0.75000 0.31250
vt 0.75000 0.29688
vt 0.87500 0.29688
vt 0.87500 0.31250
vt 0.87500 0.29688
vt 1.00000 0.29688
vt 1.00000 0.31250
vt 0.00000 0.31250
vt 0.12500 0.31250
vt 0.12500 0.32812
vt 0.12500 0.31250
vt 0.25000 0.31250
vt 0.25000 0.32812
vt 0.25000 0.31250
vt 0.37500 0.31250
vt 0.37500 0.32812
vt 0.37500 0.31250
vt 0.50000 0.31250
vt 0.50000 0.32812
vt 0.50000 0.31250
vt 0.62500 0.31250
vt 0.62500 0.32812
vt 0.62500 0.31250
vt 0.75000 0.31250
vt 0.75000 0.32812
vt 0.75000 0.31250
vt 0.87500 0.31250
vt 0.87500 0.32812
vt 0.87500 0.31250
vt 1.00000 0.31250
vt 1.00000 0.32812
vt 0.00000 0.32812
vt 0.12500 0.32812
vt 0.12500 0.34375
vt 0.12500 0.32812
vt 0.25000 0.32812
vt 0.25000 0.34375
vt 0.25000 0.32812
vt 0.37500 0.32812
vt 0.37500 0.34375
vt 0.37500 0.32812
vt 0.50000 0.32812
vt 0.50000 0.34375
vt 0.50000 0.32812
vt 0.62500 0.32812
vt 0.62500 0.34375
vt 0.62500 0.32812
vt 0.75000 0.32812
vt 0.75000 0.34375
vt 0.75000 0.32812
vt 0.87500 0.32812
vt 0.87500 0.34375
vt 0.87500 0.32812
vt 1.00000 0.32812
vt 1.00000 0.34375
vt 0.00000 0.34375
vt 0.12500 0.34375
vt 0.12500 0.35938
vt 0.12500 0.34375
vt 0.25000 0.34375
vt 0.25000 0.35938
vt 0.25000 0.34375
vt 0.37500 0.34375
vt 0.37500 0.35938
vt 0.37500 0.34375
vt 0.50000 0.34375
vt 0.50000 0.35938
vt 0.50000 0.34375
vt 0.62500 0.34375
vt 0.62500 0.35938
vt 0.62500 0.34375
vt 0.75000 0.34375
vt 0.75000 0.35938
vt 0.75000 0.34375
vt 0.87500 0.34375
vt 0.87500 0.35938
vt 0.87500 0.34375
vt 1.00000 0.34375
vt 1.00000 0.35938
vt 0.00000 0.35938
vt 0.12500 0.35938
vt 0.12500 0.37500
vt 0.12500 0.35938
vt 0.25000 0.35938
vt 0.25000 0.37500
vt 0.25000 0.35938
vt 0.37500 0.35938
vt 0.37500 0.37500
vt 0.37500 0.35938
vt 0.50000 0.35938
vt 0.50000 0.37500
vt 0.50000 0.35938
vt 0.62500 0.35938
vt 0.62500 0.37500
vt 0.62500 0.35938
vt 0.75000 0.35938
vt 0.75000 0.37500
vt 0.75000 0.35938
vt 0.87500 0.35938
vt 0.87500 0.37500
vt 0.87500 0.35938
vt 1.00000 0.35938
vt 1.00000 0.37500
vt 0.00000 0.37500
vt 0.12500 0.37500
vt 0.12500 0.39062
vt 0.12500 0.37500
vt 0.25000 0.37500
vt 0.25000 0.39062
vt 0.25000 0.37500
vt 0.37500 0.37500
vt 0.37500 0.39062
vt 0.37500 0.37500
vt 0.50000 0.37500
vt 0.50000 0.39062
vt 0.50000 0.37500
vt 0.62500 0.37500
vt 0.62500 0.39062
vt 0.62500 0.37500
vt 0.75000 0.37500
vt 0.75000 0.39062
vt 0.75000 0.37500
vt 0.87500 0.37500
vt 0.87500 0.39062
vt 0.87500 0.37500
vt 1.00000 0.37500
vt 1.00000 0.39062
vt 0.00000 0.39062
vt 0.12500 0.39062
vt 0.12500 0.40625
vt 0.12500 0.39062
vt 0.25000 0.39062
vt 0.25000 0.40625
vt 0.25000 0.39062
vt 0.37500 0.39062
vt 0.37500 0.40625
vt 0.37500 0.39062
vt 0.50000 0.39062
vt 0.50000 0.40625
vt 0.50000 0.39062
vt 0.62500 0.39062
vt 0.62500 0.40625
vt 0.62500 0.39062
vt 0.75000 0.39062
vt 0.75000 0.40625
vt 0.75000 0.39062
vt 0.87500 0.39062
vt 0.87500 0.40625
vt 0.87500 0.39062
vt 1.00000 0.39062
vt 1.00000 0.40625
vt 0.00000 0.40625
vt 0.12500 0.40625
vt 0.12500 0.42188
vt 0.12500 0.40625
vt 0.25000 0.40625
vt 0.25000 0.42188
vt 0.25000 0.40625
vt 0.37500 0.40625
vt 0.37500 0.42188
vt 0.37500 0.40625
vt 0.50000 0.40625
vt 0.50000 0.42188
vt 0.50000 0.40625
vt 0.62500 0.40625
vt 0.62500 0.42188
vt 0.62500 0.40625
vt 0.75000 0.40625
vt 0.75000 0.42188
vt 0.75000 0.40625
vt 0.87500 0.40625
vt 0.87500 0.42188
vt 0.87500 0.40625
vt 1.00000 0.40625
vt 1.00000 0.42188
vt 0.00000 0.42188
vt 0.12500 0.42188
vt 0.12500 0.43750
vt 0.12500 0.42188
vt 0.25000 0.42188
vt 0.25000 0.43750
vt 0.25000 0.42188
vt 0.37500 0.42188
vt 0.37500 0.43750
vt 0.37500 0.42188
vt 0.50000 0.42188
vt 0.50000 0.43750
vt 0.50000 0.42188
vt 0.62500 0.42188
vt 0.62500 0.43750
vt 0.62500 0.42188
vt 0.75000 0.42188
vt 0.75000 0.43750
vt 0.75000 0.42188
vt 0.87500 0.42188
vt 0.87500 0.43750
vt 0.87500 0.42188
vt 1.00000 0.42188
vt 1.00000 0.43750
vt 0.00000 0.43750
vt 0.12500 0.43750
vt 0.12500 0.45312
vt 0.12500 0.43750
vt 0.25000 0.43750
vt 0.25000 0.45312
vt 0.25000 0.43750
vt 0.37500 0.43750
vt 0.37500 0.45312
vt 0.37500 0.43750
vt 0.50000 0.43750
vt 0.50000 0.45312
vt 0.50000 0.43750
vt 0.62500 0.43750
vt 0.62500 0.45312
vt 0.62500 0.43750
vt 0.75000 0.43750
vt 0.75000 0.45312
vt 0.75000 0.43750
vt 0.87500 0.43750
vt 0.87500 0.45312
vt 0.87500 0.43750
vt 1.00000 0.43750
vt 1.00000 0.45312
vt 0.00000 0.45312
vt 0.12500 0.45312
vt 0.12500 0.46875
vt 0.12500 0.45312
vt 0.25000 0.45312
vt 0.25000 0.46875
vt 0.25000 0.45312
vt 0.37500 0.45312
vt 0.37500 0.46875
vt 0.37500 0.45312
vt 0.50000 0.45312
vt 0.50000 0.46875
vt 0.50000 0.45312
vt 0.62500 0.45312
vt 0.62500 0.46875
vt 0.62500 0.45312
vt 0.75000 0.45312
vt 0.75000 0.46875
vt 0.75000 0.45312
vt 0.87500 0.45312
vt 0.87500 0.46875
vt 0.87500 0.45312
vt 1.00000 0.45312
vt 1.00000 0.46875
vt 0.00000 0.46875
vt 0.12500 0.46875
vt 0.12500 0.48438
vt 0.12500 0.46875
vt 0.25000 0.46875
vt 0.25000 0.48438
vt 0.25000 0.46875
vt 0.37500 0.46875
vt 0.37500 0.48438
vt 0.37500 0.46875
vt 0.50000 0.46875
vt 0.50000 0.48438
vt 0.50000 0.46875
vt 0.62500 0.46875
vt 0.62500 0.48438
vt 0.62500 0.46875
vt 0.75000 0.46875
vt 0.75000 0.48438
vt 0.75000 0.46875
vt 0.87500 0.46875
vt 0.87500 0.48438
vt 0.87500 0.46875
vt 1.00000 0.46875
vt 1.00000 0.48438
vt 0.00000 0.48438
vt 0.12500 0.48438
vt 0.12500 0.50000
vt 0.12500 0.48438
vt 0.25000 0.48438
vt 0.25000 0.50000
vt 0.25000 0.48438
vt 0.37500 0.48438
vt 0.37500 0.50000
vt 0.37500 0.48438
vt 0.50000 0.48438
vt 0.50000 0.50000
vt 0.50000 0.48438
vt 0.62500 0.48438
vt 0.62500 0.50000
vt 0.62500 0.48438
vt 0.75000 0.48438
vt 0.75000 0.50000
vt 0.75000 0.48438
vt 0.87500 0.48438
vt 0.87500 0.50000
vt 0.87500 0.48438
vt 1.00000 0.48438
vt 1.00000 0.50000
vt 0.00000 0.50000
vt 0.12500 0.50000
vt 0.12500 0.51562
vt 0.12500 0.50000
vt 0.25000 0.50000
vt 0.25000 0.51562
vt 0.25000 0.50000
vt 0.37500 0.50000
vt 0.37500 0.51562
vt 0.37500 0.50000
vt 0.50000 0.50000
vt 0.50000 0.51562
vt 0.50000 0.50000
vt 0.62500 0.50000
vt 0.62500 0.51562
vt 0.62500 0.50000
vt 0.75000 0.50000
vt 0.75000 0.51562
vt 0.75000 0.50000
vt 0.87500 0.50000
vt 0.87500 0.51562
vt 0.87500 0.50000
vt 1.00000 0.50000
vt 1.00000 0.51562
vt 0.00000 0.51562
vt 0.12500 0.51562
vt 0.12500 0.53125
vt 0.12500 0.51562
vt 0.25000 0.51562
vt 0.25000 0.53125
vt 0.25000 0.51562
vt 0.37500 0.51562
vt 0.37500 0.53125
vt 0.37500 0.51562
vt 0.50000 0.51562
vt 0.50000 0.53125
vt 0.50000 0.51562
vt 0.62500 0.51562
vt 0.62500 0.53125
vt 0.62500 0.51562
vt 0.75000 0.51562
vt 0.75000 0.53125
vt 0.75000 0.51562
vt 0.87500 0.51562
vt 0.87500 0.53125
vt 0.87500 0.51562
vt 1.00000 0.51562
vt 1.00000 0.53125
vt 0.00000 0.53125
vt 0.12500 0.53125
vt 0.12500 0.54688
vt 0.12500 0.53125
vt 0.25000 0.53125
vt 0.25000 0.54688
vt 0.25000 0.53125
vt 0.37500 0.53125
vt 0.37500 0.54688
vt 0.37500 0.53125
vt 0.50000 0.53125
vt 0.50000 0.54688
vt 0.50000 0.53125
vt 0.62500 0.53125
vt 0.62500 0.54688
vt 0.62500 0.53125
vt 0.75000 0.53125
vt 0.75000 0.54688
vt 0.75000 0.53125
vt 0.87500 0.53125
vt 0.87500 0.54688
vt 0.87500 0.53125
vt 1.00000 0.53125
vt 1.00000 0.54688
vt 0.00000 0.54688
vt 0.12500 0.54688
vt 0.12500 0.56250
vt 0.12500 0.54688
vt 0.25000 0.54688
vt 0.25000 0.56250
vt 0.25000 0.54688
vt 0.37500 0.54688
vt 0.37500 0.56250
vt 0.37500 0.54688
vt 0.50000 0.54688
vt 0.50000 0.56250
vt 0.50000 0.54688
vt 0.62500 0.54688
vt 0.62500 0.56250
vt 0.62500 0.54688
vt 0.75000 0.54688
vt 0.75000 0.56250
vt 0.75000 0.54688
vt 0.87500 0.54688
vt 0.87500 0.56250
vt 0.87500 0.54688
vt 1.00000 0.54688
vt 1.00000 0.56250
vt 0.00000 0.56250
vt 0.12500 0.56250
vt 0.12500 0.57812
vt 0.12500 0.56250
vt 0.25000 0.56250
vt 0.25000 0.57812
vt 0.25000 0.56250
vt 0.37500 0.56250
vt 0.37500 0.57812
vt 0.37500 0.56250
vt 0.50000 0.56250
vt 0.50000 0.57812
vt 0.50000 0.56250
vt 0.62500 0.56250
vt 0.62500 0.57812
vt 0.62500 0.56250
vt 0.75000 0.56250
vt 0.75000 0.57812
vt 0.75000 0.56250
vt 0.87500 0.56250
vt 0.87500 0.57812
vt 0.87500 0.56250
vt 1.00000 0.56250
vt 1.00000 0.57812
vt 0.00000 0.57812
vt 0.12500 0.57812
vt 0.12500 0.59375
vt 0.12500 0.57812
vt 0.25000 0.57812
vt 0.25000 0.59375
vt 0.25000 0.57812
vt 0.37500 0.57812
vt 0.37500 0.59375
vt 0.37500 0.57812
vt 0.50000 0.57812
vt 0.50000 0.59375
vt 0.50000 0.57812
vt 0.62500 0.57812
vt 0.62500 0.59375
vt 0.62500 0.57812
vt 0.75000 0.57812
vt 0.75000 0.59375
vt 0.75000 0.57812
vt 0.87500 0.57812
vt 0.87500 0.59375
vt 0.87500 0.57812
vt 1.00000 0.57812
vt 1.00000 0.59375
vt 0.00000 0.59375
vt 0.12500 0.59375
vt 0.12500 0.60938
vt 0.12500 0.59375
vt 0.25000 0.59375
vt 0.25000 0.60938
vt 0.25000 0.59375
vt 0.37500 0.59375
vt 0.37500 0.60938
vt 0.37500 0.59375
vt 0.50000 0.59375
vt 0.50000 0.60938
vt 0.50000 0.59375
vt 0.62500 0.59375
vt 0.62500 0.60938
vt 0.62500 0.59375
vt 0.75000 0.59375
vt 0.75000 0.60938
vt 0.75000 0.59375
vt 0.87500 0.59375
vt 0.87500 0.60938
vt 0.87500 0.59375
vt 1.00000 0.59375
vt 1.00000 0.60938
vt 0.12500 0.60938
vt 0.12500 0.62500
vt 0.00000 0.62500
vt 0.25000 0.60938
vt 0.25000 0.62500
vt 0.12500 0.62500
vt 0.37500 0.60938
vt 0.37500 0.62500
vt 0.25000 0.62500
vt 0.50000 0.60938
vt 0.50000 0.62500
vt 0.37500 0.62500
vt 0.62500 0.60938
vt 0.62500 0.62500
vt 0.50000 0.62500
vt 0.75000 0.60938
vt 0.75000 0.62500
vt 0.62500 0.62500
vt 0.87500 0.60938
vt 0.87500 0.62500
vt 0.75000 0.62500
vt 1.00000 0.60938
vt 1.00000 0.62500
vt 0.87500 0.62500
vt 0.12500 0.62500
vt 0.12500 0.64062
vt 0.00000 0.64062
vt 0.25000 0.62500
vt 0.25000 0.64062
vt 0.12500 0.64062
vt 0.37500 0.62500
vt 0.37500 0.64062
vt 0.25000 0.64062
vt 0.50000 0.62500
vt 0.50000 0.64062
vt 0.37500 0.64062
vt 0.62500 0.62500
vt 0.62500 0.64062
vt 0.50000 0.64062
vt 0.75000 0.62500
vt 0.75000 0.64062
vt 0.62500 0.64062
vt 0.87500 0.62500
vt 0.87500 0.64062
vt 0.75000 0.64062
vt 1.00000 0.62500
vt 1.00000 0.64062
vt 0.87500 0.64062
vt 0.12500 0.64062
vt 0.12500 0.65625
vt 0.00000 0.65625
vt 0.25000 0.64062
vt 0.25000 0.65625
vt 0.12500 0.65625
vt 0.37500 0.64062
vt 0.37500 0.65625
vt 0.25000 0.65625
vt 0.50000 0.64062
vt 0.50000 0.65625
vt 0.37500 0.65625
vt 0.62500 0.64062
vt 0.62500 0.65625
vt 0.50000 0.65625
vt 0.75000 0.64062
vt 0.75000 0.65625
vt 0.62500 0.65625
vt 0.87500 0.64062
vt 0.87500 0.65625
vt 0.75000 0.65625
vt 1.00000 0.64062
vt 1.00000 0.65625
vt 0.87500 0.65625
vt 0.12500 0.65625
vt 0.12500 0.67188
vt 0.00000 0.67188
vt 0.25000 0.65625
vt 0.25000 0.67188
vt 0.12500 0.67188
vt 0.37500 0.65625
vt 0.37500 0.67188
vt 0.25000 0.67188
vt 0.50000 0.65625
vt 0.50000 0.67188
vt 0.37500 0.67188
vt 0.62500 0.65625
vt 0.62500 0.67188
vt 0.50000 0.67188
vt 0.75000 0.65625
vt 0.75000 0.67188
vt 0.62500 0.67188
vt 0.87500 0.65625
vt 0.87500 0.67188
vt 0.75000 0.67188
vt 1.00000 0.65625
vt 1.00000 0.67188
vt 0.87500 0.67188
vt 0.12500 0.67188
vt 0.12500 0.68750
vt 0.00000 0.68750
vt 0.25000 0.67188
vt 0.25000 0.68750
vt 0.12500 0.68750
vt 0.37500 0.67188
vt 0.37500 0.68750
vt 0.25000 0.68750
vt 0.50000 0.67188
vt 0.50000 0.68750
vt 0.37500 0.68750
vt 0.62500 0.67188
vt 0.62500 0.68750
vt 0.50000 0.68750
vt 0.75000 0.67188
vt 0.75000 0.68750
vt 0.62500 0.68750
vt 0.87500 0.67188
vt 0.87500 0.68750
vt 0.75000 0.68750
vt 1.00000 0.67188
vt 1.00000 0.68750
vt 0.87500 0.68750
vt 0.00000 0.68750
vt 0.12500 0.68750
vt 0.12500 0.70312
vt 0.12500 0.68750
vt 0.25000 0.68750
vt 0.25000 0.70312
vt 0.25000 0.68750
vt 0.37500 0.68750
vt 0.37500 0.70312
vt 0.37500 0.68750
vt 0.50000 0.68750
vt 0.50000 0.70312
vt 0.50000 0.68750
vt 0.62500 0.68750
vt 0.62500 0.70312
vt 0.62500 0.68750
vt 0.75000 0.68750
vt 0.75000 0.70312
vt 0.75000 0.68750
vt 0.87500 0.68750
vt 0.87500 0.70312
vt 0.87500 0.68750
vt 1.00000 0.68750
vt 1.00000 0.70312
vt 0.00000 0.70312
vt 0.12500 0.70312
vt 0.12500 0.71875
vt 0.12500 0.70312
vt 0.25000 0.70312
vt 0.25000 0.71875
vt 0.25000 0.70312
vt 0.37500 0.70312
vt 0.37500 0.71875
vt 0.37500 0.70312
vt 0.50000 0.70312
vt 0.50000 0.71875
vt 0.50000 0.70312
vt 0.62500 0.70312
vt 0.62500 0.71875
vt 0.62500 0.70312
vt 0.75000 0.70312
vt 0.75000 0.71875
vt 0.75000 0.70312
vt 0.87500 0.70312
vt 0.87500 0.71875
vt 0.87500 0.70312
vt 1.00000 0.70312
vt 1.00000 0.71875
vt 0.12500 0.71875
vt 0.12500 0.73438
vt 0.00000 0.73438
vt 0.12500 0.71875
vt 0.25000 0.71875
vt 0.25000 0.73438
vt 0.25000 0.71875
vt 0.37500 0.71875
vt 0.37500 0.73438
vt 0.37500 0.71875
vt 0.50000 0.71875
vt 0.50000 0.73438
vt 0.50000 0.71875
vt 0.62500 0.71875
vt 0.62500 0.73438
vt 0.62500 0.71875
vt 0.75000 0.71875
vt 0.75000 0.73438
vt 0.75000 0.71875
vt 0.87500 0.71875
vt 0.87500 0.73438
vt 1.00000 0.71875
vt 1.00000 0.73438
vt 0.87500 0.73438
vt 0.12500 0.73438
vt 0.12500 0.75000
vt 0.00000 0.75000
vt 0.25000 0.73438
vt 0.25000 0.75000
vt 0.12500 0.75000
vt 0.37500 0.73438
vt 0.37500 0.75000
vt 0.25000 0.75000
vt 0.50000 0.73438
vt 0.50000 0.75000
vt 0.37500 0.75000
vt 0.62500 0.73438
vt 0.62500 0.75000
vt 0.50000 0.75000
vt 0.75000 0.73438
vt 0.75000 0.75000
vt 0.62500 0.75000
vt 0.87500 0.73438
vt 0.87500 0.75000
vt 0.75000 0.75000
vt 1.00000 0.73438
vt 1.00000 0.75000
vt 0.87500 0.75000
vt 0.12500 0.75000
vt 0.12500 0.76562
vt 0.00000 0.76562
vt 0.25000 0.75000
vt 0.25000 0.76562
vt 0.12500 0.76562
vt 0.37500 0.75000
vt 0.37500 0.76562
vt 0.25000 0.76562
vt 0.50000 0.75000
vt 0.50000 0.76562
vt 0.37500 0.76562
vt 0.62500 0.75000
vt 0.62500 0.76562
vt 0.50000 0.76562
vt 0.75000 0.75000
vt 0.75000 0.76562
vt 0.62500 0.76562
vt 0.87500 0.75000
vt 0.87500 0.76562
vt 0.75000 0.76562
vt 1.00000 0.75000
vt 1.00000 0.76562
vt 0.87500 0.76562
vt 0.12500 0.76562
vt 0.12500 0.78125
vt 0.00000 0.78125
vt 0.25000 0.76562
vt 0.25000 0.78125
vt 0.12500 0.78125
vt 0.37500 0.76562
vt 0.37500 0.78125
vt 0.25000 0.78125
vt 0.50000 0.76562
vt 0.50000 0.78125
vt 0.37500 0.78125
vt 0.62500 0.76562
vt 0.62500 0.78125
vt 0.50000 0.78125
vt 0.75000 0.76562
vt 0.75000 0.78125
vt 0.62500 0.78125
vt 0.87500 0.76562
vt 0.87500 0.78125
vt 0.75000 0.78125
vt 1.00000 0.76562
vt 1.00000 0.78125
vt 0.87500 0.78125
vt 0.12500 0.78125
vt 0.12500 0.79688
vt 0.00000 0.79688
vt 0.25000 0.78125
vt 0.25000 0.79688
vt 0.12500 0.79688
vt 0.37500 0.78125
vt 0.37500 0.79688
vt 0.25000 0.79688
vt 0.50000 0.78125
vt 0.50000 0.79688
vt 0.37500 0.79688
vt 0.62500 0.78125
vt 0.62500 0.79688
vt 0.50000 0.79688
vt 0.75000 0.78125
vt 0.75000 0.79688
vt 0.62500 0.79688
vt 0.87500 0.78125
vt 0.87500 0.79688
vt 0.75000 0.79688
vt 1.00000 0.78125
vt 1.00000 0.79688
vt 0.87500 0.79688
vt 0.12500 0.79688
vt 0.12500 0.81250
vt 0.00000 0.81250
vt 0.25000 0.79688
vt 0.25000 0.81250
vt 0.12500 0.81250
vt 0.37500 0.79688
vt 0.37500 0.81250
vt 0.25000 0.81250
vt 0.50000 0.79688
vt 0.50000 0.81250
vt 0.37500 0.81250
vt 0.62500 0.79688
vt 0.62500 0.81250
vt 0.50000 0.81250
vt 0.75000 0.79688
vt 0.75000 0.81250
vt 0.62500 0.81250
vt 0.87500 0.79688
vt 0.87500 0.81250
vt 0.75000 0.81250
vt 1.00000 0.79688
vt 1.00000 0.81250
vt 0.87500 0.81250
vt 0.12500 0.81250
vt 0.12500 0.82812
vt 0.00000 0.82812
vt 0.25000 0.81250
vt 0.25000 0.82812
vt 0.12500 0.82812
vt 0.37500 0.81250
vt 0.37500 0.82812
vt 0.25000 0.82812
vt 0.50000 0.81250
vt 0.50000 0.82812
vt 0.37500 0.82812
vt 0.62500 0.81250
vt 0.62500 0.82812
vt 0.50000 0.82812
vt 0.75000 0.81250
vt 0.75000 0.82812
vt 0.62500 0.82812
vt 0.87500 0.81250
vt 0.87500 0.82812
vt 0.75000 0.82812
vt 1.00000 0.81250
vt 1.00000 0.82812
vt 0.87500 0.82812
vt 0.00000 0.82812
vt 0.12500 0.82812
vt 0.12500 0.84375
vt 0.12500 0.82812
vt 0.25000 0.82812
vt 0.25000 0.84375
vt 0.25000 0.82812
vt 0.37500 0.82812
vt 0.37500 0.84375
vt 0.37500 0.82812
vt 0.50000 0.82812
vt 0.50000 0.84375
vt 0.50000 0.82812
vt 0.62500 0.82812
vt 0.62500 0.84375
vt 0.62500 0.82812
vt 0.75000 0.82812
vt 0.75000 0.84375
vt 0.75000 0.82812
vt 0.87500 0.82812
vt 0.87500 0.84375
vt 0.87500 0.82812
vt 1.00000 0.82812
vt 1.00000 0.84375
vt 0.00000 0.84375
vt 0.12500 0.84375
vt 0.12500 0.85938
vt 0.12500 0.84375
vt 0.25000 0.84375
vt 0.25000 0.85938
vt 0.25000 0.84375
vt 0.37500 0.84375
vt 0.37500 0.85938
vt 0.37500 0.84375
vt 0.50000 0.84375
vt 0.50000 0.85938
vt 0.50000 0.84375
vt 0.62500 0.84375
vt 0.62500 0.85938
vt 0.62500 0.84375
vt 0.75000 0.84375
vt 0.75000 0.85938
vt 0.75000 0.84375
vt 0.87500 0.84375
vt 0.87500 0.85938
vt 0.87500 0.84375
vt 1.00000 0.84375
vt 1.00000 0.85938
vt 0.00000 0.85938
vt 0.12500 0.85938
vt 0.12500 0.87500
vt 0.12500 0.85938
vt 0.25000 0.85938
vt 0.25000 0.87500
vt 0.25000 0.85938
vt 0.37500 0.85938
vt 0.37500 0.87500
vt 0.37500 0.85938
vt 0.50000 0.85938
vt 0.50000 0.87500
vt 0.62500 0.85938
vt 0.62500 0.87500
vt 0.50000 0.87500
vt 0.75000 0.85938
vt 0.75000 0.87500
vt 0.62500 0.87500
vt 0.87500 0.85938
vt 0.87500 0.87500
vt 0.75000 0.87500
vt 1.00000 0.85938
vt 1.00000 0.87500
vt 0.87500 0.87500
vt 0.12500 0.87500
vt 0.12500 0.89062
vt 0.00000 0.89062
vt 0.25000 0.87500
vt 0.25000 0.89062
vt 0.12500 0.89062
vt 0.37500 0.87500
vt 0.37500 0.89062
vt 0.25000 0.89062
vt 0.50000 0.87500
vt 0.50000 0.89062
vt 0.37500 0.89062
vt 0.62500 0.87500
vt 0.62500 0.89062
vt 0.50000 0.89062
vt 0.75000 0.87500
vt 0.75000 0.89062
vt 0.62500 0.89062
vt 0.87500 0.87500
vt 0.87500 0.89062
vt 0.75000 0.89062
vt 1.00000 0.87500
vt 1.00000 0.89062
vt 0.87500 0.89062
vt 0.12500 0.89062
vt 0.12500 0.90625
vt 0.00000 0.90625
vt 0.25000 0.89062
vt 0.25000 0.90625
vt 0.12500 0.90625
vt 0.37500 0.89062
vt 0.37500 0.90625
vt 0.25000 0.90625
vt 0.50000 0.89062
vt 0.50000 0.90625
vt 0.37500 0.90625
vt 0.62500 0.89062
vt 0.62500 0.90625
vt 0.50000 0.90625
vt 0.75000 0.89062
vt 0.75000 0.90625
vt 0.62500 0.90625
vt 0.87500 0.89062
vt 0.87500 0.90625
vt 0.75000 0.90625
vt 1.00000 0.89062
vt 1.00000 0.90625
vt 0.87500 0.90625
vt 0.12500 0.90625
vt 0.12500 0.92188
vt 0.00000 0.92188
vt 0.25000 0.90625
vt 0.25000 0.92188
vt 0.12500 0.92188
vt 0.37500 0.90625
vt 0.37500 0.92188
vt 0.25000 0.92188
vt 0.50000 0.90625
vt 0.50000 0.92188
vt 0.37500 0.92188
vt 0.62500 0.90625
vt 0.62500 0.92188
vt 0.50000 0.92188
vt 0.75000 0.90625
vt 0.75000 0.92188
vt 0.62500 0.92188
vt 0.87500 0.90625
vt 0.87500 0.92188
vt 0.75000 0.92188
vt 1.00000 0.90625
vt 1.00000 0.92188
vt 0.87500 0.92188
vt 0.12500 0.92188
vt 0.12500 0.93750
vt 0.00000 0.93750
vt 0.25000 0.92188
vt 0.25000 0.93750
vt 0.12500 0.93750
vt 0.37500 0.92188
vt 0.37500 0.93750
vt 0.25000 0.93750
vt 0.50000 0.92188
vt 0.50000 0.93750
vt 0.37500 0.93750
vt 0.62500 0.92188
vt 0.62500 0.93750
vt 0.50000 0.93750
vt 0.75000 0.92188
vt 0.75000 0.93750
vt 0.62500 0.93750
vt 0.87500 0.92188
vt 0.87500 0.93750
vt 0.75000 0.93750
vt 1.00000 0.92188
vt 1.00000 0.93750
vt 0.87500 0.93750
vt 0.12500 0.93750
vt 0.12500 0.95312
vt 0.00000 0.95312
vt 0.25000 0.93750
vt 0.25000 0.95312
vt 0.12500 0.95312
vt 0.37500 0.93750
vt 0.37500 0.95312
vt 0.25000 0.95312
vt 0.50000 0.93750
vt 0.50000 0.95312
vt 0.37500 0.95312
vt 0.62500 0.93750
vt 0.62500 0.95312
vt 0.50000 0.95312
vt 0.75000 0.93750
vt 0.75000 0.95312
vt 0.62500 0.95312
vt 0.87500 0.93750
vt 0.87500 0.95312
vt 0.75000 0.95312
vt 1.00000 0.93750
vt 1.00000 0.95312
vt 0.87500 0.95312
vt 0.12500 0.95312
vt 0.12500 0.96875
vt 0.00000 0.96875
vt 0.25000 0.95312
vt 0.25000 0.96875
vt 0.12500 0.96875
vt 0.37500 0.95312
vt 0.37500 0.96875
vt 0.25000 0.96875
vt 0.50000 0.95312
vt 0.50000 0.96875
vt 0.37500 0.96875
vt 0.62500 0.95312
vt 0.62500 0.96875
vt 0.50000 0.96875
vt 0.75000 0.95312
vt 0.75000 0.96875
vt 0.62500 0.96875
vt 0.87500 0.95312
vt 0.87500 0.96875
vt 0.75000 0.96875
vt 1.00000 0.95312
vt 1.00000 0.96875
vt 0.87500 0.96875
vt 0.12500 0.96875
vt 0.12500 0.98438
vt 0.00000 0.98438
vt 0.25000 0.96875
vt 0.25000 0.98438
vt 0.12500 0.98438
vt 0.37500 0.96875
vt 0.37500 0.98438
vt 0.25000 0.98438
vt 0.50000 0.96875
vt 0.50000 0.98438
vt 0.37500 0.98438
vt 0.62500 0.96875
vt 0.62500 0.98438
vt 0.50000 0.98438
vt 0.75000 0.96875
vt 0.75000 0.98438
vt 0.62500 0.98438
vt 0.87500 0.96875
vt 0.87500 0.98438
vt 0.75000 0.98438
vt 1.00000 0.96875
vt 1.00000 0.98438
vt 0.87500 0.98438
vt 0.12500 0.98438
vt 0.12500 1.00000
vt 0.00000 1.00000
vt 0.25000 0.98438
vt 0.25000 1.00000
vt 0.12500 1.00000
vt 0.37500 0.98438
vt 0.37500 1.00000
vt 0.25000 1.00000
vt 0.50000 0.98438
vt 0.50000 1.00000
vt 0.37500 1.00000
vt 0.62500 0.98438
vt 0.62500 1.00000
vt 0.50000 1.00000
vt 0.75000 0.98438
vt 0.75000 1.00000
vt 0.62500 1.00000
vt 0.87500 0.98438
vt 0.87500 1.00000
vt 0.75000 1.00000
vt 1.00000 0.98438
vt 1.00000 1.00000
vt 0.87500 1.00000
vt 0.12500 0.00000
vt 0.12500 0.01562
vt 0.00000 0.01562
vt 0.25000 0.00000
vt 0.25000 0.01562
vt 0.12500 0.01562
vt 0.37500 0.00000
vt 0.37500 0.01562
vt 0.25000 0.01562
vt 0.50000 0.00000
vt 0.50000 0.01562
vt 0.37500 0.01562
vt 0.62500 0.00000
vt 0.62500 0.01562
vt 0.50000 0.01562
vt 0.75000 0.00000
vt 0.75000 0.01562
vt 0.62500 0.01562
vt 0.87500 0.00000
vt 0.87500 0.01562
vt 0.75000 0.01562
vt 1.00000 0.00000
vt 1.00000 0.01562
vt 0.87500 0.01562
vt 0.12500 0.01562
vt 0.12500 0.03125
vt 0.00000 0.03125
vt 0.25000 0.01562
vt 0.25000 0.03125
vt 0.12500 0.03125
vt 0.37500 0.01562
vt 0.37500 0.03125
vt 0.25000 0.03125
vt 0.50000 0.01562
vt 0.50000 0.03125
vt 0.37500 0.03125
vt 0.62500 0.01562
vt 0.62500 0.03125
vt 0.50000 0.03125
vt 0.75000 0.01562
vt 0.75000 0.03125
vt 0.62500 0.03125
vt 0.87500 0.01562
vt 0.87500 0.03125
vt 0.75000 0.03125
vt 1.00000 0.01562
vt 1.00000 0.03125
vt 0.87500 0.03125
vt 0.12500 0.03125
vt 0.12500 0.04688
vt 0.00000 0.04688
vt 0.25000 0.03125
vt 0.25000 0.04688
vt 0.12500 0.04688
vt 0.37500 0.03125
vt 0.37500 0.04688
vt 0.25000 0.04688
vt 0.50000 0.03125
vt 0.50000 0.04688
vt 0.37500 0.04688
vt 0.62500 0.03125
vt 0.62500 0.04688
vt 0.50000 0.04688
vt 0.75000 0.03125
vt 0.75000 0.04688
vt 0.62500 0.04688
vt 0.87500 0.03125
vt 0.87500 0.04688
vt 0.75000 0.04688
vt 1.00000 0.03125
vt 1.00000 0.04688
vt 0.87500 0.04688
vt 0.12500 0.04688
vt 0.12500 0.06250
vt 0.00000 0.06250
vt 0.25000 0.04688
vt 0.25000 0.06250
vt 0.12500 0.06250
vt 0.37500 0.04688
vt 0.37500 0.06250
vt 0.25000 0.06250
vt 0.50000 0.04688
vt 0.50000 0.06250
vt 0.37500 0.06250
vt 0.62500 0.04688
vt 0.62500 0.06250
vt 0.50000 0.06250
vt 0.75000 0.04688
vt 0.75000 0.06250
vt 0.62500 0.06250
vt 0.87500 0.04688
vt 0.87500 0.06250
vt 0.75000 0.06250
vt 1.00000 0.04688
vt 1.00000 0.06250
vt 0.87500 0.06250
vt 0.12500 0.06250
vt 0.12500 0.07812
vt 0.00000 0.07812
vt 0.25000 0.06250
vt 0.25000 0.07812
vt 0.12500 0.07812
vt 0.37500 0.06250
vt 0.37500 0.07812
vt 0.25000 0.07812
vt 0.50000 0.06250
vt 0.50000 0.07812
vt 0.37500 0.07812
vt 0.62500 0.06250
vt 0.62500 0.07812
vt 0.50000 0.07812
vt 0.75000 0.06250
vt 0.75000 0.07812
vt 0.62500 0.07812
vt 0.87500 0.06250
vt 0.87500 0.07812
vt 0.75000 0.07812
vt 1.00000 0.06250
vt 1.00000 0.07812
vt 0.87500 0.07812
vt 0.12500 0.07812
vt 0.12500 0.09375
vt 0.00000 0.09375
vt 0.25000 0.07812
vt 0.25000 0.09375
vt 0.12500 0.09375
vt 0.37500 0.07812
vt 0.37500 0.09375
vt 0.25000 0.09375
vt 0.50000 0.07812
vt 0.50000 0.09375
vt 0.37500 0.09375
vt 0.62500 0.07812
vt 0.62500 0.09375
vt 0.50000 0.09375
vt 0.75000 0.07812
vt 0.75000 0.09375
vt 0.62500 0.09375
vt 0.87500 0.07812
vt 0.87500 0.09375
vt 0.75000 0.09375
vt 1.00000 0.07812
vt 1.00000 0.09375
vt 0.87500 0.09375
vt 0.12500 0.09375
vt 0.12500 0.10938
vt 0.00000 0.10938
vt 0.25000 0.09375
vt 0.25000 0.10938
vt 0.12500 0.10938
vt 0.37500 0.09375
vt 0.37500 0.10938
vt 0.25000 0.10938
vt 0.50000 0.09375
vt 0.50000 0.10938
vt 0.37500 0.10938
vt 0.62500 0.09375
vt 0.62500 0.10938
vt 0.50000 0.10938
vt 0.75000 0.09375
vt 0.75000 0.10938
vt 0.62500 0.10938
vt 0.87500 0.09375
vt 0.87500 0.10938
vt 0.75000 0.10938
vt 1.00000 0.09375
vt 1.00000 0.10938
vt 0.87500 0.10938
vt 0.00000 0.10938
vt 0.12500 0.10938
vt 0.12500 0.12500
vt 0.12500 0.10938
vt 0.25000 0.10938
vt 0.25000 0.12500
vt 0.25000 0.10938
vt 0.37500 0.10938
vt 0.37500 0.12500
vt 0.50000 0.10938
vt 0.50000 0.12500
vt 0.37500 0.12500
vt 0.62500 0.10938
vt 0.62500 0.12500
vt 0.50000 0.12500
vt 0.75000 0.10938
vt 0.75000 0.12500
vt 0.62500 0.12500
vt 0.87500 0.10938
vt 0.87500 0.12500
vt 0.75000 0.12500
vt 0.87500 0.10938
vt 1.00000 0.10938
vt 1.00000 0.12500
vt 0.00000 0.12500
vt 0.12500 0.12500
vt 0.12500 0.14062
vt 0.12500 0.12500
vt 0.25000 0.12500
vt 0.25000 0.14062
vt 0.25000 0.12500
vt 0.37500 0.12500
vt 0.37500 0.14062
vt 0.37500 0.12500
vt 0.50000 0.12500
vt 0.50000 0.14062
vt 0.50000 0.12500
vt 0.62500 0.12500
vt 0.62500 0.14062
vt 0.62500 0.12500
vt 0.75000 0.12500
vt 0.75000 0.14062
vt 0.75000 0.12500
vt 0.87500 0.12500
vt 0.87500 0.14062
vt 0.87500 0.12500
vt 1.00000 0.12500
vt 1.00000 0.14062
vt 0.00000 0.14062
vt 0.12500 0.14062
vt 0.12500 0.15625
vt 0.12500 0.14062
vt 0.25000 0.14062
vt 0.25000 0.15625
vt 0.25000 0.14062
vt 0.37500 0.14062
vt 0.37500 0.15625
vt 0.37500 0.14062
vt 0.50000 0.14062
vt 0.50000 0.15625
vt 0.50000 0.14062
vt 0.62500 0.14062
vt 0.62500 0.15625
vt 0.62500 0.14062
vt 0.75000 0.14062
vt 0.75000 0.15625
vt 0.75000 0.14062
vt 0.87500 0.14062
vt 0.87500 0.15625
vt 0.87500 0.14062
vt 1.00000 0.14062
vt 1.00000 0.15625
vt 0.00000 0.15625
vt 0.12500 0.15625
vt 0.12500 0.17188
vt 0.12500 0.15625
vt 0.25000 0.15625
vt 0.25000 0.17188
vt 0.25000 0.15625
vt 0.37500 0.15625
vt 0.37500 0.17188
vt 0.37500 0.15625
vt 0.50000 0.15625
vt 0.50000 0.17188
vt 0.50000 0.15625
vt 0.62500 0.15625
vt 0.62500 0.17188
vt 0.62500 0.15625
vt 0.75000 0.15625
vt 0.75000 0.17188
vt 0.75000 0.15625
vt 0.87500 0.15625
vt 0.87500 0.17188
vt 0.87500 0.15625
vt 1.00000 0.15625
vt 1.00000 0.17188
vt 0.00000 0.17188
vt 0.12500 0.17188
vt 0.12500 0.18750
vt 0.12500 0.17188
vt 0.25000 0.17188
vt 0.25000 0.18750
vt 0.25000 0.17188
vt 0.37500 0.17188
vt 0.37500 0.18750
vt 0.37500 0.17188
vt 0.50000 0.17188
vt 0.50000 0.18750
vt 0.50000 0.17188
vt 0.62500 0.17188
vt 0.62500 0.18750
vt 0.62500 0.17188
vt 0.75000 0.17188
vt 0.75000 0.18750
vt 0.75000 0.17188
vt 0.87500 0.17188
vt 0.87500 0.18750
vt 0.87500 0.17188
vt 1.00000 0.17188
vt 1.00000 0.18750
vt 0.00000 0.18750
vt 0.12500 0.18750
vt 0.12500 0.20312
vt 0.12500 0.18750
vt 0.25000 0.18750
vt 0.25000 0.20312
vt 0.25000 0.18750
vt 0.37500 0.18750
vt 0.37500 0.20312
vt 0.37500 0.18750
vt 0.50000 0.18750
vt 0.50000 0.20312
vt 0.50000 0.18750
vt 0.62500 0.18750
vt 0.62500 0.20312
vt 0.62500 0.18750
vt 0.75000 0.18750
vt 0.75000 0.20312
vt 0.75000 0.18750
vt 0.87500 0.18750
vt 0.87500 0.20312
vt 0.87500 0.18750
vt 1.00000 0.18750
vt 1.00000 0.20312
vt 0.12500 0.20312
vt 0.12500 0.21875
vt 0.00000 0.21875
vt 0.25000 0.20312
vt 0.25000 0.21875
vt 0.12500 0.21875
vt 0.25000 0.20312
vt 0.37500 0.20312
vt 0.37500 0.21875
vt 0.37500 0.20312
vt 0.50000 0.20312
vt 0.50000 0.21875
vt 0.50000 0.20312
vt 0.62500 0.20312
vt 0.62500 0.21875
vt 0.62500 0.20312
vt 0.75000 0.20312
vt 0.75000 0.21875
vt 0.75000 0.20312
vt 0.87500 0.20312
vt 0.87500 0.21875
vt 0.87500 0.20312
vt 1.00000 0.20312
vt 1.00000 0.21875
vt 0.12500 0.21875
vt 0.12500 0.23438
vt 0.00000 0.23438
vt 0.25000 0.21875
vt 0.25000 0.23438
vt 0.12500 0.23438
vt 0.37500 0.21875
vt 0.37500 0.23438
vt 0.25000 0.23438
vt 0.50000 0.21875
vt 0.50000 0.23438
vt 0.37500 0.23438
vt 0.62500 0.21875
vt 0.62500 0.23438
vt 0.50000 0.23438
vt 0.75000 0.21875
vt 0.75000 0.23438
vt 0.62500 0.23438
vt 0.87500 0.21875
vt 0.87500 0.23438
vt 0.75000 0.23438
vt 1.00000 0.21875
vt 1.00000 0.23438
vt 0.87500 0.23438
vt 0.12500 0.23438
vt 0.12500 0.25000
vt 0.00000 0.25000
vt 0.25000 0.23438
vt 0.25000 0.25000
vt 0.12500 0.25000
vt 0.37500 0.23438
vt 0.37500 0.25000
vt 0.25000 0.25000
vt 0.50000 0.23438
vt 0.50000 0.25000
vt 0.37500 0.25000
vt 0.62500 0.23438
vt 0.62500 0.25000
vt 0.50000 0.25000
vt 0.75000 0.23438
vt 0.75000 0.25000
vt 0.62500 0.25000
vt 0.87500 0.23438
vt 0.87500 0.25000
vt 0.75000 0.25000
vt 1.00000 0.23438
vt 1.00000 0.25000
vt 0.87500 0.25000
vt 0.00000 0.25000
vt 0.12500 0.25000
vt 0.12500 0.26562
vt 0.12500 0.25000
vt 0.25000 0.25000
vt 0.25000 0.26562
vt 0.25000 0.25000
vt 0.37500 0.25000
vt 0.37500 0.26562
vt 0.37500 0.25000
vt 0.50000 0.25000
vt 0.50000 0.26562
vt 0.50000 0.25000
vt 0.62500 0.25000
vt 0.62500 0.26562
vt 0.62500 0.25000
vt 0.75000 0.25000
vt 0.75000 0.26562
vt 0.75000 0.25000
vt 0.87500 0.25000
vt 0.87500 0.26562
vt 0.87500 0.25000
vt 1.00000 0.25000
vt 1.00000 0.26562
vt 0.00000 0.26562
vt 0.12500 0.26562
vt 0.12500 0.28125
vt 0.12500 0.26562
vt 0.25000 0.26562
vt 0.25000 0.28125
vt 0.25000 0.26562
vt 0.37500 0.26562
vt 0.37500 0.28125
vt 0.37500 0.26562
vt 0.50000 0.26562
vt 0.50000 0.28125
vt 0.50000 0.26562
vt 0.62500 0.26562
vt 0.62500 0.28125
vt 0.62500 0.26562
vt 0.75000 0.26562
vt 0.75000 0.28125
vt 0.75000 0.26562
vt 0.87500 0.26562
vt 0.87500 0.28125
vt 0.87500 0.26562
vt 1.00000 0.26562
vt 1.00000 0.28125
vt 0.00000 0.28125
vt 0.12500 0.28125
vt 0.12500 0.29688
vt 0.12500 0.28125
vt 0.25000 0.28125
vt 0.25000 0.29688
vt 0.25000 0.28125
vt 0.37500 0.28125
vt 0.37500 0.29688
vt 0.37500 0.28125
vt 0.50000 0.28125
vt 0.50000 0.29688
vt 0.50000 0.28125
vt 0.62500 0.28125
vt 0.62500 0.29688
vt 0.62500 0.28125
vt 0.75000 0.28125
vt 0.75000 0.29688
vt 0.75000 0.28125
vt 0.87500 0.28125
vt 0.87500 0.29688
vt 0.87500 0.28125
vt 1.00000 0.28125
vt 1.00000 0.29688
vt 0.00000 0.29688
vt 0.12500 0.29688
vt 0.12500 0.31250
vt 0.12500 0.29688
vt 0.25000 0.29688
vt 0.25000 0.31250
vt 0.25000 0.29688
vt 0.37500 0.29688
vt 0.37500 0.31250
vt 0.37500 0.29688
vt 0.50000 0.29688
vt 0.50000 0.31250
vt 0.50000 0.29688
vt 0.62500 0.29688
vt 0.62500 0.31250
vt 0.62500 0.29688
vt 0.75000 0.29688
vt 0.75000 0.31250
vt 0.75000 0.29688
vt 0.87500 0.29688
vt 0.87500 0.31250
vt 0.87500 0.29688
vt 1.00000 0.29688
vt 1.00000 0.31250
vt 0.00000 0.31250
vt 0.12500 0.31250
vt 0.12500 0.32812
vt 0.12500 0.31250
vt 0.25000 0.31250
vt 0.25000 0.32812
vt 0.25000 0.31250
vt 0.37500 0.31250
vt 0.37500 0.32812
vt 0.37500 0.31250
vt 0.50000 0.31250
vt 0.50000 0.32812
vt 0.50000 0.31250
vt 0.62500 0.31250
vt 0.62500 0.32812
vt 0.62500 0.31250
vt 0.75000 0.31250
vt 0.75000 0.32812
vt 0.75000 0.31250
vt 0.87500 0.31250
vt 0.87500 0.32812
vt 0.87500 0.31250
vt 1.00000 0.31250
vt 1.00000 0.32812
vt 0.00000 0.32812
vt 0.12500 0.32812
vt 0.12500 0.34375
vt 0.12500 0.32812
vt 0.25000 0.32812
vt 0.25000 0.34375
vt 0.25000 0.32812
vt 0.37500 0.32812
vt 0.37500 0.34375
vt 0.37500 0.32812
vt 0.50000 0.32812
vt 0.50000 0.34375
vt 0.50000 0.32812
vt 0.62500 0.32812
vt 0.62500 0.34375
vt 0.62500 0.32812
vt 0.75000 0.32812
vt 0.75000 0.34375
vt 0.75000 0.32812
vt 0.87500 0.32812
vt 0.87500 0.34375
vt 0.87500 0.32812
vt 1.00000 0.32812
vt 1.00000 0.34375
vt 0.12500 0.34375
vt 0.12500 0.35938
vt 0.00000 0.35938
vt 0.25000 0.34375
vt 0.25000 0.35938
vt 0.12500 0.35938
vt 0.37500 0.34375
vt 0.37500 0.35938
vt 0.25000 0.35938
vt 0.50000 0.34375
vt 0.50000 0.35938
vt 0.37500 0.35938
vt 0.62500 0.34375
vt 0.62500 0.35938
vt 0.50000 0.35938
vt 0.75000 0.34375
vt 0.75000 0.35938
vt 0.62500 0.35938
vt 0.87500 0.34375
vt 0.87500 0.35938
vt 0.75000 0.35938
vt 1.00000 0.34375
vt 1.00000 0.35938
vt 0.87500 0.35938
vt 0.12500 0.35938
vt 0.12500 0.37500
vt 0.00000 0.37500
vt 0.25000 0.35938
vt 0.25000 0.37500
vt 0.12500 0.37500
vt 0.37500 0.35938
vt 0.37500 0.37500
vt 0.25000 0.37500
vt 0.50000 0.35938
vt 0.50000 0.37500
vt 0.37500 0.37500
vt 0.62500 0.35938
vt 0.62500 0.37500
vt 0.50000 0.37500
vt 0.75000 0.35938
vt 0.75000 0.37500
vt 0.62500 0.37500
vt 0.87500 0.35938
vt 0.87500 0.37500
vt 0.75000 0.37500
vt 1.00000 0.35938
vt 1.00000 0.37500
vt 0.87500 0.37500
vt 0.00000 0.37500
vt 0.12500 0.37500
vt 0.12500 0.39062
vt 0.12500 0.37500
vt 0.25000 0.37500
vt 0.25000 0.39062
vt 0.25000 0.37500
vt 0.37500 0.37500
vt 0.37500 0.39062
vt 0.37500 0.37500
vt 0.50000 0.37500
vt 0.50000 0.39062
vt 0.50000 0.37500
vt 0.62500 0.37500
vt 0.62500 0.39062
vt 0.75000 0.37500
vt 0.75000 0.39062
vt 0.62500 0.39062
vt 0.87500 0.37500
vt 0.87500 0.39062
vt 0.75000 0.39062
vt 0.87500 0.37500
vt 1.00000 0.37500
vt 1.00000 0.39062
vt 0.00000 0.39062
vt 0.12500 0.39062
vt 0.12500 0.40625
vt 0.12500 0.39062
vt 0.25000 0.39062
vt 0.25000 0.40625
vt 0.25000 0.39062
vt 0.37500 0.39062
vt 0.37500 0.40625
vt 0.37500 0.39062
vt 0.50000 0.39062
vt 0.50000 0.40625
vt 0.50000 0.39062
vt 0.62500 0.39062
vt 0.62500 0.40625
vt 0.62500 0.39062
vt 0.75000 0.39062
vt 0.75000 0.40625
vt 0.75000 0.39062
vt 0.87500 0.39062
vt 0.87500 0.40625
vt 0.87500 0.39062
vt 1.00000 0.39062
vt 1.00000 0.40625
vt 0.00000 0.40625
vt 0.12500 0.40625
vt 0.12500 0.42188
vt 0.12500 0.40625
vt 0.25000 0.40625
vt 0.25000 0.42188
vt 0.25000 0.40625
vt 0.37500 0.40625
vt 0.37500 0.42188
vt 0.37500 0.40625
vt 0.50000 0.40625
vt 0.50000 0.42188
vt 0.50000 0.40625
vt 0.62500 0.40625
vt 0.62500 0.42188
vt 0.62500 0.40625
vt 0.75000 0.40625
vt 0.75000 0.42188
vt 0.75000 0.40625
vt 0.87500 0.40625
vt 0.87500 0.42188
vt 0.87500 0.40625
vt 1.00000 0.40625
vt 1.00000 0.42188
vt 0.00000 0.42188
vt 0.12500 0.42188
vt 0.12500 0.43750
vt 0.12500 0.42188
vt 0.25000 0.42188
vt 0.25000 0.43750
vt 0.25000 0.42188
vt 0.37500 0.42188
vt 0.37500 0.43750
vt 0.37500 0.42188
vt 0.50000 0.42188
vt 0.50000 0.43750
vt 0.50000 0.42188
vt 0.62500 0.42188
vt 0.62500 0.43750
vt 0.62500 0.42188
vt 0.75000 0.42188
vt 0.75000 0.43750
vt 0.75000 0.42188
vt 0.87500 0.42188
vt 0.87500 0.43750
vt 0.87500 0.42188
vt 1.00000 0.42188
vt 1.00000 0.43750
vt 0.00000 0.43750
vt 0.12500 0.43750
vt 0.12500 0.45312
vt 0.12500 0.43750
vt 0.25000 0.43750
vt 0.25000 0.45312
vt 0.25000 0.43750
vt 0.37500 0.43750
vt 0.37500 0.45312
vt 0.37500 0.43750
vt 0.50000 0.43750
vt 0.50000 0.45312
vt 0.50000 0.43750
vt 0.62500 0.43750
vt 0.62500 0.45312
vt 0.62500 0.43750
vt 0.75000 0.43750
vt 0.75000 0.45312
vt 0.75000 0.43750
vt 0.87500 0.43750
vt 0.87500 0.45312
vt 0.87500 0.43750
vt 1.00000 0.43750
vt 1.00000 0.45312
vt 0.00000 0.45312
vt 0.12500 0.45312
vt 0.12500 0.46875
vt 0.12500 0.45312
vt 0.25000 0.45312
vt 0.25000 0.46875
vt 0.25000 0.45312
vt 0.37500 0.45312
vt 0.37500 0.46875
vt 0.37500 0.45312
vt 0.50000 0.45312
vt 0.50000 0.46875
vt 0.50000 0.45312
vt 0.62500 0.45312
vt 0.62500 0.46875
vt 0.62500 0.45312
vt 0.75000 0.45312
vt 0.75000 0.46875
vt 0.75000 0.45312
vt 0.87500 0.45312
vt 0.87500 0.46875
vt 0.87500 0.45312
vt 1.00000 0.45312
vt 1.00000 0.46875
vt 0.00000 0.46875
vt 0.12500 0.46875
vt 0.12500 0.48438
vt 0.12500 0.46875
vt 0.25000 0.46875
vt 0.25000 0.48438
vt 0.25000 0.46875
vt 0.37500 0.46875
vt 0.37500 0.48438
vt 0.37500 0.46875
vt 0.50000 0.46875
vt 0.50000 0.48438
vt 0.50000 0.46875
vt 0.62500 0.46875
vt 0.62500 0.48438
vt 0.62500 0.46875
vt 0.75000 0.46875
vt 0.75000 0.48438
vt 0.75000 0.46875
vt 0.87500 0.46875
vt 0.87500 0.48438
vt 0.87500 0.46875
vt 1.00000 0.46875
vt 1.00000 0.48438
vt 0.00000 0.48438
vt 0.12500 0.48438
vt 0.12500 0.50000
vt 0.12500 0.48438
vt 0.25000 0.48438
vt 0.25000 0.50000
vt 0.25000 0.48438
vt 0.37500 0.48438
vt 0.37500 0.50000
vt 0.37500 0.48438
vt 0.50000 0.48438
vt 0.50000 0.50000
vt 0.50000 0.48438
vt 0.62500 0.48438
vt 0.62500 0.50000
vt 0.62500 0.48438
vt 0.75000 0.48438
vt 0.75000 0.50000
vt 0.75000 0.48438
vt 0.87500 0.48438
vt 0.87500 0.50000
vt 0.87500 0.48438
vt 1.00000 0.48438
vt 1.00000 0.50000
vt 0.00000 0.50000
vt 0.12500 0.50000
vt 0.12500 0.51562
vt 0.12500 0.50000
vt 0.25000 0.50000
vt 0.25000 0.51562
vt 0.25000 0.50000
vt 0.37500 0.50000
vt 0.37500 0.51562
vt 0.37500 0.50000
vt 0.50000 0.50000
vt 0.50000 0.51562
vt 0.50000 0.50000
vt 0.62500 0.50000
vt 0.62500 0.51562
vt 0.62500 0.50000
vt 0.75000 0.50000
vt 0.75000 0.51562
vt 0.75000 0.50000
vt 0.87500 0.50000
vt 0.87500 0.51562
vt 0.87500 0.50000
vt 1.00000 0.50000
vt 1.00000 0.51562
vt 0.00000 0.51562
vt 0.12500 0.51562
vt 0.12500 0.53125
vt 0.12500 0.51562
vt 0.25000 0.51562
vt 0.25000 0.53125
vt 0.25000 0.51562
vt 0.37500 0.51562
vt 0.37500 0.53125
vt 0.37500 0.51562
vt 0.50000 0.51562
vt 0.50000 0.53125
vt 0.50000 0.51562
vt 0.62500 0.51562
vt 0.62500 0.53125
vt 0.62500 0.51562
vt 0.75000 0.51562
vt 0.75000 0.53125
vt 0.75000 0.51562
vt 0.87500 0.51562
vt 0.87500 0.53125
vt 0.87500 0.51562
vt 1.00000 0.51562
vt 1.00000 0.53125
vt 0.00000 0.53125
vt 0.12500 0.53125
vt 0.12500 0.54688
vt 0.12500 0.53125
vt 0.25000 0.53125
vt 0.25000 0.54688
vt 0.25000 0.53125
vt 0.37500 0.53125
vt 0.37500 0.54688
vt 0.37500 0.53125
vt 0.50000 0.53125
vt 0.50000 0.54688
vt 0.50000 0.53125
vt 0.62500 0.53125
vt 0.62500 0.54688
vt 0.62500 0.53125
vt 0.75000 0.53125
vt 0.75000 0.54688
vt 0.75000 0.53125
vt 0.87500 0.53125
vt 0.87500 0.54688
vt 0.87500 0.53125
vt 1.00000 0.53125
vt 1.00000 0.54688
vt 0.00000 0.54688
vt 0.12500 0.54688
vt 0.12500 0.56250
vt 0.12500 0.54688
vt 0.25000 0.54688
vt 0.25000 0.56250
vt 0.25000 0.54688
vt 0.37500 0.54688
vt 0.37500 0.56250
vt 0.37500 0.54688
vt 0.50000 0.54688
vt 0.50000 0.56250
vt 0.50000 0.54688
vt 0.62500 0.54688
vt 0.62500 0.56250
vt 0.62500 0.54688
vt 0.75000 0.54688
vt 0.75000 0.56250
vt 0.75000 0.54688
vt 0.87500 0.54688
vt 0.87500 0.56250
vt 0.87500 0.54688
vt 1.00000 0.54688
vt 1.00000 0.56250
vt 0.00000 0.56250
vt 0.12500 0.56250
vt 0.12500 0.57812
vt 0.12500 0.56250
vt 0.25000 0.56250
vt 0.25000 0.57812
vt 0.25000 0.56250
vt 0.37500 0.56250
vt 0.37500 0.57812
vt 0.37500 0.56250
vt 0.50000 0.56250
vt 0.50000 0.57812
vt 0.50000 0.56250
vt 0.62500 0.56250
vt 0.62500 0.57812
vt 0.62500 0.56250
vt 0.75000 0.56250
vt 0.75000 0.57812
vt 0.75000 0.56250
vt 0.87500 0.56250
vt 0.87500 0.57812
vt 0.87500 0.56250
vt 1.00000 0.56250
vt 1.00000 0.57812
vt 0.00000 0.57812
vt 0.12500 0.57812
vt 0.12500 0.59375
vt 0.12500 0.57812
vt 0.25000 0.57812
vt 0.25000 0.59375
vt 0.25000 0.57812
vt 0.37500 0.57812
vt 0.37500 0.59375
vt 0.37500 0.57812
vt 0.50000 0.57812
vt 0.50000 0.59375
vt 0.50000 0.57812
vt 0.62500 0.57812
vt 0.62500 0.59375
vt 0.62500 0.57812
vt 0.75000 0.57812
vt 0.75000 0.59375
vt 0.75000 0.57812
vt 0.87500 0.57812
vt 0.87500 0.59375
vt 0.87500 0.57812
vt 1.00000 0.57812
vt 1.00000 0.59375
vt 0.00000 0.59375
vt 0.12500 0.59375
vt 0.12500 0.60938
vt 0.12500 0.59375
vt 0.25000 0.59375
vt 0.25000 0.60938
vt 0.37500 0.59375
vt 0.37500 0.60938
vt 0.25000 0.60938
vt 0.50000 0.59375
vt 0.50000 0.60938
vt 0.37500 0.60938
vt 0.62500 0.59375
vt 0.62500 0.60938
vt 0.50000 0.60938
vt 0.75000 0.59375
vt 0.75000 0.60938
vt 0.62500 0.60938
vt 0.87500 0.59375
vt 0.87500 0.60938
vt 0.75000 0.60938
vt 0.87500 0.59375
vt 1.00000 0.59375
vt 1.00000 0.60938
vt 0.12500 0.60938
vt 0.12500 0.62500
vt 0.00000 0.62500
vt 0.25000 0.60938
vt 0.25000 0.62500
vt 0.12500 0.62500
vt 0.37500 0.60938
vt 0.37500 0.62500
vt 0.25000 0.62500
vt 0.50000 0.60938
vt 0.50000 0.62500
vt 0.37500 0.62500
vt 0.62500 0.60938
vt 0.62500 0.62500
vt 0.50000 0.62500
vt 0.75000 0.60938
vt 0.75000 0.62500
vt 0.62500 0.62500
vt 0.87500 0.60938
vt 0.87500 0.62500
vt 0.75000 0.62500
vt 1.00000 0.60938
vt 1.00000 0.62500
vt 0.87500 0.62500
vt 0.12500 0.62500
vt 0.12500 0.64062
vt 0.00000 0.64062
vt 0.25000 0.62500
vt 0.25000 0.64062
vt 0.12500 0.64062
vt 0.37500 0.62500
vt 0.37500 0.64062
vt 0.25000 0.64062
vt 0.50000 0.62500
vt 0.50000 0.64062
vt 0.37500 0.64062
vt 0.62500 0.62500
vt 0.62500 0.64062
vt 0.50000 0.64062
vt 0.75000 0.62500
vt 0.75000 0.64062
vt 0.62500 0.64062
vt 0.87500 0.62500
vt 0.87500 0.64062
vt 0.75000 0.64062
vt 1.00000 0.62500
vt 1.00000 0.64062
vt 0.87500 0.64062
vt 0.12500 0.64062
vt 0.12500 0.65625
vt 0.00000 0.65625
vt 0.25000 0.64062
vt 0.25000 0.65625
vt 0.12500 0.65625
vt 0.37500 0.64062
vt 0.37500 0.65625
vt 0.25000 0.65625
vt 0.50000 0.64062
vt 0.50000 0.65625
vt 0.37500 0.65625
vt 0.62500 0.64062
vt 0.62500 0.65625
vt 0.50000 0.65625
vt 0.75000 0.64062
vt 0.75000 0.65625
vt 0.62500 0.65625
vt 0.87500 0.64062
vt 0.87500 0.65625
vt 0.75000 0.65625
vt 1.00000 0.64062
vt 1.00000 0.65625
vt 0.87500 0.65625
vt 0.12500 0.65625
vt 0.12500 0.67188
vt 0.00000 0.67188
vt 0.25000 0.65625
vt 0.25000 0.67188
vt 0.12500 0.67188
vt 0.37500 0.65625
vt 0.37500 0.67188
vt 0.25000 0.67188
vt 0.50000 0.65625
vt 0.50000 0.67188
vt 0.37500 0.67188
vt 0.62500 0.65625
vt 0.62500 0.67188
vt 0.50000 0.67188
vt 0.75000 0.65625
vt 0.75000 0.67188
vt 0.62500 0.67188
vt 0.87500 0.65625
vt 0.87500 0.67188
vt 0.75000 0.67188
vt 1.00000 0.65625
vt 1.00000 0.67188
vt 0.87500 0.67188
vt 0.12500 0.67188
vt 0.12500 0.68750
vt 0.00000 0.68750
vt 0.25000 0.67188
vt 0.25000 0.68750
vt 0.12500 0.68750
vt 0.37500 0.67188
vt 0.37500 0.68750
vt 0.25000 0.68750
vt 0.50000 0.67188
vt 0.50000 0.68750
vt 0.37500 0.68750
vt 0.62500 0.67188
vt 0.62500 0.68750
vt 0.50000 0.68750
vt 0.75000 0.67188
vt 0.75000 0.68750
vt 0.62500 0.68750
vt 0.87500 0.67188
vt 0.87500 0.68750
vt 0.75000 0.68750
vt 1.00000 0.67188
vt 1.00000 0.68750
vt 0.87500 0.68750
vt 0.12500 0.68750
vt 0.12500 0.70312
vt 0.00000 0.70312
vt 0.25000 0.68750
vt 0.25000 0.70312
vt 0.12500 0.70312
vt 0.37500 0.68750
vt 0.37500 0.70312
vt 0.25000 0.70312
vt 0.50000 0.68750
vt 0.50000 0.70312
vt 0.37500 0.70312
vt 0.62500 0.68750
vt 0.62500 0.70312
vt 0.50000 0.70312
vt 0.75000 0.68750
vt 0.75000 0.70312
vt 0.62500 0.70312
vt 0.87500 0.68750
vt 0.87500 0.70312
vt 0.75000 0.70312
vt 1.00000 0.68750
vt 1.00000 0.70312
vt 0.87500 0.70312
vt 0.12500 0.70312
vt 0.12500 0.71875
vt 0.00000 0.71875
vt 0.25000 0.70312
vt 0.25000 0.71875
vt 0.12500 0.71875
vt 0.37500 0.70312
vt 0.37500 0.71875
vt 0.25000 0.71875
vt 0.50000 0.70312
vt 0.50000 0.71875
vt 0.37500 0.71875
vt 0.62500 0.70312
vt 0.62500 0.71875
vt 0.50000 0.71875
vt 0.75000 0.70312
vt 0.75000 0.71875
vt 0.62500 0.71875
vt 0.87500 0.70312
vt 0.87500 0.71875
vt 0.75000 0.71875
vt 1.00000 0.70312
vt 1.00000 0.71875
vt 0.87500 0.71875
vt 0.12500 0.71875
vt 0.12500 0.73438
vt 0.00000 0.73438
vt 0.25000 0.71875
vt 0.25000 0.73438
vt 0.12500 0.73438
vt 0.37500 0.71875
vt 0.37500 0.73438
vt 0.25000 0.73438
vt 0.50000 0.71875
vt 0.50000 0.73438
vt 0.37500 0.73438
vt 0.62500 0.71875
vt 0.62500 0.73438
vt 0.50000 0.73438
vt 0.75000 0.71875
vt 0.75000 0.73438
vt 0.62500 0.73438
vt 0.87500 0.71875
vt 0.87500 0.73438
vt 0.75000 0.73438
vt 1.00000 0.71875
vt 1.00000 0.73438
vt 0.87500 0.73438
vt 0.12500 0.73438
vt 0.12500 0.75000
vt 0.00000 0.75000
vt 0.25000 0.73438
vt 0.25000 0.75000
vt 0.12500 0.75000
vt 0.37500 0.73438
vt 0.37500 0.75000
vt 0.25000 0.75000
vt 0.50000 0.73438
vt 0.50000 0.75000
vt 0.37500 0.75000
vt 0.62500 0.73438
vt 0.62500 0.75000
vt 0.50000 0.75000
vt 0.75000 0.73438
vt 0.75000 0.75000
vt 0.62500 0.75000
vt 0.87500 0.73438
vt 0.87500 0.75000
vt 0.75000 0.75000
vt 1.00000 0.73438
vt 1.00000 0.75000
vt 0.87500 0.75000
vt 0.12500 0.75000
vt 0.12500 0.76562
vt 0.00000 0.76562
vt 0.25000 0.75000
vt 0.25000 0.76562
vt 0.12500 0.76562
vt 0.37500 0.75000
vt 0.37500 0.76562
vt 0.25000 0.76562
vt 0.50000 0.75000
vt 0.50000 0.76562
vt 0.37500 0.76562
vt 0.62500 0.75000
vt 0.62500 0.76562
vt 0.50000 0.76562
vt 0.75000 0.75000
vt 0.75000 0.76562
vt 0.62500 0.76562
vt 0.87500 0.75000
vt 0.87500 0.76562
vt 0.75000 0.76562
vt 1.00000 0.75000
vt 1.00000 0.76562
vt 0.87500 0.76562
vt 0.12500 0.76562
vt 0.12500 0.78125
vt 0.00000 0.78125
vt 0.25000 0.76562
vt 0.25000 0.78125
vt 0.12500 0.78125
vt 0.37500 0.76562
vt 0.37500 0.78125
vt 0.25000 0.78125
vt 0.50000 0.76562
vt 0.50000 0.78125
vt 0.37500 0.78125
vt 0.62500 0.76562
vt 0.62500 0.78125
vt 0.50000 0.78125
vt 0.75000 0.76562
vt 0.75000 0.78125
vt 0.62500 0.78125
vt 0.87500 0.76562
vt 0.87500 0.78125
vt 0.75000 0.78125
vt 1.00000 0.76562
vt 1.00000 0.78125
vt 0.87500 0.78125
vt 0.12500 0.78125
vt 0.12500 0.79688
vt 0.00000 0.79688
vt 0.25000 0.78125
vt 0.25000 0.79688
vt 0.12500 0.79688
vt 0.37500 0.78125
vt 0.37500 0.79688
vt 0.25000 0.79688
vt 0.50000 0.78125
vt 0.50000 0.79688
vt 0.37500 0.79688
vt 0.62500 0.78125
vt 0.62500 0.79688
vt 0.50000 0.79688
vt 0.75000 0.78125
vt 0.75000 0.79688
vt 0.62500 0.79688
vt 0.87500 0.78125
vt 0.87500 0.79688
vt 0.75000 0.79688
vt 1.00000 0.78125
vt 1.00000 0.79688
vt 0.87500 0.79688
vt 0.00000 0.79688
vt 0.12500 0.79688
vt 0.12500 0.81250
vt 0.12500 0.79688
vt 0.25000 0.79688
vt 0.25000 0.81250
vt 0.37500 0.79688
vt 0.37500 0.81250
vt 0.25000 0.81250
vt 0.37500 0.79688
vt 0.50000 0.79688
vt 0.50000 0.81250
vt 0.62500 0.79688
vt 0.62500 0.81250
vt 0.50000 0.81250
vt 0.75000 0.79688
vt 0.75000 0.81250
vt 0.62500 0.81250
vt 0.75000 0.79688
vt 0.87500 0.79688
vt 0.87500 0.81250
vt 0.87500 0.79688
vt 1.00000 0.79688
vt 1.00000 0.81250
vt 0.12500 0.81250
vt 0.12500 0.82812
vt 0.00000 0.82812
vt 0.25000 0.81250
vt 0.25000 0.82812
vt 0.12500 0.82812
vt 0.37500 0.81250
vt 0.37500 0.82812
vt 0.25000 0.82812
vt 0.50000 0.81250
vt 0.50000 0.82812
vt 0.37500 0.82812
vt 0.62500 0.81250
vt 0.62500 0.82812
vt 0.50000 0.82812
vt 0.75000 0.81250
vt 0.75000 0.82812
vt 0.62500 0.82812
vt 0.87500 0.81250
vt 0.87500 0.82812
vt 0.75000 0.82812
vt 1.00000 0.81250
vt 1.00000 0.82812
vt 0.87500 0.82812
vt 0.12500 0.82812
vt 0.12500 0.84375
vt 0.00000 0.84375
vt 0.25000 0.82812
vt 0.25000 0.84375
vt 0.12500 0.84375
vt 0.37500 0.82812
vt 0.37500 0.84375
vt 0.25000 0.84375
vt 0.50000 0.82812
vt 0.50000 0.84375
vt 0.37500 0.84375
vt 0.62500 0.82812
vt 0.62500 0.84375
vt 0.50000 0.84375
vt 0.75000 0.82812
vt 0.75000 0.84375
vt 0.62500 0.84375
vt 0.87500 0.82812
vt 0.87500 0.84375
vt 0.75000 0.84375
vt 1.00000 0.82812
vt 1.00000 0.84375
vt 0.87500 0.84375
vt 0.12500 0.84375
vt 0.12500 0.85938
vt 0.00000 0.85938
vt 0.25000 0.84375
vt 0.25000 0.85938
vt 0.12500 0.85938
vt 0.37500 0.84375
vt 0.37500 0.85938
vt 0.25000 0.85938
vt 0.50000 0.84375
vt 0.50000 0.85938
vt 0.37500 0.85938
vt 0.62500 0.84375
vt 0.62500 0.85938
vt 0.50000 0.85938
vt 0.75000 0.84375
vt 0.75000 0.85938
vt 0.62500 0.85938
vt 0.87500 0.84375
vt 0.87500 0.85938
vt 0.75000 0.85938
vt 1.00000 0.84375
vt 1.00000 0.85938
vt 0.87500 0.85938
vt 0.12500 0.85938
vt 0.12500 0.87500
vt 0.00000 0.87500
vt 0.25000 0.85938
vt 0.25000 0.87500
vt 0.12500 0.87500
vt 0.37500 0.85938
vt 0.37500 0.87500
vt 0.25000 0.87500
vt 0.50000 0.85938
vt 0.50000 0.87500
vt 0.37500 0.87500
vt 0.62500 0.85938
vt 0.62500 0.87500
vt 0.50000 0.87500
vt 0.75000 0.85938
vt 0.75000 0.87500
vt 0.62500 0.87500
vt 0.87500 0.85938
vt 0.87500 0.87500
vt 0.75000 0.87500
vt 1.00000 0.85938
vt 1.00000 0.87500
vt 0.87500 0.87500
vt 0.12500 0.87500
vt 0.12500 0.89062
vt 0.00000 0.89062
vt 0.25000 0.87500
vt 0.25000 0.89062
vt 0.12500 0.89062
vt 0.37500 0.87500
vt 0.37500 0.89062
vt 0.25000 0.89062
vt 0.50000 0.87500
vt 0.50000 0.89062
vt 0.37500 0.89062
vt 0.62500 0.87500
vt 0.62500 0.89062
vt 0.50000 0.89062
vt 0.75000 0.87500
vt 0.75000 0.89062
vt 0.62500 0.89062
vt 0.87500 0.87500
vt 0.87500 0.89062
vt 0.75000 0.89062
vt 1.00000 0.87500
vt 1.00000 0.89062
vt 0.87500 0.89062
vt 0.12500 0.89062
vt 0.12500 0.90625
vt 0.00000 0.90625
vt 0.25000 0.89062
vt 0.25000 0.90625
vt 0.12500 0.90625
vt 0.37500 0.89062
vt 0.37500 0.90625
vt 0.25000 0.90625
vt 0.50000 0.89062
vt 0.50000 0.90625
vt 0.37500 0.90625
vt 0.62500 0.89062
vt 0.62500 0.90625
vt 0.50000 0.90625
vt 0.75000 0.89062
vt 0.75000 0.90625
vt 0.62500 0.90625
vt 0.87500 0.89062
vt 0.87500 0.90625
vt 0.75000 0.90625
vt 1.00000 0.89062
vt 1.00000 0.90625
vt 0.87500 0.90625
vt 0.12500 0.90625
vt 0.12500 0.92188
vt 0.00000 0.92188
vt 0.25000 0.90625
vt 0.25000 0.92188
vt 0.12500 0.92188
vt 0.37500 0.90625
vt 0.37500 0.92188
vt 0.25000 0.92188
vt 0.50000 0.90625
vt 0.50000 0.92188
vt 0.37500 0.92188
vt 0.62500 0.90625
vt 0.62500 0.92188
vt 0.50000 0.92188
vt 0.75000 0.90625
vt 0.75000 0.92188
vt 0.62500 0.92188
vt 0.87500 0.90625
vt 0.87500 0.92188
vt 0.75000 0.92188
vt 1.00000 0.90625
vt 1.00000 0.92188
vt 0.87500 0.92188
vt 0.12500 0.92188
vt 0.12500 0.93750
vt 0.00000 0.93750
vt 0.25000 0.92188
vt 0.25000 0.93750
vt 0.12500 0.93750
vt 0.37500 0.92188
vt 0.37500 0.93750
vt 0.25000 0.93750
vt 0.50000 0.92188
vt 0.50000 0.93750
vt 0.37500 0.93750
vt 0.62500 0.92188
vt 0.62500 0.93750
vt 0.50000 0.93750
vt 0.75000 0.92188
vt 0.75000 0.93750
vt 0.62500 0.93750
vt 0.87500 0.92188
vt 0.87500 0.93750
vt 0.75000 0.93750
vt 1.00000 0.92188
vt 1.00000 0.93750
vt 0.87500 0.93750
vt 0.12500 0.93750
vt 0.12500 0.95312
vt 0.00000 0.95312
vt 0.25000 0.93750
vt 0.25000 0.95312
vt 0.12500 0.95312
vt 0.37500 0.93750
vt 0.37500 0.95312
vt 0.25000 0.95312
vt 0.50000 0.93750
vt 0.50000 0.95312
vt 0.37500 0.95312
vt 0.62500 0.93750
vt 0.62500 0.95312
vt 0.50000 0.95312
vt 0.75000 0.93750
vt 0.75000 0.95312
vt 0.62500 0.95312
vt 0.87500 0.93750
vt 0.87500 0.95312
vt 0.75000 0.95312
vt 1.00000 0.93750
vt 1.00000 0.95312
vt 0.87500 0.95312
vt 0.12500 0.95312
vt 0.12500 0.96875
vt 0.00000 0.96875
vt 0.25000 0.95312
vt 0.25000 0.96875
vt 0.12500 0.96875
vt 0.37500 0.95312
vt 0.37500 0.96875
vt 0.25000 0.96875
vt 0.50000 0.95312
vt 0.50000 0.96875
vt 0.37500 0.96875
vt 0.62500 0.95312
vt 0.62500 0.96875
vt 0.50000 0.96875
vt 0.75000 0.95312
vt 0.75000 0.96875
vt 0.62500 0.96875
vt 0.87500 0.95312
vt 0.87500 0.96875
vt 0.75000 0.96875
vt 1.00000 0.95312
vt 1.00000 0.96875
vt 0.87500 0.96875
vt 0.12500 0.96875
vt 0.12500 0.98438
vt 0.00000 0.98438
vt 0.25000 0.96875
vt 0.25000 0.98438
vt 0.12500 0.98438
vt 0.37500 0.96875
vt 0.37500 0.98438
vt 0.25000 0.98438
vt 0.50000 0.96875
vt 0.50000 0.98438
vt 0.37500 0.98438
vt 0.62500 0.96875
vt 0.62500 0.98438
vt 0.50000 0.98438
vt 0.75000 0.96875
vt 0.75000 0.98438
vt 0.62500 0.98438
vt 0.87500 0.96875
vt 0.87500 0.98438
vt 0.75000 0.98438
vt 1.00000 0.96875
vt 1.00000 0.98438
vt 0.87500 0.98438
vt 0.12500 0.98438
vt 0.12500 1.00000
vt 0.00000 1.00000
vt 0.25000 0.98438
vt 0.25000 1.00000
vt 0.12500 1.00000
vt 0.37500 0.98438
vt 0.37500 1.00000
vt 0.25000 1.00000
vt 0.50000 0.98438
vt 0.50000 1.00000
vt 0.37500 1.00000
vt 0.62500 0.98438
vt 0.62500 1.00000
vt 0.50000 1.00000
vt 0.75000 0.98438
vt 0.75000 1.00000
vt 0.62500 1.00000
vt 0.87500 0.98438
vt 0.87500 1.00000
vt 0.75000 1.00000
vt 1.00000 0.98438
vt 1.00000 1.00000
vt 0.87500 1.00000
s 1
f 2/1 9/2 1/3
s 1
f 3/4 10/5 2/6
s 1
f 4/7 11/8 3/9
s 1
f 5/10 12/11 4/12
s 1
f 6/13 13/14 5/15
s 1
f 7/16 14/17 6/18
s 1
f 8/19 15/20 7/21
s 1
f 1/22 16/23 8/24
s 1
f 10/25 17/26 9/27
s 1
f 11/28 18/29 10/30
s 1
f 12/31 19/32 11/33
s 1
f 13/34 20/35 12/36
s 1
f 14/37 21/38 13/39
s 1
f 15/40 22/41 14/42
s 1
f 16/43 23/44 15/45
s 1
f 9/46 24/47 16/48
s 1
f 18/49 25/50 17/51
s 1
f 19/52 26/53 18/54
s 1
f 20/55 27/56 19/57
s 1
f 21/58 28/59 20/60
s 1
f 22/61 29/62 21/63
s 1
f 23/64 30/65 22/66
s 1
f 24/67 31/68 23/69
s 1
f 17/70 32/71 24/72
s 1
f 26/73 33/74 25/75
s 1
f 27/76 34/77 26/78
s 1
f 28/79 35/80 27/81
s 1
f 29/82 36/83 28/84
s 1
f 30/85 37/86 29/87
s 1
f 31/88 38/89 30/90
s 1
f 32/91 39/92 31/93
s 1
f 25/94 40/95 32/96
s 1
f 34/97 41/98 33/99
s 1
f 35/100 42/101 34/102
s 1
f 36/103 43/104 35/105
s 1
f 37/106 44/107 36/108
s 1
f 38/109 45/110 37/111
s 1
f 39/112 46/113 38/114
s 1
f 40/115 47/116 39/117
s 1
f 33/118 48/119 40/120
s 1
f 42/121 49/122 41/123
s 1
f 43/124 50/125 42/126
s 1
f 44/127 51/128 43/129
s 1
f 45/130 52/131 44/132
s 1
f 46/133 53/134 45/135
s 1
f 47/136 54/137 46/138
s 1
f 48/139 55/140 47/141
s 1
f 41/142 56/143 48/144
s 1
f 50/145 57/146 49/147
s 1
f 51/148 58/149 50/150
s 1
f 51/151 60/152 59/153
s 1
f 53/154 60/155 52/156
s 1
f 53/157 62/158 61/159
s 1
f 55/160 62/161 54/162
s 1
f 56/163 63/164 55/165
s 1
f 49/166 64/167 56/168
s 1
f 58/169 65/170 57/171
s 1
f 59/172 66/173 58/174
s 1
f 59/175 68/176 67/177
s 1
f 60/178 69/179 68/180
s 1
f 61/181 70/182 69/183
s 1
f 63/184 70/185 62/186
s 1
f 64/187 71/188 63/189
s 1
f 57/190 72/191 64/192
s 1
f 65/193 74/194 73/195
s 1
f 66/196 75/197 74/198
s 1
f 67/199 76/200 75/201
s 1
f 68/202 77/203 76/204
s 1
f 69/205 78/206 77/207
s 1
f 70/208 79/209 78/210
s 1
f 72/211 79/212 71/213
s 1
f 72/214 73/215 80/216
s 1
f 73/217 82/218 81/219
s 1
f 74/220 83/221 82/222
s 1
f 75/223 84/224 83/225
s 1
f 76/226 85/227 84/228
s 1
f 77/229 86/230 85/231
s 1
f 78/232 87/233 86/234
s 1
f 79/235 88/236 87/237
s 1
f 80/238 81/239 88/240
s 1
f 81/241 90/242 89/243
s 1
f 82/244 91/245 90/246
s 1
f 83/247 92/248 91/249
s 1
f 84/250 93/251 92/252
s 1
f 85/253 94/254 93/255
s 1
f 86/256 95/257 94/258
s 1
f 87/259 96/260 95/261
s 1
f 88/262 89/263 96/264
s 1
f 89/265 98/266 97/267
s 1
f 90/268 99/269 98/270
s 1
f 91/271 100/272 99/273
s 1
f 92/274 101/275 100/276
s 1
f 93/277 102/278 101/279
s 1
f 94/280 103/281 102/282
s 1
f 95/283 104/284 103/285
s 1
f 96/286 97/287 104/288
s 1
f 97/289 106/290 105/291
s 1
f 98/292 107/293 106/294
s 1
f 99/295 108/296 107/297
s 1
f 100/298 109/299 108/300
s 1
f 101/301 110/302 109/303
s 1
f 102/304 111/305 110/306
s 1
f 103/307 112/308 111/309
s 1
f 104/310 105/311 112/312
s 1
f 105/313 114/314 113/315
s 1
f 106/316 115/317 114/318
s 1
f 107/319 116/320 115/321
s 1
f 108/322 117/323 116/324
s 1
f 109/325 118/326 117/327
s 1
f 110/328 119/329 118/330
s 1
f 111/331 120/332 119/333
s 1
f 112/334 113/335 120/336
s 1
f 113/337 122/338 121/339
s 1
f 114/340 123/341 122/342
s 1
f 115/343 124/344 123/345
s 1
f 116/346 125/347 124/348
s 1
f 117/349 126/350 125/351
s 1
f 118/352 127/353 126/354
s 1
f 119/355 128/356 127/357
s 1
f 120/358 121/359 128/360
s 1
f 121/361 130/362 129/363
s 1
f 122/364 131/365 130/366
s 1
f 123/367 132/368 131/369
s 1
f 124/370 133/371 132/372
s 1
f 125/373 134/374 133/375
s 1
f 126/376 135/377 134/378
s 1
f 127/379 136/380 135/381
s 1
f 128/382 129/383 136/384
s 1
f 129/385 138/386 137/387
s 1
f 130/388 139/389 138/390
s 1
f 131/391 140/392 139/393
s 1
f 132/394 141/395 140/396
s 1
f 133/397 142/398 141/399
s 1
f 134/400 143/401 142/402
s 1
f 135/403 144/404 143/405
s 1
f 136/406 137/407 144/408
s 1
f 138/409 145/410 137/411
s 1
f 139/412 146/413 138/414
s 1
f 140/415 147/416 139/417
s 1
f 141/418 148/419 140/420
s 1
f 142/421 149/422 141/423
s 1
f 143/424 150/425 142/426
s 1
f 144/427 151/428 143/429
s 1
f 137/430 152/431 144/432
s 1
f 145/433 154/434 153/435
s 1
f 146/436 155/437 154/438
s 1
f 147/439 156/440 155/441
s 1
f 148/442 157/443 156/444
s 1
f 149/445 158/446 157/447
s 1
f 150/448 159/449 158/450
s 1
f 151/451 160/452 159/453
s 1
f 152/454 153/455 160/456
s 1
f 153/457 162/458 161/459
s 1
f 154/460 163/461 162/462
s 1
f 155/463 164/464 163/465
s 1
f 156/466 165/467 164/468
s 1
f 157/469 166/470 165/471
s 1
f 158/472 167/473 166/474
s 1
f 159/475 168/476 167/477
s 1
f 160/478 161/479 168/480
s 1
f 161/481 170/482 169/483
s 1
f 162/484 171/485 170/486
s 1
f 163/487 172/488 171/489
s 1
f 164/490 173/491 172/492
s 1
f 165/493 174/494 173/495
s 1
f 166/496 175/497 174/498
s 1
f 167/499 176/500 175/501
s 1
f 168/502 169/503 176/504
s 1
f 169/505 178/506 177/507
s 1
f 170/508 179/509 178/510
s 1
f 171/511 180/512 179/513
s 1
f 172/514 181/515 180/516
s 1
f 173/517 182/518 181/519
s 1
f 174/520 183/521 182/522
s 1
f 175/523 184/524 183/525
s 1
f 176/526 177/527 184/528
s 1
f 177/529 186/530 185/531
s 1
f 178/532 187/533 186/534
s 1
f 179/535 188/536 187/537
s 1
f 180/538 189/539 188/540
s 1
f 181/541 190/542 189/543
s 1
f 182/544 191/545 190/546
s 1
f 183/547 192/548 191/549
s 1
f 184/550 185/551 192/552
s 1
f 185/553 194/554 193/555
s 1
f 186/556 195/557 194/558
s 1
f 187/559 196/560 195/561
s 1
f 188/562 197/563 196/564
s 1
f 189/565 198/566 197/567
s 1
f 190/568 199/569 198/570
s 1
f 191/571 200/572 199/573
s 1
f 192/574 193/575 200/576
s 1
f 193/577 202/578 201/579
s 1
f 194/580 203/581 202/582
s 1
f 195/583 204/584 203/585
s 1
f 196/586 205/587 204/588
s 1
f 197/589 206/590 205/591
s 1
f 198/592 207/593 206/594
s 1
f 199/595 208/596 207/597
s 1
f 200/598 201/599 208/600
s 1
f 201/601 210/602 209/603
s 1
f 202/604 211/605 210/606
s 1
f 203/607 212/608 211/609
s 1
f 204/610 213/611 212/612
s 1
f 205/613 214/614 213/615
s 1
f 206/616 215/617 214/618
s 1
f 207/619 216/620 215/621
s 1
f 208/622 209/623 216/624
s 1
f 209/625 218/626 217/627
s 1
f 210/628 219/629 218/630
s 1
f 211/631 220/632 219/633
s 1
f 212/634 221/635 220/636
s 1
f 213/637 222/638 221/639
s 1
f 214/640 223/641 222/642
s 1
f 215/643 224/644 223/645
s 1
f 216/646 217/647 224/648
s 1
f 217/649 226/650 225/651
s 1
f 218/652 227/653 226/654
s 1
f 219/655 228/656 227/657
s 1
f 220/658 229/659 228/660
s 1
f 221/661 230/662 229/663
s 1
f 222/664 231/665 230/666
s 1
f 223/667 232/668 231/669
s 1
f 224/670 225/671 232/672
s 1
f 225/673 234/674 233/675
s 1
f 226/676 235/677 234/678
s 1
f 227/679 236/680 235/681
s 1
f 228/682 237/683 236/684
s 1
f 229/685 238/686 237/687
s 1
f 230/688 239/689 238/690
s 1
f 231/691 240/692 239/693
s 1
f 232/694 233/695 240/696
s 1
f 233/697 242/698 241/699
s 1
f 234/700 243/701 242/702
s 1
f 235/703 244/704 243/705
s 1
f 236/706 245/707 244/708
s 1
f 237/709 246/710 245/711
s 1
f 238/712 247/713 246/714
s 1
f 239/715 248/716 247/717
s 1
f 240/718 241/719 248/720
s 1
f 241/721 250/722 249/723
s 1
f 242/724 251/725 250/726
s 1
f 243/727 252/728 251/729
s 1
f 244/730 253/731 252/732
s 1
f 245/733 254/734 253/735
s 1
f 246/736 255/737 254/738
s 1
f 247/739 256/740 255/741
s 1
f 248/742 249/743 256/744
s 1
f 249/745 258/746 257/747
s 1
f 250/748 259/749 258/750
s 1
f 251/751 260/752 259/753
s 1
f 252/754 261/755 260/756
s 1
f 253/757 262/758 261/759
s 1
f 254/760 263/761 262/762
s 1
f 255/763 264/764 263/765
s 1
f 256/766 257/767 264/768
s 1
f 257/769 266/770 265/771
s 1
f 258/772 267/773 266/774
s 1
f 259/775 268/776 267/777
s 1
f 260/778 269/779 268/780
s 1
f 261/781 270/782 269/783
s 1
f 262/784 271/785 270/786
s 1
f 263/787 272/788 271/789
s 1
f 264/790 265/791 272/792
s 1
f 265/793 274/794 273/795
s 1
f 266/796 275/797 274/798
s 1
f 267/799 276/800 275/801
s 1
f 268/802 277/803 276/804
s 1
f 269/805 278/806 277/807
s 1
f 270/808 279/809 278/810
s 1
f 271/811 280/812 279/813
s 1
f 272/814 273/815 280/816
s 1
f 273/817 282/818 281/819
s 1
f 274/820 283/821 282/822
s 1
f 275/823 284/824 283/825
s 1
f 276/826 285/827 284/828
s 1
f 277/829 286/830 285/831
s 1
f 278/832 287/833 286/834
s 1
f 279/835 288/836 287/837
s 1
f 280/838 281/839 288/840
s 1
f 281/841 290/842 289/843
s 1
f 282/844 291/845 290/846
s 1
f 283/847 292/848 291/849
s 1
f 284/850 293/851 292/852
s 1
f 285/853 294/854 293/855
s 1
f 286/856 295/857 294/858
s 1
f 287/859 296/860 295/861
s 1
f 288/862 289/863 296/864
s 1
f 289/865 298/866 297/867
s 1
f 290/868 299/869 298/870
s 1
f 291/871 300/872 299/873
s 1
f 292/874 301/875 300/876
s 1
f 293/877 302/878 301/879
s 1
f 294/880 303/881 302/882
s 1
f 295/883 304/884 303/885
s 1
f 296/886 297/887 304/888
s 1
f 297/889 306/890 305/891
s 1
f 298/892 307/893 306/894
s 1
f 299/895 308/896 307/897
s 1
f 300/898 309/899 308/900
s 1
f 301/901 310/902 309/903
s 1
f 302/904 311/905 310/906
s 1
f 303/907 312/908 311/909
s 1
f 304/910 305/911 312/912
s 1
f 305/913 314/914 313/915
s 1
f 306/916 315/917 314/918
s 1
f 307/919 316/920 315/921
s 1
f 308/922 317/923 316/924
s 1
f 309/925 318/926 317/927
s 1
f 310/928 319/929 318/930
s 1
f 311/931 320/932 319/933
s 1
f 312/934 313/935 320/936
s 1
f 314/937 321/938 313/939
s 1
f 315/940 322/941 314/942
s 1
f 316/943 323/944 315/945
s 1
f 317/946 324/947 316/948
s 1
f 318/949 325/950 317/951
s 1
f 319/952 326/953 318/954
s 1
f 320/955 327/956 319/957
s 1
f 313/958 328/959 320/960
s 1
f 322/961 329/962 321/963
s 1
f 323/964 330/965 322/966
s 1
f 324/967 331/968 323/969
s 1
f 325/970 332/971 324/972
s 1
f 326/973 333/974 325/975
s 1
f 327/976 334/977 326/978
s 1
f 328/979 335/980 327/981
s 1
f 321/982 336/983 328/984
s 1
f 330/985 337/986 329/987
s 1
f 331/988 338/989 330/990
s 1
f 332/991 339/992 331/993
s 1
f 333/994 340/995 332/996
s 1
f 334/997 341/998 333/999
s 1
f 335/1000 342/1001 334/1002
s 1
f 336/1003 343/1004 335/1005
s 1
f 329/1006 344/1007 336/1008
s 1
f 338/1009 345/1010 337/1011
s 1
f 339/1012 346/1013 338/1014
s 1
f 340/1015 347/1016 339/1017
s 1
f 341/1018 348/1019 340/1020
s 1
f 342/1021 349/1022 341/1023
s 1
f 343/1024 350/1025 342/1026
s 1
f 344/1027 351/1028 343/1029
s 1
f 337/1030 352/1031 344/1032
s 1
f 346/1033 353/1034 345/1035
s 1
f 347/1036 354/1037 346/1038
s 1
f 348/1039 355/1040 347/1041
s 1
f 349/1042 356/1043 348/1044
s 1
f 350/1045 357/1046 349/1047
s 1
f 351/1048 358/1049 350/1050
s 1
f 352/1051 359/1052 351/1053
s 1
f 345/1054 360/1055 352/1056
s 1
f 353/1057 362/1058 361/1059
s 1
f 354/1060 363/1061 362/1062
s 1
f 355/1063 364/1064 363/1065
s 1
f 356/1066 365/1067 364/1068
s 1
f 357/1069 366/1070 365/1071
s 1
f 358/1072 367/1073 366/1074
s 1
f 359/1075 368/1076 367/1077
s 1
f 360/1078 361/1079 368/1080
s 1
f 361/1081 370/1082 369/1083
s 1
f 362/1084 371/1085 370/1086
s 1
f 363/1087 372/1088 371/1089
s 1
f 364/1090 373/1091 372/1092
s 1
f 365/1093 374/1094 373/1095
s 1
f 366/1096 375/1097 374/1098
s 1
f 367/1099 376/1100 375/1101
s 1
f 368/1102 369/1103 376/1104
s 1
f 370/1105 377/1106 369/1107
s 1
f 370/1108 379/1109 378/1110
s 1
f 371/1111 380/1112 379/1113
s 1
f 372/1114 381/1115 380/1116
s 1
f 373/1117 382/1118 381/1119
s 1
f 374/1120 383/1121 382/1122
s 1
f 375/1123 384/1124 383/1125
s 1
f 369/1126 384/1127 376/1128
s 1
f 378/1129 385/1130 377/1131
s 1
f 379/1132 386/1133 378/1134
s 1
f 380/1135 387/1136 379/1137
s 1
f 381/1138 388/1139 380/1140
s 1
f 382/1141 389/1142 381/1143
s 1
f 383/1144 390/1145 382/1146
s 1
f 384/1147 391/1148 383/1149
s 1
f 377/1150 392/1151 384/1152
s 1
f 386/1153 393/1154 385/1155
s 1
f 387/1156 394/1157 386/1158
s 1
f 388/1159 395/1160 387/1161
s 1
f 389/1162 396/1163 388/1164
s 1
f 390/1165 397/1166 389/1167
s 1
f 391/1168 398/1169 390/1170
s 1
f 392/1171 399/1172 391/1173
s 1
f 385/1174 400/1175 392/1176
s 1
f 394/1177 401/1178 393/1179
s 1
f 395/1180 402/1181 394/1182
s 1
f 396/1183 403/1184 395/1185
s 1
f 397/1186 404/1187 396/1188
s 1
f 398/1189 405/1190 397/1191
s 1
f 399/1192 406/1193 398/1194
s 1
f 400/1195 407/1196 399/1197
s 1
f 393/1198 408/1199 400/1200
s 1
f 402/1201 409/1202 401/1203
s 1
f 403/1204 410/1205 402/1206
s 1
f 404/1207 411/1208 403/1209
s 1
f 405/1210 412/1211 404/1212
s 1
f 406/1213 413/1214 405/1215
s 1
f 407/1216 414/1217 406/1218
s 1
f 408/1219 415/1220 407/1221
s 1
f 401/1222 416/1223 408/1224
s 1
f 410/1225 417/1226 409/1227
s 1
f 411/1228 418/1229 410/1230
s 1
f 412/1231 419/1232 411/1233
s 1
f 413/1234 420/1235 412/1236
s 1
f 414/1237 421/1238 413/1239
s 1
f 415/1240 422/1241 414/1242
s 1
f 416/1243 423/1244 415/1245
s 1
f 409/1246 424/1247 416/1248
s 1
f 418/1249 425/1250 417/1251
s 1
f 419/1252 426/1253 418/1254
s 1
f 420/1255 427/1256 419/1257
s 1
f 421/1258 428/1259 420/1260
s 1
f 422/1261 429/1262 421/1263
s 1
f 423/1264 430/1265 422/1266
s 1
f 424/1267 431/1268 423/1269
s 1
f 417/1270 432/1271 424/1272
s 1
f 425/1273 434/1274 433/1275
s 1
f 426/1276 435/1277 434/1278
s 1
f 427/1279 436/1280 435/1281
s 1
f 428/1282 437/1283 436/1284
s 1
f 429/1285 438/1286 437/1287
s 1
f 430/1288 439/1289 438/1290
s 1
f 431/1291 440/1292 439/1293
s 1
f 432/1294 433/1295 440/1296
s 1
f 433/1297 442/1298 441/1299
s 1
f 434/1300 443/1301 442/1302
s 1
f 435/1303 444/1304 443/1305
s 1
f 436/1306 445/1307 444/1308
s 1
f 437/1309 446/1310 445/1311
s 1
f 438/1312 447/1313 446/1314
s 1
f 439/1315 448/1316 447/1317
s 1
f 440/1318 441/1319 448/1320
s 1
f 441/1321 450/1322 449/1323
s 1
f 442/1324 451/1325 450/1326
s 1
f 443/1327 452/1328 451/1329
s 1
f 444/1330 453/1331 452/1332
s 1
f 446/1333 453/1334 445/1335
s 1
f 447/1336 454/1337 446/1338
s 1
f 448/1339 455/1340 447/1341
s 1
f 441/1342 456/1343 448/1344
s 1
f 450/1345 457/1346 449/1347
s 1
f 451/1348 458/1349 450/1350
s 1
f 452/1351 459/1352 451/1353
s 1
f 453/1354 460/1355 452/1356
s 1
f 454/1357 461/1358 453/1359
s 1
f 455/1360 462/1361 454/1362
s 1
f 456/1363 463/1364 455/1365
s 1
f 449/1366 464/1367 456/1368
s 1
f 458/1369 465/1370 457/1371
s 1
f 459/1372 466/1373 458/1374
s 1
f 460/1375 467/1376 459/1377
s 1
f 461/1378 468/1379 460/1380
s 1
f 462/1381 469/1382 461/1383
s 1
f 463/1384 470/1385 462/1386
s 1
f 464/1387 471/1388 463/1389
s 1
f 457/1390 472/1391 464/1392
s 1
f 466/1393 473/1394 465/1395
s 1
f 467/1396 474/1397 466/1398
s 1
f 468/1399 475/1400 467/1401
s 1
f 469/1402 476/1403 468/1404
s 1
f 470/1405 477/1406 469/1407
s 1
f 471/1408 478/1409 470/1410
s 1
f 472/1411 479/1412 471/1413
s 1
f 465/1414 480/1415 472/1416
s 1
f 474/1417 481/1418 473/1419
s 1
f 475/1420 482/1421 474/1422
s 1
f 476/1423 483/1424 475/1425
s 1
f 477/1426 484/1427 476/1428
s 1
f 478/1429 485/1430 477/1431
s 1
f 479/1432 486/1433 478/1434
s 1
f 480/1435 487/1436 479/1437
s 1
f 473/1438 488/1439 480/1440
s 1
f 482/1441 489/1442 481/1443
s 1
f 483/1444 490/1445 482/1446
s 1
f 484/1447 491/1448 483/1449
s 1
f 485/1450 492/1451 484/1452
s 1
f 486/1453 493/1454 485/1455
s 1
f 487/1456 494/1457 486/1458
s 1
f 488/1459 495/1460 487/1461
s 1
f 481/1462 496/1463 488/1464
s 1
f 490/1465 497/1466 489/1467
s 1
f 491/1468 498/1469 490/1470
s 1
f 492/1471 499/1472 491/1473
s 1
f 493/1474 500/1475 492/1476
s 1
f 494/1477 501/1478 493/1479
s 1
f 495/1480 502/1481 494/1482
s 1
f 496/1483 503/1484 495/1485
s 1
f 489/1486 504/1487 496/1488
s 1
f 498/1489 505/1490 497/1491
s 1
f 499/1492 506/1493 498/1494
s 1
f 500/1495 507/1496 499/1497
s 1
f 501/1498 508/1499 500/1500
s 1
f 502/1501 509/1502 501/1503
s 1
f 503/1504 510/1505 502/1506
s 1
f 504/1507 511/1508 503/1509
s 1
f 497/1510 512/1511 504/1512
s 1
f 506/1513 513/1514 505/1515
s 1
f 507/1516 514/1517 506/1518
s 1
f 508/1519 515/1520 507/1521
s 1
f 509/1522 516/1523 508/1524
s 1
f 510/1525 517/1526 509/1527
s 1
f 511/1528 518/1529 510/1530
s 1
f 512/1531 519/1532 511/1533
s 1
f 505/1534 520/1535 512/1536
s 1
f 2/1537 1/1538 521/1539
s 1
f 3/1540 2/1541 521/1542
s 1
f 4/1543 3/1544 521/1545
s 1
f 5/1546 4/1547 521/1548
s 1
f 6/1549 5/1550 521/1551
s 1
f 7/1552 6/1553 521/1554
s 1
f 8/1555 7/1556 521/1557
s 1
f 1/1558 8/1559 521/1560
s 1
f 522/1561 513/1562 514/1563
s 1
f 522/1564 514/1565 515/1566
s 1
f 522/1567 515/1568 516/1569
s 1
f 522/1570 516/1571 517/1572
s 1
f 522/1573 517/1574 518/1575
s 1
f 522/1576 518/1577 519/1578
s 1
f 522/1579 519/1580 520/1581
s 1
f 522/1582 520/1583 513/1584
s 1
f 524/1585 531/1586 523/1587
s 1
f 525/1588 532/1589 524/1590
s 1
f 526/1591 533/1592 525/1593
s 1
f 527/1594 534/1595 526/1596
s 1
f 528/1597 535/1598 527/1599
s 1
f 529/1600 536/1601 528/1602
s 1
f 530/1603 537/1604 529/1605
s 1
f 523/1606 538/1607 530/1608
s 1
f 532/1609 539/1610 531/1611
s 1
f 533/1612 540/1613 532/1614
s 1
f 534/1615 541/1616 533/1617
s 1
f 535/1618 542/1619 534/1620
s 1
f 536/1621 543/1622 535/1623
s 1
f 537/1624 544/1625 536/1626
s 1
f 538/1627 545/1628 537/1629
s 1
f 531/1630 546/1631 538/1632
s 1
f 540/1633 547/1634 539/1635
s 1
f 541/1636 548/1637 540/1638
s 1
f 542/1639 549/1640 541/1641
s 1
f 543/1642 550/1643 542/1644
s 1
f 544/1645 551/1646 543/1647
s 1
f 545/1648 552/1649 544/1650
s 1
f 546/1651 553/1652 545/1653
s 1
f 539/1654 554/1655 546/1656
s 1
f 548/1657 555/1658 547/1659
s 1
f 549/1660 556/1661 548/1662
s 1
f 550/1663 557/1664 549/1665
s 1
f 551/1666 558/1667 550/1668
s 1
f 552/1669 559/1670 551/1671
s 1
f 553/1672 560/1673 552/1674
s 1
f 554/1675 561/1676 553/1677
s 1
f 547/1678 562/1679 554/1680
s 1
f 556/1681 563/1682 555/1683
s 1
f 557/1684 564/1685 556/1686
s 1
f 558/1687 565/1688 557/1689
s 1
f 559/1690 566/1691 558/1692
s 1
f 560/1693 567/1694 559/1695
s 1
f 561/1696 568/1697 560/1698
s 1
f 562/1699 569/1700 561/1701
s 1
f 555/1702 570/1703 562/1704
s 1
f 564/1705 571/1706 563/1707
s 1
f 565/1708 572/1709 564/1710
s 1
f 566/1711 573/1712 565/1713
s 1
f 567/1714 574/1715 566/1716
s 1
f 568/1717 575/1718 567/1719
s 1
f 569/1720 576/1721 568/1722
s 1
f 570/1723 577/1724 569/1725
s 1
f 563/1726 578/1727 570/1728
s 1
f 572/1729 579/1730 571/1731
s 1
f 573/1732 580/1733 572/1734
s 1
f 574/1735 581/1736 573/1737
s 1
f 575/1738 582/1739 574/1740
s 1
f 576/1741 583/1742 575/1743
s 1
f 577/1744 584/1745 576/1746
s 1
f 578/1747 585/1748 577/1749
s 1
f 571/1750 586/1751 578/1752
s 1
f 579/1753 588/1754 587/1755
s 1
f 580/1756 589/1757 588/1758
s 1
f 581/1759 590/1760 589/1761
s 1
f 583/1762 590/1763 582/1764
s 1
f 584/1765 591/1766 583/1767
s 1
f 585/1768 592/1769 584/1770
s 1
f 586/1771 593/1772 585/1773
s 1
f 586/1774 587/1775 594/1776
s 1
f 587/1777 596/1778 595/1779
s 1
f 588/1780 597/1781 596/1782
s 1
f 589/1783 598/1784 597/1785
s 1
f 590/1786 599/1787 598/1788
s 1
f 591/1789 600/1790 599/1791
s 1
f 592/1792 601/1793 600/1794
s 1
f 593/1795 602/1796 601/1797
s 1
f 594/1798 595/1799 602/1800
s 1
f 595/1801 604/1802 603/1803
s 1
f 596/1804 605/1805 604/1806
s 1
f 597/1807 606/1808 605/1809
s 1
f 598/1810 607/1811 606/1812
s 1
f 599/1813 608/1814 607/1815
s 1
f 600/1816 609/1817 608/1818
s 1
f 601/1819 610/1820 609/1821
s 1
f 602/1822 603/1823 610/1824
s 1
f 603/1825 612/1826 611/1827
s 1
f 604/1828 613/1829 612/1830
s 1
f 605/1831 614/1832 613/1833
s 1
f 606/1834 615/1835 614/1836
s 1
f 607/1837 616/1838 615/1839
s 1
f 608/1840 617/1841 616/1842
s 1
f 609/1843 618/1844 617/1845
s 1
f 610/1846 611/1847 618/1848
s 1
f 611/1849 620/1850 619/1851
s 1
f 612/1852 621/1853 620/1854
s 1
f 613/1855 622/1856 621/1857
s 1
f 614/1858 623/1859 622/1860
s 1
f 615/1861 624/1862 623/1863
s 1
f 616/1864 625/1865 624/1866
s 1
f 617/1867 626/1868 625/1869
s 1
f 618/1870 619/1871 626/1872
s 1
f 619/1873 628/1874 627/1875
s 1
f 620/1876 629/1877 628/1878
s 1
f 621/1879 630/1880 629/1881
s 1
f 622/1882 631/1883 630/1884
s 1
f 623/1885 632/1886 631/1887
s 1
f 624/1888 633/1889 632/1890
s 1
f 625/1891 634/1892 633/1893
s 1
f 626/1894 627/1895 634/1896
s 1
f 628/1897 635/1898 627/1899
s 1
f 629/1900 636/1901 628/1902
s 1
f 629/1903 638/1904 637/1905
s 1
f 630/1906 639/1907 638/1908
s 1
f 631/1909 640/1910 639/1911
s 1
f 632/1912 641/1913 640/1914
s 1
f 633/1915 642/1916 641/1917
s 1
f 634/1918 635/1919 642/1920
s 1
f 636/1921 643/1922 635/1923
s 1
f 637/1924 644/1925 636/1926
s 1
f 638/1927 645/1928 637/1929
s 1
f 639/1930 646/1931 638/1932
s 1
f 640/1933 647/1934 639/1935
s 1
f 641/1936 648/1937 640/1938
s 1
f 642/1939 649/1940 641/1941
s 1
f 635/1942 650/1943 642/1944
s 1
f 644/1945 651/1946 643/1947
s 1
f 645/1948 652/1949 644/1950
s 1
f 646/1951 653/1952 645/1953
s 1
f 647/1954 654/1955 646/1956
s 1
f 648/1957 655/1958 647/1959
s 1
f 649/1960 656/1961 648/1962
s 1
f 650/1963 657/1964 649/1965
s 1
f 643/1966 658/1967 650/1968
s 1
f 651/1969 660/1970 659/1971
s 1
f 652/1972 661/1973 660/1974
s 1
f 653/1975 662/1976 661/1977
s 1
f 654/1978 663/1979 662/1980
s 1
f 655/1981 664/1982 663/1983
s 1
f 656/1984 665/1985 664/1986
s 1
f 657/1987 666/1988 665/1989
s 1
f 658/1990 659/1991 666/1992
s 1
f 659/1993 668/1994 667/1995
s 1
f 660/1996 669/1997 668/1998
s 1
f 661/1999 670/2000 669/2001
s 1
f 662/2002 671/2003 670/2004
s 1
f 663/2005 672/2006 671/2007
s 1
f 664/2008 673/2009 672/2010
s 1
f 665/2011 674/2012 673/2013
s 1
f 666/2014 667/2015 674/2016
s 1
f 667/2017 676/2018 675/2019
s 1
f 668/2020 677/2021 676/2022
s 1
f 669/2023 678/2024 677/2025
s 1
f 670/2026 679/2027 678/2028
s 1
f 671/2029 680/2030 679/2031
s 1
f 672/2032 681/2033 680/2034
s 1
f 673/2035 682/2036 681/2037
s 1
f 674/2038 675/2039 682/2040
s 1
f 675/2041 684/2042 683/2043
s 1
f 676/2044 685/2045 684/2046
s 1
f 677/2047 686/2048 685/2049
s 1
f 678/2050 687/2051 686/2052
s 1
f 679/2053 688/2054 687/2055
s 1
f 680/2056 689/2057 688/2058
s 1
f 681/2059 690/2060 689/2061
s 1
f 682/2062 683/2063 690/2064
s 1
f 683/2065 692/2066 691/2067
s 1
f 684/2068 693/2069 692/2070
s 1
f 685/2071 694/2072 693/2073
s 1
f 686/2074 695/2075 694/2076
s 1
f 687/2077 696/2078 695/2079
s 1
f 688/2080 697/2081 696/2082
s 1
f 689/2083 698/2084 697/2085
s 1
f 690/2086 691/2087 698/2088
s 1
f 691/2089 700/2090 699/2091
s 1
f 692/2092 701/2093 700/2094
s 1
f 693/2095 702/2096 701/2097
s 1
f 694/2098 703/2099 702/2100
s 1
f 695/2101 704/2102 703/2103
s 1
f 696/2104 705/2105 704/2106
s 1
f 697/2107 706/2108 705/2109
s 1
f 698/2110 699/2111 706/2112
s 1
f 700/2113 707/2114 699/2115
s 1
f 701/2116 708/2117 700/2118
s 1
f 702/2119 709/2120 701/2121
s 1
f 703/2122 710/2123 702/2124
s 1
f 704/2125 711/2126 703/2127
s 1
f 705/2128 712/2129 704/2130
s 1
f 706/2131 713/2132 705/2133
s 1
f 699/2134 714/2135 706/2136
s 1
f 708/2137 715/2138 707/2139
s 1
f 709/2140 716/2141 708/2142
s 1
f 710/2143 717/2144 709/2145
s 1
f 711/2146 718/2147 710/2148
s 1
f 712/2149 719/2150 711/2151
s 1
f 713/2152 720/2153 712/2154
s 1
f 714/2155 721/2156 713/2157
s 1
f 707/2158 722/2159 714/2160
s 1
f 715/2161 724/2162 723/2163
s 1
f 716/2164 725/2165 724/2166
s 1
f 717/2167 726/2168 725/2169
s 1
f 718/2170 727/2171 726/2172
s 1
f 719/2173 728/2174 727/2175
s 1
f 721/2176 728/2177 720/2178
s 1
f 722/2179 729/2180 721/2181
s 1
f 722/2182 723/2183 730/2184
s 1
f 723/2185 732/2186 731/2187
s 1
f 724/2188 733/2189 732/2190
s 1
f 725/2191 734/2192 733/2193
s 1
f 726/2194 735/2195 734/2196
s 1
f 727/2197 736/2198 735/2199
s 1
f 728/2200 737/2201 736/2202
s 1
f 729/2203 738/2204 737/2205
s 1
f 730/2206 731/2207 738/2208
s 1
f 731/2209 740/2210 739/2211
s 1
f 732/2212 741/2213 740/2214
s 1
f 733/2215 742/2216 741/2217
s 1
f 734/2218 743/2219 742/2220
s 1
f 735/2221 744/2222 743/2223
s 1
f 736/2224 745/2225 744/2226
s 1
f 737/2227 746/2228 745/2229
s 1
f 738/2230 739/2231 746/2232
s 1
f 739/2233 748/2234 747/2235
s 1
f 740/2236 749/2237 748/2238
s 1
f 741/2239 750/2240 749/2241
s 1
f 742/2242 751/2243 750/2244
s 1
f 743/2245 752/2246 751/2247
s 1
f 744/2248 753/2249 752/2250
s 1
f 745/2251 754/2252 753/2253
s 1
f 746/2254 747/2255 754/2256
s 1
f 747/2257 756/2258 755/2259
s 1
f 748/2260 757/2261 756/2262
s 1
f 749/2263 758/2264 757/2265
s 1
f 750/2266 759/2267 758/2268
s 1
f 751/2269 760/2270 759/2271
s 1
f 752/2272 761/2273 760/2274
s 1
f 753/2275 762/2276 761/2277
s 1
f 754/2278 755/2279 762/2280
s 1
f 755/2281 764/2282 763/2283
s 1
f 756/2284 765/2285 764/2286
s 1
f 757/2287 766/2288 765/2289
s 1
f 758/2290 767/2291 766/2292
s 1
f 759/2293 768/2294 767/2295
s 1
f 760/2296 769/2297 768/2298
s 1
f 761/2299 770/2300 769/2301
s 1
f 762/2302 763/2303 770/2304
s 1
f 763/2305 772/2306 771/2307
s 1
f 764/2308 773/2309 772/2310
s 1
f 765/2311 774/2312 773/2313
s 1
f 766/2314 775/2315 774/2316
s 1
f 767/2317 776/2318 775/2319
s 1
f 768/2320 777/2321 776/2322
s 1
f 769/2323 778/2324 777/2325
s 1
f 770/2326 771/2327 778/2328
s 1
f 771/2329 780/2330 779/2331
s 1
f 772/2332 781/2333 780/2334
s 1
f 773/2335 782/2336 781/2337
s 1
f 774/2338 783/2339 782/2340
s 1
f 775/2341 784/2342 783/2343
s 1
f 776/2344 785/2345 784/2346
s 1
f 777/2347 786/2348 785/2349
s 1
f 778/2350 779/2351 786/2352
s 1
f 779/2353 788/2354 787/2355
s 1
f 780/2356 789/2357 788/2358
s 1
f 781/2359 790/2360 789/2361
s 1
f 782/2362 791/2363 790/2364
s 1
f 783/2365 792/2366 791/2367
s 1
f 784/2368 793/2369 792/2370
s 1
f 785/2371 794/2372 793/2373
s 1
f 786/2374 787/2375 794/2376
s 1
f 787/2377 796/2378 795/2379
s 1
f 788/2380 797/2381 796/2382
s 1
f 789/2383 798/2384 797/2385
s 1
f 790/2386 799/2387 798/2388
s 1
f 791/2389 800/2390 799/2391
s 1
f 792/2392 801/2393 800/2394
s 1
f 793/2395 802/2396 801/2397
s 1
f 794/2398 795/2399 802/2400
s 1
f 795/2401 804/2402 803/2403
s 1
f 796/2404 805/2405 804/2406
s 1
f 797/2407 806/2408 805/2409
s 1
f 798/2410 807/2411 806/2412
s 1
f 799/2413 808/2414 807/2415
s 1
f 800/2416 809/2417 808/2418
s 1
f 801/2419 810/2420 809/2421
s 1
f 802/2422 803/2423 810/2424
s 1
f 803/2425 812/2426 811/2427
s 1
f 804/2428 813/2429 812/2430
s 1
f 805/2431 814/2432 813/2433
s 1
f 806/2434 815/2435 814/2436
s 1
f 807/2437 816/2438 815/2439
s 1
f 808/2440 817/2441 816/2442
s 1
f 809/2443 818/2444 817/2445
s 1
f 810/2446 811/2447 818/2448
s 1
f 811/2449 820/2450 819/2451
s 1
f 812/2452 821/2453 820/2454
s 1
f 813/2455 822/2456 821/2457
s 1
f 814/2458 823/2459 822/2460
s 1
f 815/2461 824/2462 823/2463
s 1
f 816/2464 825/2465 824/2466
s 1
f 817/2467 826/2468 825/2469
s 1
f 818/2470 819/2471 826/2472
s 1
f 819/2473 828/2474 827/2475
s 1
f 820/2476 829/2477 828/2478
s 1
f 821/2479 830/2480 829/2481
s 1
f 822/2482 831/2483 830/2484
s 1
f 823/2485 832/2486 831/2487
s 1
f 824/2488 833/2489 832/2490
s 1
f 825/2491 834/2492 833/2493
s 1
f 826/2494 827/2495 834/2496
s 1
f 827/2497 836/2498 835/2499
s 1
f 828/2500 837/2501 836/2502
s 1
f 830/2503 837/2504 829/2505
s 1
f 831/2506 838/2507 830/2508
s 1
f 832/2509 839/2510 831/2511
s 1
f 833/2512 840/2513 832/2514
s 1
f 834/2515 841/2516 833/2517
s 1
f 834/2518 835/2519 842/2520
s 1
f 836/2521 843/2522 835/2523
s 1
f 837/2524 844/2525 836/2526
s 1
f 838/2527 845/2528 837/2529
s 1
f 839/2530 846/2531 838/2532
s 1
f 840/2533 847/2534 839/2535
s 1
f 841/2536 848/2537 840/2538
s 1
f 842/2539 849/2540 841/2541
s 1
f 835/2542 850/2543 842/2544
s 1
f 844/2545 851/2546 843/2547
s 1
f 845/2548 852/2549 844/2550
s 1
f 846/2551 853/2552 845/2553
s 1
f 847/2554 854/2555 846/2556
s 1
f 848/2557 855/2558 847/2559
s 1
f 849/2560 856/2561 848/2562
s 1
f 850/2563 857/2564 849/2565
s 1
f 843/2566 858/2567 850/2568
s 1
f 852/2569 859/2570 851/2571
s 1
f 853/2572 860/2573 852/2574
s 1
f 854/2575 861/2576 853/2577
s 1
f 855/2578 862/2579 854/2580
s 1
f 856/2581 863/2582 855/2583
s 1
f 857/2584 864/2585 856/2586
s 1
f 858/2587 865/2588 857/2589
s 1
f 851/2590 866/2591 858/2592
s 1
f 860/2593 867/2594 859/2595
s 1
f 861/2596 868/2597 860/2598
s 1
f 862/2599 869/2600 861/2601
s 1
f 863/2602 870/2603 862/2604
s 1
f 864/2605 871/2606 863/2607
s 1
f 865/2608 872/2609 864/2610
s 1
f 866/2611 873/2612 865/2613
s 1
f 859/2614 874/2615 866/2616
s 1
f 868/2617 875/2618 867/2619
s 1
f 869/2620 876/2621 868/2622
s 1
f 870/2623 877/2624 869/2625
s 1
f 871/2626 878/2627 870/2628
s 1
f 872/2629 879/2630 871/2631
s 1
f 873/2632 880/2633 872/2634
s 1
f 874/2635 881/2636 873/2637
s 1
f 867/2638 882/2639 874/2640
s 1
f 876/2641 883/2642 875/2643
s 1
f 877/2644 884/2645 876/2646
s 1
f 878/2647 885/2648 877/2649
s 1
f 879/2650 886/2651 878/2652
s 1
f 880/2653 887/2654 879/2655
s 1
f 881/2656 888/2657 880/2658
s 1
f 882/2659 889/2660 881/2661
s 1
f 875/2662 890/2663 882/2664
s 1
f 884/2665 891/2666 883/2667
s 1
f 885/2668 892/2669 884/2670
s 1
f 886/2671 893/2672 885/2673
s 1
f 887/2674 894/2675 886/2676
s 1
f 888/2677 895/2678 887/2679
s 1
f 889/2680 896/2681 888/2682
s 1
f 890/2683 897/2684 889/2685
s 1
f 883/2686 898/2687 890/2688
s 1
f 892/2689 899/2690 891/2691
s 1
f 893/2692 900/2693 892/2694
s 1
f 894/2695 901/2696 893/2697
s 1
f 895/2698 902/2699 894/2700
s 1
f 896/2701 903/2702 895/2703
s 1
f 897/2704 904/2705 896/2706
s 1
f 898/2707 905/2708 897/2709
s 1
f 891/2710 906/2711 898/2712
s 1
f 900/2713 907/2714 899/2715
s 1
f 901/2716 908/2717 900/2718
s 1
f 902/2719 909/2720 901/2721
s 1
f 903/2722 910/2723 902/2724
s 1
f 904/2725 911/2726 903/2727
s 1
f 905/2728 912/2729 904/2730
s 1
f 906/2731 913/2732 905/2733
s 1
f 899/2734 914/2735 906/2736
s 1
f 908/2737 915/2738 907/2739
s 1
f 909/2740 916/2741 908/2742
s 1
f 910/2743 917/2744 909/2745
s 1
f 911/2746 918/2747 910/2748
s 1
f 912/2749 919/2750 911/2751
s 1
f 913/2752 920/2753 912/2754
s 1
f 914/2755 921/2756 913/2757
s 1
f 907/2758 922/2759 914/2760
s 1
f 916/2761 923/2762 915/2763
s 1
f 917/2764 924/2765 916/2766
s 1
f 918/2767 925/2768 917/2769
s 1
f 919/2770 926/2771 918/2772
s 1
f 920/2773 927/2774 919/2775
s 1
f 921/2776 928/2777 920/2778
s 1
f 922/2779 929/2780 921/2781
s 1
f 915/2782 930/2783 922/2784
s 1
f 924/2785 931/2786 923/2787
s 1
f 925/2788 932/2789 924/2790
s 1
f 926/2791 933/2792 925/2793
s 1
f 927/2794 934/2795 926/2796
s 1
f 928/2797 935/2798 927/2799
s 1
f 929/2800 936/2801 928/2802
s 1
f 930/2803 937/2804 929/2805
s 1
f 923/2806 938/2807 930/2808
s 1
f 931/2809 940/2810 939/2811
s 1
f 932/2812 941/2813 940/2814
s 1
f 934/2815 941/2816 933/2817
s 1
f 934/2818 943/2819 942/2820
s 1
f 936/2821 943/2822 935/2823
s 1
f 937/2824 944/2825 936/2826
s 1
f 937/2827 946/2828 945/2829
s 1
f 938/2830 939/2831 946/2832
s 1
f 940/2833 947/2834 939/2835
s 1
f 941/2836 948/2837 940/2838
s 1
f 942/2839 949/2840 941/2841
s 1
f 943/2842 950/2843 942/2844
s 1
f 944/2845 951/2846 943/2847
s 1
f 945/2848 952/2849 944/2850
s 1
f 946/2851 953/2852 945/2853
s 1
f 939/2854 954/2855 946/2856
s 1
f 948/2857 955/2858 947/2859
s 1
f 949/2860 956/2861 948/2862
s 1
f 950/2863 957/2864 949/2865
s 1
f 951/2866 958/2867 950/2868
s 1
f 952/2869 959/2870 951/2871
s 1
f 953/2872 960/2873 952/2874
s 1
f 954/2875 961/2876 953/2877
s 1
f 947/2878 962/2879 954/2880
s 1
f 956/2881 963/2882 955/2883
s 1
f 957/2884 964/2885 956/2886
s 1
f 958/2887 965/2888 957/2889
s 1
f 959/2890 966/2891 958/2892
s 1
f 960/2893 967/2894 959/2895
s 1
f 961/2896 968/2897 960/2898
s 1
f 962/2899 969/2900 961/2901
s 1
f 955/2902 970/2903 962/2904
s 1
f 964/2905 971/2906 963/2907
s 1
f 965/2908 972/2909 964/2910
s 1
f 966/2911 973/2912 965/2913
s 1
f 967/2914 974/2915 966/2916
s 1
f 968/2917 975/2918 967/2919
s 1
f 969/2920 976/2921 968/2922
s 1
f 970/2923 977/2924 969/2925
s 1
f 963/2926 978/2927 970/2928
s 1
f 972/2929 979/2930 971/2931
s 1
f 973/2932 980/2933 972/2934
s 1
f 974/2935 981/2936 973/2937
s 1
f 975/2938 982/2939 974/2940
s 1
f 976/2941 983/2942 975/2943
s 1
f 977/2944 984/2945 976/2946
s 1
f 978/2947 985/2948 977/2949
s 1
f 971/2950 986/2951 978/2952
s 1
f 980/2953 987/2954 979/2955
s 1
f 981/2956 988/2957 980/2958
s 1
f 982/2959 989/2960 981/2961
s 1
f 983/2962 990/2963 982/2964
s 1
f 984/2965 991/2966 983/2967
s 1
f 985/2968 992/2969 984/2970
s 1
f 986/2971 993/2972 985/2973
s 1
f 979/2974 994/2975 986/2976
s 1
f 988/2977 995/2978 987/2979
s 1
f 989/2980 996/2981 988/2982
s 1
f 990/2983 997/2984 989/2985
s 1
f 991/2986 998/2987 990/2988
s 1
f 992/2989 999/2990 991/2991
s 1
f 993/2992 1000/2993 992/2994
s 1
f 994/2995 1001/2996 993/2997
s 1
f 987/2998 1002/2999 994/3000
s 1
f 996/3001 1003/3002 995/3003
s 1
f 997/3004 1004/3005 996/3006
s 1
f 998/3007 1005/3008 997/3009
s 1
f 999/3010 1006/3011 998/3012
s 1
f 1000/3013 1007/3014 999/3015
s 1
f 1001/3016 1008/3017 1000/3018
s 1
f 1002/3019 1009/3020 1001/3021
s 1
f 995/3022 1010/3023 1002/3024
s 1
f 1004/3025 1011/3026 1003/3027
s 1
f 1005/3028 1012/3029 1004/3030
s 1
f 1006/3031 1013/3032 1005/3033
s 1
f 1007/3034 1014/3035 1006/3036
s 1
f 1008/3037 1015/3038 1007/3039
s 1
f 1009/3040 1016/3041 1008/3042
s 1
f 1010/3043 1017/3044 1009/3045
s 1
f 1003/3046 1018/3047 1010/3048
s 1
f 1012/3049 1019/3050 1011/3051
s 1
f 1013/3052 1020/3053 1012/3054
s 1
f 1014/3055 1021/3056 1013/3057
s 1
f 1015/3058 1022/3059 1014/3060
s 1
f 1016/3061 1023/3062 1015/3063
s 1
f 1017/3064 1024/3065 1016/3066
s 1
f 1018/3067 1025/3068 1017/3069
s 1
f 1011/3070 1026/3071 1018/3072
s 1
f 1020/3073 1027/3074 1019/3075
s 1
f 1021/3076 1028/3077 1020/3078
s 1
f 1022/3079 1029/3080 1021/3081
s 1
f 1023/3082 1030/3083 1022/3084
s 1
f 1024/3085 1031/3086 1023/3087
s 1
f 1025/3088 1032/3089 1024/3090
s 1
f 1026/3091 1033/3092 1025/3093
s 1
f 1019/3094 1034/3095 1026/3096
s 1
f 1028/3097 1035/3098 1027/3099
s 1
f 1029/3100 1036/3101 1028/3102
s 1
f 1030/3103 1037/3104 1029/3105
s 1
f 1031/3106 1038/3107 1030/3108
s 1
f 1032/3109 1039/3110 1031/3111
s 1
f 1033/3112 1040/3113 1032/3114
s 1
f 1034/3115 1041/3116 1033/3117
s 1
f 1027/3118 1042/3119 1034/3120
s 1
f 524/3121 523/3122 1043/3123
s 1
f 525/3124 524/3125 1043/3126
s 1
f 526/3127 525/3128 1043/3129
s 1
f 527/3130 526/3131 1043/3132
s 1
f 528/3133 527/3134 1043/3135
s 1
f 529/3136 528/3137 1043/3138
s 1
f 530/3139 529/3140 1043/3141
s 1
f 523/3142 530/3143 1043/3144
s 1
f 1044/3145 1035/3146 1036/3147
s 1
f 1044/3148 1036/3149 1037/3150
s 1
f 1044/3151 1037/3152 1038/3153
s 1
f 1044/3154 1038/3155 1039/3156
s 1
f 1044/3157 1039/3158 1040/3159
s 1
f 1044/3160 1040/3161 1041/3162
s 1
f 1044/3163 1041/3164 1042/3165
s 1
f 1044/3166 1042/3167 1035/3168
s 1
f 2/3169 10/3170 9/3171
s 1
f 3/3172 11/3173 10/3174
s 1
f 4/3175 12/3176 11/3177
s 1
f 5/3178 13/3179 12/3180
s 1
f 6/3181 14/3182 13/3183
s 1
f 7/3184 15/3185 14/3186
s 1
f 8/3187 16/3188 15/3189
s 1
f 1/3190 9/3191 16/3192
s 1
f 10/3193 18/3194 17/3195
s 1
f 11/3196 19/3197 18/3198
s 1
f 12/3199 20/3200 19/3201
s 1
f 13/3202 21/3203 20/3204
s 1
f 14/3205 22/3206 21/3207
s 1
f 15/3208 23/3209 22/3210
s 1
f 16/3211 24/3212 23/3213
s 1
f 9/3214 17/3215 24/3216
s 1
f 18/3217 26/3218 25/3219
s 1
f 19/3220 27/3221 26/3222
s 1
f 20/3223 28/3224 27/3225
s 1
f 21/3226 29/3227 28/3228
s 1
f 22/3229 30/3230 29/3231
s 1
f 23/3232 31/3233 30/3234
s 1
f 24/3235 32/3236 31/3237
s 1
f 17/3238 25/3239 32/3240
s 1
f 26/3241 34/3242 33/3243
s 1
f 27/3244 35/3245 34/3246
s 1
f 28/3247 36/3248 35/3249
s 1
f 29/3250 37/3251 36/3252
s 1
f 30/3253 38/3254 37/3255
s 1
f 31/3256 39/3257 38/3258
s 1
f 32/3259 40/3260 39/3261
s 1
f 25/3262 33/3263 40/3264
s 1
f 34/3265 42/3266 41/3267
s 1
f 35/3268 43/3269 42/3270
s 1
f 36/3271 44/3272 43/3273
s 1
f 37/3274 45/3275 44/3276
s 1
f 38/3277 46/3278 45/3279
s 1
f 39/3280 47/3281 46/3282
s 1
f 40/3283 48/3284 47/3285
s 1
f 33/3286 41/3287 48/3288
s 1
f 42/3289 50/3290 49/3291
s 1
f 43/3292 51/3293 50/3294
s 1
f 44/3295 52/3296 51/3297
s 1
f 45/3298 53/3299 52/3300
s 1
f 46/3301 54/3302 53/3303
s 1
f 47/3304 55/3305 54/3306
s 1
f 48/3307 56/3308 55/3309
s 1
f 41/3310 49/3311 56/3312
s 1
f 50/3313 58/3314 57/3315
s 1
f 51/3316 59/3317 58/3318
s 1
f 51/3319 52/3320 60/3321
s 1
f 53/3322 61/3323 60/3324
s 1
f 53/3325 54/3326 62/3327
s 1
f 55/3328 63/3329 62/3330
s 1
f 56/3331 64/3332 63/3333
s 1
f 49/3334 57/3335 64/3336
s 1
f 58/3337 66/3338 65/3339
s 1
f 59/3340 67/3341 66/3342
s 1
f 59/3343 60/3344 68/3345
s 1
f 60/3346 61/3347 69/3348
s 1
f 61/3349 62/3350 70/3351
s 1
f 63/3352 71/3353 70/3354
s 1
f 64/3355 72/3356 71/3357
s 1
f 57/3358 65/3359 72/3360
s 1
f 65/3361 66/3362 74/3363
s 1
f 66/3364 67/3365 75/3366
s 1
f 67/3367 68/3368 76/3369
s 1
f 68/3370 69/3371 77/3372
s 1
f 69/3373 70/3374 78/3375
s 1
f 70/3376 71/3377 79/3378
s 1
f 72/3379 80/3380 79/3381
s 1
f 72/3382 65/3383 73/3384
s 1
f 73/3385 74/3386 82/3387
s 1
f 74/3388 75/3389 83/3390
s 1
f 75/3391 76/3392 84/3393
s 1
f 76/3394 77/3395 85/3396
s 1
f 77/3397 78/3398 86/3399
s 1
f 78/3400 79/3401 87/3402
s 1
f 79/3403 80/3404 88/3405
s 1
f 80/3406 73/3407 81/3408
s 1
f 81/3409 82/3410 90/3411
s 1
f 82/3412 83/3413 91/3414
s 1
f 83/3415 84/3416 92/3417
s 1
f 84/3418 85/3419 93/3420
s 1
f 85/3421 86/3422 94/3423
s 1
f 86/3424 87/3425 95/3426
s 1
f 87/3427 88/3428 96/3429
s 1
f 88/3430 81/3431 89/3432
s 1
f 89/3433 90/3434 98/3435
s 1
f 90/3436 91/3437 99/3438
s 1
f 91/3439 92/3440 100/3441
s 1
f 92/3442 93/3443 101/3444
s 1
f 93/3445 94/3446 102/3447
s 1
f 94/3448 95/3449 103/3450
s 1
f 95/3451 96/3452 104/3453
s 1
f 96/3454 89/3455 97/3456
s 1
f 97/3457 98/3458 106/3459
s 1
f 98/3460 99/3461 107/3462
s 1
f 99/3463 100/3464 108/3465
s 1
f 100/3466 101/3467 109/3468
s 1
f 101/3469 102/3470 110/3471
s 1
f 102/3472 103/3473 111/3474
s 1
f 103/3475 104/3476 112/3477
s 1
f 104/3478 97/3479 105/3480
s 1
f 105/3481 106/3482 114/3483
s 1
f 106/3484 107/3485 115/3486
s 1
f 107/3487 108/3488 116/3489
s 1
f 108/3490 109/3491 117/3492
s 1
f 109/3493 110/3494 118/3495
s 1
f 110/3496 111/3497 119/3498
s 1
f 111/3499 112/3500 120/3501
s 1
f 112/3502 105/3503 113/3504
s 1
f 113/3505 114/3506 122/3507
s 1
f 114/3508 115/3509 123/3510
s 1
f 115/3511 116/3512 124/3513
s 1
f 116/3514 117/3515 125/3516
s 1
f 117/3517 118/3518 126/3519
s 1
f 118/3520 119/3521 127/3522
s 1
f 119/3523 120/3524 128/3525
s 1
f 120/3526 113/3527 121/3528
s 1
f 121/3529 122/3530 130/3531
s 1
f 122/3532 123/3533 131/3534
s 1
f 123/3535 124/3536 132/3537
s 1
f 124/3538 125/3539 133/3540
s 1
f 125/3541 126/3542 134/3543
s 1
f 126/3544 127/3545 135/3546
s 1
f 127/3547 128/3548 136/3549
s 1
f 128/3550 121/3551 129/3552
s 1
f 129/3553 130/3554 138/3555
s 1
f 130/3556 131/3557 139/3558
s 1
f 131/3559 132/3560 140/3561
s 1
f 132/3562 133/3563 141/3564
s 1
f 133/3565 134/3566 142/3567
s 1
f 134/3568 135/3569 143/3570
s 1
f 135/3571 136/3572 144/3573
s 1
f 136/3574 129/3575 137/3576
s 1
f 138/3577 146/3578 145/3579
s 1
f 139/3580 147/3581 146/3582
s 1
f 140/3583 148/3584 147/3585
s 1
f 141/3586 149/3587 148/3588
s 1
f 142/3589 150/3590 149/3591
s 1
f 143/3592 151/3593 150/3594
s 1
f 144/3595 152/3596 151/3597
s 1
f 137/3598 145/3599 152/3600
s 1
f 145/3601 146/3602 154/3603
s 1
f 146/3604 147/3605 155/3606
s 1
f 147/3607 148/3608 156/3609
s 1
f 148/3610 149/3611 157/3612
s 1
f 149/3613 150/3614 158/3615
s 1
f 150/3616 151/3617 159/3618
s 1
f 151/3619 152/3620 160/3621
s 1
f 152/3622 145/3623 153/3624
s 1
f 153/3625 154/3626 162/3627
s 1
f 154/3628 155/3629 163/3630
s 1
f 155/3631 156/3632 164/3633
s 1
f 156/3634 157/3635 165/3636
s 1
f 157/3637 158/3638 166/3639
s 1
f 158/3640 159/3641 167/3642
s 1
f 159/3643 160/3644 168/3645
s 1
f 160/3646 153/3647 161/3648
s 1
f 161/3649 162/3650 170/3651
s 1
f 162/3652 163/3653 171/3654
s 1
f 163/3655 164/3656 172/3657
s 1
f 164/3658 165/3659 173/3660
s 1
f 165/3661 166/3662 174/3663
s 1
f 166/3664 167/3665 175/3666
s 1
f 167/3667 168/3668 176/3669
s 1
f 168/3670 161/3671 169/3672
s 1
f 169/3673 170/3674 178/3675
s 1
f 170/3676 171/3677 179/3678
s 1
f 171/3679 172/3680 180/3681
s 1
f 172/3682 173/3683 181/3684
s 1
f 173/3685 174/3686 182/3687
s 1
f 174/3688 175/3689 183/3690
s 1
f 175/3691 176/3692 184/3693
s 1
f 176/3694 169/3695 177/3696
s 1
f 177/3697 178/3698 186/3699
s 1
f 178/3700 179/3701 187/3702
s 1
f 179/3703 180/3704 188/3705
s 1
f 180/3706 181/3707 189/3708
s 1
f 181/3709 182/3710 190/3711
s 1
f 182/3712 183/3713 191/3714
s 1
f 183/3715 184/3716 192/3717
s 1
f 184/3718 177/3719 185/3720
s 1
f 185/3721 186/3722 194/3723
s 1
f 186/3724 187/3725 195/3726
s 1
f 187/3727 188/3728 196/3729
s 1
f 188/3730 189/3731 197/3732
s 1
f 189/3733 190/3734 198/3735
s 1
f 190/3736 191/3737 199/3738
s 1
f 191/3739 192/3740 200/3741
s 1
f 192/3742 185/3743 193/3744
s 1
f 193/3745 194/3746 202/3747
s 1
f 194/3748 195/3749 203/3750
s 1
f 195/3751 196/3752 204/3753
s 1
f 196/3754 197/3755 205/3756
s 1
f 197/3757 198/3758 206/3759
s 1
f 198/3760 199/3761 207/3762
s 1
f 199/3763 200/3764 208/3765
s 1
f 200/3766 193/3767 201/3768
s 1
f 201/3769 202/3770 210/3771
s 1
f 202/3772 203/3773 211/3774
s 1
f 203/3775 204/3776 212/3777
s 1
f 204/3778 205/3779 213/3780
s 1
f 205/3781 206/3782 214/3783
s 1
f 206/3784 207/3785 215/3786
s 1
f 207/3787 208/3788 216/3789
s 1
f 208/3790 201/3791 209/3792
s 1
f 209/3793 210/3794 218/3795
s 1
f 210/3796 211/3797 219/3798
s 1
f 211/3799 212/3800 220/3801
s 1
f 212/3802 213/3803 221/3804
s 1
f 213/3805 214/3806 222/3807
s 1
f 214/3808 215/3809 223/3810
s 1
f 215/3811 216/3812 224/3813
s 1
f 216/3814 209/3815 217/3816
s 1
f 217/3817 218/3818 226/3819
s 1
f 218/3820 219/3821 227/3822
s 1
f 219/3823 220/3824 228/3825
s 1
f 220/3826 221/3827 229/3828
s 1
f 221/3829 222/3830 230/3831
s 1
f 222/3832 223/3833 231/3834
s 1
f 223/3835 224/3836 232/3837
s 1
f 224/3838 217/3839 225/3840
s 1
f 225/3841 226/3842 234/3843
s 1
f 226/3844 227/3845 235/3846
s 1
f 227/3847 228/3848 236/3849
s 1
f 228/3850 229/3851 237/3852
s 1
f 229/3853 230/3854 238/3855
s 1
f 230/3856 231/3857 239/3858
s 1
f 231/3859 232/3860 240/3861
s 1
f 232/3862 225/3863 233/3864
s 1
f 233/3865 234/3866 242/3867
s 1
f 234/3868 235/3869 243/3870
s 1
f 235/3871 236/3872 244/3873
s 1
f 236/3874 237/3875 245/3876
s 1
f 237/3877 238/3878 246/3879
s 1
f 238/3880 239/3881 247/3882
s 1
f 239/3883 240/3884 248/3885
s 1
f 240/3886 233/3887 241/3888
s 1
f 241/3889 242/3890 250/3891
s 1
f 242/3892 243/3893 251/3894
s 1
f 243/3895 244/3896 252/3897
s 1
f 244/3898 245/3899 253/3900
s 1
f 245/3901 246/3902 254/3903
s 1
f 246/3904 247/3905 255/3906
s 1
f 247/3907 248/3908 256/3909
s 1
f 248/3910 241/3911 249/3912
s 1
f 249/3913 250/3914 258/3915
s 1
f 250/3916 251/3917 259/3918
s 1
f 251/3919 252/3920 260/3921
s 1
f 252/3922 253/3923 261/3924
s 1
f 253/3925 254/3926 262/3927
s 1
f 254/3928 255/3929 263/3930
s 1
f 255/3931 256/3932 264/3933
s 1
f 256/3934 249/3935 257/3936
s 1
f 257/3937 258/3938 266/3939
s 1
f 258/3940 259/3941 267/3942
s 1
f 259/3943 260/3944 268/3945
s 1
f 260/3946 261/3947 269/3948
s 1
f 261/3949 262/3950 270/3951
s 1
f 262/3952 263/3953 271/3954
s 1
f 263/3955 264/3956 272/3957
s 1
f 264/3958 257/3959 265/3960
s 1
f 265/3961 266/3962 274/3963
s 1
f 266/3964 267/3965 275/3966
s 1
f 267/3967 268/3968 276/3969
s 1
f 268/3970 269/3971 277/3972
s 1
f 269/3973 270/3974 278/3975
s 1
f 270/3976 271/3977 279/3978
s 1
f 271/3979 272/3980 280/3981
s 1
f 272/3982 265/3983 273/3984
s 1
f 273/3985 274/3986 282/3987
s 1
f 274/3988 275/3989 283/3990
s 1
f 275/3991 276/3992 284/3993
s 1
f 276/3994 277/3995 285/3996
s 1
f 277/3997 278/3998 286/3999
s 1
f 278/4000 279/4001 287/4002
s 1
f 279/4003 280/4004 288/4005
s 1
f 280/4006 273/4007 281/4008
s 1
f 281/4009 282/4010 290/4011
s 1
f 282/4012 283/4013 291/4014
s 1
f 283/4015 284/4016 292/4017
s 1
f 284/4018 285/4019 293/4020
s 1
f 285/4021 286/4022 294/4023
s 1
f 286/4024 287/4025 295/4026
s 1
f 287/4027 288/4028 296/4029
s 1
f 288/4030 281/4031 289/4032
s 1
f 289/4033 290/4034 298/4035
s 1
f 290/4036 291/4037 299/4038
s 1
f 291/4039 292/4040 300/4041
s 1
f 292/4042 293/4043 301/4044
s 1
f 293/4045 294/4046 302/4047
s 1
f 294/4048 295/4049 303/4050
s 1
f 295/4051 296/4052 304/4053
s 1
f 296/4054 289/4055 297/4056
s 1
f 297/4057 298/4058 306/4059
s 1
f 298/4060 299/4061 307/4062
s 1
f 299/4063 300/4064 308/4065
s 1
f 300/4066 301/4067 309/4068
s 1
f 301/4069 302/4070 310/4071
s 1
f 302/4072 303/4073 311/4074
s 1
f 303/4075 304/4076 312/4077
s 1
f 304/4078 297/4079 305/4080
s 1
f 305/4081 306/4082 314/4083
s 1
f 306/4084 307/4085 315/4086
s 1
f 307/4087 308/4088 316/4089
s 1
f 308/4090 309/4091 317/4092
s 1
f 309/4093 310/4094 318/4095
s 1
f 310/4096 311/4097 319/4098
s 1
f 311/4099 312/4100 320/4101
s 1
f 312/4102 305/4103 313/4104
s 1
f 314/4105 322/4106 321/4107
s 1
f 315/4108 323/4109 322/4110
s 1
f 316/4111 324/4112 323/4113
s 1
f 317/4114 325/4115 324/4116
s 1
f 318/4117 326/4118 325/4119
s 1
f 319/4120 327/4121 326/4122
s 1
f 320/4123 328/4124 327/4125
s 1
f 313/4126 321/4127 328/4128
s 1
f 322/4129 330/4130 329/4131
s 1
f 323/4132 331/4133 330/4134
s 1
f 324/4135 332/4136 331/4137
s 1
f 325/4138 333/4139 332/4140
s 1
f 326/4141 334/4142 333/4143
s 1
f 327/4144 335/4145 334/4146
s 1
f 328/4147 336/4148 335/4149
s 1
f 321/4150 329/4151 336/4152
s 1
f 330/4153 338/4154 337/4155
s 1
f 331/4156 339/4157 338/4158
s 1
f 332/4159 340/4160 339/4161
s 1
f 333/4162 341/4163 340/4164
s 1
f 334/4165 342/4166 341/4167
s 1
f 335/4168 343/4169 342/4170
s 1
f 336/4171 344/4172 343/4173
s 1
f 329/4174 337/4175 344/4176
s 1
f 338/4177 346/4178 345/4179
s 1
f 339/4180 347/4181 346/4182
s 1
f 340/4183 348/4184 347/4185
s 1
f 341/4186 349/4187 348/4188
s 1
f 342/4189 350/4190 349/4191
s 1
f 343/4192 351/4193 350/4194
s 1
f 344/4195 352/4196 351/4197
s 1
f 337/4198 345/4199 352/4200
s 1
f 346/4201 354/4202 353/4203
s 1
f 347/4204 355/4205 354/4206
s 1
f 348/4207 356/4208 355/4209
s 1
f 349/4210 357/4211 356/4212
s 1
f 350/4213 358/4214 357/4215
s 1
f 351/4216 359/4217 358/4218
s 1
f 352/4219 360/4220 359/4221
s 1
f 345/4222 353/4223 360/4224
s 1
f 353/4225 354/4226 362/4227
s 1
f 354/4228 355/4229 363/4230
s 1
f 355/4231 356/4232 364/4233
s 1
f 356/4234 357/4235 365/4236
s 1
f 357/4237 358/4238 366/4239
s 1
f 358/4240 359/4241 367/4242
s 1
f 359/4243 360/4244 368/4245
s 1
f 360/4246 353/4247 361/4248
s 1
f 361/4249 362/4250 370/4251
s 1
f 362/4252 363/4253 371/4254
s 1
f 363/4255 364/4256 372/4257
s 1
f 364/4258 365/4259 373/4260
s 1
f 365/4261 366/4262 374/4263
s 1
f 366/4264 367/4265 375/4266
s 1
f 367/4267 368/4268 376/4269
s 1
f 368/4270 361/4271 369/4272
s 1
f 370/4273 378/4274 377/4275
s 1
f 370/4276 371/4277 379/4278
s 1
f 371/4279 372/4280 380/4281
s 1
f 372/4282 373/4283 381/4284
s 1
f 373/4285 374/4286 382/4287
s 1
f 374/4288 375/4289 383/4290
s 1
f 375/4291 376/4292 384/4293
s 1
f 369/4294 377/4295 384/4296
s 1
f 378/4297 386/4298 385/4299
s 1
f 379/4300 387/4301 386/4302
s 1
f 380/4303 388/4304 387/4305
s 1
f 381/4306 389/4307 388/4308
s 1
f 382/4309 390/4310 389/4311
s 1
f 383/4312 391/4313 390/4314
s 1
f 384/4315 392/4316 391/4317
s 1
f 377/4318 385/4319 392/4320
s 1
f 386/4321 394/4322 393/4323
s 1
f 387/4324 395/4325 394/4326
s 1
f 388/4327 396/4328 395/4329
s 1
f 389/4330 397/4331 396/4332
s 1
f 390/4333 398/4334 397/4335
s 1
f 391/4336 399/4337 398/4338
s 1
f 392/4339 400/4340 399/4341
s 1
f 385/4342 393/4343 400/4344
s 1
f 394/4345 402/4346 401/4347
s 1
f 395/4348 403/4349 402/4350
s 1
f 396/4351 404/4352 403/4353
s 1
f 397/4354 405/4355 404/4356
s 1
f 398/4357 406/4358 405/4359
s 1
f 399/4360 407/4361 406/4362
s 1
f 400/4363 408/4364 407/4365
s 1
f 393/4366 401/4367 408/4368
s 1
f 402/4369 410/4370 409/4371
s 1
f 403/4372 411/4373 410/4374
s 1
f 404/4375 412/4376 411/4377
s 1
f 405/4378 413/4379 412/4380
s 1
f 406/4381 414/4382 413/4383
s 1
f 407/4384 415/4385 414/4386
s 1
f 408/4387 416/4388 415/4389
s 1
f 401/4390 409/4391 416/4392
s 1
f 410/4393 418/4394 417/4395
s 1
f 411/4396 419/4397 418/4398
s 1
f 412/4399 420/4400 419/4401
s 1
f 413/4402 421/4403 420/4404
s 1
f 414/4405 422/4406 421/4407
s 1
f 415/4408 423/4409 422/4410
s 1
f 416/4411 424/4412 423/4413
s 1
f 409/4414 417/4415 424/4416
s 1
f 418/4417 426/4418 425/4419
s 1
f 419/4420 427/4421 426/4422
s 1
f 420/4423 428/4424 427/4425
s 1
f 421/4426 429/4427 428/4428
s 1
f 422/4429 430/4430 429/4431
s 1
f 423/4432 431/4433 430/4434
s 1
f 424/4435 432/4436 431/4437
s 1
f 417/4438 425/4439 432/4440
s 1
f 425/4441 426/4442 434/4443
s 1
f 426/4444 427/4445 435/4446
s 1
f 427/4447 428/4448 436/4449
s 1
f 428/4450 429/4451 437/4452
s 1
f 429/4453 430/4454 438/4455
s 1
f 430/4456 431/4457 439/4458
s 1
f 431/4459 432/4460 440/4461
s 1
f 432/4462 425/4463 433/4464
s 1
f 433/4465 434/4466 442/4467
s 1
f 434/4468 435/4469 443/4470
s 1
f 435/4471 436/4472 444/4473
s 1
f 436/4474 437/4475 445/4476
s 1
f 437/4477 438/4478 446/4479
s 1
f 438/4480 439/4481 447/4482
s 1
f 439/4483 440/4484 448/4485
s 1
f 440/4486 433/4487 441/4488
s 1
f 441/4489 442/4490 450/4491
s 1
f 442/4492 443/4493 451/4494
s 1
f 443/4495 444/4496 452/4497
s 1
f 444/4498 445/4499 453/4500
s 1
f 446/4501 454/4502 453/4503
s 1
f 447/4504 455/4505 454/4506
s 1
f 448/4507 456/4508 455/4509
s 1
f 441/4510 449/4511 456/4512
s 1
f 450/4513 458/4514 457/4515
s 1
f 451/4516 459/4517 458/4518
s 1
f 452/4519 460/4520 459/4521
s 1
f 453/4522 461/4523 460/4524
s 1
f 454/4525 462/4526 461/4527
s 1
f 455/4528 463/4529 462/4530
s 1
f 456/4531 464/4532 463/4533
s 1
f 449/4534 457/4535 464/4536
s 1
f 458/4537 466/4538 465/4539
s 1
f 459/4540 467/4541 466/4542
s 1
f 460/4543 468/4544 467/4545
s 1
f 461/4546 469/4547 468/4548
s 1
f 462/4549 470/4550 469/4551
s 1
f 463/4552 471/4553 470/4554
s 1
f 464/4555 472/4556 471/4557
s 1
f 457/4558 465/4559 472/4560
s 1
f 466/4561 474/4562 473/4563
s 1
f 467/4564 475/4565 474/4566
s 1
f 468/4567 476/4568 475/4569
s 1
f 469/4570 477/4571 476/4572
s 1
f 470/4573 478/4574 477/4575
s 1
f 471/4576 479/4577 478/4578
s 1
f 472/4579 480/4580 479/4581
s 1
f 465/4582 473/4583 480/4584
s 1
f 474/4585 482/4586 481/4587
s 1
f 475/4588 483/4589 482/4590
s 1
f 476/4591 484/4592 483/4593
s 1
f 477/4594 485/4595 484/4596
s 1
f 478/4597 486/4598 485/4599
s 1
f 479/4600 487/4601 486/4602
s 1
f 480/4603 488/4604 487/4605
s 1
f 473/4606 481/4607 488/4608
s 1
f 482/4609 490/4610 489/4611
s 1
f 483/4612 491/4613 490/4614
s 1
f 484/4615 492/4616 491/4617
s 1
f 485/4618 493/4619 492/4620
s 1
f 486/4621 494/4622 493/4623
s 1
f 487/4624 495/4625 494/4626
s 1
f 488/4627 496/4628 495/4629
s 1
f 481/4630 489/4631 496/4632
s 1
f 490/4633 498/4634 497/4635
s 1
f 491/4636 499/4637 498/4638
s 1
f 492/4639 500/4640 499/4641
s 1
f 493/4642 501/4643 500/4644
s 1
f 494/4645 502/4646 501/4647
s 1
f 495/4648 503/4649 502/4650
s 1
f 496/4651 504/4652 503/4653
s 1
f 489/4654 497/4655 504/4656
s 1
f 498/4657 506/4658 505/4659
s 1
f 499/4660 507/4661 506/4662
s 1
f 500/4663 508/4664 507/4665
s 1
f 501/4666 509/4667 508/4668
s 1
f 502/4669 510/4670 509/4671
s 1
f 503/4672 511/4673 510/4674
s 1
f 504/4675 512/4676 511/4677
s 1
f 497/4678 505/4679 512/4680
s 1
f 506/4681 514/4682 513/4683
s 1
f 507/4684 515/4685 514/4686
s 1
f 508/4687 516/4688 515/4689
s 1
f 509/4690 517/4691 516/4692
s 1
f 510/4693 518/4694 517/4695
s 1
f 511/4696 519/4697 518/4698
s 1
f 512/4699 520/4700 519/4701
s 1
f 505/4702 513/4703 520/4704
s 1
f 524/4705 532/4706 531/4707
s 1
f 525/4708 533/4709 532/4710
s 1
f 526/4711 534/4712 533/4713
s 1
f 527/4714 535/4715 534/4716
s 1
f 528/4717 536/4718 535/4719
s 1
f 529/4720 537/4721 536/4722
s 1
f 530/4723 538/4724 537/4725
s 1
f 523/4726 531/4727 538/4728
s 1
f 532/4729 540/4730 539/4731
s 1
f 533/4732 541/4733 540/4734
s 1
f 534/4735 542/4736 541/4737
s 1
f 535/4738 543/4739 542/4740
s 1
f 536/4741 544/4742 543/4743
s 1
f 537/4744 545/4745 544/4746
s 1
f 538/4747 546/4748 545/4749
s 1
f 531/4750 539/4751 546/4752
s 1
f 540/4753 548/4754 547/4755
s 1
f 541/4756 549/4757 548/4758
s 1
f 542/4759 550/4760 549/4761
s 1
f 543/4762 551/4763 550/4764
s 1
f 544/4765 552/4766 551/4767
s 1
f 545/4768 553/4769 552/4770
s 1
f 546/4771 554/4772 553/4773
s 1
f 539/4774 547/4775 554/4776
s 1
f 548/4777 556/4778 555/4779
s 1
f 549/4780 557/4781 556/4782
s 1
f 550/4783 558/4784 557/4785
s 1
f 551/4786 559/4787 558/4788
s 1
f 552/4789 560/4790 559/4791
s 1
f 553/4792 561/4793 560/4794
s 1
f 554/4795 562/4796 561/4797
s 1
f 547/4798 555/4799 562/4800
s 1
f 556/4801 564/4802 563/4803
s 1
f 557/4804 565/4805 564/4806
s 1
f 558/4807 566/4808 565/4809
s 1
f 559/4810 567/4811 566/4812
s 1
f 560/4813 568/4814 567/4815
s 1
f 561/4816 569/4817 568/4818
s 1
f 562/4819 570/4820 569/4821
s 1
f 555/4822 563/4823 570/4824
s 1
f 564/4825 572/4826 571/4827
s 1
f 565/4828 573/4829 572/4830
s 1
f 566/4831 574/4832 573/4833
s 1
f 567/4834 575/4835 574/4836
s 1
f 568/4837 576/4838 575/4839
s 1
f 569/4840 577/4841 576/4842
s 1
f 570/4843 578/4844 577/4845
s 1
f 563/4846 571/4847 578/4848
s 1
f 572/4849 580/4850 579/4851
s 1
f 573/4852 581/4853 580/4854
s 1
f 574/4855 582/4856 581/4857
s 1
f 575/4858 583/4859 582/4860
s 1
f 576/4861 584/4862 583/4863
s 1
f 577/4864 585/4865 584/4866
s 1
f 578/4867 586/4868 585/4869
s 1
f 571/4870 579/4871 586/4872
s 1
f 579/4873 580/4874 588/4875
s 1
f 580/4876 581/4877 589/4878
s 1
f 581/4879 582/4880 590/4881
s 1
f 583/4882 591/4883 590/4884
s 1
f 584/4885 592/4886 591/4887
s 1
f 585/4888 593/4889 592/4890
s 1
f 586/4891 594/4892 593/4893
s 1
f 586/4894 579/4895 587/4896
s 1
f 587/4897 588/4898 596/4899
s 1
f 588/4900 589/4901 597/4902
s 1
f 589/4903 590/4904 598/4905
s 1
f 590/4906 591/4907 599/4908
s 1
f 591/4909 592/4910 600/4911
s 1
f 592/4912 593/4913 601/4914
s 1
f 593/4915 594/4916 602/4917
s 1
f 594/4918 587/4919 595/4920
s 1
f 595/4921 596/4922 604/4923
s 1
f 596/4924 597/4925 605/4926
s 1
f 597/4927 598/4928 606/4929
s 1
f 598/4930 599/4931 607/4932
s 1
f 599/4933 600/4934 608/4935
s 1
f 600/4936 601/4937 609/4938
s 1
f 601/4939 602/4940 610/4941
s 1
f 602/4942 595/4943 603/4944
s 1
f 603/4945 604/4946 612/4947
s 1
f 604/4948 605/4949 613/4950
s 1
f 605/4951 606/4952 614/4953
s 1
f 606/4954 607/4955 615/4956
s 1
f 607/4957 608/4958 616/4959
s 1
f 608/4960 609/4961 617/4962
s 1
f 609/4963 610/4964 618/4965
s 1
f 610/4966 603/4967 611/4968
s 1
f 611/4969 612/4970 620/4971
s 1
f 612/4972 613/4973 621/4974
s 1
f 613/4975 614/4976 622/4977
s 1
f 614/4978 615/4979 623/4980
s 1
f 615/4981 616/4982 624/4983
s 1
f 616/4984 617/4985 625/4986
s 1
f 617/4987 618/4988 626/4989
s 1
f 618/4990 611/4991 619/4992
s 1
f 619/4993 620/4994 628/4995
s 1
f 620/4996 621/4997 629/4998
s 1
f 621/4999 622/5000 630/5001
s 1
f 622/5002 623/5003 631/5004
s 1
f 623/5005 624/5006 632/5007
s 1
f 624/5008 625/5009 633/5010
s 1
f 625/5011 626/5012 634/5013
s 1
f 626/5014 619/5015 627/5016
s 1
f 628/5017 636/5018 635/5019
s 1
f 629/5020 637/5021 636/5022
s 1
f 629/5023 630/5024 638/5025
s 1
f 630/5026 631/5027 639/5028
s 1
f 631/5029 632/5030 640/5031
s 1
f 632/5032 633/5033 641/5034
s 1
f 633/5035 634/5036 642/5037
s 1
f 634/5038 627/5039 635/5040
s 1
f 636/5041 644/5042 643/5043
s 1
f 637/5044 645/5045 644/5046
s 1
f 638/5047 646/5048 645/5049
s 1
f 639/5050 647/5051 646/5052
s 1
f 640/5053 648/5054 647/5055
s 1
f 641/5056 649/5057 648/5058
s 1
f 642/5059 650/5060 649/5061
s 1
f 635/5062 643/5063 650/5064
s 1
f 644/5065 652/5066 651/5067
s 1
f 645/5068 653/5069 652/5070
s 1
f 646/5071 654/5072 653/5073
s 1
f 647/5074 655/5075 654/5076
s 1
f 648/5077 656/5078 655/5079
s 1
f 649/5080 657/5081 656/5082
s 1
f 650/5083 658/5084 657/5085
s 1
f 643/5086 651/5087 658/5088
s 1
f 651/5089 652/5090 660/5091
s 1
f 652/5092 653/5093 661/5094
s 1
f 653/5095 654/5096 662/5097
s 1
f 654/5098 655/5099 663/5100
s 1
f 655/5101 656/5102 664/5103
s 1
f 656/5104 657/5105 665/5106
s 1
f 657/5107 658/5108 666/5109
s 1
f 658/5110 651/5111 659/5112
s 1
f 659/5113 660/5114 668/5115
s 1
f 660/5116 661/5117 669/5118
s 1
f 661/5119 662/5120 670/5121
s 1
f 662/5122 663/5123 671/5124
s 1
f 663/5125 664/5126 672/5127
s 1
f 664/5128 665/5129 673/5130
s 1
f 665/5131 666/5132 674/5133
s 1
f 666/5134 659/5135 667/5136
s 1
f 667/5137 668/5138 676/5139
s 1
f 668/5140 669/5141 677/5142
s 1
f 669/5143 670/5144 678/5145
s 1
f 670/5146 671/5147 679/5148
s 1
f 671/5149 672/5150 680/5151
s 1
f 672/5152 673/5153 681/5154
s 1
f 673/5155 674/5156 682/5157
s 1
f 674/5158 667/5159 675/5160
s 1
f 675/5161 676/5162 684/5163
s 1
f 676/5164 677/5165 685/5166
s 1
f 677/5167 678/5168 686/5169
s 1
f 678/5170 679/5171 687/5172
s 1
f 679/5173 680/5174 688/5175
s 1
f 680/5176 681/5177 689/5178
s 1
f 681/5179 682/5180 690/5181
s 1
f 682/5182 675/5183 683/5184
s 1
f 683/5185 684/5186 692/5187
s 1
f 684/5188 685/5189 693/5190
s 1
f 685/5191 686/5192 694/5193
s 1
f 686/5194 687/5195 695/5196
s 1
f 687/5197 688/5198 696/5199
s 1
f 688/5200 689/5201 697/5202
s 1
f 689/5203 690/5204 698/5205
s 1
f 690/5206 683/5207 691/5208
s 1
f 691/5209 692/5210 700/5211
s 1
f 692/5212 693/5213 701/5214
s 1
f 693/5215 694/5216 702/5217
s 1
f 694/5218 695/5219 703/5220
s 1
f 695/5221 696/5222 704/5223
s 1
f 696/5224 697/5225 705/5226
s 1
f 697/5227 698/5228 706/5229
s 1
f 698/5230 691/5231 699/5232
s 1
f 700/5233 708/5234 707/5235
s 1
f 701/5236 709/5237 708/5238
s 1
f 702/5239 710/5240 709/5241
s 1
f 703/5242 711/5243 710/5244
s 1
f 704/5245 712/5246 711/5247
s 1
f 705/5248 713/5249 712/5250
s 1
f 706/5251 714/5252 713/5253
s 1
f 699/5254 707/5255 714/5256
s 1
f 708/5257 716/5258 715/5259
s 1
f 709/5260 717/5261 716/5262
s 1
f 710/5263 718/5264 717/5265
s 1
f 711/5266 719/5267 718/5268
s 1
f 712/5269 720/5270 719/5271
s 1
f 713/5272 721/5273 720/5274
s 1
f 714/5275 722/5276 721/5277
s 1
f 707/5278 715/5279 722/5280
s 1
f 715/5281 716/5282 724/5283
s 1
f 716/5284 717/5285 725/5286
s 1
f 717/5287 718/5288 726/5289
s 1
f 718/5290 719/5291 727/5292
s 1
f 719/5293 720/5294 728/5295
s 1
f 721/5296 729/5297 728/5298
s 1
f 722/5299 730/5300 729/5301
s 1
f 722/5302 715/5303 723/5304
s 1
f 723/5305 724/5306 732/5307
s 1
f 724/5308 725/5309 733/5310
s 1
f 725/5311 726/5312 734/5313
s 1
f 726/5314 727/5315 735/5316
s 1
f 727/5317 728/5318 736/5319
s 1
f 728/5320 729/5321 737/5322
s 1
f 729/5323 730/5324 738/5325
s 1
f 730/5326 723/5327 731/5328
s 1
f 731/5329 732/5330 740/5331
s 1
f 732/5332 733/5333 741/5334
s 1
f 733/5335 734/5336 742/5337
s 1
f 734/5338 735/5339 743/5340
s 1
f 735/5341 736/5342 744/5343
s 1
f 736/5344 737/5345 745/5346
s 1
f 737/5347 738/5348 746/5349
s 1
f 738/5350 731/5351 739/5352
s 1
f 739/5353 740/5354 748/5355
s 1
f 740/5356 741/5357 749/5358
s 1
f 741/5359 742/5360 750/5361
s 1
f 742/5362 743/5363 751/5364
s 1
f 743/5365 744/5366 752/5367
s 1
f 744/5368 745/5369 753/5370
s 1
f 745/5371 746/5372 754/5373
s 1
f 746/5374 739/5375 747/5376
s 1
f 747/5377 748/5378 756/5379
s 1
f 748/5380 749/5381 757/5382
s 1
f 749/5383 750/5384 758/5385
s 1
f 750/5386 751/5387 759/5388
s 1
f 751/5389 752/5390 760/5391
s 1
f 752/5392 753/5393 761/5394
s 1
f 753/5395 754/5396 762/5397
s 1
f 754/5398 747/5399 755/5400
s 1
f 755/5401 756/5402 764/5403
s 1
f 756/5404 757/5405 765/5406
s 1
f 757/5407 758/5408 766/5409
s 1
f 758/5410 759/5411 767/5412
s 1
f 759/5413 760/5414 768/5415
s 1
f 760/5416 761/5417 769/5418
s 1
f 761/5419 762/5420 770/5421
s 1
f 762/5422 755/5423 763/5424
s 1
f 763/5425 764/5426 772/5427
s 1
f 764/5428 765/5429 773/5430
s 1
f 765/5431 766/5432 774/5433
s 1
f 766/5434 767/5435 775/5436
s 1
f 767/5437 768/5438 776/5439
s 1
f 768/5440 769/5441 777/5442
s 1
f 769/5443 770/5444 778/5445
s 1
f 770/5446 763/5447 771/5448
s 1
f 771/5449 772/5450 780/5451
s 1
f 772/5452 773/5453 781/5454
s 1
f 773/5455 774/5456 782/5457
s 1
f 774/5458 775/5459 783/5460
s 1
f 775/5461 776/5462 784/5463
s 1
f 776/5464 777/5465 785/5466
s 1
f 777/5467 778/5468 786/5469
s 1
f 778/5470 771/5471 779/5472
s 1
f 779/5473 780/5474 788/5475
s 1
f 780/5476 781/5477 789/5478
s 1
f 781/5479 782/5480 790/5481
s 1
f 782/5482 783/5483 791/5484
s 1
f 783/5485 784/5486 792/5487
s 1
f 784/5488 785/5489 793/5490
s 1
f 785/5491 786/5492 794/5493
s 1
f 786/5494 779/5495 787/5496
s 1
f 787/5497 788/5498 796/5499
s 1
f 788/5500 789/5501 797/5502
s 1
f 789/5503 790/5504 798/5505
s 1
f 790/5506 791/5507 799/5508
s 1
f 791/5509 792/5510 800/5511
s 1
f 792/5512 793/5513 801/5514
s 1
f 793/5515 794/5516 802/5517
s 1
f 794/5518 787/5519 795/5520
s 1
f 795/5521 796/5522 804/5523
s 1
f 796/5524 797/5525 805/5526
s 1
f 797/5527 798/5528 806/5529
s 1
f 798/5530 799/5531 807/5532
s 1
f 799/5533 800/5534 808/5535
s 1
f 800/5536 801/5537 809/5538
s 1
f 801/5539 802/5540 810/5541
s 1
f 802/5542 795/5543 803/5544
s 1
f 803/5545 804/5546 812/5547
s 1
f 804/5548 805/5549 813/5550
s 1
f 805/5551 806/5552 814/5553
s 1
f 806/5554 807/5555 815/5556
s 1
f 807/5557 808/5558 816/5559
s 1
f 808/5560 809/5561 817/5562
s 1
f 809/5563 810/5564 818/5565
s 1
f 810/5566 803/5567 811/5568
s 1
f 811/5569 812/5570 820/5571
s 1
f 812/5572 813/5573 821/5574
s 1
f 813/5575 814/5576 822/5577
s 1
f 814/5578 815/5579 823/5580
s 1
f 815/5581 816/5582 824/5583
s 1
f 816/5584 817/5585 825/5586
s 1
f 817/5587 818/5588 826/5589
s 1
f 818/5590 811/5591 819/5592
s 1
f 819/5593 820/5594 828/5595
s 1
f 820/5596 821/5597 829/5598
s 1
f 821/5599 822/5600 830/5601
s 1
f 822/5602 823/5603 831/5604
s 1
f 823/5605 824/5606 832/5607
s 1
f 824/5608 825/5609 833/5610
s 1
f 825/5611 826/5612 834/5613
s 1
f 826/5614 819/5615 827/5616
s 1
f 827/5617 828/5618 836/5619
s 1
f 828/5620 829/5621 837/5622
s 1
f 830/5623 838/5624 837/5625
s 1
f 831/5626 839/5627 838/5628
s 1
f 832/5629 840/5630 839/5631
s 1
f 833/5632 841/5633 840/5634
s 1
f 834/5635 842/5636 841/5637
s 1
f 834/5638 827/5639 835/5640
s 1
f 836/5641 844/5642 843/5643
s 1
f 837/5644 845/5645 844/5646
s 1
f 838/5647 846/5648 845/5649
s 1
f 839/5650 847/5651 846/5652
s 1
f 840/5653 848/5654 847/5655
s 1
f 841/5656 849/5657 848/5658
s 1
f 842/5659 850/5660 849/5661
s 1
f 835/5662 843/5663 850/5664
s 1
f 844/5665 852/5666 851/5667
s 1
f 845/5668 853/5669 852/5670
s 1
f 846/5671 854/5672 853/5673
s 1
f 847/5674 855/5675 854/5676
s 1
f 848/5677 856/5678 855/5679
s 1
f 849/5680 857/5681 856/5682
s 1
f 850/5683 858/5684 857/5685
s 1
f 843/5686 851/5687 858/5688
s 1
f 852/5689 860/5690 859/5691
s 1
f 853/5692 861/5693 860/5694
s 1
f 854/5695 862/5696 861/5697
s 1
f 855/5698 863/5699 862/5700
s 1
f 856/5701 864/5702 863/5703
s 1
f 857/5704 865/5705 864/5706
s 1
f 858/5707 866/5708 865/5709
s 1
f 851/5710 859/5711 866/5712
s 1
f 860/5713 868/5714 867/5715
s 1
f 861/5716 869/5717 868/5718
s 1
f 862/5719 870/5720 869/5721
s 1
f 863/5722 871/5723 870/5724
s 1
f 864/5725 872/5726 871/5727
s 1
f 865/5728 873/5729 872/5730
s 1
f 866/5731 874/5732 873/5733
s 1
f 859/5734 867/5735 874/5736
s 1
f 868/5737 876/5738 875/5739
s 1
f 869/5740 877/5741 876/5742
s 1
f 870/5743 878/5744 877/5745
s 1
f 871/5746 879/5747 878/5748
s 1
f 872/5749 880/5750 879/5751
s 1
f 873/5752 881/5753 880/5754
s 1
f 874/5755 882/5756 881/5757
s 1
f 867/5758 875/5759 882/5760
s 1
f 876/5761 884/5762 883/5763
s 1
f 877/5764 885/5765 884/5766
s 1
f 878/5767 886/5768 885/5769
s 1
f 879/5770 887/5771 886/5772
s 1
f 880/5773 888/5774 887/5775
s 1
f 881/5776 889/5777 888/5778
s 1
f 882/5779 890/5780 889/5781
s 1
f 875/5782 883/5783 890/5784
s 1
f 884/5785 892/5786 891/5787
s 1
f 885/5788 893/5789 892/5790
s 1
f 886/5791 894/5792 893/5793
s 1
f 887/5794 895/5795 894/5796
s 1
f 888/5797 896/5798 895/5799
s 1
f 889/5800 897/5801 896/5802
s 1
f 890/5803 898/5804 897/5805
s 1
f 883/5806 891/5807 898/5808
s 1
f 892/5809 900/5810 899/5811
s 1
f 893/5812 901/5813 900/5814
s 1
f 894/5815 902/5816 901/5817
s 1
f 895/5818 903/5819 902/5820
s 1
f 896/5821 904/5822 903/5823
s 1
f 897/5824 905/5825 904/5826
s 1
f 898/5827 906/5828 905/5829
s 1
f 891/5830 899/5831 906/5832
s 1
f 900/5833 908/5834 907/5835
s 1
f 901/5836 909/5837 908/5838
s 1
f 902/5839 910/5840 909/5841
s 1
f 903/5842 911/5843 910/5844
s 1
f 904/5845 912/5846 911/5847
s 1
f 905/5848 913/5849 912/5850
s 1
f 906/5851 914/5852 913/5853
s 1
f 899/5854 907/5855 914/5856
s 1
f 908/5857 916/5858 915/5859
s 1
f 909/5860 917/5861 916/5862
s 1
f 910/5863 918/5864 917/5865
s 1
f 911/5866 919/5867 918/5868
s 1
f 912/5869 920/5870 919/5871
s 1
f 913/5872 921/5873 920/5874
s 1
f 914/5875 922/5876 921/5877
s 1
f 907/5878 915/5879 922/5880
s 1
f 916/5881 924/5882 923/5883
s 1
f 917/5884 925/5885 924/5886
s 1
f 918/5887 926/5888 925/5889
s 1
f 919/5890 927/5891 926/5892
s 1
f 920/5893 928/5894 927/5895
s 1
f 921/5896 929/5897 928/5898
s 1
f 922/5899 930/5900 929/5901
s 1
f 915/5902 923/5903 930/5904
s 1
f 924/5905 932/5906 931/5907
s 1
f 925/5908 933/5909 932/5910
s 1
f 926/5911 934/5912 933/5913
s 1
f 927/5914 935/5915 934/5916
s 1
f 928/5917 936/5918 935/5919
s 1
f 929/5920 937/5921 936/5922
s 1
f 930/5923 938/5924 937/5925
s 1
f 923/5926 931/5927 938/5928
s 1
f 931/5929 932/5930 940/5931
s 1
f 932/5932 933/5933 941/5934
s 1
f 934/5935 942/5936 941/5937
s 1
f 934/5938 935/5939 943/5940
s 1
f 936/5941 944/5942 943/5943
s 1
f 937/5944 945/5945 944/5946
s 1
f 937/5947 938/5948 946/5949
s 1
f 938/5950 931/5951 939/5952
s 1
f 940/5953 948/5954 947/5955
s 1
f 941/5956 949/5957 948/5958
s 1
f 942/5959 950/5960 949/5961
s 1
f 943/5962 951/5963 950/5964
s 1
f 944/5965 952/5966 951/5967
s 1
f 945/5968 953/5969 952/5970
s 1
f 946/5971 954/5972 953/5973
s 1
f 939/5974 947/5975 954/5976
s 1
f 948/5977 956/5978 955/5979
s 1
f 949/5980 957/5981 956/5982
s 1
f 950/5983 958/5984 957/5985
s 1
f 951/5986 959/5987 958/5988
s 1
f 952/5989 960/5990 959/5991
s 1
f 953/5992 961/5993 960/5994
s 1
f 954/5995 962/5996 961/5997
s 1
f 947/5998 955/5999 962/6000
s 1
f 956/6001 964/6002 963/6003
s 1
f 957/6004 965/6005 964/6006
s 1
f 958/6007 966/6008 965/6009
s 1
f 959/6010 967/6011 966/6012
s 1
f 960/6013 968/6014 967/6015
s 1
f 961/6016 969/6017 968/6018
s 1
f 962/6019 970/6020 969/6021
s 1
f 955/6022 963/6023 970/6024
s 1
f 964/6025 972/6026 971/6027
s 1
f 965/6028 973/6029 972/6030
s 1
f 966/6031 974/6032 973/6033
s 1
f 967/6034 975/6035 974/6036
s 1
f 968/6037 976/6038 975/6039
s 1
f 969/6040 977/6041 976/6042
s 1
f 970/6043 978/6044 977/6045
s 1
f 963/6046 971/6047 978/6048
s 1
f 972/6049 980/6050 979/6051
s 1
f 973/6052 981/6053 980/6054
s 1
f 974/6055 982/6056 981/6057
s 1
f 975/6058 983/6059 982/6060
s 1
f 976/6061 984/6062 983/6063
s 1
f 977/6064 985/6065 984/6066
s 1
f 978/6067 986/6068 985/6069
s 1
f 971/6070 979/6071 986/6072
s 1
f 980/6073 988/6074 987/6075
s 1
f 981/6076 989/6077 988/6078
s 1
f 982/6079 990/6080 989/6081
s 1
f 983/6082 991/6083 990/6084
s 1
f 984/6085 992/6086 991/6087
s 1
f 985/6088 993/6089 992/6090
s 1
f 986/6091 994/6092 993/6093
s 1
f 979/6094 987/6095 994/6096
s 1
f 988/6097 996/6098 995/6099
s 1
f 989/6100 997/6101 996/6102
s 1
f 990/6103 998/6104 997/6105
s 1
f 991/6106 999/6107 998/6108
s 1
f 992/6109 1000/6110 999/6111
s 1
f 993/6112 1001/6113 1000/6114
s 1
f 994/6115 1002/6116 1001/6117
s 1
f 987/6118 995/6119 1002/6120
s 1
f 996/6121 1004/6122 1003/6123
s 1
f 997/6124 1005/6125 1004/6126
s 1
f 998/6127 1006/6128 1005/6129
s 1
f 999/6130 1007/6131 1006/6132
s 1
f 1000/6133 1008/6134 1007/6135
s 1
f 1001/6136 1009/6137 1008/6138
s 1
f 1002/6139 1010/6140 1009/6141
s 1
f 995/6142 1003/6143 1010/6144
s 1
f 1004/6145 1012/6146 1011/6147
s 1
f 1005/6148 1013/6149 1012/6150
s 1
f 1006/6151 1014/6152 1013/6153
s 1
f 1007/6154 1015/6155 1014/6156
s 1
f 1008/6157 1016/6158 1015/6159
s 1
f 1009/6160 1017/6161 1016/6162
s 1
f 1010/6163 1018/6164 1017/6165
s 1
f 1003/6166 1011/6167 1018/6168
s 1
f 1012/6169 1020/6170 1019/6171
s 1
f 1013/6172 1021/6173 1020/6174
s 1
f 1014/6175 1022/6176 1021/6177
s 1
f 1015/6178 1023/6179 1022/6180
s 1
f 1016/6181 1024/6182 1023/6183
s 1
f 1017/6184 1025/6185 1024/6186
s 1
f 1018/6187 1026/6188 1025/6189
s 1
f 1011/6190 1019/6191 1026/6192
s 1
f 1020/6193 1028/6194 1027/6195
s 1
f 1021/6196 1029/6197 1028/6198
s 1
f 1022/6199 1030/6200 1029/6201
s 1
f 1023/6202 1031/6203 1030/6204
s 1
f 1024/6205 1032/6206 1031/6207
s 1
f 1025/6208 1033/6209 1032/6210
s 1
f 1026/6211 1034/6212 1033/6213
s 1
f 1019/6214 1027/6215 1034/6216
s 1
f 1028/6217 1036/6218 1035/6219
s 1
f 1029/6220 1037/6221 1036/6222
s 1
f 1030/6223 1038/6224 1037/6225
s 1
f 1031/6226 1039/6227 1038/6228
s 1
f 1032/6229 1040/6230 1039/6231
s 1
f 1033/6232 1041/6233 1040/6234
s 1
f 1034/6235 1042/6236 1041/6237
s 1
f 1027/6238 1035/6239 1042/6240
