# eclipse Wires_Wire.obj: Roblox cue frame, recentred on its bounding box
v -0.40117 0.00689 3.18695
v -0.38852 0.00344 3.18206
v -0.38735 -0.00344 3.16992
v -0.39883 -0.00689 3.16269
v -0.41148 -0.00344 3.16759
v -0.41265 0.00344 3.17972
v -0.39880 0.05038 3.16249
v -0.38619 0.04640 3.15789
v -0.38503 0.03943 3.14580
v -0.39647 0.03645 3.13831
v -0.40908 0.04042 3.14291
v -0.41025 0.04739 3.15500
v -0.39170 0.09347 3.13796
v -0.37927 0.08842 3.13396
v -0.37815 0.08126 3.12198
v -0.38945 0.07916 3.11399
v -0.40188 0.08421 3.11799
v -0.40301 0.09136 3.12997
v -0.37995 0.13558 3.11340
v -0.36782 0.12947 3.11001
v -0.36677 0.12208 3.09817
v -0.37786 0.12081 3.08971
v -0.38999 0.12692 3.09310
v -0.39103 0.13431 3.10494
v -0.36367 0.17623 3.08881
v -0.35196 0.16907 3.08604
v -0.35104 0.16140 3.07436
v -0.36183 0.16089 3.06545
v -0.37354 0.16805 3.06823
v -0.37446 0.17572 3.07990
v -0.34304 0.21492 3.06418
v -0.33187 0.20676 3.06203
v -0.33114 0.19877 3.05056
v -0.34158 0.19895 3.04123
v -0.35275 0.20711 3.04338
v -0.35348 0.21510 3.05486
v -0.31830 0.25119 3.03953
v -0.30779 0.24207 3.03801
v -0.30732 0.23375 3.02676
v -0.31736 0.23454 3.01704
v -0.32787 0.24366 3.01856
v -0.32835 0.25198 3.02981
v -0.28974 0.28460 3.01485
v -0.27998 0.27460 3.01395
v -0.27983 0.26593 3.00296
v -0.28945 0.26725 2.99287
v -0.29921 0.27725 2.99377
v -0.29935 0.28592 3.00476
v -0.25768 0.31475 2.99014
v -0.24877 0.30396 2.98987
v -0.24903 0.29493 2.97917
v -0.25820 0.29670 2.96874
v -0.26711 0.30750 2.96901
v -0.26685 0.31652 2.97971
v -0.22249 0.34128 2.96540
v -0.21451 0.32978 2.96576
v -0.21526 0.32042 2.95537
v -0.22398 0.32255 2.94463
v -0.23195 0.33405 2.94427
v -0.23121 0.34341 2.95466
v -0.18458 0.36385 2.94063
v -0.17761 0.35175 2.94162
v -0.17891 0.34208 2.93157
v -0.18720 0.34451 2.92055
v -0.19417 0.35661 2.91957
v -0.19286 0.36628 2.92961
v -0.14441 0.38220 2.91584
v -0.13849 0.36961 2.91745
v -0.14043 0.35968 2.90777
v -0.14829 0.36233 2.89650
v -0.15421 0.37492 2.89489
v -0.15227 0.38485 2.90456
v -0.10243 0.39609 2.89103
v -0.09761 0.38314 2.89325
v -0.10026 0.37300 2.88397
v -0.10773 0.37581 2.87247
v -0.11255 0.38876 2.87024
v -0.10990 0.39890 2.87953
v -0.05915 0.40536 2.86619
v -0.05545 0.39216 2.86902
v -0.05887 0.38187 2.86015
v -0.06599 0.38479 2.84846
v -0.06970 0.39799 2.84563
v -0.06628 0.40828 2.85449
v -0.01508 0.40988 2.84132
v -0.01250 0.39655 2.84476
v -0.01675 0.38621 2.83633
v -0.02357 0.38919 2.82448
v -0.02615 0.40251 2.82104
v -0.02190 0.41286 2.82947
v 0.02926 0.40959 2.81644
v 0.03073 0.39626 2.82046
v 0.02561 0.38594 2.81250
v 0.01904 0.38895 2.80051
v 0.01758 0.40228 2.79649
v 0.02269 0.41260 2.80445
v 0.07335 0.40449 2.79153
v 0.07373 0.39127 2.79614
v 0.06772 0.38108 2.78866
v 0.06133 0.38409 2.77658
v 0.06096 0.39731 2.77196
v 0.06697 0.40750 2.77944
v 0.11666 0.39462 2.76661
v 0.11599 0.38163 2.77179
v 0.10907 0.37166 2.76481
v 0.10281 0.37468 2.75266
v 0.10349 0.38767 2.74747
v 0.11041 0.39764 2.75445
v 0.15868 0.38011 2.74166
v 0.15701 0.36745 2.74740
v 0.14917 0.35781 2.74095
v 0.14300 0.36083 2.72875
v 0.14466 0.37349 2.72301
v 0.15250 0.38313 2.72946
v 0.19890 0.36110 2.71670
v 0.19631 0.34887 2.72298
v 0.18756 0.33967 2.71707
v 0.18141 0.34272 2.70487
v 0.18400 0.35495 2.69858
v 0.19275 0.36415 2.70450
v 0.23685 0.33784 2.69172
v 0.23341 0.32610 2.69853
v 0.22379 0.31746 2.69318
v 0.21760 0.32055 2.68101
v 0.22104 0.33229 2.67419
v 0.23066 0.34093 2.67954
v 0.27207 0.31057 2.66672
v 0.26787 0.29941 2.67405
v 0.25741 0.29142 2.66927
v 0.25115 0.29460 2.65716
v 0.25535 0.30577 2.64983
v 0.26581 0.31375 2.65461
v 0.30414 0.27963 2.64171
v 0.29928 0.26909 2.64953
v 0.28804 0.26187 2.64534
v 0.28167 0.26518 2.63332
v 0.28654 0.27572 2.62549
v 0.29777 0.28294 2.62969
v 0.33268 0.24538 2.61668
v 0.32724 0.23551 2.62499
v 0.31531 0.22913 2.62139
v 0.30881 0.23263 2.60950
v 0.31424 0.24251 2.60120
v 0.32618 0.24888 2.60479
v 0.35734 0.20822 2.59165
v 0.35144 0.19903 2.60041
v 0.33888 0.19360 2.59743
v 0.33224 0.19735 2.58569
v 0.33814 0.20653 2.57693
v 0.35069 0.21197 2.57991
v 0.37783 0.16859 2.56660
v 0.37156 0.16010 2.57579
v 0.35848 0.15567 2.57344
v 0.35169 0.15974 2.56189
v 0.35796 0.16823 2.55270
v 0.37103 0.17266 2.55505
v 0.39390 0.12697 2.54154
v 0.38735 0.11916 2.55114
v 0.37387 0.11580 2.54942
v 0.36694 0.12025 2.53810
v 0.37349 0.12805 2.52850
v 0.38697 0.13141 2.53022
v 0.40537 0.08384 2.51648
v 0.39863 0.07670 2.52647
v 0.38486 0.07445 2.52538
v 0.37782 0.07934 2.51432
v 0.38455 0.08648 2.50433
v 0.39832 0.08873 2.50541
v 0.41208 0.03971 2.49141
v 0.40525 0.03320 2.50175
v 0.39130 0.03210 2.50132
v 0.38418 0.03750 2.49054
v 0.39101 0.04401 2.48020
v 0.40496 0.04511 2.48063
v 0.41397 -0.00488 2.46634
v 0.40711 -0.01080 2.47701
v 0.39311 -0.01076 2.47723
v 0.38597 -0.00479 2.46677
v 0.39283 0.00114 2.45610
v 0.40683 0.00109 2.45588
v 0.41101 -0.04941 2.44126
v 0.40419 -0.05480 2.45224
v 0.39026 -0.05361 2.45310
v 0.38316 -0.04702 2.44300
v 0.38998 -0.04163 2.43202
v 0.40390 -0.04282 2.43116
v 0.40323 -0.09335 2.41619
v 0.39650 -0.09828 2.42743
v 0.38277 -0.09595 2.42895
v 0.37578 -0.08870 2.41923
v 0.38251 -0.08378 2.40798
v 0.39624 -0.08610 2.40646
v 0.39073 -0.13618 2.39111
v 0.38412 -0.14071 2.40260
v 0.37072 -0.13729 2.40477
v 0.36392 -0.12934 2.39546
v 0.37053 -0.12482 2.38397
v 0.38393 -0.12824 2.38180
v 0.37365 -0.17739 2.36604
v 0.36720 -0.18159 2.37773
v 0.35423 -0.17713 2.38055
v 0.34772 -0.16847 2.37168
v 0.35418 -0.16428 2.35999
v 0.36714 -0.16873 2.35717
v 0.35222 -0.21648 2.34097
v 0.34592 -0.22043 2.35284
v 0.33349 -0.21500 2.35630
v 0.32736 -0.20563 2.34790
v 0.33366 -0.20168 2.33604
v 0.34609 -0.20711 2.33257
v 0.32668 -0.25301 2.31592
v 0.32053 -0.25677 2.32792
v 0.30872 -0.25045 2.33202
v 0.30307 -0.24037 2.32411
v 0.30922 -0.23661 2.31211
v 0.32102 -0.24293 2.30801
v 0.29733 -0.28652 2.29087
v 0.29131 -0.29016 2.30297
v 0.28022 -0.28305 2.30770
v 0.27515 -0.27229 2.30031
v 0.28116 -0.26865 2.28821
v 0.29226 -0.27576 2.28349
v 0.26454 -0.31663 2.26584
v 0.25862 -0.32022 2.27801
v 0.24830 -0.31240 2.28334
v 0.24390 -0.30101 2.27650
v 0.24982 -0.29742 2.26433
v 0.26014 -0.30524 2.25900
v 0.22870 -0.34299 2.24081
v 0.22284 -0.34657 2.25301
v 0.21334 -0.33816 2.25895
v 0.20971 -0.32618 2.25268
v 0.21557 -0.32261 2.24048
v 0.22507 -0.33101 2.23455
v 0.19024 -0.36529 2.21581
v 0.18437 -0.36889 2.22800
v 0.17573 -0.36001 2.23451
v 0.17296 -0.34752 2.22883
v 0.17882 -0.34391 2.21664
v 0.18746 -0.35280 2.21013
v 0.14961 -0.38326 2.19083
v 0.14369 -0.38692 2.20297
v 0.13592 -0.37767 2.21005
v 0.13408 -0.36475 2.20497
v 0.14000 -0.36109 2.19283
v 0.14776 -0.37034 2.18575
v 0.10730 -0.39671 2.16586
v 0.10126 -0.40044 2.17793
v 0.09437 -0.39092 2.18554
v 0.09352 -0.37768 2.18109
v 0.09956 -0.37394 2.16903
v 0.10646 -0.38346 2.16141
v 0.06383 -0.40547 2.14092
v 0.05760 -0.40927 2.15287
v 0.05156 -0.39961 2.16100
v 0.05176 -0.38614 2.15719
v 0.05800 -0.38233 2.14524
v 0.06403 -0.39200 2.13711
v 0.01970 -0.40946 2.11601
v 0.01321 -0.41331 2.12779
v 0.00800 -0.40359 2.13642
v 0.00929 -0.39002 2.13326
v 0.01578 -0.38616 2.12147
v 0.02099 -0.39588 2.11284
v -0.02455 -0.40863 2.09112
v -0.03137 -0.41251 2.10271
v -0.03580 -0.40283 2.11180
v -0.03340 -0.38927 2.10930
v -0.02658 -0.38538 2.09770
v -0.02215 -0.39507 2.08861
v -0.06840 -0.40301 2.06625
v -0.07561 -0.40688 2.07762
v -0.07931 -0.39731 2.08715
v -0.07580 -0.38388 2.08531
v -0.06859 -0.38002 2.07395
v -0.06489 -0.38959 2.06442
v -0.11134 -0.39268 2.04142
v -0.11899 -0.39647 2.05252
v -0.12202 -0.38708 2.06246
v -0.11741 -0.37392 2.06130
v -0.10977 -0.37013 2.05020
v -0.10673 -0.37951 2.04026
v -0.15286 -0.37777 2.01662
v -0.16099 -0.38141 2.02743
v -0.16343 -0.37226 2.03774
v -0.15775 -0.35948 2.03725
v -0.14962 -0.35584 2.02645
v -0.14718 -0.36498 2.01614
v -0.19246 -0.35846 1.99186
v -0.20110 -0.36187 2.00233
v -0.20303 -0.35300 2.01299
v -0.19632 -0.34072 2.01317
v -0.18768 -0.33730 2.00270
v -0.18575 -0.34617 1.99204
v -0.22969 -0.33499 1.96712
v -0.23886 -0.33810 1.97723
v -0.24036 -0.32953 1.98820
v -0.23268 -0.31786 1.98906
v -0.22351 -0.31475 1.97895
v -0.22202 -0.32332 1.96798
v -0.26411 -0.30766 1.94242
v -0.27382 -0.31037 1.95214
v -0.27495 -0.30211 1.96339
v -0.26639 -0.29115 1.96492
v -0.25668 -0.28844 1.95520
v -0.25554 -0.29669 1.94395
v -0.29532 -0.27680 1.91776
v -0.30555 -0.27902 1.92706
v -0.30640 -0.27106 1.93855
v -0.29703 -0.26090 1.94074
v -0.28681 -0.25868 1.93144
v -0.28595 -0.26663 1.91995
v -0.32296 -0.24278 1.89312
v -0.33368 -0.24441 1.90198
v -0.33433 -0.23675 1.91368
v -0.32425 -0.22745 1.91652
v -0.31353 -0.22582 1.90767
v -0.31289 -0.23348 1.89597
v -0.34671 -0.20601 1.86853
v -0.35789 -0.20697 1.87691
v -0.35838 -0.19956 1.88878
v -0.34771 -0.19120 1.89227
v -0.33654 -0.19024 1.88388
v -0.33604 -0.19765 1.87202
v -0.36631 -0.16694 1.84397
v -0.37788 -0.16713 1.85186
v -0.37828 -0.15994 1.86387
v -0.36712 -0.15255 1.86798
v -0.35556 -0.15236 1.86009
v -0.35515 -0.15955 1.84809
v -0.38154 -0.12603 1.81945
v -0.39342 -0.12538 1.82682
v -0.39377 -0.11836 1.83893
v -0.38224 -0.11198 1.84366
v -0.37036 -0.11262 1.83628
v -0.37001 -0.11965 1.82418
v -0.39222 -0.08376 1.79496
v -0.40433 -0.08221 1.80180
v -0.40466 -0.07530 1.81397
v -0.39288 -0.06994 1.81930
v -0.38076 -0.07149 1.81246
v -0.38043 -0.07840 1.80029
v -0.39825 -0.04065 1.77051
v -0.41050 -0.03814 1.77680
v -0.41082 -0.03128 1.78900
v -0.39889 -0.02693 1.79491
v -0.38664 -0.02945 1.78861
v -0.38632 -0.03631 1.77641
v -0.39956 0.00280 1.74609
v -0.41184 0.00632 1.75182
v -0.41216 0.01319 1.76401
v -0.40021 0.01654 1.77048
v -0.38793 0.01302 1.76475
v -0.38760 0.00615 1.75256
v -0.39616 0.04607 1.72171
v -0.40835 0.05062 1.72685
v -0.40867 0.05756 1.73901
v -0.39679 0.05995 1.74602
v -0.38459 0.05540 1.74087
v -0.38427 0.04846 1.72871
v -0.38809 0.08866 1.69736
v -0.40009 0.09425 1.70191
v -0.40037 0.10132 1.71399
v -0.38866 0.10280 1.72152
v -0.37666 0.09720 1.71696
v -0.37638 0.09013 1.70488
v -0.37548 0.13006 1.67304
v -0.38715 0.13670 1.67699
v -0.38737 0.14395 1.68897
v -0.37591 0.14456 1.69699
v -0.36423 0.13793 1.69303
v -0.36402 0.13068 1.68106
v -0.35847 0.16980 1.64876
v -0.36970 0.17745 1.65210
v -0.36981 0.18493 1.66394
v -0.35868 0.18476 1.67243
v -0.34744 0.17710 1.66908
v -0.34734 0.16962 1.65725
v -0.33727 0.20740 1.62451
v -0.34795 0.21604 1.62723
v -0.34789 0.22378 1.63890
v -0.33715 0.22289 1.64783
v -0.32647 0.21426 1.64510
v -0.32653 0.20651 1.63344
v -0.31216 0.24244 1.60028
v -0.32217 0.25200 1.60239
v -0.32188 0.26003 1.61385
v -0.31158 0.25851 1.62321
v -0.30157 0.24895 1.62110
v -0.30186 0.24092 1.60964
v -0.28344 0.27450 1.57609
v -0.29267 0.28492 1.57757
v -0.29208 0.29326 1.58880
v -0.28225 0.29118 1.59855
v -0.27301 0.28077 1.59707
v -0.27360 0.27243 1.58584
v -0.25144 0.30322 1.55193
v -0.25981 0.31441 1.55278
v -0.25885 0.32306 1.56375
v -0.24951 0.32052 1.57387
v -0.24113 0.30933 1.57301
v -0.24210 0.30068 1.56205
v -0.21657 0.32827 1.52780
v -0.22399 0.34014 1.52802
v -0.22257 0.34908 1.53870
v -0.21373 0.34616 1.54915
v -0.20630 0.33429 1.54893
v -0.20772 0.32534 1.53825
v -0.17922 0.34936 1.50369
v -0.18563 0.36180 1.50329
v -0.18368 0.37101 1.51365
v -0.17533 0.36778 1.52441
v -0.16893 0.35534 1.52482
v -0.17087 0.34613 1.51446
v -0.13986 0.36625 1.47961
v -0.14519 0.37915 1.47859
v -0.14264 0.38860 1.48860
v -0.13477 0.38514 1.49965
v -0.12943 0.37223 1.50067
v -0.13198 0.36279 1.49066
v -0.09894 0.37875 1.45556
v -0.10316 0.39200 1.45391
v -0.09995 0.40162 1.46356
v -0.09251 0.39800 1.47485
v -0.08829 0.38475 1.47650
v -0.09151 0.37513 1.46686
v -0.05696 0.38673 1.43153
v -0.06004 0.40020 1.42927
v -0.05609 0.40994 1.43852
v -0.04906 0.40621 1.45004
v -0.04597 0.39274 1.45230
v -0.04992 0.38301 1.44305
v -0.01440 0.39011 1.40753
v -0.01634 0.40367 1.40465
v -0.01161 0.41345 1.41349
v -0.00493 0.40966 1.42519
v -0.00299 0.39610 1.42807
v -0.00772 0.38632 1.41923
v 0.02823 0.38884 1.38355
v 0.02742 0.40238 1.38007
v 0.03298 0.41211 1.38846
v 0.03935 0.40830 1.40033
v 0.04017 0.39476 1.40381
v 0.03461 0.38503 1.39541
v 0.07043 0.38296 1.35959
v 0.07072 0.39635 1.35552
v 0.07714 0.40594 1.36345
v 0.08327 0.40214 1.37544
v 0.08298 0.38874 1.37951
v 0.07656 0.37916 1.37158
v 0.11170 0.37254 1.33565
v 0.11306 0.38568 1.33100
v 0.12035 0.39502 1.33844
v 0.12630 0.39123 1.35053
v 0.12495 0.37810 1.35519
v 0.11765 0.36875 1.34774
v 0.15157 0.35772 1.31173
v 0.15393 0.37049 1.30651
v 0.16210 0.37949 1.31345
v 0.16792 0.37572 1.32561
v 0.16556 0.36294 1.33083
v 0.15739 0.35394 1.32389
v 0.18956 0.33867 1.28783
v 0.19286 0.35098 1.28205
v 0.20190 0.35953 1.28846
v 0.20765 0.35576 1.30066
v 0.20435 0.34344 1.30644
v 0.19531 0.33490 1.30003
v 0.22523 0.31562 1.26395
v 0.22939 0.32740 1.25762
v 0.23927 0.33538 1.26350
v 0.24500 0.33159 1.27569
v 0.24084 0.31982 1.28202
v 0.23096 0.31183 1.27615
v 0.25816 0.28886 1.24009
v 0.26309 0.30002 1.23323
v 0.27378 0.30735 1.23854
v 0.27953 0.30350 1.25071
v 0.27460 0.29233 1.25757
v 0.26392 0.28501 1.25225
v 0.28798 0.25869 1.21624
v 0.29358 0.26919 1.20887
v 0.30501 0.27575 1.21361
v 0.31083 0.27181 1.22572
v 0.30522 0.26131 1.23308
v 0.29380 0.25475 1.22834
v 0.31433 0.22548 1.19240
v 0.32051 0.23528 1.18454
v 0.33261 0.24098 1.18869
v 0.33852 0.23689 1.20070
v 0.33234 0.22709 1.20857
v 0.32024 0.22139 1.20442
v 0.33691 0.18963 1.16858
v 0.34357 0.19870 1.16025
v 0.35624 0.20346 1.16379
v 0.36226 0.19916 1.17568
v 0.35561 0.19009 1.18401
v 0.34293 0.18533 1.18047
v 0.35546 0.15155 1.14477
v 0.36248 0.15988 1.13598
v 0.37565 0.16363 1.13892
v 0.38178 0.15906 1.15064
v 0.37476 0.15073 1.15943
v 0.36159 0.14698 1.15650
v 0.36975 0.11169 1.12097
v 0.37706 0.11929 1.11175
v 0.39060 0.12197 1.11406
v 0.39684 0.11706 1.12559
v 0.38954 0.10947 1.13481
v 0.37600 0.10679 1.13251
v 0.37964 0.07053 1.09718
v 0.38712 0.07741 1.08756
v 0.40093 0.07898 1.08923
v 0.40726 0.07367 1.10054
v 0.39978 0.06680 1.11017
v 0.38597 0.06522 1.10849
v 0.38499 0.02854 1.07340
v 0.39257 0.03474 1.06339
v 0.40652 0.03517 1.06443
v 0.41290 0.02940 1.07547
v 0.40533 0.02321 1.08548
v 0.39137 0.02278 1.08445
v 0.38576 -0.01377 1.04963
v 0.39335 -0.00821 1.03926
v 0.40733 -0.00894 1.03965
v 0.41371 -0.01522 1.05040
v 0.40612 -0.02078 1.06077
v 0.39215 -0.02006 1.06038
v 0.38193 -0.05592 1.02585
v 0.38947 -0.05094 1.01516
v 0.40334 -0.05282 1.01490
v 0.40967 -0.05967 1.02533
v 0.40214 -0.06465 1.03603
v 0.38827 -0.06278 1.03629
v 0.37355 -0.09741 1.00208
v 0.38098 -0.09294 0.99109
v 0.39462 -0.09595 0.99017
v 0.40083 -0.10342 1.00025
v 0.39341 -0.10788 1.01125
v 0.37976 -0.10488 1.01216
v 0.36071 -0.13774 0.97831
v 0.36799 -0.13373 0.96705
v 0.38129 -0.13783 0.96548
v 0.38730 -0.14594 0.97518
v 0.38002 -0.14996 0.98644
v 0.36673 -0.14586 0.98801
v 0.34357 -0.17646 0.95454
v 0.35067 -0.17282 0.94304
v 0.36351 -0.17796 0.94082
v 0.36924 -0.18673 0.95010
v 0.36213 -0.19037 0.96160
v 0.34930 -0.18524 0.96382
v 0.32232 -0.21310 0.93077
v 0.32924 -0.20976 0.91906
v 0.34150 -0.21586 0.91619
v 0.34685 -0.22531 0.92503
v 0.33994 -0.22865 0.93674
v 0.32767 -0.22255 0.93960
v 0.29721 -0.24723 0.90699
v 0.30394 -0.24411 0.89511
v 0.31555 -0.25111 0.89160
v 0.32043 -0.26122 0.89997
v 0.31370 -0.26433 0.91184
v 0.30209 -0.25734 0.91535
v 0.26854 -0.27844 0.88320
v 0.27510 -0.27549 0.87119
v 0.28596 -0.28329 0.86704
v 0.29027 -0.29403 0.87491
v 0.28371 -0.29699 0.88692
v 0.27285 -0.28919 0.89106
v 0.23663 -0.30638 0.85940
v 0.24305 -0.30352 0.84729
v 0.25310 -0.31202 0.84252
v 0.25675 -0.32336 0.84986
v 0.25033 -0.32622 0.86197
v 0.24027 -0.31773 0.86674
v 0.20186 -0.33071 0.83558
v 0.20817 -0.32789 0.82341
v 0.21737 -0.33697 0.81803
v 0.22026 -0.34887 0.82483
v 0.21394 -0.35168 0.83700
v 0.20474 -0.34260 0.84238
v 0.16462 -0.35113 0.81176
v 0.17089 -0.34832 0.79956
v 0.17919 -0.35787 0.79358
v 0.18124 -0.37024 0.79981
v 0.17498 -0.37306 0.81201
v 0.16667 -0.36350 0.81798
v 0.12537 -0.36741 0.78791
v 0.13163 -0.36456 0.77572
v 0.13903 -0.37448 0.76917
v 0.14016 -0.38724 0.77481
v 0.13389 -0.39009 0.78700
v 0.12650 -0.38017 0.79355
v 0.08454 -0.37934 0.76405
v 0.09088 -0.37644 0.75191
v 0.09736 -0.38661 0.74480
v 0.09751 -0.39967 0.74982
v 0.09117 -0.40257 0.76197
v 0.08469 -0.39240 0.76908
v 0.04263 -0.38678 0.74017
v 0.04910 -0.38382 0.72811
v 0.05469 -0.39413 0.72046
v 0.05380 -0.40739 0.72486
v 0.04733 -0.41034 0.73692
v 0.04174 -0.40004 0.74457
v 0.00011 -0.38963 0.71626
v 0.00679 -0.38663 0.70433
v 0.01151 -0.39697 0.69616
v 0.00955 -0.41031 0.69992
v 0.00288 -0.41331 0.71186
v -0.00184 -0.40297 0.72003
v -0.04250 -0.38785 0.69233
v -0.03556 -0.38483 0.68055
v -0.03166 -0.39512 0.67189
v -0.03471 -0.40842 0.67501
v -0.04166 -0.41144 0.68678
v -0.04555 -0.40115 0.69544
v -0.08472 -0.38144 0.66837
v -0.07744 -0.37845 0.65679
v -0.07431 -0.38859 0.64767
v -0.07846 -0.40174 0.65012
v -0.08574 -0.40473 0.66170
v -0.08887 -0.39459 0.67082
v -0.12603 -0.37049 0.64438
v -0.11837 -0.36756 0.63304
v -0.11594 -0.37750 0.62348
v -0.12118 -0.39036 0.62526
v -0.12884 -0.39328 0.63661
v -0.13127 -0.38335 0.64617
v -0.16596 -0.35509 0.62037
v -0.15787 -0.35230 0.60929
v -0.15607 -0.36197 0.59932
v -0.16237 -0.37443 0.60043
v -0.17046 -0.37722 0.61151
v -0.17226 -0.36755 0.62148
v -0.20403 -0.33543 0.59632
v -0.19548 -0.33285 0.58554
v -0.19423 -0.34221 0.57520
v -0.20154 -0.35414 0.57564
v -0.21009 -0.35672 0.58642
v -0.21134 -0.34737 0.59676
v -0.23978 -0.31173 0.57224
v -0.23075 -0.30944 0.56179
v -0.22997 -0.31845 0.55111
v -0.23823 -0.32976 0.55087
v -0.24726 -0.33205 0.56132
v -0.24804 -0.32303 0.57200
v -0.27280 -0.28425 0.54812
v -0.26327 -0.28234 0.53804
v -0.26288 -0.29100 0.52705
v -0.27202 -0.30157 0.52614
v -0.28154 -0.30348 0.53622
v -0.28193 -0.29482 0.54721
v -0.30267 -0.25330 0.52397
v -0.29267 -0.25186 0.51428
v -0.29259 -0.26017 0.50302
v -0.30251 -0.26992 0.50144
v -0.31251 -0.27136 0.51113
v -0.31259 -0.26305 0.52240
v -0.32904 -0.21925 0.49979
v -0.31858 -0.21837 0.49052
v -0.31874 -0.22635 0.47902
v -0.32935 -0.23520 0.47678
v -0.33980 -0.23608 0.48605
v -0.33965 -0.22811 0.49755
v -0.35159 -0.18249 0.47557
v -0.34072 -0.18226 0.46675
v -0.34104 -0.18992 0.45504
v -0.35224 -0.19782 0.45215
v -0.36310 -0.19805 0.46097
v -0.36278 -0.19039 0.47268
v -0.37003 -0.14344 0.45132
v -0.35881 -0.14394 0.44297
v -0.35924 -0.15134 0.43109
v -0.37091 -0.15823 0.42756
v -0.38213 -0.15773 0.43591
v -0.38170 -0.15034 0.44779
v -0.38415 -0.10257 0.42703
v -0.37264 -0.10388 0.41917
v -0.37314 -0.11105 0.40716
v -0.38515 -0.11691 0.40300
v -0.39667 -0.11560 0.41086
v -0.39617 -0.10843 0.42287
v -0.39376 -0.06034 0.40270
v -0.38204 -0.06253 0.39536
v -0.38257 -0.06953 0.38325
v -0.39482 -0.07435 0.37848
v -0.40654 -0.07216 0.38582
v -0.40601 -0.06516 0.39793
v -0.39873 -0.01726 0.37834
v -0.38690 -0.02038 0.37154
v -0.38744 -0.02727 0.35936
v -0.39981 -0.03104 0.35400
v -0.41164 -0.02793 0.36080
v -0.41110 -0.02103 0.37297
v -0.39900 0.02617 0.35395
v -0.38716 0.02208 0.34769
v -0.38769 0.01523 0.33549
v -0.40007 0.01248 0.32955
v -0.41190 0.01657 0.33580
v -0.41137 0.02342 0.34800
v -0.39454 0.06943 0.32951
v -0.38281 0.06434 0.32383
v -0.38334 0.05748 0.31164
v -0.39561 0.05571 0.30513
v -0.40735 0.06081 0.31082
v -0.40681 0.06767 0.32301
v -0.38539 0.11202 0.30505
v -0.37388 0.10590 0.29994
v -0.37444 0.09897 0.28779
v -0.38651 0.09815 0.28075
v -0.39802 0.10426 0.28585
v -0.39746 0.11119 0.29800
v -0.37166 0.15341 0.28055
v -0.36048 0.14629 0.27604
v -0.36109 0.13923 0.26396
v -0.37287 0.13929 0.25640
v -0.38405 0.14641 0.26091
v -0.38344 0.15347 0.27299
v -0.35349 0.19313 0.25602
v -0.34276 0.18501 0.25211
v -0.34346 0.17778 0.24014
v -0.35488 0.17865 0.23209
v -0.36560 0.18676 0.23600
v -0.36490 0.19400 0.24796
v -0.33107 0.23068 0.23145
v -0.32093 0.22162 0.22815
v -0.32177 0.21417 0.21633
v -0.33276 0.21578 0.20781
v -0.34290 0.22484 0.21111
v -0.34206 0.23229 0.22293
v -0.30468 0.26563 0.20686
v -0.29522 0.25567 0.20417
v -0.29626 0.24798 0.19252
v -0.30677 0.25024 0.18356
v -0.31624 0.26020 0.18624
v -0.31519 0.26790 0.19789
v -0.27461 0.29755 0.18223
v -0.26593 0.28676 0.18017
v -0.26725 0.27880 0.16872
v -0.27724 0.28164 0.15934
v -0.28592 0.29243 0.16140
v -0.28461 0.30038 0.17284
v -0.24121 0.32605 0.15757
v -0.23341 0.31451 0.15614
v -0.23507 0.30629 0.14493
v -0.24452 0.30961 0.13515
v -0.25232 0.32115 0.13658
v -0.25066 0.32937 0.14780
v -0.20486 0.35079 0.13289
v -0.19802 0.33860 0.13208
v -0.20010 0.33012 0.12113
v -0.20901 0.33384 0.11099
v -0.21585 0.34603 0.11180
v -0.21377 0.35450 0.12275
v -0.16600 0.37146 0.10817
v -0.16019 0.35872 0.10799
v -0.16275 0.35001 0.09734
v -0.17112 0.35404 0.08686
v -0.17693 0.36678 0.08704
v -0.17437 0.37549 0.09769
v -0.12507 0.38781 0.08343
v -0.12035 0.37464 0.08388
v -0.12347 0.36573 0.07354
v -0.13132 0.36999 0.06276
v -0.13604 0.38316 0.06231
v -0.13292 0.39207 0.07264
v -0.08256 0.39964 0.05866
v -0.07896 0.38615 0.05973
v -0.08272 0.37709 0.04974
v -0.09007 0.38151 0.03868
v -0.09367 0.39500 0.03761
v -0.08991 0.40406 0.04760
v -0.03897 0.40679 0.03386
v -0.03652 0.39311 0.03556
v -0.04096 0.38396 0.02594
v -0.04786 0.38849 0.01463
v -0.05031 0.40217 0.01293
v -0.04586 0.41132 0.02255
v 0.00519 0.40917 0.00904
v 0.00649 0.39542 0.01135
v 0.00130 0.38625 0.00213
v -0.00519 0.39083 -0.00940
v -0.00649 0.40458 -0.01171
v -0.00130 0.41375 -0.00249
v 0.04939 0.40674 -0.01580
v 0.04954 0.39305 -0.01288
v 0.04357 0.38395 -0.02168
v 0.03744 0.38854 -0.03340
v 0.03728 0.40223 -0.03632
v 0.04326 0.41133 -0.02752
v 0.09311 0.39952 -0.04067
v 0.09215 0.38600 -0.03715
v 0.08535 0.37706 -0.04550
v 0.07952 0.38163 -0.05738
v 0.08048 0.39515 -0.06090
v 0.08727 0.40409 -0.05254
v 0.13582 0.38759 -0.06555
v 0.13379 0.37436 -0.06144
v 0.12616 0.36567 -0.06934
v 0.12057 0.37021 -0.08134
v 0.12260 0.38344 -0.08545
v 0.13023 0.39213 -0.07756
v 0.17703 0.37108 -0.09046
v 0.17398 0.35825 -0.08577
v 0.16551 0.34992 -0.09318
v 0.16009 0.35442 -0.10528
v 0.16314 0.36725 -0.10997
v 0.17161 0.37558 -0.10256
v 0.21623 0.35018 -0.11539
v 0.21223 0.33784 -0.11013
v 0.20294 0.32997 -0.11703
v 0.19764 0.33444 -0.12919
v 0.20164 0.34678 -0.13446
v 0.21093 0.35465 -0.12756
v 0.25296 0.32514 -0.14034
v 0.24809 0.31337 -0.13452
v 0.23800 0.30607 -0.14089
v 0.23277 0.31052 -0.15309
v 0.23764 0.32229 -0.15891
v 0.24773 0.32960 -0.15254
v 0.28678 0.29623 -0.16531
v 0.28114 0.28512 -0.15894
v 0.27028 0.27848 -0.16477
v 0.26507 0.28296 -0.17697
v 0.27071 0.29407 -0.18334
v 0.28157 0.30071 -0.17750
v 0.31729 0.26381 -0.19029
v 0.31096 0.25340 -0.18340
v 0.29940 0.24752 -0.18867
v 0.29416 0.25206 -0.20084
v 0.30049 0.26248 -0.20773
v 0.31206 0.26835 -0.20246
v 0.34411 0.22825 -0.21529
v 0.33720 0.21858 -0.20788
v 0.32501 0.21357 -0.21258
v 0.31972 0.21821 -0.22468
v 0.32663 0.22788 -0.23209
v 0.33882 0.23290 -0.22739
v 0.36693 0.18997 -0.24030
v 0.35954 0.18108 -0.23240
v 0.34680 0.17700 -0.23651
v 0.34144 0.18181 -0.24852
v 0.34882 0.19070 -0.25641
v 0.36157 0.19478 -0.25231
v 0.38547 0.14942 -0.26533
v 0.37771 0.14131 -0.25696
v 0.36451 0.13824 -0.26046
v 0.35906 0.14328 -0.27234
v 0.36682 0.15139 -0.28071
v 0.38002 0.15446 -0.27720
v 0.39950 0.10709 -0.29036
v 0.39147 0.09976 -0.28154
v 0.37792 0.09775 -0.28443
v 0.37240 0.10308 -0.29614
v 0.38043 0.11041 -0.30497
v 0.39398 0.11241 -0.30208
v 0.40886 0.06347 -0.31541
v 0.40066 0.05690 -0.30616
v 0.38687 0.05601 -0.30843
v 0.38129 0.06168 -0.31994
v 0.38949 0.06825 -0.32919
v 0.40328 0.06914 -0.32693
v 0.41344 0.01908 -0.34047
v 0.40515 0.01324 -0.33081
v 0.39125 0.01349 -0.33244
v 0.38563 0.01957 -0.34373
v 0.39391 0.02541 -0.35339
v 0.40782 0.02517 -0.35176
v 0.41317 -0.02555 -0.36554
v 0.40488 -0.03071 -0.35550
v 0.39098 -0.02931 -0.35649
v 0.38538 -0.02275 -0.36751
v 0.39366 -0.01760 -0.37755
v 0.40756 -0.01900 -0.37656
v 0.40805 -0.06989 -0.39061
v 0.39984 -0.07442 -0.38021
v 0.38607 -0.07187 -0.38055
v 0.38053 -0.06480 -0.39129
v 0.38874 -0.06027 -0.40168
v 0.40251 -0.06282 -0.40134
v 0.39816 -0.11341 -0.41568
v 0.39007 -0.11737 -0.40496
v 0.37656 -0.11370 -0.40465
v 0.37115 -0.10607 -0.41506
v 0.37923 -0.10210 -0.42578
v 0.39274 -0.10578 -0.42609
v 0.38360 -0.15560 -0.44076
v 0.37569 -0.15907 -0.42974
v 0.36256 -0.15431 -0.42878
v 0.35734 -0.14608 -0.43883
v 0.36525 -0.14261 -0.44985
v 0.37838 -0.14737 -0.45081
v 0.36455 -0.19595 -0.46583
v 0.35684 -0.19900 -0.45455
v 0.34420 -0.19320 -0.45293
v 0.33927 -0.18436 -0.46260
v 0.34698 -0.18131 -0.47388
v 0.35962 -0.18711 -0.47550
v 0.34124 -0.23399 -0.49091
v 0.33375 -0.23670 -0.47939
v 0.32171 -0.22993 -0.47712
v 0.31715 -0.22046 -0.48637
v 0.32464 -0.21776 -0.49789
v 0.33668 -0.22452 -0.50016
v 0.31394 -0.26926 -0.51598
v 0.30668 -0.27170 -0.50426
v 0.29532 -0.26405 -0.50134
v 0.29123 -0.25396 -0.51015
v 0.29849 -0.25153 -0.52187
v 0.30985 -0.25918 -0.52478
v 0.28299 -0.30135 -0.54104
v 0.27594 -0.30359 -0.52915
v 0.26536 -0.29514 -0.52560
v 0.26182 -0.28446 -0.53393
v 0.26887 -0.28223 -0.54582
v 0.27946 -0.29067 -0.54937
v 0.24875 -0.32988 -0.56610
v 0.24189 -0.33198 -0.55408
v 0.23214 -0.32285 -0.54989
v 0.22926 -0.31161 -0.55772
v 0.23612 -0.30950 -0.56974
v 0.24587 -0.31864 -0.57393
v 0.21164 -0.35451 -0.59114
v 0.20493 -0.35654 -0.57903
v 0.19607 -0.34682 -0.57422
v 0.19393 -0.33507 -0.58152
v 0.20064 -0.33304 -0.59364
v 0.20950 -0.34276 -0.59845
v 0.17209 -0.37495 -0.61617
v 0.16548 -0.37695 -0.60400
v 0.15755 -0.36676 -0.59858
v 0.15624 -0.35457 -0.60533
v 0.16285 -0.35257 -0.61751
v 0.17078 -0.36276 -0.62293
v 0.13059 -0.39096 -0.64119
v 0.12403 -0.39297 -0.62899
v 0.11704 -0.38244 -0.62298
v 0.11662 -0.36988 -0.62916
v 0.12319 -0.36787 -0.64136
v 0.13017 -0.37841 -0.64738
v 0.08762 -0.40237 -0.66619
v 0.08104 -0.40441 -0.65401
v 0.07501 -0.39364 -0.64741
v 0.07555 -0.38082 -0.65301
v 0.08213 -0.37877 -0.66519
v 0.08817 -0.38954 -0.67179
v 0.04371 -0.40903 -0.69118
v 0.03705 -0.41112 -0.67904
v 0.03195 -0.40022 -0.67189
v 0.03351 -0.38723 -0.67687
v 0.04016 -0.38514 -0.68901
v 0.04526 -0.39604 -0.69616
v -0.00064 -0.41089 -0.71614
v -0.00744 -0.41302 -0.70409
v -0.01164 -0.40210 -0.69640
v -0.00903 -0.38905 -0.70076
v -0.00222 -0.38693 -0.71281
v 0.00197 -0.39785 -0.72050
v -0.04488 -0.40793 -0.74107
v -0.05190 -0.41007 -0.72915
v -0.05523 -0.39922 -0.72095
v -0.05155 -0.38624 -0.72467
v -0.04453 -0.38410 -0.73659
v -0.04120 -0.39494 -0.74479
v -0.08850 -0.40018 -0.76599
v -0.09579 -0.40231 -0.75423
v -0.09832 -0.39163 -0.74553
v -0.09355 -0.37883 -0.74860
v -0.08626 -0.37670 -0.76036
v -0.08374 -0.38738 -0.76905
v -0.13098 -0.38776 -0.79087
v -0.13860 -0.38982 -0.77931
v -0.14038 -0.37938 -0.77015
v -0.13455 -0.36689 -0.77256
v -0.12693 -0.36483 -0.78412
v -0.12514 -0.37527 -0.79328
v -0.17181 -0.37082 -0.81573
v -0.17980 -0.37276 -0.80440
v -0.18093 -0.36262 -0.79481
v -0.17405 -0.35055 -0.79655
v -0.16606 -0.34861 -0.80788
v -0.16494 -0.35875 -0.81747
v -0.21052 -0.34958 -0.84056
v -0.21892 -0.35132 -0.82950
v -0.21946 -0.34153 -0.81950
v -0.21159 -0.33000 -0.82057
v -0.20319 -0.32826 -0.83163
v -0.20265 -0.33805 -0.84162
v -0.24665 -0.32428 -0.86535
v -0.25549 -0.32575 -0.85459
v -0.25553 -0.31634 -0.84423
v -0.24672 -0.30546 -0.84462
v -0.23788 -0.30399 -0.85538
v -0.23785 -0.31340 -0.86574
v -0.27979 -0.29525 -0.89011
v -0.28907 -0.29637 -0.87969
v -0.28869 -0.28735 -0.86899
v -0.27902 -0.27723 -0.86870
v -0.26974 -0.27611 -0.87912
v -0.27012 -0.28512 -0.88983
v -0.30954 -0.26284 -0.91484
v -0.31925 -0.26351 -0.90479
v -0.31854 -0.25490 -0.89378
v -0.30810 -0.24561 -0.89282
v -0.29839 -0.24494 -0.90287
v -0.29910 -0.25355 -0.91389
v -0.33556 -0.22743 -0.93954
v -0.34569 -0.22757 -0.92988
v -0.34472 -0.21935 -0.91859
v -0.33361 -0.21098 -0.91697
v -0.32348 -0.21084 -0.92663
v -0.32446 -0.21906 -0.93792
v -0.35756 -0.18946 -0.96420
v -0.36807 -0.18898 -0.95496
v -0.36691 -0.18112 -0.94344
v -0.35524 -0.17373 -0.94116
v -0.34473 -0.17421 -0.95039
v -0.34589 -0.18207 -0.96192
v -0.37529 -0.14938 -0.98883
v -0.38613 -0.14821 -0.98004
v -0.38484 -0.14066 -0.96831
v -0.37272 -0.13430 -0.96538
v -0.36189 -0.13548 -0.97416
v -0.36317 -0.14302 -0.98589
v -0.38855 -0.10768 -1.01341
v -0.39964 -0.10572 -1.00510
v -0.39828 -0.09846 -0.99321
v -0.38583 -0.09315 -0.98963
v -0.37474 -0.09510 -0.99795
v -0.37610 -0.10237 -1.00984
v -0.39719 -0.06483 -1.03797
v -0.40847 -0.06203 -1.03015
v -0.40707 -0.05500 -1.01813
v -0.39441 -0.05076 -1.01392
v -0.38314 -0.05356 -1.02174
v -0.38453 -0.06059 -1.03377
v -0.40114 -0.02137 -1.06249
v -0.41249 -0.01767 -1.05519
v -0.41110 -0.01080 -1.04307
v -0.39834 -0.00762 -1.03825
v -0.38698 -0.01132 -1.04555
v -0.38838 -0.01819 -1.05767
v -0.40034 0.02221 -1.08697
v -0.41168 0.02685 -1.08020
v -0.41029 0.03361 -1.06803
v -0.39756 0.03574 -1.06262
v -0.38621 0.03110 -1.06938
v -0.38760 0.02433 -1.08156
v -0.39483 0.06538 -1.11142
v -0.40605 0.07099 -1.10520
v -0.40467 0.07771 -1.09300
v -0.39206 0.07883 -1.08702
v -0.38084 0.07322 -1.09323
v -0.38223 0.06649 -1.10543
v -0.38469 0.10764 -1.13583
v -0.39567 0.11423 -1.13019
v -0.39428 0.12097 -1.11799
v -0.38191 0.12112 -1.11145
v -0.37092 0.11453 -1.11709
v -0.37231 0.10779 -1.12928
v -0.37004 0.14849 -1.16021
v -0.38067 0.15606 -1.15514
v -0.37925 0.16287 -1.14300
v -0.36720 0.16212 -1.13592
v -0.35657 0.15455 -1.14098
v -0.35799 0.14773 -1.15312
v -0.35108 0.18745 -1.18455
v -0.36124 0.19598 -1.18008
v -0.35975 0.20292 -1.16802
v -0.34810 0.20133 -1.16042
v -0.33794 0.19281 -1.16489
v -0.33942 0.18586 -1.17695
v -0.32803 0.22408 -1.20886
v -0.33761 0.23353 -1.20500
v -0.33600 0.24064 -1.19304
v -0.32482 0.23829 -1.18495
v -0.31524 0.22884 -1.18882
v -0.31685 0.22174 -1.20077
v -0.30118 0.25795 -1.23314
v -0.31007 0.26826 -1.22989
v -0.30829 0.27557 -1.21808
v -0.29763 0.27255 -1.20952
v -0.28874 0.26223 -1.21278
v -0.29052 0.25493 -1.22459
v -0.27086 0.28866 -1.25739
v -0.27895 0.29978 -1.25475
v -0.27694 0.30730 -1.24312
v -0.26683 0.30370 -1.23412
v -0.25874 0.29258 -1.23676
v -0.26076 0.28506 -1.24839
v -0.23744 0.31586 -1.28161
v -0.24463 0.32770 -1.27959
v -0.24231 0.33544 -1.26816
v -0.23279 0.33135 -1.25875
v -0.22559 0.31951 -1.26076
v -0.22792 0.31177 -1.27219
v -0.20130 0.33925 -1.30579
v -0.20753 0.35171 -1.30440
v -0.20483 0.35967 -1.29321
v -0.19590 0.35518 -1.28341
v -0.18968 0.34272 -1.28480
v -0.19238 0.33475 -1.29599
v -0.16289 0.35855 -1.32995
v -0.16808 0.37153 -1.32919
v -0.16493 0.37970 -1.31826
v -0.15660 0.37488 -1.30810
v -0.15141 0.36190 -1.30886
v -0.15456 0.35374 -1.31979
v -0.12267 0.37355 -1.35408
v -0.12676 0.38694 -1.35395
v -0.12309 0.39528 -1.34331
v -0.11533 0.39022 -1.33281
v -0.11124 0.37684 -1.33295
v -0.11491 0.36850 -1.34358
v -0.08111 0.38409 -1.37818
v -0.08407 0.39776 -1.37867
v -0.07981 0.40622 -1.36836
v -0.07260 0.40101 -1.35756
v -0.06964 0.38733 -1.35706
v -0.07389 0.37887 -1.36738
v -0.03870 0.39004 -1.40226
v -0.04050 0.40388 -1.40337
v -0.03560 0.41241 -1.39341
v -0.02889 0.40710 -1.38233
v -0.02709 0.39326 -1.38121
v -0.03199 0.38473 -1.39118
v 0.00406 0.39136 -1.42631
v 0.00342 0.40524 -1.42804
v 0.00902 0.41376 -1.41845
v 0.01527 0.40841 -1.40713
v 0.01591 0.39453 -1.40539
v 0.01031 0.38601 -1.41498
v 0.04666 0.38803 -1.45033
v 0.04717 0.40182 -1.45268
v 0.05352 0.41026 -1.44349
v 0.05935 0.40491 -1.43195
v 0.05885 0.39112 -1.42959
v 0.05250 0.38268 -1.43879
v 0.08861 0.38011 -1.47433
v 0.09024 0.39369 -1.47729
v 0.09736 0.40196 -1.46852
v 0.10285 0.39665 -1.45679
v 0.10121 0.38306 -1.45383
v 0.09409 0.37479 -1.46260
v 0.12940 0.36769 -1.49831
v 0.13211 0.38095 -1.50187
v 0.14003 0.38896 -1.49355
v 0.14523 0.38370 -1.48166
v 0.14251 0.37043 -1.47810
v 0.13460 0.36243 -1.48642
v 0.16857 0.35093 -1.52227
v 0.17231 0.36377 -1.52642
v 0.18102 0.37141 -1.51856
v 0.18599 0.36621 -1.50655
v 0.18225 0.35338 -1.50240
v 0.17354 0.34573 -1.51025
v 0.20565 0.33004 -1.54620
v 0.21034 0.34235 -1.55094
v 0.21984 0.34952 -1.54357
v 0.22464 0.34439 -1.53146
v 0.21995 0.33208 -1.52673
v 0.21045 0.32490 -1.53410
v 0.24022 0.30526 -1.57012
v 0.24578 0.31696 -1.57542
v 0.25604 0.32357 -1.56856
v 0.26073 0.31848 -1.55639
v 0.25516 0.30678 -1.55109
v 0.24491 0.30017 -1.55795
v 0.27186 0.27690 -1.59401
v 0.27821 0.28792 -1.59988
v 0.28919 0.29386 -1.59354
v 0.29382 0.28878 -1.58134
v 0.28747 0.27777 -1.57548
v 0.27649 0.27183 -1.58182
v 0.30022 0.24530 -1.61789
v 0.30726 0.25557 -1.62430
v 0.31891 0.26075 -1.61850
v 0.32352 0.25565 -1.60631
v 0.31648 0.24538 -1.59990
v 0.30483 0.24020 -1.60570
v 0.32497 0.21082 -1.64176
v 0.33258 0.22031 -1.64869
v 0.34483 0.22463 -1.64345
v 0.34946 0.21947 -1.63129
v 0.34184 0.20998 -1.62436
v 0.32960 0.20566 -1.62959
v 0.34581 0.17389 -1.66560
v 0.35390 0.18256 -1.67304
v 0.36666 0.18595 -1.66839
v 0.37133 0.18066 -1.65629
v 0.36324 0.17199 -1.64885
v 0.35048 0.16861 -1.65351
v 0.36251 0.13493 -1.68943
v 0.37097 0.14277 -1.69737
v 0.38415 0.14516 -1.69330
v 0.38888 0.13970 -1.68131
v 0.38042 0.13185 -1.67337
v 0.36723 0.12947 -1.67744
v 0.37488 0.09440 -1.71325
v 0.38360 0.10142 -1.72166
v 0.39710 0.10275 -1.71820
v 0.40188 0.09705 -1.70633
v 0.39315 0.09003 -1.69793
v 0.37965 0.08871 -1.70139
v 0.38277 0.05279 -1.73706
v 0.39165 0.05900 -1.74591
v 0.40536 0.05922 -1.74307
v 0.41018 0.05323 -1.73137
v 0.40129 0.04701 -1.72252
v 0.38758 0.04680 -1.72536
v 0.38609 0.01058 -1.76086
v 0.39505 0.01602 -1.77014
v 0.40884 0.01511 -1.76792
v 0.41368 0.00875 -1.75642
v 0.40472 0.00331 -1.74714
v 0.39092 0.00423 -1.74936
v 0.38481 -0.03173 -1.78465
v 0.39376 -0.02702 -1.79433
v 0.40751 -0.02908 -1.79275
v 0.41233 -0.03585 -1.78148
v 0.40338 -0.04056 -1.77179
v 0.38963 -0.03850 -1.77338
v 0.37895 -0.07365 -1.80843
v 0.38781 -0.06961 -1.81849
v 0.40140 -0.07282 -1.81755
v 0.40614 -0.08005 -1.80654
v 0.39729 -0.08409 -1.79648
v 0.38369 -0.08089 -1.79742
v 0.36858 -0.11468 -1.83220
v 0.37728 -0.11125 -1.84262
v 0.39059 -0.11558 -1.84232
v 0.39520 -0.12332 -1.83161
v 0.38650 -0.12675 -1.82120
v 0.37318 -0.12243 -1.82149
v 0.35381 -0.15434 -1.85598
v 0.36231 -0.15145 -1.86672
v 0.37522 -0.15686 -1.86707
v 0.37963 -0.16515 -1.85669
v 0.37112 -0.16804 -1.84595
v 0.35821 -0.16263 -1.84559
v 0.33482 -0.19217 -1.87974
v 0.34309 -0.18975 -1.89078
v 0.35548 -0.19618 -1.89179
v 0.35961 -0.20504 -1.88176
v 0.35134 -0.20746 -1.87073
v 0.33895 -0.20103 -1.86972
v 0.31184 -0.22772 -1.90352
v 0.31985 -0.22568 -1.91481
v 0.33162 -0.23308 -1.91648
v 0.33538 -0.24251 -1.90684
v 0.32737 -0.24455 -1.89554
v 0.31560 -0.23715 -1.89388
v 0.28512 -0.26057 -1.92729
v 0.29287 -0.25884 -1.93882
v 0.30393 -0.26712 -1.94113
v 0.30723 -0.27712 -1.93191
v 0.29948 -0.27885 -1.92038
v 0.28843 -0.27058 -1.91807
v 0.25500 -0.29034 -1.95106
v 0.26249 -0.28885 -1.96279
v 0.27274 -0.29791 -1.96575
v 0.27550 -0.30847 -1.95698
v 0.26801 -0.30996 -1.94525
v 0.25776 -0.30090 -1.94229
v 0.22180 -0.31668 -1.97485
v 0.22906 -0.31535 -1.98674
v 0.23845 -0.32509 -1.99034
v 0.24057 -0.33617 -1.98205
v 0.23331 -0.33750 -1.97015
v 0.22393 -0.32775 -1.96655
v 0.18593 -0.33927 -1.99864
v 0.19299 -0.33804 -2.01066
v 0.20145 -0.34836 -2.01490
v 0.20286 -0.35991 -2.00710
v 0.19580 -0.36113 -1.99508
v 0.18733 -0.35081 -1.99084
v 0.14780 -0.35784 -2.02244
v 0.15470 -0.35667 -2.03456
v 0.16221 -0.36745 -2.03942
v 0.16281 -0.37940 -2.03215
v 0.15590 -0.38057 -2.02003
v 0.14840 -0.36980 -2.01517
v 0.10785 -0.37218 -2.04625
v 0.11466 -0.37102 -2.05843
v 0.12118 -0.38213 -2.06390
v 0.12090 -0.39441 -2.05718
v 0.11410 -0.39558 -2.04500
v 0.10757 -0.38446 -2.03954
v 0.06656 -0.38211 -2.07008
v 0.07332 -0.38093 -2.08228
v 0.07886 -0.39227 -2.08834
v 0.07764 -0.40479 -2.08220
v 0.07088 -0.40597 -2.07000
v 0.06534 -0.39463 -2.06394
v 0.02440 -0.38750 -2.09393
v 0.03119 -0.38629 -2.10611
v 0.03576 -0.39774 -2.11275
v 0.03355 -0.41040 -2.10720
v 0.02676 -0.41161 -2.09501
v 0.02219 -0.40016 -2.08838
v -0.01813 -0.38829 -2.11779
v -0.01126 -0.38705 -2.12993
v -0.00762 -0.39849 -2.13712
v -0.01086 -0.41119 -2.13218
v -0.01774 -0.41243 -2.12005
v -0.02137 -0.40098 -2.11285
v -0.06053 -0.38445 -2.14168
v -0.05350 -0.38319 -2.15372
v -0.05077 -0.39454 -2.16145
v -0.05506 -0.40715 -2.15714
v -0.06209 -0.40841 -2.14509
v -0.06483 -0.39706 -2.13737
v -0.10231 -0.37603 -2.16559
v -0.09506 -0.37479 -2.17750
v -0.09316 -0.38594 -2.18574
v -0.09852 -0.39835 -2.18207
v -0.10576 -0.39960 -2.17016
v -0.10766 -0.38844 -2.16192
v -0.14296 -0.36312 -2.18953
v -0.13544 -0.36193 -2.20127
v -0.13432 -0.37281 -2.21000
v -0.14072 -0.38490 -2.20698
v -0.14824 -0.38609 -2.19523
v -0.14936 -0.37520 -2.18651
v -0.18202 -0.34585 -2.21349
v -0.17418 -0.34477 -2.22504
v -0.17375 -0.35532 -2.23422
v -0.18117 -0.36696 -2.23187
v -0.18901 -0.36804 -2.22032
v -0.18944 -0.35748 -2.21113
v -0.21901 -0.32442 -2.23748
v -0.21081 -0.32351 -2.24879
v -0.21100 -0.33368 -2.25841
v -0.21940 -0.34476 -2.25672
v -0.22760 -0.34566 -2.24541
v -0.22741 -0.33550 -2.23579
v -0.25350 -0.29907 -2.26150
v -0.24492 -0.29841 -2.27254
v -0.24564 -0.30816 -2.28256
v -0.25495 -0.31857 -2.28155
v -0.26353 -0.31923 -2.27051
v -0.26281 -0.30948 -2.26048
v -0.28507 -0.27010 -2.28556
v -0.27609 -0.26977 -2.29629
v -0.27726 -0.27908 -2.30668
v -0.28741 -0.28871 -2.30634
v -0.29639 -0.28904 -2.29560
v -0.29522 -0.27973 -2.28521
v -0.31335 -0.23782 -2.30964
v -0.30397 -0.23791 -2.32004
v -0.30550 -0.24677 -2.33077
v -0.31640 -0.25555 -2.33110
v -0.32577 -0.25547 -2.32070
v -0.32425 -0.24660 -2.30997
v -0.33798 -0.20263 -2.33376
v -0.32823 -0.20321 -2.34379
v -0.33004 -0.21164 -2.35482
v -0.34159 -0.21948 -2.35583
v -0.35134 -0.21890 -2.34580
v -0.34954 -0.21047 -2.33476
v -0.35868 -0.16492 -2.35791
v -0.34859 -0.16609 -2.36754
v -0.35059 -0.17410 -2.37885
v -0.36269 -0.18094 -2.38052
v -0.37278 -0.17977 -2.37089
v -0.37078 -0.17176 -2.35959
v -0.37518 -0.12513 -2.38210
v -0.36480 -0.12696 -2.39131
v -0.36694 -0.13460 -2.40285
v -0.37947 -0.14040 -2.40518
v -0.38985 -0.13856 -2.39597
v -0.38771 -0.13093 -2.38443
v -0.38728 -0.08373 -2.40632
v -0.37667 -0.08630 -2.41508
v -0.37889 -0.09360 -2.42682
v -0.39173 -0.09833 -2.42980
v -0.40234 -0.09575 -2.42104
v -0.40012 -0.08845 -2.40931
v -0.39483 -0.04120 -2.43058
v -0.38406 -0.04458 -2.43886
v -0.38631 -0.05160 -2.45076
v -0.39934 -0.05523 -2.45439
v -0.41011 -0.05185 -2.44611
v -0.40785 -0.04483 -2.43421
v -0.39771 0.00196 -2.45488
v -0.38688 -0.00228 -2.46266
v -0.38914 -0.00908 -2.47469
v -0.40223 -0.01163 -2.47894
v -0.41307 -0.00738 -2.47116
v -0.41081 -0.00059 -2.45913
v -0.39589 0.04524 -2.47921
v -0.38509 0.04009 -2.48647
v -0.38733 0.03345 -2.49859
v -0.40038 0.03197 -2.50345
v -0.41118 0.03712 -2.49619
v -0.40894 0.04376 -2.48407
v -0.38937 0.08812 -2.50358
v -0.37870 0.08204 -2.51030
v -0.38093 0.07550 -2.52248
v -0.39381 0.07505 -2.52793
v -0.40448 0.08114 -2.52121
v -0.40225 0.08768 -2.50903
v -0.37821 0.13011 -2.52798
v -0.36780 0.12307 -2.53415
v -0.37001 0.11657 -2.54635
v -0.38263 0.11711 -2.55238
v -0.39305 0.12414 -2.54621
v -0.39084 0.13064 -2.53401
v -0.36254 0.17069 -2.55241
v -0.35249 0.16271 -2.55802
v -0.35471 0.15619 -2.57020
v -0.36698 0.15765 -2.57679
v -0.37703 0.16562 -2.57119
v -0.37481 0.17214 -2.55900
v -0.34252 0.20938 -2.57688
v -0.33296 0.20047 -2.58190
v -0.33522 0.19388 -2.59404
v -0.34705 0.19619 -2.60117
v -0.35662 0.20509 -2.59614
v -0.35435 0.21169 -2.58400
v -0.31839 0.24572 -2.60139
v -0.30942 0.23592 -2.60581
v -0.31177 0.22921 -2.61787
v -0.32309 0.23230 -2.62551
v -0.33207 0.24209 -2.62108
v -0.32972 0.24880 -2.60902
v -0.29042 0.27927 -2.62592
v -0.28215 0.26864 -2.62975
v -0.28464 0.26178 -2.64169
v -0.29540 0.26554 -2.64982
v -0.30367 0.27617 -2.64599
v -0.30118 0.28304 -2.63405
v -0.25892 0.30962 -2.65049
v -0.25145 0.29823 -2.65370
v -0.25414 0.29119 -2.66550
v -0.26430 0.29555 -2.67409
v -0.27177 0.30695 -2.67088
v -0.26908 0.31399 -2.65908
v -0.22427 0.33642 -2.67509
v -0.21770 0.32433 -2.67769
v -0.22066 0.31711 -2.68931
v -0.23018 0.32197 -2.69834
v -0.23676 0.33406 -2.69574
v -0.23380 0.34128 -2.68412
v -0.18686 0.35932 -2.69973
v -0.18127 0.34664 -2.70170
v -0.18456 0.33923 -2.71311
v -0.19345 0.34450 -2.72255
v -0.19904 0.35719 -2.72058
v -0.19575 0.36459 -2.70917
v -0.14714 0.37805 -2.72439
v -0.14259 0.36487 -2.72573
v -0.14629 0.35730 -2.73691
v -0.15454 0.36289 -2.74674
v -0.15909 0.37607 -2.74539
v -0.15538 0.38364 -2.73422
v -0.10556 0.39237 -2.74908
v -0.10211 0.37882 -2.74979
v -0.10629 0.37110 -2.76070
v -0.11392 0.37693 -2.77089
v -0.11736 0.39048 -2.77018
v -0.11319 0.39820 -2.75927
v -0.06262 0.40211 -2.77380
v -0.06031 0.38830 -2.77389
v -0.06504 0.38048 -2.78450
v -0.07206 0.38647 -2.79502
v -0.07437 0.40028 -2.79493
v -0.06965 0.40810 -2.78432
v -0.01883 0.40713 -2.79854
v -0.01768 0.39319 -2.79801
v -0.02300 0.38533 -2.80829
v -0.02947 0.39141 -2.81912
v -0.03062 0.40535 -2.81966
v -0.02530 0.41321 -2.80937
v 0.02530 0.40738 -2.82332
v 0.02528 0.39342 -2.82215
v 0.01930 0.38558 -2.83209
v 0.01335 0.39169 -2.84319
v 0.01337 0.40564 -2.84435
v 0.01935 0.41348 -2.83442
v 0.06925 0.40282 -2.84811
v 0.06807 0.38899 -2.84633
v 0.06140 0.38124 -2.85590
v 0.05590 0.38733 -2.86724
v 0.05708 0.40116 -2.86902
v 0.06375 0.40891 -2.85946
v 0.11249 0.39352 -2.87294
v 0.11018 0.37992 -2.87054
v 0.10278 0.37235 -2.87970
v 0.09768 0.37838 -2.89126
v 0.09999 0.39198 -2.89366
v 0.10739 0.39955 -2.88450
v 0.15450 0.37956 -2.89778
v 0.15111 0.36631 -2.89478
v 0.14296 0.35902 -2.90352
v 0.13820 0.36497 -2.91526
v 0.14159 0.37822 -2.91827
v 0.14974 0.38551 -2.90953
v 0.19479 0.36111 -2.92265
v 0.19037 0.34832 -2.91905
v 0.18147 0.34140 -2.92734
v 0.17699 0.34726 -2.93924
v 0.18141 0.36004 -2.94284
v 0.19031 0.36697 -2.93455
v 0.23288 0.33837 -2.94755
v 0.22750 0.32615 -2.94335
v 0.21785 0.31969 -2.95117
v 0.21358 0.32546 -2.96319
v 0.21896 0.33768 -2.96739
v 0.22861 0.34414 -2.95957
v 0.26831 0.31162 -2.97246
v 0.26205 0.30004 -2.96768
v 0.25168 0.29415 -2.97502
v 0.24757 0.29984 -2.98713
v 0.25382 0.31142 -2.99190
v 0.26419 0.31731 -2.98457
v 0.30064 0.28115 -2.99739
v 0.29361 0.27029 -2.99204
v 0.28256 0.26507 -2.99887
v 0.27854 0.27070 -3.01104
v 0.28558 0.28156 -3.01639
v 0.29663 0.28678 -3.00956
v 0.32951 0.24733 -3.02234
v 0.32179 0.23725 -3.01644
v 0.31011 0.23279 -3.02274
v 0.30615 0.23840 -3.03494
v 0.31387 0.24848 -3.04084
v 0.32555 0.25294 -3.03454
v 0.35455 0.21055 -3.04731
v 0.34625 0.20130 -3.04087
v 0.33401 0.19768 -3.04662
v 0.33007 0.20332 -3.05882
v 0.33837 0.21257 -3.06526
v 0.35061 0.21619 -3.05950
v 0.37547 0.17125 -3.07229
v 0.36670 0.16285 -3.06533
v 0.35398 0.16016 -3.07052
v 0.35003 0.16587 -3.08268
v 0.35880 0.17427 -3.08964
v 0.37152 0.17696 -3.08445
v 0.39201 0.12989 -3.09730
v 0.38288 0.12236 -3.08982
v 0.36977 0.12066 -3.09443
v 0.36579 0.12650 -3.10652
v 0.37493 0.13403 -3.11400
v 0.38803 0.13572 -3.10938
v 0.40397 0.08696 -3.12231
v 0.39458 0.08029 -3.11434
v 0.38119 0.07965 -3.11837
v 0.37718 0.08567 -3.13035
v 0.38657 0.09233 -3.13832
v 0.39996 0.09298 -3.13430
v 0.41121 0.04296 -3.14734
v 0.40167 0.03715 -3.13890
v 0.38810 0.03760 -3.14232
v 0.38407 0.04387 -3.15417
v 0.39361 0.04968 -3.16261
v 0.40718 0.04923 -3.15919
v 0.41361 -0.00101 -3.17207
v 0.40404 -0.00641 -3.16340
v 0.39042 -0.00540 -3.16651
v 0.38639 0.00101 -3.17829
v 0.39596 0.00641 -3.18695
v 0.40958 0.00540 -3.18385
v -0.40000 0.00000 3.17482
v 0.40000 0.00000 -3.17518
v 0.39883 0.00689 3.16269
v 0.41148 0.00344 3.16759
v 0.41265 -0.00344 3.17972
v 0.40117 -0.00689 3.18695
v 0.38852 -0.00344 3.18206
v 0.38735 0.00344 3.16992
v 0.39647 -0.03645 3.13831
v 0.40908 -0.04042 3.14291
v 0.41025 -0.04739 3.15500
v 0.39880 -0.05038 3.16249
v 0.38619 -0.04640 3.15789
v 0.38503 -0.03943 3.14580
v 0.38945 -0.07916 3.11399
v 0.40188 -0.08421 3.11799
v 0.40301 -0.09136 3.12997
v 0.39170 -0.09347 3.13796
v 0.37927 -0.08842 3.13396
v 0.37815 -0.08126 3.12198
v 0.37786 -0.12081 3.08971
v 0.38999 -0.12692 3.09310
v 0.39103 -0.13431 3.10494
v 0.37995 -0.13558 3.11340
v 0.36782 -0.12947 3.11001
v 0.36677 -0.12208 3.09817
v 0.36183 -0.16089 3.06545
v 0.37354 -0.16805 3.06823
v 0.37446 -0.17572 3.07990
v 0.36367 -0.17623 3.08881
v 0.35196 -0.16907 3.08604
v 0.35104 -0.16140 3.07436
v 0.34158 -0.19895 3.04123
v 0.35275 -0.20711 3.04338
v 0.35348 -0.21510 3.05486
v 0.34304 -0.21492 3.06418
v 0.33187 -0.20676 3.06203
v 0.33114 -0.19877 3.05056
v 0.31736 -0.23454 3.01704
v 0.32787 -0.24366 3.01856
v 0.32835 -0.25198 3.02981
v 0.31830 -0.25119 3.03953
v 0.30779 -0.24207 3.03801
v 0.30732 -0.23375 3.02676
v 0.28945 -0.26725 2.99287
v 0.29921 -0.27725 2.99377
v 0.29935 -0.28592 3.00476
v 0.28974 -0.28460 3.01485
v 0.27998 -0.27460 3.01395
v 0.27983 -0.26593 3.00296
v 0.25820 -0.29670 2.96874
v 0.26711 -0.30750 2.96901
v 0.26685 -0.31652 2.97971
v 0.25768 -0.31475 2.99014
v 0.24877 -0.30396 2.98987
v 0.24903 -0.29493 2.97917
v 0.22398 -0.32255 2.94463
v 0.23195 -0.33405 2.94427
v 0.23121 -0.34341 2.95466
v 0.22249 -0.34128 2.96540
v 0.21451 -0.32978 2.96576
v 0.21526 -0.32042 2.95537
v 0.18720 -0.34451 2.92055
v 0.19417 -0.35661 2.91957
v 0.19286 -0.36628 2.92961
v 0.18458 -0.36385 2.94063
v 0.17761 -0.35175 2.94162
v 0.17891 -0.34208 2.93157
v 0.14829 -0.36233 2.89650
v 0.15421 -0.37492 2.89489
v 0.15227 -0.38485 2.90456
v 0.14441 -0.38220 2.91584
v 0.13849 -0.36961 2.91745
v 0.14043 -0.35968 2.90777
v 0.10773 -0.37581 2.87247
v 0.11255 -0.38876 2.87024
v 0.10990 -0.39890 2.87953
v 0.10243 -0.39609 2.89103
v 0.09761 -0.38314 2.89325
v 0.10026 -0.37300 2.88397
v 0.06599 -0.38479 2.84846
v 0.06970 -0.39799 2.84563
v 0.06628 -0.40828 2.85449
v 0.05915 -0.40536 2.86619
v 0.05545 -0.39216 2.86902
v 0.05887 -0.38187 2.86015
v 0.02357 -0.38919 2.82448
v 0.02615 -0.40251 2.82104
v 0.02190 -0.41286 2.82947
v 0.01508 -0.40988 2.84132
v 0.01250 -0.39655 2.84476
v 0.01675 -0.38621 2.83633
v -0.01904 -0.38895 2.80051
v -0.01758 -0.40228 2.79649
v -0.02269 -0.41260 2.80445
v -0.02926 -0.40959 2.81644
v -0.03073 -0.39626 2.82046
v -0.02561 -0.38594 2.81250
v -0.06133 -0.38409 2.77658
v -0.06096 -0.39731 2.77196
v -0.06697 -0.40750 2.77944
v -0.07335 -0.40449 2.79153
v -0.07373 -0.39127 2.79614
v -0.06772 -0.38108 2.78866
v -0.10281 -0.37468 2.75266
v -0.10349 -0.38767 2.74747
v -0.11041 -0.39764 2.75445
v -0.11666 -0.39462 2.76661
v -0.11599 -0.38163 2.77179
v -0.10907 -0.37166 2.76481
v -0.14300 -0.36083 2.72875
v -0.14466 -0.37349 2.72301
v -0.15250 -0.38313 2.72946
v -0.15868 -0.38011 2.74166
v -0.15701 -0.36745 2.74740
v -0.14917 -0.35781 2.74095
v -0.18141 -0.34272 2.70487
v -0.18400 -0.35495 2.69858
v -0.19275 -0.36415 2.70450
v -0.19890 -0.36110 2.71670
v -0.19631 -0.34887 2.72298
v -0.18756 -0.33967 2.71707
v -0.21760 -0.32055 2.68101
v -0.22104 -0.33229 2.67419
v -0.23066 -0.34093 2.67954
v -0.23685 -0.33784 2.69172
v -0.23341 -0.32610 2.69853
v -0.22379 -0.31746 2.69318
v -0.25115 -0.29460 2.65716
v -0.25535 -0.30577 2.64983
v -0.26581 -0.31375 2.65461
v -0.27207 -0.31057 2.66672
v -0.26787 -0.29941 2.67405
v -0.25741 -0.29142 2.66927
v -0.28167 -0.26518 2.63332
v -0.28654 -0.27572 2.62549
v -0.29777 -0.28294 2.62969
v -0.30414 -0.27963 2.64171
v -0.29928 -0.26909 2.64953
v -0.28804 -0.26187 2.64534
v -0.30881 -0.23263 2.60950
v -0.31424 -0.24251 2.60120
v -0.32618 -0.24888 2.60479
v -0.33268 -0.24538 2.61668
v -0.32724 -0.23551 2.62499
v -0.31531 -0.22913 2.62139
v -0.33224 -0.19735 2.58569
v -0.33814 -0.20653 2.57693
v -0.35069 -0.21197 2.57991
v -0.35734 -0.20822 2.59165
v -0.35144 -0.19903 2.60041
v -0.33888 -0.19360 2.59743
v -0.35169 -0.15974 2.56189
v -0.35796 -0.16823 2.55270
v -0.37103 -0.17266 2.55505
v -0.37783 -0.16859 2.56660
v -0.37156 -0.16010 2.57579
v -0.35848 -0.15567 2.57344
v -0.36694 -0.12025 2.53810
v -0.37349 -0.12805 2.52850
v -0.38697 -0.13141 2.53022
v -0.39390 -0.12697 2.54154
v -0.38735 -0.11916 2.55114
v -0.37387 -0.11580 2.54942
v -0.37782 -0.07934 2.51432
v -0.38455 -0.08648 2.50433
v -0.39832 -0.08873 2.50541
v -0.40537 -0.08384 2.51648
v -0.39863 -0.07670 2.52647
v -0.38486 -0.07445 2.52538
v -0.38418 -0.03750 2.49054
v -0.39101 -0.04401 2.48020
v -0.40496 -0.04511 2.48063
v -0.41208 -0.03971 2.49141
v -0.40525 -0.03320 2.50175
v -0.39130 -0.03210 2.50132
v -0.38597 0.00479 2.46677
v -0.39283 -0.00114 2.45610
v -0.40683 -0.00109 2.45588
v -0.41397 0.00488 2.46634
v -0.40711 0.01080 2.47701
v -0.39311 0.01076 2.47723
v -0.38316 0.04702 2.44300
v -0.38998 0.04163 2.43202
v -0.40390 0.04282 2.43116
v -0.41101 0.04941 2.44126
v -0.40419 0.05480 2.45224
v -0.39026 0.05361 2.45310
v -0.37578 0.08870 2.41923
v -0.38251 0.08378 2.40798
v -0.39624 0.08610 2.40646
v -0.40323 0.09335 2.41619
v -0.39650 0.09828 2.42743
v -0.38277 0.09595 2.42895
v -0.36392 0.12934 2.39546
v -0.37053 0.12482 2.38397
v -0.38393 0.12824 2.38180
v -0.39073 0.13618 2.39111
v -0.38412 0.14071 2.40260
v -0.37072 0.13729 2.40477
v -0.34772 0.16847 2.37168
v -0.35418 0.16428 2.35999
v -0.36714 0.16873 2.35717
v -0.37365 0.17739 2.36604
v -0.36720 0.18159 2.37773
v -0.35423 0.17713 2.38055
v -0.32736 0.20563 2.34790
v -0.33366 0.20168 2.33604
v -0.34609 0.20711 2.33257
v -0.35222 0.21648 2.34097
v -0.34592 0.22043 2.35284
v -0.33349 0.21500 2.35630
v -0.30307 0.24037 2.32411
v -0.30922 0.23661 2.31211
v -0.32102 0.24293 2.30801
v -0.32668 0.25301 2.31592
v -0.32053 0.25677 2.32792
v -0.30872 0.25045 2.33202
v -0.27515 0.27229 2.30031
v -0.28116 0.26865 2.28821
v -0.29226 0.27576 2.28349
v -0.29733 0.28652 2.29087
v -0.29131 0.29016 2.30297
v -0.28022 0.28305 2.30770
v -0.24390 0.30101 2.27650
v -0.24982 0.29742 2.26433
v -0.26014 0.30524 2.25900
v -0.26454 0.31663 2.26584
v -0.25862 0.32022 2.27801
v -0.24830 0.31240 2.28334
v -0.20971 0.32618 2.25268
v -0.21557 0.32261 2.24048
v -0.22507 0.33101 2.23455
v -0.22870 0.34299 2.24081
v -0.22284 0.34657 2.25301
v -0.21334 0.33816 2.25895
v -0.17296 0.34752 2.22883
v -0.17882 0.34391 2.21664
v -0.18746 0.35280 2.21013
v -0.19024 0.36529 2.21581
v -0.18437 0.36889 2.22800
v -0.17573 0.36001 2.23451
v -0.13408 0.36475 2.20497
v -0.14000 0.36109 2.19283
v -0.14776 0.37034 2.18575
v -0.14961 0.38326 2.19083
v -0.14369 0.38692 2.20297
v -0.13592 0.37767 2.21005
v -0.09352 0.37768 2.18109
v -0.09956 0.37394 2.16903
v -0.10646 0.38346 2.16141
v -0.10730 0.39671 2.16586
v -0.10126 0.40044 2.17793
v -0.09437 0.39092 2.18554
v -0.05176 0.38614 2.15719
v -0.05800 0.38233 2.14524
v -0.06403 0.39200 2.13711
v -0.06383 0.40547 2.14092
v -0.05760 0.40927 2.15287
v -0.05156 0.39961 2.16100
v -0.00929 0.39002 2.13326
v -0.01578 0.38616 2.12147
v -0.02099 0.39588 2.11284
v -0.01970 0.40946 2.11601
v -0.01321 0.41331 2.12779
v -0.00800 0.40359 2.13642
v 0.03340 0.38927 2.10930
v 0.02658 0.38538 2.09770
v 0.02215 0.39507 2.08861
v 0.02455 0.40863 2.09112
v 0.03137 0.41251 2.10271
v 0.03580 0.40283 2.11180
v 0.07580 0.38388 2.08531
v 0.06859 0.38002 2.07395
v 0.06489 0.38959 2.06442
v 0.06840 0.40301 2.06625
v 0.07561 0.40688 2.07762
v 0.07931 0.39731 2.08715
v 0.11741 0.37392 2.06130
v 0.10977 0.37013 2.05020
v 0.10673 0.37951 2.04026
v 0.11134 0.39268 2.04142
v 0.11899 0.39647 2.05252
v 0.12202 0.38708 2.06246
v 0.15775 0.35948 2.03725
v 0.14962 0.35584 2.02645
v 0.14718 0.36498 2.01614
v 0.15286 0.37777 2.01662
v 0.16099 0.38141 2.02743
v 0.16343 0.37226 2.03774
v 0.19632 0.34072 2.01317
v 0.18768 0.33730 2.00270
v 0.18575 0.34617 1.99204
v 0.19246 0.35846 1.99186
v 0.20110 0.36187 2.00233
v 0.20303 0.35300 2.01299
v 0.23268 0.31786 1.98906
v 0.22351 0.31475 1.97895
v 0.22202 0.32332 1.96798
v 0.22969 0.33499 1.96712
v 0.23886 0.33810 1.97723
v 0.24036 0.32953 1.98820
v 0.26639 0.29115 1.96492
v 0.25668 0.28844 1.95520
v 0.25554 0.29669 1.94395
v 0.26411 0.30766 1.94242
v 0.27382 0.31037 1.95214
v 0.27495 0.30211 1.96339
v 0.29703 0.26090 1.94074
v 0.28681 0.25868 1.93144
v 0.28595 0.26663 1.91995
v 0.29532 0.27680 1.91776
v 0.30555 0.27902 1.92706
v 0.30640 0.27106 1.93855
v 0.32425 0.22745 1.91652
v 0.31353 0.22582 1.90767
v 0.31289 0.23348 1.89597
v 0.32296 0.24278 1.89312
v 0.33368 0.24441 1.90198
v 0.33433 0.23675 1.91368
v 0.34771 0.19120 1.89227
v 0.33654 0.19024 1.88388
v 0.33604 0.19765 1.87202
v 0.34671 0.20601 1.86853
v 0.35789 0.20697 1.87691
v 0.35838 0.19956 1.88878
v 0.36712 0.15255 1.86798
v 0.35556 0.15236 1.86009
v 0.35515 0.15955 1.84809
v 0.36631 0.16694 1.84397
v 0.37788 0.16713 1.85186
v 0.37828 0.15994 1.86387
v 0.38224 0.11198 1.84366
v 0.37036 0.11262 1.83628
v 0.37001 0.11965 1.82418
v 0.38154 0.12603 1.81945
v 0.39342 0.12538 1.82682
v 0.39377 0.11836 1.83893
v 0.39288 0.06994 1.81930
v 0.38076 0.07149 1.81246
v 0.38043 0.07840 1.80029
v 0.39222 0.08376 1.79496
v 0.40433 0.08221 1.80180
v 0.40466 0.07530 1.81397
v 0.39889 0.02693 1.79491
v 0.38664 0.02945 1.78861
v 0.38632 0.03631 1.77641
v 0.39825 0.04065 1.77051
v 0.41050 0.03814 1.77680
v 0.41082 0.03128 1.78900
v 0.40021 -0.01654 1.77048
v 0.38793 -0.01302 1.76475
v 0.38760 -0.00615 1.75256
v 0.39956 -0.00280 1.74609
v 0.41184 -0.00632 1.75182
v 0.41216 -0.01319 1.76401
v 0.39679 -0.05995 1.74602
v 0.38459 -0.05540 1.74087
v 0.38427 -0.04846 1.72871
v 0.39616 -0.04607 1.72171
v 0.40835 -0.05062 1.72685
v 0.40867 -0.05756 1.73901
v 0.38866 -0.10280 1.72152
v 0.37666 -0.09720 1.71696
v 0.37638 -0.09013 1.70488
v 0.38809 -0.08866 1.69736
v 0.40009 -0.09425 1.70191
v 0.40037 -0.10132 1.71399
v 0.37591 -0.14456 1.69699
v 0.36423 -0.13793 1.69303
v 0.36402 -0.13068 1.68106
v 0.37548 -0.13006 1.67304
v 0.38715 -0.13670 1.67699
v 0.38737 -0.14395 1.68897
v 0.35868 -0.18476 1.67243
v 0.34744 -0.17710 1.66908
v 0.34734 -0.16962 1.65725
v 0.35847 -0.16980 1.64876
v 0.36970 -0.17745 1.65210
v 0.36981 -0.18493 1.66394
v 0.33715 -0.22289 1.64783
v 0.32647 -0.21426 1.64510
v 0.32653 -0.20651 1.63344
v 0.33727 -0.20740 1.62451
v 0.34795 -0.21604 1.62723
v 0.34789 -0.22378 1.63890
v 0.31158 -0.25851 1.62321
v 0.30157 -0.24895 1.62110
v 0.30186 -0.24092 1.60964
v 0.31216 -0.24244 1.60028
v 0.32217 -0.25200 1.60239
v 0.32188 -0.26003 1.61385
v 0.28225 -0.29118 1.59855
v 0.27301 -0.28077 1.59707
v 0.27360 -0.27243 1.58584
v 0.28344 -0.27450 1.57609
v 0.29267 -0.28492 1.57757
v 0.29208 -0.29326 1.58880
v 0.24951 -0.32052 1.57387
v 0.24113 -0.30933 1.57301
v 0.24210 -0.30068 1.56205
v 0.25144 -0.30322 1.55193
v 0.25981 -0.31441 1.55278
v 0.25885 -0.32306 1.56375
v 0.21373 -0.34616 1.54915
v 0.20630 -0.33429 1.54893
v 0.20772 -0.32534 1.53825
v 0.21657 -0.32827 1.52780
v 0.22399 -0.34014 1.52802
v 0.22257 -0.34908 1.53870
v 0.17533 -0.36778 1.52441
v 0.16893 -0.35534 1.52482
v 0.17087 -0.34613 1.51446
v 0.17922 -0.34936 1.50369
v 0.18563 -0.36180 1.50329
v 0.18368 -0.37101 1.51365
v 0.13477 -0.38514 1.49965
v 0.12943 -0.37223 1.50067
v 0.13198 -0.36279 1.49066
v 0.13986 -0.36625 1.47961
v 0.14519 -0.37915 1.47859
v 0.14264 -0.38860 1.48860
v 0.09251 -0.39800 1.47485
v 0.08829 -0.38475 1.47650
v 0.09151 -0.37513 1.46686
v 0.09894 -0.37875 1.45556
v 0.10316 -0.39200 1.45391
v 0.09995 -0.40162 1.46356
v 0.04906 -0.40621 1.45004
v 0.04597 -0.39274 1.45230
v 0.04992 -0.38301 1.44305
v 0.05696 -0.38673 1.43153
v 0.06004 -0.40020 1.42927
v 0.05609 -0.40994 1.43852
v 0.00493 -0.40966 1.42519
v 0.00299 -0.39610 1.42807
v 0.00772 -0.38632 1.41923
v 0.01440 -0.39011 1.40753
v 0.01634 -0.40367 1.40465
v 0.01161 -0.41345 1.41349
v -0.03935 -0.40830 1.40033
v -0.04017 -0.39476 1.40381
v -0.03461 -0.38503 1.39541
v -0.02823 -0.38884 1.38355
v -0.02742 -0.40238 1.38007
v -0.03298 -0.41211 1.38846
v -0.08327 -0.40214 1.37544
v -0.08298 -0.38874 1.37951
v -0.07656 -0.37916 1.37158
v -0.07043 -0.38296 1.35959
v -0.07072 -0.39635 1.35552
v -0.07714 -0.40594 1.36345
v -0.12630 -0.39123 1.35053
v -0.12495 -0.37810 1.35519
v -0.11765 -0.36875 1.34774
v -0.11170 -0.37254 1.33565
v -0.11306 -0.38568 1.33100
v -0.12035 -0.39502 1.33844
v -0.16792 -0.37572 1.32561
v -0.16556 -0.36294 1.33083
v -0.15739 -0.35394 1.32389
v -0.15157 -0.35772 1.31173
v -0.15393 -0.37049 1.30651
v -0.16210 -0.37949 1.31345
v -0.20765 -0.35576 1.30066
v -0.20435 -0.34344 1.30644
v -0.19531 -0.33490 1.30003
v -0.18956 -0.33867 1.28783
v -0.19286 -0.35098 1.28205
v -0.20190 -0.35953 1.28846
v -0.24500 -0.33159 1.27569
v -0.24084 -0.31982 1.28202
v -0.23096 -0.31183 1.27615
v -0.22523 -0.31562 1.26395
v -0.22939 -0.32740 1.25762
v -0.23927 -0.33538 1.26350
v -0.27953 -0.30350 1.25071
v -0.27460 -0.29233 1.25757
v -0.26392 -0.28501 1.25225
v -0.25816 -0.28886 1.24009
v -0.26309 -0.30002 1.23323
v -0.27378 -0.30735 1.23854
v -0.31083 -0.27181 1.22572
v -0.30522 -0.26131 1.23308
v -0.29380 -0.25475 1.22834
v -0.28798 -0.25869 1.21624
v -0.29358 -0.26919 1.20887
v -0.30501 -0.27575 1.21361
v -0.33852 -0.23689 1.20070
v -0.33234 -0.22709 1.20857
v -0.32024 -0.22139 1.20442
v -0.31433 -0.22548 1.19240
v -0.32051 -0.23528 1.18454
v -0.33261 -0.24098 1.18869
v -0.36226 -0.19916 1.17568
v -0.35561 -0.19009 1.18401
v -0.34293 -0.18533 1.18047
v -0.33691 -0.18963 1.16858
v -0.34357 -0.19870 1.16025
v -0.35624 -0.20346 1.16379
v -0.38178 -0.15906 1.15064
v -0.37476 -0.15073 1.15943
v -0.36159 -0.14698 1.15650
v -0.35546 -0.15155 1.14477
v -0.36248 -0.15988 1.13598
v -0.37565 -0.16363 1.13892
v -0.39684 -0.11706 1.12559
v -0.38954 -0.10947 1.13481
v -0.37600 -0.10679 1.13251
v -0.36975 -0.11169 1.12097
v -0.37706 -0.11929 1.11175
v -0.39060 -0.12197 1.11406
v -0.40726 -0.07367 1.10054
v -0.39978 -0.06680 1.11017
v -0.38597 -0.06522 1.10849
v -0.37964 -0.07053 1.09718
v -0.38712 -0.07741 1.08756
v -0.40093 -0.07898 1.08923
v -0.41290 -0.02940 1.07547
v -0.40533 -0.02321 1.08548
v -0.39137 -0.02278 1.08445
v -0.38499 -0.02854 1.07340
v -0.39257 -0.03474 1.06339
v -0.40652 -0.03517 1.06443
v -0.41371 0.01522 1.05040
v -0.40612 0.02078 1.06077
v -0.39215 0.02006 1.06038
v -0.38576 0.01377 1.04963
v -0.39335 0.00821 1.03926
v -0.40733 0.00894 1.03965
v -0.40967 0.05967 1.02533
v -0.40214 0.06465 1.03603
v -0.38827 0.06278 1.03629
v -0.38193 0.05592 1.02585
v -0.38947 0.05094 1.01516
v -0.40334 0.05282 1.01490
v -0.40083 0.10342 1.00025
v -0.39341 0.10788 1.01125
v -0.37976 0.10488 1.01216
v -0.37355 0.09741 1.00208
v -0.38098 0.09294 0.99109
v -0.39462 0.09595 0.99017
v -0.38730 0.14594 0.97518
v -0.38002 0.14996 0.98644
v -0.36673 0.14586 0.98801
v -0.36071 0.13774 0.97831
v -0.36799 0.13373 0.96705
v -0.38129 0.13783 0.96548
v -0.36924 0.18673 0.95010
v -0.36213 0.19037 0.96160
v -0.34930 0.18524 0.96382
v -0.34357 0.17646 0.95454
v -0.35067 0.17282 0.94304
v -0.36351 0.17796 0.94082
v -0.34685 0.22531 0.92503
v -0.33994 0.22865 0.93674
v -0.32767 0.22255 0.93960
v -0.32232 0.21310 0.93077
v -0.32924 0.20976 0.91906
v -0.34150 0.21586 0.91619
v -0.32043 0.26122 0.89997
v -0.31370 0.26433 0.91184
v -0.30209 0.25734 0.91535
v -0.29721 0.24723 0.90699
v -0.30394 0.24411 0.89511
v -0.31555 0.25111 0.89160
v -0.29027 0.29403 0.87491
v -0.28371 0.29699 0.88692
v -0.27285 0.28919 0.89106
v -0.26854 0.27844 0.88320
v -0.27510 0.27549 0.87119
v -0.28596 0.28329 0.86704
v -0.25675 0.32336 0.84986
v -0.25033 0.32622 0.86197
v -0.24027 0.31773 0.86674
v -0.23663 0.30638 0.85940
v -0.24305 0.30352 0.84729
v -0.25310 0.31202 0.84252
v -0.22026 0.34887 0.82483
v -0.21394 0.35168 0.83700
v -0.20474 0.34260 0.84238
v -0.20186 0.33071 0.83558
v -0.20817 0.32789 0.82341
v -0.21737 0.33697 0.81803
v -0.18124 0.37024 0.79981
v -0.17498 0.37306 0.81201
v -0.16667 0.36350 0.81798
v -0.16462 0.35113 0.81176
v -0.17089 0.34832 0.79956
v -0.17919 0.35787 0.79358
v -0.14016 0.38724 0.77481
v -0.13389 0.39009 0.78700
v -0.12650 0.38017 0.79355
v -0.12537 0.36741 0.78791
v -0.13163 0.36456 0.77572
v -0.13903 0.37448 0.76917
v -0.09751 0.39967 0.74982
v -0.09117 0.40257 0.76197
v -0.08469 0.39240 0.76908
v -0.08454 0.37934 0.76405
v -0.09088 0.37644 0.75191
v -0.09736 0.38661 0.74480
v -0.05380 0.40739 0.72486
v -0.04733 0.41034 0.73692
v -0.04174 0.40004 0.74457
v -0.04263 0.38678 0.74017
v -0.04910 0.38382 0.72811
v -0.05469 0.39413 0.72046
v -0.00955 0.41031 0.69992
v -0.00288 0.41331 0.71186
v 0.00184 0.40297 0.72003
v -0.00011 0.38963 0.71626
v -0.00679 0.38663 0.70433
v -0.01151 0.39697 0.69616
v 0.03471 0.40842 0.67501
v 0.04166 0.41144 0.68678
v 0.04555 0.40115 0.69544
v 0.04250 0.38785 0.69233
v 0.03556 0.38483 0.68055
v 0.03166 0.39512 0.67189
v 0.07846 0.40174 0.65012
v 0.08574 0.40473 0.66170
v 0.08887 0.39459 0.67082
v 0.08472 0.38144 0.66837
v 0.07744 0.37845 0.65679
v 0.07431 0.38859 0.64767
v 0.12118 0.39036 0.62526
v 0.12884 0.39328 0.63661
v 0.13127 0.38335 0.64617
v 0.12603 0.37049 0.64438
v 0.11837 0.36756 0.63304
v 0.11594 0.37750 0.62348
v 0.16237 0.37443 0.60043
v 0.17046 0.37722 0.61151
v 0.17226 0.36755 0.62148
v 0.16596 0.35509 0.62037
v 0.15787 0.35230 0.60929
v 0.15607 0.36197 0.59932
v 0.20154 0.35414 0.57564
v 0.21009 0.35672 0.58642
v 0.21134 0.34737 0.59676
v 0.20403 0.33543 0.59632
v 0.19548 0.33285 0.58554
v 0.19423 0.34221 0.57520
v 0.23823 0.32976 0.55087
v 0.24726 0.33205 0.56132
v 0.24804 0.32303 0.57200
v 0.23978 0.31173 0.57224
v 0.23075 0.30944 0.56179
v 0.22997 0.31845 0.55111
v 0.27202 0.30157 0.52614
v 0.28154 0.30348 0.53622
v 0.28193 0.29482 0.54721
v 0.27280 0.28425 0.54812
v 0.26327 0.28234 0.53804
v 0.26288 0.29100 0.52705
v 0.30251 0.26992 0.50144
v 0.31251 0.27136 0.51113
v 0.31259 0.26305 0.52240
v 0.30267 0.25330 0.52397
v 0.29267 0.25186 0.51428
v 0.29259 0.26017 0.50302
v 0.32935 0.23520 0.47678
v 0.33980 0.23608 0.48605
v 0.33965 0.22811 0.49755
v 0.32904 0.21925 0.49979
v 0.31858 0.21837 0.49052
v 0.31874 0.22635 0.47902
v 0.35224 0.19782 0.45215
v 0.36310 0.19805 0.46097
v 0.36278 0.19039 0.47268
v 0.35159 0.18249 0.47557
v 0.34072 0.18226 0.46675
v 0.34104 0.18992 0.45504
v 0.37091 0.15823 0.42756
v 0.38213 0.15773 0.43591
v 0.38170 0.15034 0.44779
v 0.37003 0.14344 0.45132
v 0.35881 0.14394 0.44297
v 0.35924 0.15134 0.43109
v 0.38515 0.11691 0.40300
v 0.39667 0.11560 0.41086
v 0.39617 0.10843 0.42287
v 0.38415 0.10257 0.42703
v 0.37264 0.10388 0.41917
v 0.37314 0.11105 0.40716
v 0.39482 0.07435 0.37848
v 0.40654 0.07216 0.38582
v 0.40601 0.06516 0.39793
v 0.39376 0.06034 0.40270
v 0.38204 0.06253 0.39536
v 0.38257 0.06953 0.38325
v 0.39981 0.03104 0.35400
v 0.41164 0.02793 0.36080
v 0.41110 0.02103 0.37297
v 0.39873 0.01726 0.37834
v 0.38690 0.02038 0.37154
v 0.38744 0.02727 0.35936
v 0.40007 -0.01248 0.32955
v 0.41190 -0.01657 0.33580
v 0.41137 -0.02342 0.34800
v 0.39900 -0.02617 0.35395
v 0.38716 -0.02208 0.34769
v 0.38769 -0.01523 0.33549
v 0.39561 -0.05571 0.30513
v 0.40735 -0.06081 0.31082
v 0.40681 -0.06767 0.32301
v 0.39454 -0.06943 0.32951
v 0.38281 -0.06434 0.32383
v 0.38334 -0.05748 0.31164
v 0.38651 -0.09815 0.28075
v 0.39802 -0.10426 0.28585
v 0.39746 -0.11119 0.29800
v 0.38539 -0.11202 0.30505
v 0.37388 -0.10590 0.29994
v 0.37444 -0.09897 0.28779
v 0.37287 -0.13929 0.25640
v 0.38405 -0.14641 0.26091
v 0.38344 -0.15347 0.27299
v 0.37166 -0.15341 0.28055
v 0.36048 -0.14629 0.27604
v 0.36109 -0.13923 0.26396
v 0.35488 -0.17865 0.23209
v 0.36560 -0.18676 0.23600
v 0.36490 -0.19400 0.24796
v 0.35349 -0.19313 0.25602
v 0.34276 -0.18501 0.25211
v 0.34346 -0.17778 0.24014
v 0.33276 -0.21578 0.20781
v 0.34290 -0.22484 0.21111
v 0.34206 -0.23229 0.22293
v 0.33107 -0.23068 0.23145
v 0.32093 -0.22162 0.22815
v 0.32177 -0.21417 0.21633
v 0.30677 -0.25024 0.18356
v 0.31624 -0.26020 0.18624
v 0.31519 -0.26790 0.19789
v 0.30468 -0.26563 0.20686
v 0.29522 -0.25567 0.20417
v 0.29626 -0.24798 0.19252
v 0.27724 -0.28164 0.15934
v 0.28592 -0.29243 0.16140
v 0.28461 -0.30038 0.17284
v 0.27461 -0.29755 0.18223
v 0.26593 -0.28676 0.18017
v 0.26725 -0.27880 0.16872
v 0.24452 -0.30961 0.13515
v 0.25232 -0.32115 0.13658
v 0.25066 -0.32937 0.14780
v 0.24121 -0.32605 0.15757
v 0.23341 -0.31451 0.15614
v 0.23507 -0.30629 0.14493
v 0.20901 -0.33384 0.11099
v 0.21585 -0.34603 0.11180
v 0.21377 -0.35450 0.12275
v 0.20486 -0.35079 0.13289
v 0.19802 -0.33860 0.13208
v 0.20010 -0.33012 0.12113
v 0.17112 -0.35404 0.08686
v 0.17693 -0.36678 0.08704
v 0.17437 -0.37549 0.09769
v 0.16600 -0.37146 0.10817
v 0.16019 -0.35872 0.10799
v 0.16275 -0.35001 0.09734
v 0.13132 -0.36999 0.06276
v 0.13604 -0.38316 0.06231
v 0.13292 -0.39207 0.07264
v 0.12507 -0.38781 0.08343
v 0.12035 -0.37464 0.08388
v 0.12347 -0.36573 0.07354
v 0.09007 -0.38151 0.03868
v 0.09367 -0.39500 0.03761
v 0.08991 -0.40406 0.04760
v 0.08256 -0.39964 0.05866
v 0.07896 -0.38615 0.05973
v 0.08272 -0.37709 0.04974
v 0.04786 -0.38849 0.01463
v 0.05031 -0.40217 0.01293
v 0.04586 -0.41132 0.02255
v 0.03897 -0.40679 0.03386
v 0.03652 -0.39311 0.03556
v 0.04096 -0.38396 0.02594
v 0.00519 -0.39083 -0.00940
v 0.00649 -0.40458 -0.01171
v 0.00130 -0.41375 -0.00249
v -0.00519 -0.40917 0.00904
v -0.00649 -0.39542 0.01135
v -0.00130 -0.38625 0.00213
v -0.03744 -0.38854 -0.03340
v -0.03728 -0.40223 -0.03632
v -0.04326 -0.41133 -0.02752
v -0.04939 -0.40674 -0.01580
v -0.04954 -0.39305 -0.01288
v -0.04357 -0.38395 -0.02168
v -0.07952 -0.38163 -0.05738
v -0.08048 -0.39515 -0.06090
v -0.08727 -0.40409 -0.05254
v -0.09311 -0.39952 -0.04067
v -0.09215 -0.38600 -0.03715
v -0.08535 -0.37706 -0.04550
v -0.12057 -0.37021 -0.08134
v -0.12260 -0.38344 -0.08545
v -0.13023 -0.39213 -0.07756
v -0.13582 -0.38759 -0.06555
v -0.13379 -0.37436 -0.06144
v -0.12616 -0.36567 -0.06934
v -0.16009 -0.35442 -0.10528
v -0.16314 -0.36725 -0.10997
v -0.17161 -0.37558 -0.10256
v -0.17703 -0.37108 -0.09046
v -0.17398 -0.35825 -0.08577
v -0.16551 -0.34992 -0.09318
v -0.19764 -0.33444 -0.12919
v -0.20164 -0.34678 -0.13446
v -0.21093 -0.35465 -0.12756
v -0.21623 -0.35018 -0.11539
v -0.21223 -0.33784 -0.11013
v -0.20294 -0.32997 -0.11703
v -0.23277 -0.31052 -0.15309
v -0.23764 -0.32229 -0.15891
v -0.24773 -0.32960 -0.15254
v -0.25296 -0.32514 -0.14034
v -0.24809 -0.31337 -0.13452
v -0.23800 -0.30607 -0.14089
v -0.26507 -0.28296 -0.17697
v -0.27071 -0.29407 -0.18334
v -0.28157 -0.30071 -0.17750
v -0.28678 -0.29623 -0.16531
v -0.28114 -0.28512 -0.15894
v -0.27028 -0.27848 -0.16477
v -0.29416 -0.25206 -0.20084
v -0.30049 -0.26248 -0.20773
v -0.31206 -0.26835 -0.20246
v -0.31729 -0.26381 -0.19029
v -0.31096 -0.25340 -0.18340
v -0.29940 -0.24752 -0.18867
v -0.31972 -0.21821 -0.22468
v -0.32663 -0.22788 -0.23209
v -0.33882 -0.23290 -0.22739
v -0.34411 -0.22825 -0.21529
v -0.33720 -0.21858 -0.20788
v -0.32501 -0.21357 -0.21258
v -0.34144 -0.18181 -0.24852
v -0.34882 -0.19070 -0.25641
v -0.36157 -0.19478 -0.25231
v -0.36693 -0.18997 -0.24030
v -0.35954 -0.18108 -0.23240
v -0.34680 -0.17700 -0.23651
v -0.35906 -0.14328 -0.27234
v -0.36682 -0.15139 -0.28071
v -0.38002 -0.15446 -0.27720
v -0.38547 -0.14942 -0.26533
v -0.37771 -0.14131 -0.25696
v -0.36451 -0.13824 -0.26046
v -0.37240 -0.10308 -0.29614
v -0.38043 -0.11041 -0.30497
v -0.39398 -0.11241 -0.30208
v -0.39950 -0.10709 -0.29036
v -0.39147 -0.09976 -0.28154
v -0.37792 -0.09775 -0.28443
v -0.38129 -0.06168 -0.31994
v -0.38949 -0.06825 -0.32919
v -0.40328 -0.06914 -0.32693
v -0.40886 -0.06347 -0.31541
v -0.40066 -0.05690 -0.30616
v -0.38687 -0.05601 -0.30843
v -0.38563 -0.01957 -0.34373
v -0.39391 -0.02541 -0.35339
v -0.40782 -0.02517 -0.35176
v -0.41344 -0.01908 -0.34047
v -0.40515 -0.01324 -0.33081
v -0.39125 -0.01349 -0.33244
v -0.38538 0.02275 -0.36751
v -0.39366 0.01760 -0.37755
v -0.40756 0.01900 -0.37656
v -0.41317 0.02555 -0.36554
v -0.40488 0.03071 -0.35550
v -0.39098 0.02931 -0.35649
v -0.38053 0.06480 -0.39129
v -0.38874 0.06027 -0.40168
v -0.40251 0.06282 -0.40134
v -0.40805 0.06989 -0.39061
v -0.39984 0.07442 -0.38021
v -0.38607 0.07187 -0.38055
v -0.37115 0.10607 -0.41506
v -0.37923 0.10210 -0.42578
v -0.39274 0.10578 -0.42609
v -0.39816 0.11341 -0.41568
v -0.39007 0.11737 -0.40496
v -0.37656 0.11370 -0.40465
v -0.35734 0.14608 -0.43883
v -0.36525 0.14261 -0.44985
v -0.37838 0.14737 -0.45081
v -0.38360 0.15560 -0.44076
v -0.37569 0.15907 -0.42974
v -0.36256 0.15431 -0.42878
v -0.33927 0.18436 -0.46260
v -0.34698 0.18131 -0.47388
v -0.35962 0.18711 -0.47550
v -0.36455 0.19595 -0.46583
v -0.35684 0.19900 -0.45455
v -0.34420 0.19320 -0.45293
v -0.31715 0.22046 -0.48637
v -0.32464 0.21776 -0.49789
v -0.33668 0.22452 -0.50016
v -0.34124 0.23399 -0.49091
v -0.33375 0.23670 -0.47939
v -0.32171 0.22993 -0.47712
v -0.29123 0.25396 -0.51015
v -0.29849 0.25153 -0.52187
v -0.30985 0.25918 -0.52478
v -0.31394 0.26926 -0.51598
v -0.30668 0.27170 -0.50426
v -0.29532 0.26405 -0.50134
v -0.26182 0.28446 -0.53393
v -0.26887 0.28223 -0.54582
v -0.27946 0.29067 -0.54937
v -0.28299 0.30135 -0.54104
v -0.27594 0.30359 -0.52915
v -0.26536 0.29514 -0.52560
v -0.22926 0.31161 -0.55772
v -0.23612 0.30950 -0.56974
v -0.24587 0.31864 -0.57393
v -0.24875 0.32988 -0.56610
v -0.24189 0.33198 -0.55408
v -0.23214 0.32285 -0.54989
v -0.19393 0.33507 -0.58152
v -0.20064 0.33304 -0.59364
v -0.20950 0.34276 -0.59845
v -0.21164 0.35451 -0.59114
v -0.20493 0.35654 -0.57903
v -0.19607 0.34682 -0.57422
v -0.15624 0.35457 -0.60533
v -0.16285 0.35257 -0.61751
v -0.17078 0.36276 -0.62293
v -0.17209 0.37495 -0.61617
v -0.16548 0.37695 -0.60400
v -0.15755 0.36676 -0.59858
v -0.11662 0.36988 -0.62916
v -0.12319 0.36787 -0.64136
v -0.13017 0.37841 -0.64738
v -0.13059 0.39096 -0.64119
v -0.12403 0.39297 -0.62899
v -0.11704 0.38244 -0.62298
v -0.07555 0.38082 -0.65301
v -0.08213 0.37877 -0.66519
v -0.08817 0.38954 -0.67179
v -0.08762 0.40237 -0.66619
v -0.08104 0.40441 -0.65401
v -0.07501 0.39364 -0.64741
v -0.03351 0.38723 -0.67687
v -0.04016 0.38514 -0.68901
v -0.04526 0.39604 -0.69616
v -0.04371 0.40903 -0.69118
v -0.03705 0.41112 -0.67904
v -0.03195 0.40022 -0.67189
v 0.00903 0.38905 -0.70076
v 0.00222 0.38693 -0.71281
v -0.00197 0.39785 -0.72050
v 0.00064 0.41089 -0.71614
v 0.00744 0.41302 -0.70409
v 0.01164 0.40210 -0.69640
v 0.05155 0.38624 -0.72467
v 0.04453 0.38410 -0.73659
v 0.04120 0.39494 -0.74479
v 0.04488 0.40793 -0.74107
v 0.05190 0.41007 -0.72915
v 0.05523 0.39922 -0.72095
v 0.09355 0.37883 -0.74860
v 0.08626 0.37670 -0.76036
v 0.08374 0.38738 -0.76905
v 0.08850 0.40018 -0.76599
v 0.09579 0.40231 -0.75423
v 0.09832 0.39163 -0.74553
v 0.13455 0.36689 -0.77256
v 0.12693 0.36483 -0.78412
v 0.12514 0.37527 -0.79328
v 0.13098 0.38776 -0.79087
v 0.13860 0.38982 -0.77931
v 0.14038 0.37938 -0.77015
v 0.17405 0.35055 -0.79655
v 0.16606 0.34861 -0.80788
v 0.16494 0.35875 -0.81747
v 0.17181 0.37082 -0.81573
v 0.17980 0.37276 -0.80440
v 0.18093 0.36262 -0.79481
v 0.21159 0.33000 -0.82057
v 0.20319 0.32826 -0.83163
v 0.20265 0.33805 -0.84162
v 0.21052 0.34958 -0.84056
v 0.21892 0.35132 -0.82950
v 0.21946 0.34153 -0.81950
v 0.24672 0.30546 -0.84462
v 0.23788 0.30399 -0.85538
v 0.23785 0.31340 -0.86574
v 0.24665 0.32428 -0.86535
v 0.25549 0.32575 -0.85459
v 0.25553 0.31634 -0.84423
v 0.27902 0.27723 -0.86870
v 0.26974 0.27611 -0.87912
v 0.27012 0.28512 -0.88983
v 0.27979 0.29525 -0.89011
v 0.28907 0.29637 -0.87969
v 0.28869 0.28735 -0.86899
v 0.30810 0.24561 -0.89282
v 0.29839 0.24494 -0.90287
v 0.29910 0.25355 -0.91389
v 0.30954 0.26284 -0.91484
v 0.31925 0.26351 -0.90479
v 0.31854 0.25490 -0.89378
v 0.33361 0.21098 -0.91697
v 0.32348 0.21084 -0.92663
v 0.32446 0.21906 -0.93792
v 0.33556 0.22743 -0.93954
v 0.34569 0.22757 -0.92988
v 0.34472 0.21935 -0.91859
v 0.35524 0.17373 -0.94116
v 0.34473 0.17421 -0.95039
v 0.34589 0.18207 -0.96192
v 0.35756 0.18946 -0.96420
v 0.36807 0.18898 -0.95496
v 0.36691 0.18112 -0.94344
v 0.37272 0.13430 -0.96538
v 0.36189 0.13548 -0.97416
v 0.36317 0.14302 -0.98589
v 0.37529 0.14938 -0.98883
v 0.38613 0.14821 -0.98004
v 0.38484 0.14066 -0.96831
v 0.38583 0.09315 -0.98963
v 0.37474 0.09510 -0.99795
v 0.37610 0.10237 -1.00984
v 0.38855 0.10768 -1.01341
v 0.39964 0.10572 -1.00510
v 0.39828 0.09846 -0.99321
v 0.39441 0.05076 -1.01392
v 0.38314 0.05356 -1.02174
v 0.38453 0.06059 -1.03377
v 0.39719 0.06483 -1.03797
v 0.40847 0.06203 -1.03015
v 0.40707 0.05500 -1.01813
v 0.39834 0.00762 -1.03825
v 0.38698 0.01132 -1.04555
v 0.38838 0.01819 -1.05767
v 0.40114 0.02137 -1.06249
v 0.41249 0.01767 -1.05519
v 0.41110 0.01080 -1.04307
v 0.39756 -0.03574 -1.06262
v 0.38621 -0.03110 -1.06938
v 0.38760 -0.02433 -1.08156
v 0.40034 -0.02221 -1.08697
v 0.41168 -0.02685 -1.08020
v 0.41029 -0.03361 -1.06803
v 0.39206 -0.07883 -1.08702
v 0.38084 -0.07322 -1.09323
v 0.38223 -0.06649 -1.10543
v 0.39483 -0.06538 -1.11142
v 0.40605 -0.07099 -1.10520
v 0.40467 -0.07771 -1.09300
v 0.38191 -0.12112 -1.11145
v 0.37092 -0.11453 -1.11709
v 0.37231 -0.10779 -1.12928
v 0.38469 -0.10764 -1.13583
v 0.39567 -0.11423 -1.13019
v 0.39428 -0.12097 -1.11799
v 0.36720 -0.16212 -1.13592
v 0.35657 -0.15455 -1.14098
v 0.35799 -0.14773 -1.15312
v 0.37004 -0.14849 -1.16021
v 0.38067 -0.15606 -1.15514
v 0.37925 -0.16287 -1.14300
v 0.34810 -0.20133 -1.16042
v 0.33794 -0.19281 -1.16489
v 0.33942 -0.18586 -1.17695
v 0.35108 -0.18745 -1.18455
v 0.36124 -0.19598 -1.18008
v 0.35975 -0.20292 -1.16802
v 0.32482 -0.23829 -1.18495
v 0.31524 -0.22884 -1.18882
v 0.31685 -0.22174 -1.20077
v 0.32803 -0.22408 -1.20886
v 0.33761 -0.23353 -1.20500
v 0.33600 -0.24064 -1.19304
v 0.29763 -0.27255 -1.20952
v 0.28874 -0.26223 -1.21278
v 0.29052 -0.25493 -1.22459
v 0.30118 -0.25795 -1.23314
v 0.31007 -0.26826 -1.22989
v 0.30829 -0.27557 -1.21808
v 0.26683 -0.30370 -1.23412
v 0.25874 -0.29258 -1.23676
v 0.26076 -0.28506 -1.24839
v 0.27086 -0.28866 -1.25739
v 0.27895 -0.29978 -1.25475
v 0.27694 -0.30730 -1.24312
v 0.23279 -0.33135 -1.25875
v 0.22559 -0.31951 -1.26076
v 0.22792 -0.31177 -1.27219
v 0.23744 -0.31586 -1.28161
v 0.24463 -0.32770 -1.27959
v 0.24231 -0.33544 -1.26816
v 0.19590 -0.35518 -1.28341
v 0.18968 -0.34272 -1.28480
v 0.19238 -0.33475 -1.29599
v 0.20130 -0.33925 -1.30579
v 0.20753 -0.35171 -1.30440
v 0.20483 -0.35967 -1.29321
v 0.15660 -0.37488 -1.30810
v 0.15141 -0.36190 -1.30886
v 0.15456 -0.35374 -1.31979
v 0.16289 -0.35855 -1.32995
v 0.16808 -0.37153 -1.32919
v 0.16493 -0.37970 -1.31826
v 0.11533 -0.39022 -1.33281
v 0.11124 -0.37684 -1.33295
v 0.11491 -0.36850 -1.34358
v 0.12267 -0.37355 -1.35408
v 0.12676 -0.38694 -1.35395
v 0.12309 -0.39528 -1.34331
v 0.07260 -0.40101 -1.35756
v 0.06964 -0.38733 -1.35706
v 0.07389 -0.37887 -1.36738
v 0.08111 -0.38409 -1.37818
v 0.08407 -0.39776 -1.37867
v 0.07981 -0.40622 -1.36836
v 0.02889 -0.40710 -1.38233
v 0.02709 -0.39326 -1.38121
v 0.03199 -0.38473 -1.39118
v 0.03870 -0.39004 -1.40226
v 0.04050 -0.40388 -1.40337
v 0.03560 -0.41241 -1.39341
v -0.01527 -0.40841 -1.40713
v -0.01591 -0.39453 -1.40539
v -0.01031 -0.38601 -1.41498
v -0.00406 -0.39136 -1.42631
v -0.00342 -0.40524 -1.42804
v -0.00902 -0.41376 -1.41845
v -0.05935 -0.40491 -1.43195
v -0.05885 -0.39112 -1.42959
v -0.05250 -0.38268 -1.43879
v -0.04666 -0.38803 -1.45033
v -0.04717 -0.40182 -1.45268
v -0.05352 -0.41026 -1.44349
v -0.10285 -0.39665 -1.45679
v -0.10121 -0.38306 -1.45383
v -0.09409 -0.37479 -1.46260
v -0.08861 -0.38011 -1.47433
v -0.09024 -0.39369 -1.47729
v -0.09736 -0.40196 -1.46852
v -0.14523 -0.38370 -1.48166
v -0.14251 -0.37043 -1.47810
v -0.13460 -0.36243 -1.48642
v -0.12940 -0.36769 -1.49831
v -0.13211 -0.38095 -1.50187
v -0.14003 -0.38896 -1.49355
v -0.18599 -0.36621 -1.50655
v -0.18225 -0.35338 -1.50240
v -0.17354 -0.34573 -1.51025
v -0.16857 -0.35093 -1.52227
v -0.17231 -0.36377 -1.52642
v -0.18102 -0.37141 -1.51856
v -0.22464 -0.34439 -1.53146
v -0.21995 -0.33208 -1.52673
v -0.21045 -0.32490 -1.53410
v -0.20565 -0.33004 -1.54620
v -0.21034 -0.34235 -1.55094
v -0.21984 -0.34952 -1.54357
v -0.26073 -0.31848 -1.55639
v -0.25516 -0.30678 -1.55109
v -0.24491 -0.30017 -1.55795
v -0.24022 -0.30526 -1.57012
v -0.24578 -0.31696 -1.57542
v -0.25604 -0.32357 -1.56856
v -0.29382 -0.28878 -1.58134
v -0.28747 -0.27777 -1.57548
v -0.27649 -0.27183 -1.58182
v -0.27186 -0.27690 -1.59401
v -0.27821 -0.28792 -1.59988
v -0.28919 -0.29386 -1.59354
v -0.32352 -0.25565 -1.60631
v -0.31648 -0.24538 -1.59990
v -0.30483 -0.24020 -1.60570
v -0.30022 -0.24530 -1.61789
v -0.30726 -0.25557 -1.62430
v -0.31891 -0.26075 -1.61850
v -0.34946 -0.21947 -1.63129
v -0.34184 -0.20998 -1.62436
v -0.32960 -0.20566 -1.62959
v -0.32497 -0.21082 -1.64176
v -0.33258 -0.22031 -1.64869
v -0.34483 -0.22463 -1.64345
v -0.37133 -0.18066 -1.65629
v -0.36324 -0.17199 -1.64885
v -0.35048 -0.16861 -1.65351
v -0.34581 -0.17389 -1.66560
v -0.35390 -0.18256 -1.67304
v -0.36666 -0.18595 -1.66839
v -0.38888 -0.13970 -1.68131
v -0.38042 -0.13185 -1.67337
v -0.36723 -0.12947 -1.67744
v -0.36251 -0.13493 -1.68943
v -0.37097 -0.14277 -1.69737
v -0.38415 -0.14516 -1.69330
v -0.40188 -0.09705 -1.70633
v -0.39315 -0.09003 -1.69793
v -0.37965 -0.08871 -1.70139
v -0.37488 -0.09440 -1.71325
v -0.38360 -0.10142 -1.72166
v -0.39710 -0.10275 -1.71820
v -0.41018 -0.05323 -1.73137
v -0.40129 -0.04701 -1.72252
v -0.38758 -0.04680 -1.72536
v -0.38277 -0.05279 -1.73706
v -0.39165 -0.05900 -1.74591
v -0.40536 -0.05922 -1.74307
v -0.41368 -0.00875 -1.75642
v -0.40472 -0.00331 -1.74714
v -0.39092 -0.00423 -1.74936
v -0.38609 -0.01058 -1.76086
v -0.39505 -0.01602 -1.77014
v -0.40884 -0.01511 -1.76792
v -0.41233 0.03585 -1.78148
v -0.40338 0.04056 -1.77179
v -0.38963 0.03850 -1.77338
v -0.38481 0.03173 -1.78465
v -0.39376 0.02702 -1.79433
v -0.40751 0.02908 -1.79275
v -0.40614 0.08005 -1.80654
v -0.39729 0.08409 -1.79648
v -0.38369 0.08089 -1.79742
v -0.37895 0.07365 -1.80843
v -0.38781 0.06961 -1.81849
v -0.40140 0.07282 -1.81755
v -0.39520 0.12332 -1.83161
v -0.38650 0.12675 -1.82120
v -0.37318 0.12243 -1.82149
v -0.36858 0.11468 -1.83220
v -0.37728 0.11125 -1.84262
v -0.39059 0.11558 -1.84232
v -0.37963 0.16515 -1.85669
v -0.37112 0.16804 -1.84595
v -0.35821 0.16263 -1.84559
v -0.35381 0.15434 -1.85598
v -0.36231 0.15145 -1.86672
v -0.37522 0.15686 -1.86707
v -0.35961 0.20504 -1.88176
v -0.35134 0.20746 -1.87073
v -0.33895 0.20103 -1.86972
v -0.33482 0.19217 -1.87974
v -0.34309 0.18975 -1.89078
v -0.35548 0.19618 -1.89179
v -0.33538 0.24251 -1.90684
v -0.32737 0.24455 -1.89554
v -0.31560 0.23715 -1.89388
v -0.31184 0.22772 -1.90352
v -0.31985 0.22568 -1.91481
v -0.33162 0.23308 -1.91648
v -0.30723 0.27712 -1.93191
v -0.29948 0.27885 -1.92038
v -0.28843 0.27058 -1.91807
v -0.28512 0.26057 -1.92729
v -0.29287 0.25884 -1.93882
v -0.30393 0.26712 -1.94113
v -0.27550 0.30847 -1.95698
v -0.26801 0.30996 -1.94525
v -0.25776 0.30090 -1.94229
v -0.25500 0.29034 -1.95106
v -0.26249 0.28885 -1.96279
v -0.27274 0.29791 -1.96575
v -0.24057 0.33617 -1.98205
v -0.23331 0.33750 -1.97015
v -0.22393 0.32775 -1.96655
v -0.22180 0.31668 -1.97485
v -0.22906 0.31535 -1.98674
v -0.23845 0.32509 -1.99034
v -0.20286 0.35991 -2.00710
v -0.19580 0.36113 -1.99508
v -0.18733 0.35081 -1.99084
v -0.18593 0.33927 -1.99864
v -0.19299 0.33804 -2.01066
v -0.20145 0.34836 -2.01490
v -0.16281 0.37940 -2.03215
v -0.15590 0.38057 -2.02003
v -0.14840 0.36980 -2.01517
v -0.14780 0.35784 -2.02244
v -0.15470 0.35667 -2.03456
v -0.16221 0.36745 -2.03942
v -0.12090 0.39441 -2.05718
v -0.11410 0.39558 -2.04500
v -0.10757 0.38446 -2.03954
v -0.10785 0.37218 -2.04625
v -0.11466 0.37102 -2.05843
v -0.12118 0.38213 -2.06390
v -0.07764 0.40479 -2.08220
v -0.07088 0.40597 -2.07000
v -0.06534 0.39463 -2.06394
v -0.06656 0.38211 -2.07008
v -0.07332 0.38093 -2.08228
v -0.07886 0.39227 -2.08834
v -0.03355 0.41040 -2.10720
v -0.02676 0.41161 -2.09501
v -0.02219 0.40016 -2.08838
v -0.02440 0.38750 -2.09393
v -0.03119 0.38629 -2.10611
v -0.03576 0.39774 -2.11275
v 0.01086 0.41119 -2.13218
v 0.01774 0.41243 -2.12005
v 0.02137 0.40098 -2.11285
v 0.01813 0.38829 -2.11779
v 0.01126 0.38705 -2.12993
v 0.00762 0.39849 -2.13712
v 0.05506 0.40715 -2.15714
v 0.06209 0.40841 -2.14509
v 0.06483 0.39706 -2.13737
v 0.06053 0.38445 -2.14168
v 0.05350 0.38319 -2.15372
v 0.05077 0.39454 -2.16145
v 0.09852 0.39835 -2.18207
v 0.10576 0.39960 -2.17016
v 0.10766 0.38844 -2.16192
v 0.10231 0.37603 -2.16559
v 0.09506 0.37479 -2.17750
v 0.09316 0.38594 -2.18574
v 0.14072 0.38490 -2.20698
v 0.14824 0.38609 -2.19523
v 0.14936 0.37520 -2.18651
v 0.14296 0.36312 -2.18953
v 0.13544 0.36193 -2.20127
v 0.13432 0.37281 -2.21000
v 0.18117 0.36696 -2.23187
v 0.18901 0.36804 -2.22032
v 0.18944 0.35748 -2.21113
v 0.18202 0.34585 -2.21349
v 0.17418 0.34477 -2.22504
v 0.17375 0.35532 -2.23422
v 0.21940 0.34476 -2.25672
v 0.22760 0.34566 -2.24541
v 0.22741 0.33550 -2.23579
v 0.21901 0.32442 -2.23748
v 0.21081 0.32351 -2.24879
v 0.21100 0.33368 -2.25841
v 0.25495 0.31857 -2.28155
v 0.26353 0.31923 -2.27051
v 0.26281 0.30948 -2.26048
v 0.25350 0.29907 -2.26150
v 0.24492 0.29841 -2.27254
v 0.24564 0.30816 -2.28256
v 0.28741 0.28871 -2.30634
v 0.29639 0.28904 -2.29560
v 0.29522 0.27973 -2.28521
v 0.28507 0.27010 -2.28556
v 0.27609 0.26977 -2.29629
v 0.27726 0.27908 -2.30668
v 0.31640 0.25555 -2.33110
v 0.32577 0.25547 -2.32070
v 0.32425 0.24660 -2.30997
v 0.31335 0.23782 -2.30964
v 0.30397 0.23791 -2.32004
v 0.30550 0.24677 -2.33077
v 0.34159 0.21948 -2.35583
v 0.35134 0.21890 -2.34580
v 0.34954 0.21047 -2.33476
v 0.33798 0.20263 -2.33376
v 0.32823 0.20321 -2.34379
v 0.33004 0.21164 -2.35482
v 0.36269 0.18094 -2.38052
v 0.37278 0.17977 -2.37089
v 0.37078 0.17176 -2.35959
v 0.35868 0.16492 -2.35791
v 0.34859 0.16609 -2.36754
v 0.35059 0.17410 -2.37885
v 0.37947 0.14040 -2.40518
v 0.38985 0.13856 -2.39597
v 0.38771 0.13093 -2.38443
v 0.37518 0.12513 -2.38210
v 0.36480 0.12696 -2.39131
v 0.36694 0.13460 -2.40285
v 0.39173 0.09833 -2.42980
v 0.40234 0.09575 -2.42104
v 0.40012 0.08845 -2.40931
v 0.38728 0.08373 -2.40632
v 0.37667 0.08630 -2.41508
v 0.37889 0.09360 -2.42682
v 0.39934 0.05523 -2.45439
v 0.41011 0.05185 -2.44611
v 0.40785 0.04483 -2.43421
v 0.39483 0.04120 -2.43058
v 0.38406 0.04458 -2.43886
v 0.38631 0.05160 -2.45076
v 0.40223 0.01163 -2.47894
v 0.41307 0.00738 -2.47116
v 0.41081 0.00059 -2.45913
v 0.39771 -0.00196 -2.45488
v 0.38688 0.00228 -2.46266
v 0.38914 0.00908 -2.47469
v 0.40038 -0.03197 -2.50345
v 0.41118 -0.03712 -2.49619
v 0.40894 -0.04376 -2.48407
v 0.39589 -0.04524 -2.47921
v 0.38509 -0.04009 -2.48647
v 0.38733 -0.03345 -2.49859
v 0.39381 -0.07505 -2.52793
v 0.40448 -0.08114 -2.52121
v 0.40225 -0.08768 -2.50903
v 0.38937 -0.08812 -2.50358
v 0.37870 -0.08204 -2.51030
v 0.38093 -0.07550 -2.52248
v 0.38263 -0.11711 -2.55238
v 0.39305 -0.12414 -2.54621
v 0.39084 -0.13064 -2.53401
v 0.37821 -0.13011 -2.52798
v 0.36780 -0.12307 -2.53415
v 0.37001 -0.11657 -2.54635
v 0.36698 -0.15765 -2.57679
v 0.37703 -0.16562 -2.57119
v 0.37481 -0.17214 -2.55900
v 0.36254 -0.17069 -2.55241
v 0.35249 -0.16271 -2.55802
v 0.35471 -0.15619 -2.57020
v 0.34705 -0.19619 -2.60117
v 0.35662 -0.20509 -2.59614
v 0.35435 -0.21169 -2.58400
v 0.34252 -0.20938 -2.57688
v 0.33296 -0.20047 -2.58190
v 0.33522 -0.19388 -2.59404
v 0.32309 -0.23230 -2.62551
v 0.33207 -0.24209 -2.62108
v 0.32972 -0.24880 -2.60902
v 0.31839 -0.24572 -2.60139
v 0.30942 -0.23592 -2.60581
v 0.31177 -0.22921 -2.61787
v 0.29540 -0.26554 -2.64982
v 0.30367 -0.27617 -2.64599
v 0.30118 -0.28304 -2.63405
v 0.29042 -0.27927 -2.62592
v 0.28215 -0.26864 -2.62975
v 0.28464 -0.26178 -2.64169
v 0.26430 -0.29555 -2.67409
v 0.27177 -0.30695 -2.67088
v 0.26908 -0.31399 -2.65908
v 0.25892 -0.30962 -2.65049
v 0.25145 -0.29823 -2.65370
v 0.25414 -0.29119 -2.66550
v 0.23018 -0.32197 -2.69834
v 0.23676 -0.33406 -2.69574
v 0.23380 -0.34128 -2.68412
v 0.22427 -0.33642 -2.67509
v 0.21770 -0.32433 -2.67769
v 0.22066 -0.31711 -2.68931
v 0.19345 -0.34450 -2.72255
v 0.19904 -0.35719 -2.72058
v 0.19575 -0.36459 -2.70917
v 0.18686 -0.35932 -2.69973
v 0.18127 -0.34664 -2.70170
v 0.18456 -0.33923 -2.71311
v 0.15454 -0.36289 -2.74674
v 0.15909 -0.37607 -2.74539
v 0.15538 -0.38364 -2.73422
v 0.14714 -0.37805 -2.72439
v 0.14259 -0.36487 -2.72573
v 0.14629 -0.35730 -2.73691
v 0.11392 -0.37693 -2.77089
v 0.11736 -0.39048 -2.77018
v 0.11319 -0.39820 -2.75927
v 0.10556 -0.39237 -2.74908
v 0.10211 -0.37882 -2.74979
v 0.10629 -0.37110 -2.76070
v 0.07206 -0.38647 -2.79502
v 0.07437 -0.40028 -2.79493
v 0.06965 -0.40810 -2.78432
v 0.06262 -0.40211 -2.77380
v 0.06031 -0.38830 -2.77389
v 0.06504 -0.38048 -2.78450
v 0.02947 -0.39141 -2.81912
v 0.03062 -0.40535 -2.81966
v 0.02530 -0.41321 -2.80937
v 0.01883 -0.40713 -2.79854
v 0.01768 -0.39319 -2.79801
v 0.02300 -0.38533 -2.80829
v -0.01335 -0.39169 -2.84319
v -0.01337 -0.40564 -2.84435
v -0.01935 -0.41348 -2.83442
v -0.02530 -0.40738 -2.82332
v -0.02528 -0.39342 -2.82215
v -0.01930 -0.38558 -2.83209
v -0.05590 -0.38733 -2.86724
v -0.05708 -0.40116 -2.86902
v -0.06375 -0.40891 -2.85946
v -0.06925 -0.40282 -2.84811
v -0.06807 -0.38899 -2.84633
v -0.06140 -0.38124 -2.85590
v -0.09768 -0.37838 -2.89126
v -0.09999 -0.39198 -2.89366
v -0.10739 -0.39955 -2.88450
v -0.11249 -0.39352 -2.87294
v -0.11018 -0.37992 -2.87054
v -0.10278 -0.37235 -2.87970
v -0.13820 -0.36497 -2.91526
v -0.14159 -0.37822 -2.91827
v -0.14974 -0.38551 -2.90953
v -0.15450 -0.37956 -2.89778
v -0.15111 -0.36631 -2.89478
v -0.14296 -0.35902 -2.90352
v -0.17699 -0.34726 -2.93924
v -0.18141 -0.36004 -2.94284
v -0.19031 -0.36697 -2.93455
v -0.19479 -0.36111 -2.92265
v -0.19037 -0.34832 -2.91905
v -0.18147 -0.34140 -2.92734
v -0.21358 -0.32546 -2.96319
v -0.21896 -0.33768 -2.96739
v -0.22861 -0.34414 -2.95957
v -0.23288 -0.33837 -2.94755
v -0.22750 -0.32615 -2.94335
v -0.21785 -0.31969 -2.95117
v -0.24757 -0.29984 -2.98713
v -0.25382 -0.31142 -2.99190
v -0.26419 -0.31731 -2.98457
v -0.26831 -0.31162 -2.97246
v -0.26205 -0.30004 -2.96768
v -0.25168 -0.29415 -2.97502
v -0.27854 -0.27070 -3.01104
v -0.28558 -0.28156 -3.01639
v -0.29663 -0.28678 -3.00956
v -0.30064 -0.28115 -2.99739
v -0.29361 -0.27029 -2.99204
v -0.28256 -0.26507 -2.99887
v -0.30615 -0.23840 -3.03494
v -0.31387 -0.24848 -3.04084
v -0.32555 -0.25294 -3.03454
v -0.32951 -0.24733 -3.02234
v -0.32179 -0.23725 -3.01644
v -0.31011 -0.23279 -3.02274
v -0.33007 -0.20332 -3.05882
v -0.33837 -0.21257 -3.06526
v -0.35061 -0.21619 -3.05950
v -0.35455 -0.21055 -3.04731
v -0.34625 -0.20130 -3.04087
v -0.33401 -0.19768 -3.04662
v -0.35003 -0.16587 -3.08268
v -0.35880 -0.17427 -3.08964
v -0.37152 -0.17696 -3.08445
v -0.37547 -0.17125 -3.07229
v -0.36670 -0.16285 -3.06533
v -0.35398 -0.16016 -3.07052
v -0.36579 -0.12650 -3.10652
v -0.37493 -0.13403 -3.11400
v -0.38803 -0.13572 -3.10938
v -0.39201 -0.12989 -3.09730
v -0.38288 -0.12236 -3.08982
v -0.36977 -0.12066 -3.09443
v -0.37718 -0.08567 -3.13035
v -0.38657 -0.09233 -3.13832
v -0.39996 -0.09298 -3.13430
v -0.40397 -0.08696 -3.12231
v -0.39458 -0.08029 -3.11434
v -0.38119 -0.07965 -3.11837
v -0.38407 -0.04387 -3.15417
v -0.39361 -0.04968 -3.16261
v -0.40718 -0.04923 -3.15919
v -0.41121 -0.04296 -3.14734
v -0.40167 -0.03715 -3.13890
v -0.38810 -0.03760 -3.14232
v -0.38639 -0.00101 -3.17829
v -0.39596 -0.00641 -3.18695
v -0.40958 -0.00540 -3.18385
v -0.41361 0.00101 -3.17207
v -0.40404 0.00641 -3.16340
v -0.39042 0.00540 -3.16651
v 0.40000 0.00000 3.17482
v -0.40000 0.00000 -3.17518
f 1 8 7
f 2 9 8
f 4 9 3
f 5 10 4
f 6 11 5
f 6 7 12
f 7 14 13
f 8 15 14
f 9 16 15
f 11 16 10
f 12 17 11
f 7 18 12
f 13 20 19
f 14 21 20
f 15 22 21
f 17 22 16
f 18 23 17
f 13 24 18
f 19 26 25
f 20 27 26
f 21 28 27
f 23 28 22
f 24 29 23
f 19 30 24
f 26 31 25
f 26 33 32
f 27 34 33
f 29 34 28
f 30 35 29
f 25 36 30
f 32 37 31
f 32 39 38
f 33 40 39
f 35 40 34
f 36 41 35
f 31 42 36
f 38 43 37
f 38 45 44
f 39 46 45
f 41 46 40
f 42 47 41
f 37 48 42
f 44 49 43
f 44 51 50
f 45 52 51
f 47 52 46
f 48 53 47
f 43 54 48
f 50 55 49
f 50 57 56
f 51 58 57
f 53 58 52
f 54 59 53
f 49 60 54
f 56 61 55
f 56 63 62
f 57 64 63
f 59 64 58
f 60 65 59
f 55 66 60
f 62 67 61
f 62 69 68
f 63 70 69
f 65 70 64
f 66 71 65
f 61 72 66
f 68 73 67
f 68 75 74
f 69 76 75
f 71 76 70
f 72 77 71
f 67 78 72
f 74 79 73
f 74 81 80
f 75 82 81
f 77 82 76
f 78 83 77
f 73 84 78
f 80 85 79
f 80 87 86
f 81 88 87
f 83 88 82
f 84 89 83
f 79 90 84
f 86 91 85
f 86 93 92
f 87 94 93
f 89 94 88
f 90 95 89
f 85 96 90
f 92 97 91
f 92 99 98
f 93 100 99
f 95 100 94
f 96 101 95
f 91 102 96
f 98 103 97
f 98 105 104
f 99 106 105
f 101 106 100
f 102 107 101
f 97 108 102
f 104 109 103
f 104 111 110
f 105 112 111
f 106 113 112
f 108 113 107
f 103 114 108
f 110 115 109
f 110 117 116
f 111 118 117
f 112 119 118
f 114 119 113
f 109 120 114
f 116 121 115
f 116 123 122
f 117 124 123
f 118 125 124
f 120 125 119
f 115 126 120
f 122 127 121
f 122 129 128
f 123 130 129
f 124 131 130
f 126 131 125
f 121 132 126
f 128 133 127
f 128 135 134
f 129 136 135
f 130 137 136
f 132 137 131
f 127 138 132
f 134 139 133
f 134 141 140
f 135 142 141
f 136 143 142
f 138 143 137
f 133 144 138
f 140 145 139
f 140 147 146
f 141 148 147
f 142 149 148
f 144 149 143
f 139 150 144
f 146 151 145
f 146 153 152
f 147 154 153
f 148 155 154
f 150 155 149
f 145 156 150
f 152 157 151
f 152 159 158
f 153 160 159
f 154 161 160
f 156 161 155
f 151 162 156
f 158 163 157
f 158 165 164
f 159 166 165
f 160 167 166
f 162 167 161
f 157 168 162
f 164 169 163
f 164 171 170
f 165 172 171
f 166 173 172
f 168 173 167
f 163 174 168
f 170 175 169
f 170 177 176
f 171 178 177
f 172 179 178
f 174 179 173
f 169 180 174
f 176 181 175
f 177 182 176
f 177 184 183
f 178 185 184
f 179 186 185
f 175 186 180
f 182 187 181
f 183 188 182
f 183 190 189
f 184 191 190
f 185 192 191
f 181 192 186
f 188 193 187
f 189 194 188
f 189 196 195
f 190 197 196
f 191 198 197
f 187 198 192
f 194 199 193
f 195 200 194
f 195 202 201
f 196 203 202
f 197 204 203
f 193 204 198
f 200 205 199
f 201 206 200
f 201 208 207
f 202 209 208
f 203 210 209
f 199 210 204
f 206 211 205
f 207 212 206
f 207 214 213
f 208 215 214
f 209 216 215
f 205 216 210
f 212 217 211
f 213 218 212
f 213 220 219
f 214 221 220
f 215 222 221
f 211 222 216
f 218 223 217
f 219 224 218
f 219 226 225
f 220 227 226
f 221 228 227
f 217 228 222
f 224 229 223
f 225 230 224
f 225 232 231
f 226 233 232
f 227 234 233
f 223 234 228
f 230 235 229
f 231 236 230
f 231 238 237
f 232 239 238
f 233 240 239
f 229 240 234
f 236 241 235
f 237 242 236
f 237 244 243
f 238 245 244
f 239 246 245
f 235 246 240
f 242 247 241
f 243 248 242
f 243 250 249
f 244 251 250
f 245 252 251
f 246 247 252
f 248 253 247
f 249 254 248
f 249 256 255
f 250 257 256
f 251 258 257
f 252 253 258
f 254 259 253
f 255 260 254
f 255 262 261
f 256 263 262
f 257 264 263
f 258 259 264
f 260 265 259
f 261 266 260
f 261 268 267
f 262 269 268
f 263 270 269
f 264 265 270
f 266 271 265
f 267 272 266
f 267 274 273
f 268 275 274
f 269 276 275
f 270 271 276
f 272 277 271
f 273 278 272
f 273 280 279
f 274 281 280
f 275 282 281
f 276 277 282
f 278 283 277
f 279 284 278
f 279 286 285
f 280 287 286
f 281 288 287
f 282 283 288
f 284 289 283
f 285 290 284
f 285 292 291
f 286 293 292
f 287 294 293
f 288 289 294
f 290 295 289
f 291 296 290
f 291 298 297
f 292 299 298
f 293 300 299
f 294 295 300
f 296 301 295
f 297 302 296
f 297 304 303
f 298 305 304
f 299 306 305
f 300 301 306
f 302 307 301
f 303 308 302
f 303 310 309
f 304 311 310
f 305 312 311
f 306 307 312
f 308 313 307
f 309 314 308
f 309 316 315
f 310 317 316
f 311 318 317
f 312 313 318
f 314 319 313
f 315 320 314
f 316 321 315
f 316 323 322
f 317 324 323
f 318 319 324
f 320 325 319
f 321 326 320
f 322 327 321
f 322 329 328
f 323 330 329
f 324 325 330
f 326 331 325
f 327 332 326
f 328 333 327
f 328 335 334
f 329 336 335
f 330 331 336
f 332 337 331
f 333 338 332
f 334 339 333
f 334 341 340
f 335 342 341
f 336 337 342
f 338 343 337
f 339 344 338
f 340 345 339
f 340 347 346
f 341 348 347
f 342 343 348
f 344 349 343
f 345 350 344
f 346 351 345
f 346 353 352
f 347 354 353
f 348 349 354
f 350 355 349
f 351 356 350
f 352 357 351
f 352 359 358
f 353 360 359
f 354 355 360
f 356 361 355
f 357 362 356
f 358 363 357
f 358 365 364
f 359 366 365
f 360 361 366
f 362 367 361
f 363 368 362
f 364 369 363
f 364 371 370
f 365 372 371
f 366 367 372
f 368 373 367
f 369 374 368
f 370 375 369
f 370 377 376
f 371 378 377
f 372 373 378
f 374 379 373
f 375 380 374
f 376 381 375
f 376 383 382
f 377 384 383
f 378 379 384
f 380 385 379
f 381 386 380
f 382 387 381
f 383 388 382
f 383 390 389
f 384 385 390
f 386 391 385
f 387 392 386
f 388 393 387
f 389 394 388
f 389 396 395
f 390 391 396
f 392 397 391
f 393 398 392
f 394 399 393
f 395 400 394
f 395 402 401
f 396 397 402
f 398 403 397
f 399 404 398
f 400 405 399
f 401 406 400
f 401 408 407
f 402 403 408
f 404 409 403
f 405 410 404
f 406 411 405
f 407 412 406
f 407 414 413
f 408 409 414
f 410 415 409
f 411 416 410
f 412 417 411
f 413 418 412
f 413 420 419
f 414 415 420
f 416 421 415
f 417 422 416
f 418 423 417
f 419 424 418
f 419 426 425
f 420 421 426
f 422 427 421
f 423 428 422
f 424 429 423
f 425 430 424
f 425 432 431
f 426 427 432
f 428 433 427
f 429 434 428
f 430 435 429
f 431 436 430
f 431 438 437
f 432 433 438
f 434 439 433
f 435 440 434
f 436 441 435
f 437 442 436
f 437 444 443
f 438 439 444
f 440 445 439
f 441 446 440
f 442 447 441
f 443 448 442
f 443 450 449
f 444 445 450
f 446 451 445
f 447 452 446
f 448 453 447
f 449 454 448
f 449 456 455
f 450 451 456
f 452 457 451
f 453 458 452
f 454 459 453
f 455 460 454
f 455 462 461
f 456 457 462
f 457 464 463
f 459 464 458
f 460 465 459
f 461 466 460
f 461 468 467
f 462 463 468
f 463 470 469
f 465 470 464
f 466 471 465
f 467 472 466
f 467 474 473
f 468 469 474
f 469 476 475
f 471 476 470
f 472 477 471
f 473 478 472
f 473 480 479
f 474 475 480
f 475 482 481
f 477 482 476
f 478 483 477
f 479 484 478
f 479 486 485
f 480 481 486
f 481 488 487
f 483 488 482
f 484 489 483
f 485 490 484
f 485 492 491
f 486 487 492
f 487 494 493
f 489 494 488
f 490 495 489
f 491 496 490
f 491 498 497
f 492 493 498
f 493 500 499
f 495 500 494
f 496 501 495
f 497 502 496
f 497 504 503
f 498 499 504
f 499 506 505
f 501 506 500
f 502 507 501
f 503 508 502
f 503 510 509
f 504 505 510
f 505 512 511
f 507 512 506
f 508 513 507
f 509 514 508
f 509 516 515
f 510 511 516
f 511 518 517
f 513 518 512
f 514 519 513
f 515 520 514
f 515 522 521
f 516 517 522
f 517 524 523
f 519 524 518
f 520 525 519
f 521 526 520
f 521 528 527
f 522 523 528
f 523 530 529
f 525 530 524
f 526 531 525
f 527 532 526
f 527 534 533
f 528 529 534
f 529 536 535
f 530 537 536
f 532 537 531
f 533 538 532
f 534 539 533
f 534 535 540
f 535 542 541
f 536 543 542
f 538 543 537
f 539 544 538
f 540 545 539
f 540 541 546
f 541 548 547
f 542 549 548
f 544 549 543
f 545 550 544
f 546 551 545
f 546 547 552
f 547 554 553
f 548 555 554
f 550 555 549
f 551 556 550
f 552 557 551
f 552 553 558
f 553 560 559
f 554 561 560
f 556 561 555
f 557 562 556
f 558 563 557
f 558 559 564
f 559 566 565
f 560 567 566
f 562 567 561
f 563 568 562
f 564 569 563
f 564 565 570
f 565 572 571
f 566 573 572
f 568 573 567
f 569 574 568
f 570 575 569
f 570 571 576
f 571 578 577
f 572 579 578
f 574 579 573
f 575 580 574
f 576 581 575
f 576 577 582
f 577 584 583
f 578 585 584
f 580 585 579
f 581 586 580
f 582 587 581
f 582 583 588
f 583 590 589
f 584 591 590
f 586 591 585
f 587 592 586
f 588 593 587
f 588 589 594
f 589 596 595
f 590 597 596
f 592 597 591
f 593 598 592
f 594 599 593
f 594 595 600
f 595 602 601
f 596 603 602
f 597 604 603
f 599 604 598
f 600 605 599
f 600 601 606
f 601 608 607
f 602 609 608
f 603 610 609
f 605 610 604
f 606 611 605
f 606 607 612
f 607 614 613
f 608 615 614
f 609 616 615
f 611 616 610
f 612 617 611
f 612 613 618
f 613 620 619
f 614 621 620
f 615 622 621
f 617 622 616
f 618 623 617
f 618 619 624
f 619 626 625
f 620 627 626
f 621 628 627
f 623 628 622
f 624 629 623
f 624 625 630
f 625 632 631
f 626 633 632
f 627 634 633
f 629 634 628
f 630 635 629
f 630 631 636
f 631 638 637
f 632 639 638
f 633 640 639
f 635 640 634
f 636 641 635
f 636 637 642
f 637 644 643
f 638 645 644
f 639 646 645
f 641 646 640
f 642 647 641
f 642 643 648
f 643 650 649
f 644 651 650
f 645 652 651
f 647 652 646
f 648 653 647
f 648 649 654
f 649 656 655
f 650 657 656
f 651 658 657
f 653 658 652
f 654 659 653
f 654 655 660
f 655 662 661
f 656 663 662
f 657 664 663
f 659 664 658
f 660 665 659
f 660 661 666
f 661 668 667
f 662 669 668
f 663 670 669
f 665 670 664
f 666 671 665
f 666 667 672
f 667 674 673
f 668 675 674
f 669 676 675
f 671 676 670
f 672 677 671
f 667 678 672
f 673 680 679
f 674 681 680
f 675 682 681
f 677 682 676
f 678 683 677
f 673 684 678
f 679 686 685
f 680 687 686
f 681 688 687
f 683 688 682
f 684 689 683
f 679 690 684
f 685 692 691
f 686 693 692
f 687 694 693
f 689 694 688
f 690 695 689
f 685 696 690
f 691 698 697
f 692 699 698
f 693 700 699
f 695 700 694
f 696 701 695
f 691 702 696
f 697 704 703
f 698 705 704
f 699 706 705
f 701 706 700
f 702 707 701
f 697 708 702
f 703 710 709
f 704 711 710
f 705 712 711
f 707 712 706
f 708 713 707
f 703 714 708
f 709 716 715
f 710 717 716
f 711 718 717
f 713 718 712
f 714 719 713
f 709 720 714
f 715 722 721
f 716 723 722
f 717 724 723
f 719 724 718
f 720 725 719
f 715 726 720
f 721 728 727
f 722 729 728
f 723 730 729
f 725 730 724
f 726 731 725
f 721 732 726
f 727 734 733
f 728 735 734
f 729 736 735
f 731 736 730
f 732 737 731
f 727 738 732
f 734 739 733
f 734 741 740
f 735 742 741
f 737 742 736
f 738 743 737
f 733 744 738
f 740 745 739
f 740 747 746
f 741 748 747
f 743 748 742
f 744 749 743
f 739 750 744
f 746 751 745
f 746 753 752
f 747 754 753
f 749 754 748
f 750 755 749
f 745 756 750
f 752 757 751
f 752 759 758
f 753 760 759
f 755 760 754
f 756 761 755
f 751 762 756
f 758 763 757
f 758 765 764
f 759 766 765
f 761 766 760
f 762 767 761
f 757 768 762
f 764 769 763
f 764 771 770
f 765 772 771
f 767 772 766
f 768 773 767
f 763 774 768
f 770 775 769
f 770 777 776
f 771 778 777
f 773 778 772
f 774 779 773
f 769 780 774
f 776 781 775
f 776 783 782
f 777 784 783
f 779 784 778
f 780 785 779
f 775 786 780
f 782 787 781
f 782 789 788
f 783 790 789
f 785 790 784
f 786 791 785
f 781 792 786
f 788 793 787
f 788 795 794
f 789 796 795
f 791 796 790
f 792 797 791
f 787 798 792
f 794 799 793
f 794 801 800
f 795 802 801
f 797 802 796
f 798 803 797
f 793 804 798
f 800 805 799
f 800 807 806
f 801 808 807
f 803 808 802
f 804 809 803
f 799 810 804
f 806 811 805
f 806 813 812
f 807 814 813
f 809 814 808
f 810 815 809
f 805 816 810
f 812 817 811
f 812 819 818
f 813 820 819
f 814 821 820
f 816 821 815
f 811 822 816
f 818 823 817
f 818 825 824
f 819 826 825
f 820 827 826
f 822 827 821
f 817 828 822
f 824 829 823
f 824 831 830
f 825 832 831
f 826 833 832
f 828 833 827
f 823 834 828
f 830 835 829
f 830 837 836
f 831 838 837
f 832 839 838
f 834 839 833
f 829 840 834
f 836 841 835
f 836 843 842
f 837 844 843
f 838 845 844
f 840 845 839
f 835 846 840
f 842 847 841
f 842 849 848
f 843 850 849
f 844 851 850
f 846 851 845
f 841 852 846
f 848 853 847
f 848 855 854
f 849 856 855
f 850 857 856
f 852 857 851
f 847 858 852
f 854 859 853
f 854 861 860
f 855 862 861
f 856 863 862
f 858 863 857
f 853 864 858
f 860 865 859
f 860 867 866
f 861 868 867
f 862 869 868
f 864 869 863
f 859 870 864
f 866 871 865
f 866 873 872
f 867 874 873
f 868 875 874
f 870 875 869
f 865 876 870
f 872 877 871
f 872 879 878
f 873 880 879
f 874 881 880
f 876 881 875
f 871 882 876
f 878 883 877
f 879 884 878
f 879 886 885
f 880 887 886
f 882 887 881
f 877 888 882
f 884 889 883
f 885 890 884
f 885 892 891
f 886 893 892
f 887 894 893
f 883 894 888
f 890 895 889
f 891 896 890
f 891 898 897
f 892 899 898
f 893 900 899
f 889 900 894
f 896 901 895
f 897 902 896
f 897 904 903
f 898 905 904
f 899 906 905
f 895 906 900
f 902 907 901
f 903 908 902
f 903 910 909
f 904 911 910
f 905 912 911
f 901 912 906
f 908 913 907
f 909 914 908
f 909 916 915
f 910 917 916
f 911 918 917
f 907 918 912
f 914 919 913
f 915 920 914
f 915 922 921
f 916 923 922
f 917 924 923
f 913 924 918
f 920 925 919
f 921 926 920
f 921 928 927
f 922 929 928
f 923 930 929
f 919 930 924
f 926 931 925
f 927 932 926
f 927 934 933
f 928 935 934
f 929 936 935
f 925 936 930
f 932 937 931
f 933 938 932
f 933 940 939
f 934 941 940
f 935 942 941
f 931 942 936
f 938 943 937
f 939 944 938
f 939 946 945
f 940 947 946
f 941 948 947
f 937 948 942
f 944 949 943
f 945 950 944
f 945 952 951
f 946 953 952
f 947 954 953
f 943 954 948
f 950 955 949
f 951 956 950
f 951 958 957
f 952 959 958
f 953 960 959
f 954 955 960
f 956 961 955
f 957 962 956
f 957 964 963
f 958 965 964
f 959 966 965
f 960 961 966
f 962 967 961
f 963 968 962
f 963 970 969
f 964 971 970
f 965 972 971
f 966 967 972
f 968 973 967
f 969 974 968
f 969 976 975
f 970 977 976
f 971 978 977
f 972 973 978
f 974 979 973
f 975 980 974
f 975 982 981
f 976 983 982
f 977 984 983
f 978 979 984
f 980 985 979
f 981 986 980
f 981 988 987
f 982 989 988
f 983 990 989
f 984 985 990
f 986 991 985
f 987 992 986
f 987 994 993
f 988 995 994
f 989 996 995
f 990 991 996
f 992 997 991
f 993 998 992
f 993 1000 999
f 994 1001 1000
f 995 1002 1001
f 996 997 1002
f 998 1003 997
f 999 1004 998
f 999 1006 1005
f 1000 1007 1006
f 1001 1008 1007
f 1002 1003 1008
f 1004 1009 1003
f 1005 1010 1004
f 1005 1012 1011
f 1006 1013 1012
f 1007 1014 1013
f 1008 1009 1014
f 1010 1015 1009
f 1011 1016 1010
f 1011 1018 1017
f 1012 1019 1018
f 1013 1020 1019
f 1014 1015 1020
f 1016 1021 1015
f 1017 1022 1016
f 1017 1024 1023
f 1018 1025 1024
f 1019 1026 1025
f 1020 1021 1026
f 1022 1027 1021
f 1023 1028 1022
f 1024 1029 1023
f 1024 1031 1030
f 1025 1032 1031
f 1026 1027 1032
f 1028 1033 1027
f 1029 1034 1028
f 1030 1035 1029
f 1030 1037 1036
f 1031 1038 1037
f 1032 1033 1038
f 1034 1039 1033
f 1035 1040 1034
f 1036 1041 1035
f 1036 1043 1042
f 1037 1044 1043
f 1038 1039 1044
f 1040 1045 1039
f 1041 1046 1040
f 1042 1047 1041
f 1042 1049 1048
f 1043 1050 1049
f 1044 1045 1050
f 1046 1051 1045
f 1047 1052 1046
f 1048 1053 1047
f 1048 1055 1054
f 1049 1056 1055
f 1050 1051 1056
f 1052 1057 1051
f 1053 1058 1052
f 1054 1059 1053
f 1054 1061 1060
f 1055 1062 1061
f 1056 1057 1062
f 1058 1063 1057
f 1059 1064 1058
f 1060 1065 1059
f 1060 1067 1066
f 1061 1068 1067
f 1062 1063 1068
f 1064 1069 1063
f 1065 1070 1064
f 1066 1071 1065
f 1066 1073 1072
f 1067 1074 1073
f 1068 1069 1074
f 1070 1075 1069
f 1071 1076 1070
f 1072 1077 1071
f 1072 1079 1078
f 1073 1080 1079
f 1074 1075 1080
f 1076 1081 1075
f 1077 1082 1076
f 1078 1083 1077
f 1078 1085 1084
f 1079 1086 1085
f 1080 1081 1086
f 1082 1087 1081
f 1083 1088 1082
f 1084 1089 1083
f 1084 1091 1090
f 1085 1092 1091
f 1086 1087 1092
f 1088 1093 1087
f 1089 1094 1088
f 1090 1095 1089
f 1091 1096 1090
f 1091 1098 1097
f 1092 1093 1098
f 1094 1099 1093
f 1095 1100 1094
f 1096 1101 1095
f 1097 1102 1096
f 1097 1104 1103
f 1098 1099 1104
f 1100 1105 1099
f 1101 1106 1100
f 1102 1107 1101
f 1103 1108 1102
f 1103 1110 1109
f 1104 1105 1110
f 1106 1111 1105
f 1107 1112 1106
f 1108 1113 1107
f 1109 1114 1108
f 1109 1116 1115
f 1110 1111 1116
f 1112 1117 1111
f 1113 1118 1112
f 1114 1119 1113
f 1115 1120 1114
f 1115 1122 1121
f 1116 1117 1122
f 1118 1123 1117
f 1119 1124 1118
f 1120 1125 1119
f 1121 1126 1120
f 1121 1128 1127
f 1122 1123 1128
f 1124 1129 1123
f 1125 1130 1124
f 1126 1131 1125
f 1127 1132 1126
f 1127 1134 1133
f 1128 1129 1134
f 1130 1135 1129
f 1131 1136 1130
f 1132 1137 1131
f 1133 1138 1132
f 1133 1140 1139
f 1134 1135 1140
f 1136 1141 1135
f 1137 1142 1136
f 1138 1143 1137
f 1139 1144 1138
f 1139 1146 1145
f 1140 1141 1146
f 1142 1147 1141
f 1143 1148 1142
f 1144 1149 1143
f 1145 1150 1144
f 1145 1152 1151
f 1146 1147 1152
f 1148 1153 1147
f 1149 1154 1148
f 1150 1155 1149
f 1151 1156 1150
f 1151 1158 1157
f 1152 1153 1158
f 1154 1159 1153
f 1155 1160 1154
f 1156 1161 1155
f 1157 1162 1156
f 1157 1164 1163
f 1158 1159 1164
f 1160 1165 1159
f 1161 1166 1160
f 1162 1167 1161
f 1163 1168 1162
f 1163 1170 1169
f 1164 1165 1170
f 1165 1172 1171
f 1167 1172 1166
f 1168 1173 1167
f 1169 1174 1168
f 1169 1176 1175
f 1170 1171 1176
f 1171 1178 1177
f 1173 1178 1172
f 1174 1179 1173
f 1175 1180 1174
f 1175 1182 1181
f 1176 1177 1182
f 1177 1184 1183
f 1179 1184 1178
f 1180 1185 1179
f 1181 1186 1180
f 1181 1188 1187
f 1182 1183 1188
f 1183 1190 1189
f 1185 1190 1184
f 1186 1191 1185
f 1187 1192 1186
f 1187 1194 1193
f 1188 1189 1194
f 1189 1196 1195
f 1191 1196 1190
f 1192 1197 1191
f 1193 1198 1192
f 1193 1200 1199
f 1194 1195 1200
f 1195 1202 1201
f 1197 1202 1196
f 1198 1203 1197
f 1199 1204 1198
f 1199 1206 1205
f 1200 1201 1206
f 1201 1208 1207
f 1203 1208 1202
f 1204 1209 1203
f 1205 1210 1204
f 1205 1212 1211
f 1206 1207 1212
f 1207 1214 1213
f 1209 1214 1208
f 1210 1215 1209
f 1211 1216 1210
f 1211 1218 1217
f 1212 1213 1218
f 1213 1220 1219
f 1215 1220 1214
f 1216 1221 1215
f 1217 1222 1216
f 1217 1224 1223
f 1218 1219 1224
f 1219 1226 1225
f 1221 1226 1220
f 1222 1227 1221
f 1223 1228 1222
f 1223 1230 1229
f 1224 1225 1230
f 1225 1232 1231
f 1227 1232 1226
f 1228 1233 1227
f 1229 1234 1228
f 1230 1235 1229
f 1230 1231 1236
f 1231 1238 1237
f 1232 1239 1238
f 1234 1239 1233
f 1235 1240 1234
f 1235 1242 1241
f 1236 1237 1242
f 1237 1244 1243
f 1238 1245 1244
f 1240 1245 1239
f 1241 1246 1240
f 1242 1247 1241
f 1242 1243 1248
f 1243 1250 1249
f 1244 1251 1250
f 1246 1251 1245
f 1247 1252 1246
f 1248 1253 1247
f 1248 1249 1254
f 1249 1256 1255
f 1250 1257 1256
f 1252 1257 1251
f 1253 1258 1252
f 1254 1259 1253
f 1254 1255 1260
f 1255 1262 1261
f 1256 1263 1262
f 1258 1263 1257
f 1259 1264 1258
f 1260 1265 1259
f 1260 1261 1266
f 1261 1268 1267
f 1262 1269 1268
f 1264 1269 1263
f 1265 1270 1264
f 1266 1271 1265
f 1266 1267 1272
f 1267 1274 1273
f 1268 1275 1274
f 1270 1275 1269
f 1271 1276 1270
f 1272 1277 1271
f 1272 1273 1278
f 1273 1280 1279
f 1274 1281 1280
f 1276 1281 1275
f 1277 1282 1276
f 1278 1283 1277
f 1278 1279 1284
f 1279 1286 1285
f 1280 1287 1286
f 1282 1287 1281
f 1283 1288 1282
f 1284 1289 1283
f 1284 1285 1290
f 1285 1292 1291
f 1286 1293 1292
f 1288 1293 1287
f 1289 1294 1288
f 1290 1295 1289
f 1290 1291 1296
f 1291 1298 1297
f 1292 1299 1298
f 1294 1299 1293
f 1295 1300 1294
f 1296 1301 1295
f 1296 1297 1302
f 1297 1304 1303
f 1298 1305 1304
f 1300 1305 1299
f 1301 1306 1300
f 1302 1307 1301
f 1302 1303 1308
f 1303 1310 1309
f 1304 1311 1310
f 1305 1312 1311
f 1307 1312 1306
f 1308 1313 1307
f 1308 1309 1314
f 1309 1316 1315
f 1310 1317 1316
f 1311 1318 1317
f 1313 1318 1312
f 1314 1319 1313
f 1314 1315 1320
f 1315 1322 1321
f 1316 1323 1322
f 1317 1324 1323
f 1319 1324 1318
f 1320 1325 1319
f 1320 1321 1326
f 1321 1328 1327
f 1322 1329 1328
f 1323 1330 1329
f 1325 1330 1324
f 1326 1331 1325
f 1326 1327 1332
f 1327 1334 1333
f 1328 1335 1334
f 1329 1336 1335
f 1331 1336 1330
f 1332 1337 1331
f 1332 1333 1338
f 1333 1340 1339
f 1334 1341 1340
f 1335 1342 1341
f 1337 1342 1336
f 1338 1343 1337
f 1338 1339 1344
f 1339 1346 1345
f 1340 1347 1346
f 1341 1348 1347
f 1343 1348 1342
f 1344 1349 1343
f 1344 1345 1350
f 1345 1352 1351
f 1346 1353 1352
f 1347 1354 1353
f 1349 1354 1348
f 1350 1355 1349
f 1350 1351 1356
f 1351 1358 1357
f 1352 1359 1358
f 1353 1360 1359
f 1355 1360 1354
f 1356 1361 1355
f 1356 1357 1362
f 1357 1364 1363
f 1358 1365 1364
f 1359 1366 1365
f 1361 1366 1360
f 1362 1367 1361
f 1362 1363 1368
f 1363 1370 1369
f 1364 1371 1370
f 1365 1372 1371
f 1367 1372 1366
f 1368 1373 1367
f 1368 1369 1374
f 1369 1376 1375
f 1370 1377 1376
f 1371 1378 1377
f 1373 1378 1372
f 1374 1379 1373
f 1374 1375 1380
f 1375 1382 1381
f 1376 1383 1382
f 1377 1384 1383
f 1379 1384 1378
f 1380 1385 1379
f 1375 1386 1380
f 1381 1388 1387
f 1382 1389 1388
f 1383 1390 1389
f 1385 1390 1384
f 1386 1391 1385
f 1381 1392 1386
f 1387 1394 1393
f 1388 1395 1394
f 1389 1396 1395
f 1391 1396 1390
f 1392 1397 1391
f 1387 1398 1392
f 1393 1400 1399
f 1394 1401 1400
f 1395 1402 1401
f 1397 1402 1396
f 1398 1403 1397
f 1393 1404 1398
f 1399 1406 1405
f 1400 1407 1406
f 1401 1408 1407
f 1403 1408 1402
f 1404 1409 1403
f 1399 1410 1404
f 1405 1412 1411
f 1406 1413 1412
f 1407 1414 1413
f 1409 1414 1408
f 1410 1415 1409
f 1405 1416 1410
f 1411 1418 1417
f 1412 1419 1418
f 1413 1420 1419
f 1415 1420 1414
f 1416 1421 1415
f 1411 1422 1416
f 1417 1424 1423
f 1418 1425 1424
f 1419 1426 1425
f 1421 1426 1420
f 1422 1427 1421
f 1417 1428 1422
f 1423 1430 1429
f 1424 1431 1430
f 1425 1432 1431
f 1427 1432 1426
f 1428 1433 1427
f 1423 1434 1428
f 1429 1436 1435
f 1430 1437 1436
f 1431 1438 1437
f 1433 1438 1432
f 1434 1439 1433
f 1429 1440 1434
f 1435 1442 1441
f 1436 1443 1442
f 1437 1444 1443
f 1439 1444 1438
f 1440 1445 1439
f 1435 1446 1440
f 1442 1447 1441
f 1442 1449 1448
f 1443 1450 1449
f 1445 1450 1444
f 1446 1451 1445
f 1441 1452 1446
f 1448 1453 1447
f 1448 1455 1454
f 1449 1456 1455
f 1451 1456 1450
f 1452 1457 1451
f 1447 1458 1452
f 1454 1459 1453
f 1454 1461 1460
f 1455 1462 1461
f 1457 1462 1456
f 1458 1463 1457
f 1453 1464 1458
f 1460 1465 1459
f 1460 1467 1466
f 1461 1468 1467
f 1463 1468 1462
f 1464 1469 1463
f 1459 1470 1464
f 1466 1471 1465
f 1466 1473 1472
f 1467 1474 1473
f 1469 1474 1468
f 1470 1475 1469
f 1465 1476 1470
f 1472 1477 1471
f 1472 1479 1478
f 1473 1480 1479
f 1475 1480 1474
f 1476 1481 1475
f 1471 1482 1476
f 1478 1483 1477
f 1478 1485 1484
f 1479 1486 1485
f 1481 1486 1480
f 1482 1487 1481
f 1477 1488 1482
f 1484 1489 1483
f 1484 1491 1490
f 1485 1492 1491
f 1487 1492 1486
f 1488 1493 1487
f 1483 1494 1488
f 1490 1495 1489
f 1490 1497 1496
f 1491 1498 1497
f 1493 1498 1492
f 1494 1499 1493
f 1489 1500 1494
f 1496 1501 1495
f 1496 1503 1502
f 1497 1504 1503
f 1499 1504 1498
f 1500 1505 1499
f 1495 1506 1500
f 1502 1507 1501
f 1502 1509 1508
f 1503 1510 1509
f 1505 1510 1504
f 1506 1511 1505
f 1501 1512 1506
f 1508 1513 1507
f 1508 1515 1514
f 1509 1516 1515
f 1511 1516 1510
f 1512 1517 1511
f 1507 1518 1512
f 1514 1519 1513
f 1514 1521 1520
f 1515 1522 1521
f 1517 1522 1516
f 1518 1523 1517
f 1513 1524 1518
f 1520 1525 1519
f 1520 1527 1526
f 1521 1528 1527
f 1522 1529 1528
f 1524 1529 1523
f 1519 1530 1524
f 1526 1531 1525
f 1526 1533 1532
f 1527 1534 1533
f 1528 1535 1534
f 1530 1535 1529
f 1525 1536 1530
f 1532 1537 1531
f 1532 1539 1538
f 1533 1540 1539
f 1534 1541 1540
f 1536 1541 1535
f 1531 1542 1536
f 1538 1543 1537
f 1538 1545 1544
f 1539 1546 1545
f 1540 1547 1546
f 1542 1547 1541
f 1537 1548 1542
f 1544 1549 1543
f 1544 1551 1550
f 1545 1552 1551
f 1546 1553 1552
f 1548 1553 1547
f 1543 1554 1548
f 1550 1555 1549
f 1550 1557 1556
f 1551 1558 1557
f 1552 1559 1558
f 1554 1559 1553
f 1549 1560 1554
f 1556 1561 1555
f 1557 1562 1556
f 1558 1563 1557
f 1558 1565 1564
f 1559 1566 1565
f 1560 1561 1566
f 1567 2 1
f 1567 3 2
f 1567 4 3
f 1567 5 4
f 1567 6 5
f 1567 1 6
f 1561 1562 1568
f 1562 1563 1568
f 1563 1564 1568
f 1564 1565 1568
f 1565 1566 1568
f 1566 1561 1568
f 1 2 8
f 2 3 9
f 4 10 9
f 5 11 10
f 6 12 11
f 6 1 7
f 7 8 14
f 8 9 15
f 9 10 16
f 11 17 16
f 12 18 17
f 7 13 18
f 13 14 20
f 14 15 21
f 15 16 22
f 17 23 22
f 18 24 23
f 13 19 24
f 19 20 26
f 20 21 27
f 21 22 28
f 23 29 28
f 24 30 29
f 19 25 30
f 26 32 31
f 26 27 33
f 27 28 34
f 29 35 34
f 30 36 35
f 25 31 36
f 32 38 37
f 32 33 39
f 33 34 40
f 35 41 40
f 36 42 41
f 31 37 42
f 38 44 43
f 38 39 45
f 39 40 46
f 41 47 46
f 42 48 47
f 37 43 48
f 44 50 49
f 44 45 51
f 45 46 52
f 47 53 52
f 48 54 53
f 43 49 54
f 50 56 55
f 50 51 57
f 51 52 58
f 53 59 58
f 54 60 59
f 49 55 60
f 56 62 61
f 56 57 63
f 57 58 64
f 59 65 64
f 60 66 65
f 55 61 66
f 62 68 67
f 62 63 69
f 63 64 70
f 65 71 70
f 66 72 71
f 61 67 72
f 68 74 73
f 68 69 75
f 69 70 76
f 71 77 76
f 72 78 77
f 67 73 78
f 74 80 79
f 74 75 81
f 75 76 82
f 77 83 82
f 78 84 83
f 73 79 84
f 80 86 85
f 80 81 87
f 81 82 88
f 83 89 88
f 84 90 89
f 79 85 90
f 86 92 91
f 86 87 93
f 87 88 94
f 89 95 94
f 90 96 95
f 85 91 96
f 92 98 97
f 92 93 99
f 93 94 100
f 95 101 100
f 96 102 101
f 91 97 102
f 98 104 103
f 98 99 105
f 99 100 106
f 101 107 106
f 102 108 107
f 97 103 108
f 104 110 109
f 104 105 111
f 105 106 112
f 106 107 113
f 108 114 113
f 103 109 114
f 110 116 115
f 110 111 117
f 111 112 118
f 112 113 119
f 114 120 119
f 109 115 120
f 116 122 121
f 116 117 123
f 117 118 124
f 118 119 125
f 120 126 125
f 115 121 126
f 122 128 127
f 122 123 129
f 123 124 130
f 124 125 131
f 126 132 131
f 121 127 132
f 128 134 133
f 128 129 135
f 129 130 136
f 130 131 137
f 132 138 137
f 127 133 138
f 134 140 139
f 134 135 141
f 135 136 142
f 136 137 143
f 138 144 143
f 133 139 144
f 140 146 145
f 140 141 147
f 141 142 148
f 142 143 149
f 144 150 149
f 139 145 150
f 146 152 151
f 146 147 153
f 147 148 154
f 148 149 155
f 150 156 155
f 145 151 156
f 152 158 157
f 152 153 159
f 153 154 160
f 154 155 161
f 156 162 161
f 151 157 162
f 158 164 163
f 158 159 165
f 159 160 166
f 160 161 167
f 162 168 167
f 157 163 168
f 164 170 169
f 164 165 171
f 165 166 172
f 166 167 173
f 168 174 173
f 163 169 174
f 170 176 175
f 170 171 177
f 171 172 178
f 172 173 179
f 174 180 179
f 169 175 180
f 176 182 181
f 177 183 182
f 177 178 184
f 178 179 185
f 179 180 186
f 175 181 186
f 182 188 187
f 183 189 188
f 183 184 190
f 184 185 191
f 185 186 192
f 181 187 192
f 188 194 193
f 189 195 194
f 189 190 196
f 190 191 197
f 191 192 198
f 187 193 198
f 194 200 199
f 195 201 200
f 195 196 202
f 196 197 203
f 197 198 204
f 193 199 204
f 200 206 205
f 201 207 206
f 201 202 208
f 202 203 209
f 203 204 210
f 199 205 210
f 206 212 211
f 207 213 212
f 207 208 214
f 208 209 215
f 209 210 216
f 205 211 216
f 212 218 217
f 213 219 218
f 213 214 220
f 214 215 221
f 215 216 222
f 211 217 222
f 218 224 223
f 219 225 224
f 219 220 226
f 220 221 227
f 221 222 228
f 217 223 228
f 224 230 229
f 225 231 230
f 225 226 232
f 226 227 233
f 227 228 234
f 223 229 234
f 230 236 235
f 231 237 236
f 231 232 238
f 232 233 239
f 233 234 240
f 229 235 240
f 236 242 241
f 237 243 242
f 237 238 244
f 238 239 245
f 239 240 246
f 235 241 246
f 242 248 247
f 243 249 248
f 243 244 250
f 244 245 251
f 245 246 252
f 246 241 247
f 248 254 253
f 249 255 254
f 249 250 256
f 250 251 257
f 251 252 258
f 252 247 253
f 254 260 259
f 255 261 260
f 255 256 262
f 256 257 263
f 257 258 264
f 258 253 259
f 260 266 265
f 261 267 266
f 261 262 268
f 262 263 269
f 263 264 270
f 264 259 265
f 266 272 271
f 267 273 272
f 267 268 274
f 268 269 275
f 269 270 276
f 270 265 271
f 272 278 277
f 273 279 278
f 273 274 280
f 274 275 281
f 275 276 282
f 276 271 277
f 278 284 283
f 279 285 284
f 279 280 286
f 280 281 287
f 281 282 288
f 282 277 283
f 284 290 289
f 285 291 290
f 285 286 292
f 286 287 293
f 287 288 294
f 288 283 289
f 290 296 295
f 291 297 296
f 291 292 298
f 292 293 299
f 293 294 300
f 294 289 295
f 296 302 301
f 297 303 302
f 297 298 304
f 298 299 305
f 299 300 306
f 300 295 301
f 302 308 307
f 303 309 308
f 303 304 310
f 304 305 311
f 305 306 312
f 306 301 307
f 308 314 313
f 309 315 314
f 309 310 316
f 310 311 317
f 311 312 318
f 312 307 313
f 314 320 319
f 315 321 320
f 316 322 321
f 316 317 323
f 317 318 324
f 318 313 319
f 320 326 325
f 321 327 326
f 322 328 327
f 322 323 329
f 323 324 330
f 324 319 325
f 326 332 331
f 327 333 332
f 328 334 333
f 328 329 335
f 329 330 336
f 330 325 331
f 332 338 337
f 333 339 338
f 334 340 339
f 334 335 341
f 335 336 342
f 336 331 337
f 338 344 343
f 339 345 344
f 340 346 345
f 340 341 347
f 341 342 348
f 342 337 343
f 344 350 349
f 345 351 350
f 346 352 351
f 346 347 353
f 347 348 354
f 348 343 349
f 350 356 355
f 351 357 356
f 352 358 357
f 352 353 359
f 353 354 360
f 354 349 355
f 356 362 361
f 357 363 362
f 358 364 363
f 358 359 365
f 359 360 366
f 360 355 361
f 362 368 367
f 363 369 368
f 364 370 369
f 364 365 371
f 365 366 372
f 366 361 367
f 368 374 373
f 369 375 374
f 370 376 375
f 370 371 377
f 371 372 378
f 372 367 373
f 374 380 379
f 375 381 380
f 376 382 381
f 376 377 383
f 377 378 384
f 378 373 379
f 380 386 385
f 381 387 386
f 382 388 387
f 383 389 388
f 383 384 390
f 384 379 385
f 386 392 391
f 387 393 392
f 388 394 393
f 389 395 394
f 389 390 396
f 390 385 391
f 392 398 397
f 393 399 398
f 394 400 399
f 395 401 400
f 395 396 402
f 396 391 397
f 398 404 403
f 399 405 404
f 400 406 405
f 401 407 406
f 401 402 408
f 402 397 403
f 404 410 409
f 405 411 410
f 406 412 411
f 407 413 412
f 407 408 414
f 408 403 409
f 410 416 415
f 411 417 416
f 412 418 417
f 413 419 418
f 413 414 420
f 414 409 415
f 416 422 421
f 417 423 422
f 418 424 423
f 419 425 424
f 419 420 426
f 420 415 421
f 422 428 427
f 423 429 428
f 424 430 429
f 425 431 430
f 425 426 432
f 426 421 427
f 428 434 433
f 429 435 434
f 430 436 435
f 431 437 436
f 431 432 438
f 432 427 433
f 434 440 439
f 435 441 440
f 436 442 441
f 437 443 442
f 437 438 444
f 438 433 439
f 440 446 445
f 441 447 446
f 442 448 447
f 443 449 448
f 443 444 450
f 444 439 445
f 446 452 451
f 447 453 452
f 448 454 453
f 449 455 454
f 449 450 456
f 450 445 451
f 452 458 457
f 453 459 458
f 454 460 459
f 455 461 460
f 455 456 462
f 456 451 457
f 457 458 464
f 459 465 464
f 460 466 465
f 461 467 466
f 461 462 468
f 462 457 463
f 463 464 470
f 465 471 470
f 466 472 471
f 467 473 472
f 467 468 474
f 468 463 469
f 469 470 476
f 471 477 476
f 472 478 477
f 473 479 478
f 473 474 480
f 474 469 475
f 475 476 482
f 477 483 482
f 478 484 483
f 479 485 484
f 479 480 486
f 480 475 481
f 481 482 488
f 483 489 488
f 484 490 489
f 485 491 490
f 485 486 492
f 486 481 487
f 487 488 494
f 489 495 494
f 490 496 495
f 491 497 496
f 491 492 498
f 492 487 493
f 493 494 500
f 495 501 500
f 496 502 501
f 497 503 502
f 497 498 504
f 498 493 499
f 499 500 506
f 501 507 506
f 502 508 507
f 503 509 508
f 503 504 510
f 504 499 505
f 505 506 512
f 507 513 512
f 508 514 513
f 509 515 514
f 509 510 516
f 510 505 511
f 511 512 518
f 513 519 518
f 514 520 519
f 515 521 520
f 515 516 522
f 516 511 517
f 517 518 524
f 519 525 524
f 520 526 525
f 521 527 526
f 521 522 528
f 522 517 523
f 523 524 530
f 525 531 530
f 526 532 531
f 527 533 532
f 527 528 534
f 528 523 529
f 529 530 536
f 530 531 537
f 532 538 537
f 533 539 538
f 534 540 539
f 534 529 535
f 535 536 542
f 536 537 543
f 538 544 543
f 539 545 544
f 540 546 545
f 540 535 541
f 541 542 548
f 542 543 549
f 544 550 549
f 545 551 550
f 546 552 551
f 546 541 547
f 547 548 554
f 548 549 555
f 550 556 555
f 551 557 556
f 552 558 557
f 552 547 553
f 553 554 560
f 554 555 561
f 556 562 561
f 557 563 562
f 558 564 563
f 558 553 559
f 559 560 566
f 560 561 567
f 562 568 567
f 563 569 568
f 564 570 569
f 564 559 565
f 565 566 572
f 566 567 573
f 568 574 573
f 569 575 574
f 570 576 575
f 570 565 571
f 571 572 578
f 572 573 579
f 574 580 579
f 575 581 580
f 576 582 581
f 576 571 577
f 577 578 584
f 578 579 585
f 580 586 585
f 581 587 586
f 582 588 587
f 582 577 583
f 583 584 590
f 584 585 591
f 586 592 591
f 587 593 592
f 588 594 593
f 588 583 589
f 589 590 596
f 590 591 597
f 592 598 597
f 593 599 598
f 594 600 599
f 594 589 595
f 595 596 602
f 596 597 603
f 597 598 604
f 599 605 604
f 600 606 605
f 600 595 601
f 601 602 608
f 602 603 609
f 603 604 610
f 605 611 610
f 606 612 611
f 606 601 607
f 607 608 614
f 608 609 615
f 609 610 616
f 611 617 616
f 612 618 617
f 612 607 613
f 613 614 620
f 614 615 621
f 615 616 622
f 617 623 622
f 618 624 623
f 618 613 619
f 619 620 626
f 620 621 627
f 621 622 628
f 623 629 628
f 624 630 629
f 624 619 625
f 625 626 632
f 626 627 633
f 627 628 634
f 629 635 634
f 630 636 635
f 630 625 631
f 631 632 638
f 632 633 639
f 633 634 640
f 635 641 640
f 636 642 641
f 636 631 637
f 637 638 644
f 638 639 645
f 639 640 646
f 641 647 646
f 642 648 647
f 642 637 643
f 643 644 650
f 644 645 651
f 645 646 652
f 647 653 652
f 648 654 653
f 648 643 649
f 649 650 656
f 650 651 657
f 651 652 658
f 653 659 658
f 654 660 659
f 654 649 655
f 655 656 662
f 656 657 663
f 657 658 664
f 659 665 664
f 660 666 665
f 660 655 661
f 661 662 668
f 662 663 669
f 663 664 670
f 665 671 670
f 666 672 671
f 666 661 667
f 667 668 674
f 668 669 675
f 669 670 676
f 671 677 676
f 672 678 677
f 667 673 678
f 673 674 680
f 674 675 681
f 675 676 682
f 677 683 682
f 678 684 683
f 673 679 684
f 679 680 686
f 680 681 687
f 681 682 688
f 683 689 688
f 684 690 689
f 679 685 690
f 685 686 692
f 686 687 693
f 687 688 694
f 689 695 694
f 690 696 695
f 685 691 696
f 691 692 698
f 692 693 699
f 693 694 700
f 695 701 700
f 696 702 701
f 691 697 702
f 697 698 704
f 698 699 705
f 699 700 706
f 701 707 706
f 702 708 707
f 697 703 708
f 703 704 710
f 704 705 711
f 705 706 712
f 707 713 712
f 708 714 713
f 703 709 714
f 709 710 716
f 710 711 717
f 711 712 718
f 713 719 718
f 714 720 719
f 709 715 720
f 715 716 722
f 716 717 723
f 717 718 724
f 719 725 724
f 720 726 725
f 715 721 726
f 721 722 728
f 722 723 729
f 723 724 730
f 725 731 730
f 726 732 731
f 721 727 732
f 727 728 734
f 728 729 735
f 729 730 736
f 731 737 736
f 732 738 737
f 727 733 738
f 734 740 739
f 734 735 741
f 735 736 742
f 737 743 742
f 738 744 743
f 733 739 744
f 740 746 745
f 740 741 747
f 741 742 748
f 743 749 748
f 744 750 749
f 739 745 750
f 746 752 751
f 746 747 753
f 747 748 754
f 749 755 754
f 750 756 755
f 745 751 756
f 752 758 757
f 752 753 759
f 753 754 760
f 755 761 760
f 756 762 761
f 751 757 762
f 758 764 763
f 758 759 765
f 759 760 766
f 761 767 766
f 762 768 767
f 757 763 768
f 764 770 769
f 764 765 771
f 765 766 772
f 767 773 772
f 768 774 773
f 763 769 774
f 770 776 775
f 770 771 777
f 771 772 778
f 773 779 778
f 774 780 779
f 769 775 780
f 776 782 781
f 776 777 783
f 777 778 784
f 779 785 784
f 780 786 785
f 775 781 786
f 782 788 787
f 782 783 789
f 783 784 790
f 785 791 790
f 786 792 791
f 781 787 792
f 788 794 793
f 788 789 795
f 789 790 796
f 791 797 796
f 792 798 797
f 787 793 798
f 794 800 799
f 794 795 801
f 795 796 802
f 797 803 802
f 798 804 803
f 793 799 804
f 800 806 805
f 800 801 807
f 801 802 808
f 803 809 808
f 804 810 809
f 799 805 810
f 806 812 811
f 806 807 813
f 807 808 814
f 809 815 814
f 810 816 815
f 805 811 816
f 812 818 817
f 812 813 819
f 813 814 820
f 814 815 821
f 816 822 821
f 811 817 822
f 818 824 823
f 818 819 825
f 819 820 826
f 820 821 827
f 822 828 827
f 817 823 828
f 824 830 829
f 824 825 831
f 825 826 832
f 826 827 833
f 828 834 833
f 823 829 834
f 830 836 835
f 830 831 837
f 831 832 838
f 832 833 839
f 834 840 839
f 829 835 840
f 836 842 841
f 836 837 843
f 837 838 844
f 838 839 845
f 840 846 845
f 835 841 846
f 842 848 847
f 842 843 849
f 843 844 850
f 844 845 851
f 846 852 851
f 841 847 852
f 848 854 853
f 848 849 855
f 849 850 856
f 850 851 857
f 852 858 857
f 847 853 858
f 854 860 859
f 854 855 861
f 855 856 862
f 856 857 863
f 858 864 863
f 853 859 864
f 860 866 865
f 860 861 867
f 861 862 868
f 862 863 869
f 864 870 869
f 859 865 870
f 866 872 871
f 866 867 873
f 867 868 874
f 868 869 875
f 870 876 875
f 865 871 876
f 872 878 877
f 872 873 879
f 873 874 880
f 874 875 881
f 876 882 881
f 871 877 882
f 878 884 883
f 879 885 884
f 879 880 886
f 880 881 887
f 882 888 887
f 877 883 888
f 884 890 889
f 885 891 890
f 885 886 892
f 886 887 893
f 887 888 894
f 883 889 894
f 890 896 895
f 891 897 896
f 891 892 898
f 892 893 899
f 893 894 900
f 889 895 900
f 896 902 901
f 897 903 902
f 897 898 904
f 898 899 905
f 899 900 906
f 895 901 906
f 902 908 907
f 903 909 908
f 903 904 910
f 904 905 911
f 905 906 912
f 901 907 912
f 908 914 913
f 909 915 914
f 909 910 916
f 910 911 917
f 911 912 918
f 907 913 918
f 914 920 919
f 915 921 920
f 915 916 922
f 916 917 923
f 917 918 924
f 913 919 924
f 920 926 925
f 921 927 926
f 921 922 928
f 922 923 929
f 923 924 930
f 919 925 930
f 926 932 931
f 927 933 932
f 927 928 934
f 928 929 935
f 929 930 936
f 925 931 936
f 932 938 937
f 933 939 938
f 933 934 940
f 934 935 941
f 935 936 942
f 931 937 942
f 938 944 943
f 939 945 944
f 939 940 946
f 940 941 947
f 941 942 948
f 937 943 948
f 944 950 949
f 945 951 950
f 945 946 952
f 946 947 953
f 947 948 954
f 943 949 954
f 950 956 955
f 951 957 956
f 951 952 958
f 952 953 959
f 953 954 960
f 954 949 955
f 956 962 961
f 957 963 962
f 957 958 964
f 958 959 965
f 959 960 966
f 960 955 961
f 962 968 967
f 963 969 968
f 963 964 970
f 964 965 971
f 965 966 972
f 966 961 967
f 968 974 973
f 969 975 974
f 969 970 976
f 970 971 977
f 971 972 978
f 972 967 973
f 974 980 979
f 975 981 980
f 975 976 982
f 976 977 983
f 977 978 984
f 978 973 979
f 980 986 985
f 981 987 986
f 981 982 988
f 982 983 989
f 983 984 990
f 984 979 985
f 986 992 991
f 987 993 992
f 987 988 994
f 988 989 995
f 989 990 996
f 990 985 991
f 992 998 997
f 993 999 998
f 993 994 1000
f 994 995 1001
f 995 996 1002
f 996 991 997
f 998 1004 1003
f 999 1005 1004
f 999 1000 1006
f 1000 1001 1007
f 1001 1002 1008
f 1002 997 1003
f 1004 1010 1009
f 1005 1011 1010
f 1005 1006 1012
f 1006 1007 1013
f 1007 1008 1014
f 1008 1003 1009
f 1010 1016 1015
f 1011 1017 1016
f 1011 1012 1018
f 1012 1013 1019
f 1013 1014 1020
f 1014 1009 1015
f 1016 1022 1021
f 1017 1023 1022
f 1017 1018 1024
f 1018 1019 1025
f 1019 1020 1026
f 1020 1015 1021
f 1022 1028 1027
f 1023 1029 1028
f 1024 1030 1029
f 1024 1025 1031
f 1025 1026 1032
f 1026 1021 1027
f 1028 1034 1033
f 1029 1035 1034
f 1030 1036 1035
f 1030 1031 1037
f 1031 1032 1038
f 1032 1027 1033
f 1034 1040 1039
f 1035 1041 1040
f 1036 1042 1041
f 1036 1037 1043
f 1037 1038 1044
f 1038 1033 1039
f 1040 1046 1045
f 1041 1047 1046
f 1042 1048 1047
f 1042 1043 1049
f 1043 1044 1050
f 1044 1039 1045
f 1046 1052 1051
f 1047 1053 1052
f 1048 1054 1053
f 1048 1049 1055
f 1049 1050 1056
f 1050 1045 1051
f 1052 1058 1057
f 1053 1059 1058
f 1054 1060 1059
f 1054 1055 1061
f 1055 1056 1062
f 1056 1051 1057
f 1058 1064 1063
f 1059 1065 1064
f 1060 1066 1065
f 1060 1061 1067
f 1061 1062 1068
f 1062 1057 1063
f 1064 1070 1069
f 1065 1071 1070
f 1066 1072 1071
f 1066 1067 1073
f 1067 1068 1074
f 1068 1063 1069
f 1070 1076 1075
f 1071 1077 1076
f 1072 1078 1077
f 1072 1073 1079
f 1073 1074 1080
f 1074 1069 1075
f 1076 1082 1081
f 1077 1083 1082
f 1078 1084 1083
f 1078 1079 1085
f 1079 1080 1086
f 1080 1075 1081
f 1082 1088 1087
f 1083 1089 1088
f 1084 1090 1089
f 1084 1085 1091
f 1085 1086 1092
f 1086 1081 1087
f 1088 1094 1093
f 1089 1095 1094
f 1090 1096 1095
f 1091 1097 1096
f 1091 1092 1098
f 1092 1087 1093
f 1094 1100 1099
f 1095 1101 1100
f 1096 1102 1101
f 1097 1103 1102
f 1097 1098 1104
f 1098 1093 1099
f 1100 1106 1105
f 1101 1107 1106
f 1102 1108 1107
f 1103 1109 1108
f 1103 1104 1110
f 1104 1099 1105
f 1106 1112 1111
f 1107 1113 1112
f 1108 1114 1113
f 1109 1115 1114
f 1109 1110 1116
f 1110 1105 1111
f 1112 1118 1117
f 1113 1119 1118
f 1114 1120 1119
f 1115 1121 1120
f 1115 1116 1122
f 1116 1111 1117
f 1118 1124 1123
f 1119 1125 1124
f 1120 1126 1125
f 1121 1127 1126
f 1121 1122 1128
f 1122 1117 1123
f 1124 1130 1129
f 1125 1131 1130
f 1126 1132 1131
f 1127 1133 1132
f 1127 1128 1134
f 1128 1123 1129
f 1130 1136 1135
f 1131 1137 1136
f 1132 1138 1137
f 1133 1139 1138
f 1133 1134 1140
f 1134 1129 1135
f 1136 1142 1141
f 1137 1143 1142
f 1138 1144 1143
f 1139 1145 1144
f 1139 1140 1146
f 1140 1135 1141
f 1142 1148 1147
f 1143 1149 1148
f 1144 1150 1149
f 1145 1151 1150
f 1145 1146 1152
f 1146 1141 1147
f 1148 1154 1153
f 1149 1155 1154
f 1150 1156 1155
f 1151 1157 1156
f 1151 1152 1158
f 1152 1147 1153
f 1154 1160 1159
f 1155 1161 1160
f 1156 1162 1161
f 1157 1163 1162
f 1157 1158 1164
f 1158 1153 1159
f 1160 1166 1165
f 1161 1167 1166
f 1162 1168 1167
f 1163 1169 1168
f 1163 1164 1170
f 1164 1159 1165
f 1165 1166 1172
f 1167 1173 1172
f 1168 1174 1173
f 1169 1175 1174
f 1169 1170 1176
f 1170 1165 1171
f 1171 1172 1178
f 1173 1179 1178
f 1174 1180 1179
f 1175 1181 1180
f 1175 1176 1182
f 1176 1171 1177
f 1177 1178 1184
f 1179 1185 1184
f 1180 1186 1185
f 1181 1187 1186
f 1181 1182 1188
f 1182 1177 1183
f 1183 1184 1190
f 1185 1191 1190
f 1186 1192 1191
f 1187 1193 1192
f 1187 1188 1194
f 1188 1183 1189
f 1189 1190 1196
f 1191 1197 1196
f 1192 1198 1197
f 1193 1199 1198
f 1193 1194 1200
f 1194 1189 1195
f 1195 1196 1202
f 1197 1203 1202
f 1198 1204 1203
f 1199 1205 1204
f 1199 1200 1206
f 1200 1195 1201
f 1201 1202 1208
f 1203 1209 1208
f 1204 1210 1209
f 1205 1211 1210
f 1205 1206 1212
f 1206 1201 1207
f 1207 1208 1214
f 1209 1215 1214
f 1210 1216 1215
f 1211 1217 1216
f 1211 1212 1218
f 1212 1207 1213
f 1213 1214 1220
f 1215 1221 1220
f 1216 1222 1221
f 1217 1223 1222
f 1217 1218 1224
f 1218 1213 1219
f 1219 1220 1226
f 1221 1227 1226
f 1222 1228 1227
f 1223 1229 1228
f 1223 1224 1230
f 1224 1219 1225
f 1225 1226 1232
f 1227 1233 1232
f 1228 1234 1233
f 1229 1235 1234
f 1230 1236 1235
f 1230 1225 1231
f 1231 1232 1238
f 1232 1233 1239
f 1234 1240 1239
f 1235 1241 1240
f 1235 1236 1242
f 1236 1231 1237
f 1237 1238 1244
f 1238 1239 1245
f 1240 1246 1245
f 1241 1247 1246
f 1242 1248 1247
f 1242 1237 1243
f 1243 1244 1250
f 1244 1245 1251
f 1246 1252 1251
f 1247 1253 1252
f 1248 1254 1253
f 1248 1243 1249
f 1249 1250 1256
f 1250 1251 1257
f 1252 1258 1257
f 1253 1259 1258
f 1254 1260 1259
f 1254 1249 1255
f 1255 1256 1262
f 1256 1257 1263
f 1258 1264 1263
f 1259 1265 1264
f 1260 1266 1265
f 1260 1255 1261
f 1261 1262 1268
f 1262 1263 1269
f 1264 1270 1269
f 1265 1271 1270
f 1266 1272 1271
f 1266 1261 1267
f 1267 1268 1274
f 1268 1269 1275
f 1270 1276 1275
f 1271 1277 1276
f 1272 1278 1277
f 1272 1267 1273
f 1273 1274 1280
f 1274 1275 1281
f 1276 1282 1281
f 1277 1283 1282
f 1278 1284 1283
f 1278 1273 1279
f 1279 1280 1286
f 1280 1281 1287
f 1282 1288 1287
f 1283 1289 1288
f 1284 1290 1289
f 1284 1279 1285
f 1285 1286 1292
f 1286 1287 1293
f 1288 1294 1293
f 1289 1295 1294
f 1290 1296 1295
f 1290 1285 1291
f 1291 1292 1298
f 1292 1293 1299
f 1294 1300 1299
f 1295 1301 1300
f 1296 1302 1301
f 1296 1291 1297
f 1297 1298 1304
f 1298 1299 1305
f 1300 1306 1305
f 1301 1307 1306
f 1302 1308 1307
f 1302 1297 1303
f 1303 1304 1310
f 1304 1305 1311
f 1305 1306 1312
f 1307 1313 1312
f 1308 1314 1313
f 1308 1303 1309
f 1309 1310 1316
f 1310 1311 1317
f 1311 1312 1318
f 1313 1319 1318
f 1314 1320 1319
f 1314 1309 1315
f 1315 1316 1322
f 1316 1317 1323
f 1317 1318 1324
f 1319 1325 1324
f 1320 1326 1325
f 1320 1315 1321
f 1321 1322 1328
f 1322 1323 1329
f 1323 1324 1330
f 1325 1331 1330
f 1326 1332 1331
f 1326 1321 1327
f 1327 1328 1334
f 1328 1329 1335
f 1329 1330 1336
f 1331 1337 1336
f 1332 1338 1337
f 1332 1327 1333
f 1333 1334 1340
f 1334 1335 1341
f 1335 1336 1342
f 1337 1343 1342
f 1338 1344 1343
f 1338 1333 1339
f 1339 1340 1346
f 1340 1341 1347
f 1341 1342 1348
f 1343 1349 1348
f 1344 1350 1349
f 1344 1339 1345
f 1345 1346 1352
f 1346 1347 1353
f 1347 1348 1354
f 1349 1355 1354
f 1350 1356 1355
f 1350 1345 1351
f 1351 1352 1358
f 1352 1353 1359
f 1353 1354 1360
f 1355 1361 1360
f 1356 1362 1361
f 1356 1351 1357
f 1357 1358 1364
f 1358 1359 1365
f 1359 1360 1366
f 1361 1367 1366
f 1362 1368 1367
f 1362 1357 1363
f 1363 1364 1370
f 1364 1365 1371
f 1365 1366 1372
f 1367 1373 1372
f 1368 1374 1373
f 1368 1363 1369
f 1369 1370 1376
f 1370 1371 1377
f 1371 1372 1378
f 1373 1379 1378
f 1374 1380 1379
f 1374 1369 1375
f 1375 1376 1382
f 1376 1377 1383
f 1377 1378 1384
f 1379 1385 1384
f 1380 1386 1385
f 1375 1381 1386
f 1381 1382 1388
f 1382 1383 1389
f 1383 1384 1390
f 1385 1391 1390
f 1386 1392 1391
f 1381 1387 1392
f 1387 1388 1394
f 1388 1389 1395
f 1389 1390 1396
f 1391 1397 1396
f 1392 1398 1397
f 1387 1393 1398
f 1393 1394 1400
f 1394 1395 1401
f 1395 1396 1402
f 1397 1403 1402
f 1398 1404 1403
f 1393 1399 1404
f 1399 1400 1406
f 1400 1401 1407
f 1401 1402 1408
f 1403 1409 1408
f 1404 1410 1409
f 1399 1405 1410
f 1405 1406 1412
f 1406 1407 1413
f 1407 1408 1414
f 1409 1415 1414
f 1410 1416 1415
f 1405 1411 1416
f 1411 1412 1418
f 1412 1413 1419
f 1413 1414 1420
f 1415 1421 1420
f 1416 1422 1421
f 1411 1417 1422
f 1417 1418 1424
f 1418 1419 1425
f 1419 1420 1426
f 1421 1427 1426
f 1422 1428 1427
f 1417 1423 1428
f 1423 1424 1430
f 1424 1425 1431
f 1425 1426 1432
f 1427 1433 1432
f 1428 1434 1433
f 1423 1429 1434
f 1429 1430 1436
f 1430 1431 1437
f 1431 1432 1438
f 1433 1439 1438
f 1434 1440 1439
f 1429 1435 1440
f 1435 1436 1442
f 1436 1437 1443
f 1437 1438 1444
f 1439 1445 1444
f 1440 1446 1445
f 1435 1441 1446
f 1442 1448 1447
f 1442 1443 1449
f 1443 1444 1450
f 1445 1451 1450
f 1446 1452 1451
f 1441 1447 1452
f 1448 1454 1453
f 1448 1449 1455
f 1449 1450 1456
f 1451 1457 1456
f 1452 1458 1457
f 1447 1453 1458
f 1454 1460 1459
f 1454 1455 1461
f 1455 1456 1462
f 1457 1463 1462
f 1458 1464 1463
f 1453 1459 1464
f 1460 1466 1465
f 1460 1461 1467
f 1461 1462 1468
f 1463 1469 1468
f 1464 1470 1469
f 1459 1465 1470
f 1466 1472 1471
f 1466 1467 1473
f 1467 1468 1474
f 1469 1475 1474
f 1470 1476 1475
f 1465 1471 1476
f 1472 1478 1477
f 1472 1473 1479
f 1473 1474 1480
f 1475 1481 1480
f 1476 1482 1481
f 1471 1477 1482
f 1478 1484 1483
f 1478 1479 1485
f 1479 1480 1486
f 1481 1487 1486
f 1482 1488 1487
f 1477 1483 1488
f 1484 1490 1489
f 1484 1485 1491
f 1485 1486 1492
f 1487 1493 1492
f 1488 1494 1493
f 1483 1489 1494
f 1490 1496 1495
f 1490 1491 1497
f 1491 1492 1498
f 1493 1499 1498
f 1494 1500 1499
f 1489 1495 1500
f 1496 1502 1501
f 1496 1497 1503
f 1497 1498 1504
f 1499 1505 1504
f 1500 1506 1505
f 1495 1501 1506
f 1502 1508 1507
f 1502 1503 1509
f 1503 1504 1510
f 1505 1511 1510
f 1506 1512 1511
f 1501 1507 1512
f 1508 1514 1513
f 1508 1509 1515
f 1509 1510 1516
f 1511 1517 1516
f 1512 1518 1517
f 1507 1513 1518
f 1514 1520 1519
f 1514 1515 1521
f 1515 1516 1522
f 1517 1523 1522
f 1518 1524 1523
f 1513 1519 1524
f 1520 1526 1525
f 1520 1521 1527
f 1521 1522 1528
f 1522 1523 1529
f 1524 1530 1529
f 1519 1525 1530
f 1526 1532 1531
f 1526 1527 1533
f 1527 1528 1534
f 1528 1529 1535
f 1530 1536 1535
f 1525 1531 1536
f 1532 1538 1537
f 1532 1533 1539
f 1533 1534 1540
f 1534 1535 1541
f 1536 1542 1541
f 1531 1537 1542
f 1538 1544 1543
f 1538 1539 1545
f 1539 1540 1546
f 1540 1541 1547
f 1542 1548 1547
f 1537 1543 1548
f 1544 1550 1549
f 1544 1545 1551
f 1545 1546 1552
f 1546 1547 1553
f 1548 1554 1553
f 1543 1549 1554
f 1550 1556 1555
f 1550 1551 1557
f 1551 1552 1558
f 1552 1553 1559
f 1554 1560 1559
f 1549 1555 1560
f 1556 1562 1561
f 1557 1563 1562
f 1558 1564 1563
f 1558 1559 1565
f 1559 1560 1566
f 1560 1555 1561
f 1570 1575 1569
f 1571 1576 1570
f 1571 1578 1577
f 1572 1579 1578
f 1573 1580 1579
f 1569 1580 1574
f 1576 1581 1575
f 1577 1582 1576
f 1578 1583 1577
f 1578 1585 1584
f 1579 1586 1585
f 1580 1581 1586
f 1582 1587 1581
f 1583 1588 1582
f 1584 1589 1583
f 1584 1591 1590
f 1585 1592 1591
f 1586 1587 1592
f 1588 1593 1587
f 1589 1594 1588
f 1590 1595 1589
f 1590 1597 1596
f 1591 1598 1597
f 1592 1593 1598
f 1594 1599 1593
f 1595 1600 1594
f 1596 1601 1595
f 1597 1602 1596
f 1597 1604 1603
f 1598 1599 1604
f 1600 1605 1599
f 1601 1606 1600
f 1602 1607 1601
f 1603 1608 1602
f 1603 1610 1609
f 1604 1605 1610
f 1606 1611 1605
f 1607 1612 1606
f 1608 1613 1607
f 1609 1614 1608
f 1609 1616 1615
f 1610 1611 1616
f 1612 1617 1611
f 1613 1618 1612
f 1614 1619 1613
f 1615 1620 1614
f 1615 1622 1621
f 1616 1617 1622
f 1618 1623 1617
f 1619 1624 1618
f 1620 1625 1619
f 1621 1626 1620
f 1621 1628 1627
f 1622 1623 1628
f 1624 1629 1623
f 1625 1630 1624
f 1626 1631 1625
f 1627 1632 1626
f 1627 1634 1633
f 1628 1629 1634
f 1630 1635 1629
f 1631 1636 1630
f 1632 1637 1631
f 1633 1638 1632
f 1633 1640 1639
f 1634 1635 1640
f 1636 1641 1635
f 1637 1642 1636
f 1638 1643 1637
f 1639 1644 1638
f 1639 1646 1645
f 1640 1641 1646
f 1642 1647 1641
f 1643 1648 1642
f 1644 1649 1643
f 1645 1650 1644
f 1645 1652 1651
f 1646 1647 1652
f 1648 1653 1647
f 1649 1654 1648
f 1650 1655 1649
f 1651 1656 1650
f 1651 1658 1657
f 1652 1653 1658
f 1654 1659 1653
f 1655 1660 1654
f 1656 1661 1655
f 1657 1662 1656
f 1657 1664 1663
f 1658 1659 1664
f 1660 1665 1659
f 1661 1666 1660
f 1662 1667 1661
f 1663 1668 1662
f 1663 1670 1669
f 1664 1665 1670
f 1666 1671 1665
f 1667 1672 1666
f 1668 1673 1667
f 1669 1674 1668
f 1669 1676 1675
f 1670 1671 1676
f 1671 1678 1677
f 1673 1678 1672
f 1674 1679 1673
f 1675 1680 1674
f 1675 1682 1681
f 1676 1677 1682
f 1677 1684 1683
f 1679 1684 1678
f 1680 1685 1679
f 1681 1686 1680
f 1681 1688 1687
f 1682 1683 1688
f 1683 1690 1689
f 1685 1690 1684
f 1686 1691 1685
f 1687 1692 1686
f 1687 1694 1693
f 1688 1689 1694
f 1689 1696 1695
f 1691 1696 1690
f 1692 1697 1691
f 1693 1698 1692
f 1693 1700 1699
f 1694 1695 1700
f 1695 1702 1701
f 1697 1702 1696
f 1698 1703 1697
f 1699 1704 1698
f 1699 1706 1705
f 1700 1701 1706
f 1701 1708 1707
f 1703 1708 1702
f 1704 1709 1703
f 1705 1710 1704
f 1705 1712 1711
f 1706 1707 1712
f 1707 1714 1713
f 1709 1714 1708
f 1710 1715 1709
f 1711 1716 1710
f 1711 1718 1717
f 1712 1713 1718
f 1713 1720 1719
f 1715 1720 1714
f 1716 1721 1715
f 1717 1722 1716
f 1717 1724 1723
f 1718 1719 1724
f 1719 1726 1725
f 1721 1726 1720
f 1722 1727 1721
f 1723 1728 1722
f 1723 1730 1729
f 1724 1725 1730
f 1725 1732 1731
f 1727 1732 1726
f 1728 1733 1727
f 1729 1734 1728
f 1729 1736 1735
f 1730 1731 1736
f 1731 1738 1737
f 1733 1738 1732
f 1734 1739 1733
f 1735 1740 1734
f 1735 1742 1741
f 1736 1737 1742
f 1737 1744 1743
f 1739 1744 1738
f 1740 1745 1739
f 1741 1746 1740
f 1741 1748 1747
f 1742 1743 1748
f 1743 1750 1749
f 1744 1751 1750
f 1746 1751 1745
f 1747 1752 1746
f 1748 1753 1747
f 1748 1749 1754
f 1749 1756 1755
f 1750 1757 1756
f 1752 1757 1751
f 1753 1758 1752
f 1754 1759 1753
f 1754 1755 1760
f 1755 1762 1761
f 1756 1763 1762
f 1758 1763 1757
f 1759 1764 1758
f 1760 1765 1759
f 1760 1761 1766
f 1761 1768 1767
f 1762 1769 1768
f 1764 1769 1763
f 1765 1770 1764
f 1766 1771 1765
f 1766 1767 1772
f 1767 1774 1773
f 1768 1775 1774
f 1770 1775 1769
f 1771 1776 1770
f 1772 1777 1771
f 1772 1773 1778
f 1773 1780 1779
f 1774 1781 1780
f 1776 1781 1775
f 1777 1782 1776
f 1778 1783 1777
f 1778 1779 1784
f 1779 1786 1785
f 1780 1787 1786
f 1782 1787 1781
f 1783 1788 1782
f 1784 1789 1783
f 1784 1785 1790
f 1785 1792 1791
f 1786 1793 1792
f 1788 1793 1787
f 1789 1794 1788
f 1790 1795 1789
f 1790 1791 1796
f 1791 1798 1797
f 1792 1799 1798
f 1794 1799 1793
f 1795 1800 1794
f 1796 1801 1795
f 1796 1797 1802
f 1797 1804 1803
f 1798 1805 1804
f 1800 1805 1799
f 1801 1806 1800
f 1802 1807 1801
f 1802 1803 1808
f 1803 1810 1809
f 1804 1811 1810
f 1806 1811 1805
f 1807 1812 1806
f 1808 1813 1807
f 1808 1809 1814
f 1809 1816 1815
f 1810 1817 1816
f 1811 1818 1817
f 1813 1818 1812
f 1814 1819 1813
f 1814 1815 1820
f 1815 1822 1821
f 1816 1823 1822
f 1817 1824 1823
f 1819 1824 1818
f 1820 1825 1819
f 1820 1821 1826
f 1821 1828 1827
f 1822 1829 1828
f 1823 1830 1829
f 1825 1830 1824
f 1826 1831 1825
f 1826 1827 1832
f 1827 1834 1833
f 1828 1835 1834
f 1829 1836 1835
f 1831 1836 1830
f 1832 1837 1831
f 1832 1833 1838
f 1833 1840 1839
f 1834 1841 1840
f 1835 1842 1841
f 1837 1842 1836
f 1838 1843 1837
f 1838 1839 1844
f 1839 1846 1845
f 1840 1847 1846
f 1841 1848 1847
f 1843 1848 1842
f 1844 1849 1843
f 1844 1845 1850
f 1845 1852 1851
f 1846 1853 1852
f 1847 1854 1853
f 1849 1854 1848
f 1850 1855 1849
f 1850 1851 1856
f 1851 1858 1857
f 1852 1859 1858
f 1853 1860 1859
f 1855 1860 1854
f 1856 1861 1855
f 1856 1857 1862
f 1857 1864 1863
f 1858 1865 1864
f 1859 1866 1865
f 1861 1866 1860
f 1862 1867 1861
f 1862 1863 1868
f 1863 1870 1869
f 1864 1871 1870
f 1865 1872 1871
f 1867 1872 1866
f 1868 1873 1867
f 1868 1869 1874
f 1869 1876 1875
f 1870 1877 1876
f 1871 1878 1877
f 1873 1878 1872
f 1874 1879 1873
f 1874 1875 1880
f 1875 1882 1881
f 1876 1883 1882
f 1877 1884 1883
f 1879 1884 1878
f 1880 1885 1879
f 1880 1881 1886
f 1881 1888 1887
f 1882 1889 1888
f 1883 1890 1889
f 1885 1890 1884
f 1886 1891 1885
f 1881 1892 1886
f 1887 1894 1893
f 1888 1895 1894
f 1889 1896 1895
f 1891 1896 1890
f 1892 1897 1891
f 1887 1898 1892
f 1893 1900 1899
f 1894 1901 1900
f 1895 1902 1901
f 1897 1902 1896
f 1898 1903 1897
f 1893 1904 1898
f 1899 1906 1905
f 1900 1907 1906
f 1901 1908 1907
f 1903 1908 1902
f 1904 1909 1903
f 1899 1910 1904
f 1905 1912 1911
f 1906 1913 1912
f 1907 1914 1913
f 1909 1914 1908
f 1910 1915 1909
f 1905 1916 1910
f 1911 1918 1917
f 1912 1919 1918
f 1913 1920 1919
f 1915 1920 1914
f 1916 1921 1915
f 1911 1922 1916
f 1917 1924 1923
f 1918 1925 1924
f 1919 1926 1925
f 1921 1926 1920
f 1922 1927 1921
f 1917 1928 1922
f 1923 1930 1929
f 1924 1931 1930
f 1925 1932 1931
f 1927 1932 1926
f 1928 1933 1927
f 1923 1934 1928
f 1929 1936 1935
f 1930 1937 1936
f 1931 1938 1937
f 1933 1938 1932
f 1934 1939 1933
f 1929 1940 1934
f 1935 1942 1941
f 1936 1943 1942
f 1937 1944 1943
f 1939 1944 1938
f 1940 1945 1939
f 1935 1946 1940
f 1941 1948 1947
f 1942 1949 1948
f 1943 1950 1949
f 1945 1950 1944
f 1946 1951 1945
f 1941 1952 1946
f 1948 1953 1947
f 1948 1955 1954
f 1949 1956 1955
f 1951 1956 1950
f 1952 1957 1951
f 1947 1958 1952
f 1954 1959 1953
f 1954 1961 1960
f 1955 1962 1961
f 1957 1962 1956
f 1958 1963 1957
f 1953 1964 1958
f 1960 1965 1959
f 1960 1967 1966
f 1961 1968 1967
f 1963 1968 1962
f 1964 1969 1963
f 1959 1970 1964
f 1966 1971 1965
f 1966 1973 1972
f 1967 1974 1973
f 1969 1974 1968
f 1970 1975 1969
f 1965 1976 1970
f 1972 1977 1971
f 1972 1979 1978
f 1973 1980 1979
f 1975 1980 1974
f 1976 1981 1975
f 1971 1982 1976
f 1978 1983 1977
f 1978 1985 1984
f 1979 1986 1985
f 1981 1986 1980
f 1982 1987 1981
f 1977 1988 1982
f 1984 1989 1983
f 1984 1991 1990
f 1985 1992 1991
f 1987 1992 1986
f 1988 1993 1987
f 1983 1994 1988
f 1990 1995 1989
f 1990 1997 1996
f 1991 1998 1997
f 1993 1998 1992
f 1994 1999 1993
f 1989 2000 1994
f 1996 2001 1995
f 1996 2003 2002
f 1997 2004 2003
f 1999 2004 1998
f 2000 2005 1999
f 1995 2006 2000
f 2002 2007 2001
f 2002 2009 2008
f 2003 2010 2009
f 2005 2010 2004
f 2006 2011 2005
f 2001 2012 2006
f 2008 2013 2007
f 2008 2015 2014
f 2009 2016 2015
f 2011 2016 2010
f 2012 2017 2011
f 2007 2018 2012
f 2014 2019 2013
f 2014 2021 2020
f 2015 2022 2021
f 2017 2022 2016
f 2018 2023 2017
f 2013 2024 2018
f 2020 2025 2019
f 2020 2027 2026
f 2021 2028 2027
f 2023 2028 2022
f 2024 2029 2023
f 2019 2030 2024
f 2026 2031 2025
f 2026 2033 2032
f 2027 2034 2033
f 2028 2035 2034
f 2030 2035 2029
f 2025 2036 2030
f 2032 2037 2031
f 2032 2039 2038
f 2033 2040 2039
f 2034 2041 2040
f 2036 2041 2035
f 2031 2042 2036
f 2038 2043 2037
f 2038 2045 2044
f 2039 2046 2045
f 2040 2047 2046
f 2042 2047 2041
f 2037 2048 2042
f 2044 2049 2043
f 2044 2051 2050
f 2045 2052 2051
f 2046 2053 2052
f 2048 2053 2047
f 2043 2054 2048
f 2050 2055 2049
f 2050 2057 2056
f 2051 2058 2057
f 2052 2059 2058
f 2054 2059 2053
f 2049 2060 2054
f 2056 2061 2055
f 2056 2063 2062
f 2057 2064 2063
f 2058 2065 2064
f 2060 2065 2059
f 2055 2066 2060
f 2062 2067 2061
f 2062 2069 2068
f 2063 2070 2069
f 2064 2071 2070
f 2066 2071 2065
f 2061 2072 2066
f 2068 2073 2067
f 2068 2075 2074
f 2069 2076 2075
f 2070 2077 2076
f 2072 2077 2071
f 2067 2078 2072
f 2074 2079 2073
f 2074 2081 2080
f 2075 2082 2081
f 2076 2083 2082
f 2078 2083 2077
f 2073 2084 2078
f 2080 2085 2079
f 2080 2087 2086
f 2081 2088 2087
f 2082 2089 2088
f 2084 2089 2083
f 2079 2090 2084
f 2086 2091 2085
f 2086 2093 2092
f 2087 2094 2093
f 2088 2095 2094
f 2090 2095 2089
f 2085 2096 2090
f 2092 2097 2091
f 2092 2099 2098
f 2093 2100 2099
f 2094 2101 2100
f 2096 2101 2095
f 2091 2102 2096
f 2098 2103 2097
f 2099 2104 2098
f 2099 2106 2105
f 2100 2107 2106
f 2101 2108 2107
f 2097 2108 2102
f 2104 2109 2103
f 2105 2110 2104
f 2105 2112 2111
f 2106 2113 2112
f 2107 2114 2113
f 2103 2114 2108
f 2110 2115 2109
f 2111 2116 2110
f 2111 2118 2117
f 2112 2119 2118
f 2113 2120 2119
f 2109 2120 2114
f 2116 2121 2115
f 2117 2122 2116
f 2117 2124 2123
f 2118 2125 2124
f 2119 2126 2125
f 2115 2126 2120
f 2122 2127 2121
f 2123 2128 2122
f 2123 2130 2129
f 2124 2131 2130
f 2125 2132 2131
f 2121 2132 2126
f 2128 2133 2127
f 2129 2134 2128
f 2129 2136 2135
f 2130 2137 2136
f 2131 2138 2137
f 2127 2138 2132
f 2134 2139 2133
f 2135 2140 2134
f 2135 2142 2141
f 2136 2143 2142
f 2137 2144 2143
f 2133 2144 2138
f 2140 2145 2139
f 2141 2146 2140
f 2141 2148 2147
f 2142 2149 2148
f 2143 2150 2149
f 2139 2150 2144
f 2146 2151 2145
f 2147 2152 2146
f 2147 2154 2153
f 2148 2155 2154
f 2149 2156 2155
f 2145 2156 2150
f 2152 2157 2151
f 2153 2158 2152
f 2153 2160 2159
f 2154 2161 2160
f 2155 2162 2161
f 2151 2162 2156
f 2158 2163 2157
f 2159 2164 2158
f 2159 2166 2165
f 2160 2167 2166
f 2161 2168 2167
f 2157 2168 2162
f 2164 2169 2163
f 2165 2170 2164
f 2165 2172 2171
f 2166 2173 2172
f 2167 2174 2173
f 2168 2169 2174
f 2170 2175 2169
f 2171 2176 2170
f 2171 2178 2177
f 2172 2179 2178
f 2173 2180 2179
f 2174 2175 2180
f 2176 2181 2175
f 2177 2182 2176
f 2177 2184 2183
f 2178 2185 2184
f 2179 2186 2185
f 2180 2181 2186
f 2182 2187 2181
f 2183 2188 2182
f 2183 2190 2189
f 2184 2191 2190
f 2185 2192 2191
f 2186 2187 2192
f 2188 2193 2187
f 2189 2194 2188
f 2189 2196 2195
f 2190 2197 2196
f 2191 2198 2197
f 2192 2193 2198
f 2194 2199 2193
f 2195 2200 2194
f 2195 2202 2201
f 2196 2203 2202
f 2197 2204 2203
f 2198 2199 2204
f 2200 2205 2199
f 2201 2206 2200
f 2201 2208 2207
f 2202 2209 2208
f 2203 2210 2209
f 2204 2205 2210
f 2206 2211 2205
f 2207 2212 2206
f 2207 2214 2213
f 2208 2215 2214
f 2209 2216 2215
f 2210 2211 2216
f 2212 2217 2211
f 2213 2218 2212
f 2213 2220 2219
f 2214 2221 2220
f 2215 2222 2221
f 2216 2217 2222
f 2218 2223 2217
f 2219 2224 2218
f 2219 2226 2225
f 2220 2227 2226
f 2221 2228 2227
f 2222 2223 2228
f 2224 2229 2223
f 2225 2230 2224
f 2225 2232 2231
f 2226 2233 2232
f 2227 2234 2233
f 2228 2229 2234
f 2230 2235 2229
f 2231 2236 2230
f 2231 2238 2237
f 2232 2239 2238
f 2233 2240 2239
f 2234 2235 2240
f 2236 2241 2235
f 2237 2242 2236
f 2238 2243 2237
f 2238 2245 2244
f 2239 2246 2245
f 2240 2241 2246
f 2242 2247 2241
f 2243 2248 2242
f 2244 2249 2243
f 2244 2251 2250
f 2245 2252 2251
f 2246 2247 2252
f 2248 2253 2247
f 2249 2254 2248
f 2250 2255 2249
f 2250 2257 2256
f 2251 2258 2257
f 2252 2253 2258
f 2254 2259 2253
f 2255 2260 2254
f 2256 2261 2255
f 2256 2263 2262
f 2257 2264 2263
f 2258 2259 2264
f 2260 2265 2259
f 2261 2266 2260
f 2262 2267 2261
f 2262 2269 2268
f 2263 2270 2269
f 2264 2265 2270
f 2266 2271 2265
f 2267 2272 2266
f 2268 2273 2267
f 2268 2275 2274
f 2269 2276 2275
f 2270 2271 2276
f 2272 2277 2271
f 2273 2278 2272
f 2274 2279 2273
f 2274 2281 2280
f 2275 2282 2281
f 2276 2277 2282
f 2278 2283 2277
f 2279 2284 2278
f 2280 2285 2279
f 2280 2287 2286
f 2281 2288 2287
f 2282 2283 2288
f 2284 2289 2283
f 2285 2290 2284
f 2286 2291 2285
f 2286 2293 2292
f 2287 2294 2293
f 2288 2289 2294
f 2290 2295 2289
f 2291 2296 2290
f 2292 2297 2291
f 2292 2299 2298
f 2293 2300 2299
f 2294 2295 2300
f 2296 2301 2295
f 2297 2302 2296
f 2298 2303 2297
f 2298 2305 2304
f 2299 2306 2305
f 2300 2301 2306
f 2302 2307 2301
f 2303 2308 2302
f 2304 2309 2303
f 2305 2310 2304
f 2305 2312 2311
f 2306 2307 2312
f 2308 2313 2307
f 2309 2314 2308
f 2310 2315 2309
f 2311 2316 2310
f 2311 2318 2317
f 2312 2313 2318
f 2314 2319 2313
f 2315 2320 2314
f 2316 2321 2315
f 2317 2322 2316
f 2317 2324 2323
f 2318 2319 2324
f 2320 2325 2319
f 2321 2326 2320
f 2322 2327 2321
f 2323 2328 2322
f 2323 2330 2329
f 2324 2325 2330
f 2326 2331 2325
f 2327 2332 2326
f 2328 2333 2327
f 2329 2334 2328
f 2329 2336 2335
f 2330 2331 2336
f 2332 2337 2331
f 2333 2338 2332
f 2334 2339 2333
f 2335 2340 2334
f 2335 2342 2341
f 2336 2337 2342
f 2338 2343 2337
f 2339 2344 2338
f 2340 2345 2339
f 2341 2346 2340
f 2341 2348 2347
f 2342 2343 2348
f 2344 2349 2343
f 2345 2350 2344
f 2346 2351 2345
f 2347 2352 2346
f 2347 2354 2353
f 2348 2349 2354
f 2350 2355 2349
f 2351 2356 2350
f 2352 2357 2351
f 2353 2358 2352
f 2353 2360 2359
f 2354 2355 2360
f 2356 2361 2355
f 2357 2362 2356
f 2358 2363 2357
f 2359 2364 2358
f 2359 2366 2365
f 2360 2361 2366
f 2362 2367 2361
f 2363 2368 2362
f 2364 2369 2363
f 2365 2370 2364
f 2365 2372 2371
f 2366 2367 2372
f 2368 2373 2367
f 2369 2374 2368
f 2370 2375 2369
f 2371 2376 2370
f 2371 2378 2377
f 2372 2373 2378
f 2374 2379 2373
f 2375 2380 2374
f 2376 2381 2375
f 2377 2382 2376
f 2377 2384 2383
f 2378 2379 2384
f 2379 2386 2385
f 2381 2386 2380
f 2382 2387 2381
f 2383 2388 2382
f 2383 2390 2389
f 2384 2385 2390
f 2385 2392 2391
f 2387 2392 2386
f 2388 2393 2387
f 2389 2394 2388
f 2389 2396 2395
f 2390 2391 2396
f 2391 2398 2397
f 2393 2398 2392
f 2394 2399 2393
f 2395 2400 2394
f 2395 2402 2401
f 2396 2397 2402
f 2397 2404 2403
f 2399 2404 2398
f 2400 2405 2399
f 2401 2406 2400
f 2401 2408 2407
f 2402 2403 2408
f 2403 2410 2409
f 2405 2410 2404
f 2406 2411 2405
f 2407 2412 2406
f 2407 2414 2413
f 2408 2409 2414
f 2409 2416 2415
f 2411 2416 2410
f 2412 2417 2411
f 2413 2418 2412
f 2413 2420 2419
f 2414 2415 2420
f 2415 2422 2421
f 2417 2422 2416
f 2418 2423 2417
f 2419 2424 2418
f 2419 2426 2425
f 2420 2421 2426
f 2421 2428 2427
f 2423 2428 2422
f 2424 2429 2423
f 2425 2430 2424
f 2425 2432 2431
f 2426 2427 2432
f 2427 2434 2433
f 2429 2434 2428
f 2430 2435 2429
f 2431 2436 2430
f 2431 2438 2437
f 2432 2433 2438
f 2433 2440 2439
f 2435 2440 2434
f 2436 2441 2435
f 2437 2442 2436
f 2437 2444 2443
f 2438 2439 2444
f 2439 2446 2445
f 2441 2446 2440
f 2442 2447 2441
f 2443 2448 2442
f 2443 2450 2449
f 2444 2445 2450
f 2445 2452 2451
f 2447 2452 2446
f 2448 2453 2447
f 2449 2454 2448
f 2450 2455 2449
f 2450 2451 2456
f 2451 2458 2457
f 2452 2459 2458
f 2454 2459 2453
f 2455 2460 2454
f 2456 2461 2455
f 2456 2457 2462
f 2457 2464 2463
f 2458 2465 2464
f 2460 2465 2459
f 2461 2466 2460
f 2462 2467 2461
f 2462 2463 2468
f 2463 2470 2469
f 2464 2471 2470
f 2466 2471 2465
f 2467 2472 2466
f 2468 2473 2467
f 2468 2469 2474
f 2469 2476 2475
f 2470 2477 2476
f 2472 2477 2471
f 2473 2478 2472
f 2474 2479 2473
f 2474 2475 2480
f 2475 2482 2481
f 2476 2483 2482
f 2478 2483 2477
f 2479 2484 2478
f 2480 2485 2479
f 2480 2481 2486
f 2481 2488 2487
f 2482 2489 2488
f 2484 2489 2483
f 2485 2490 2484
f 2486 2491 2485
f 2486 2487 2492
f 2487 2494 2493
f 2488 2495 2494
f 2490 2495 2489
f 2491 2496 2490
f 2492 2497 2491
f 2492 2493 2498
f 2493 2500 2499
f 2494 2501 2500
f 2496 2501 2495
f 2497 2502 2496
f 2498 2503 2497
f 2498 2499 2504
f 2499 2506 2505
f 2500 2507 2506
f 2502 2507 2501
f 2503 2508 2502
f 2504 2509 2503
f 2504 2505 2510
f 2505 2512 2511
f 2506 2513 2512
f 2508 2513 2507
f 2509 2514 2508
f 2510 2515 2509
f 2510 2511 2516
f 2511 2518 2517
f 2512 2519 2518
f 2514 2519 2513
f 2515 2520 2514
f 2516 2521 2515
f 2516 2517 2522
f 2517 2524 2523
f 2518 2525 2524
f 2519 2526 2525
f 2521 2526 2520
f 2522 2527 2521
f 2522 2523 2528
f 2523 2530 2529
f 2524 2531 2530
f 2525 2532 2531
f 2527 2532 2526
f 2528 2533 2527
f 2528 2529 2534
f 2529 2536 2535
f 2530 2537 2536
f 2531 2538 2537
f 2533 2538 2532
f 2534 2539 2533
f 2534 2535 2540
f 2535 2542 2541
f 2536 2543 2542
f 2537 2544 2543
f 2539 2544 2538
f 2540 2545 2539
f 2540 2541 2546
f 2541 2548 2547
f 2542 2549 2548
f 2543 2550 2549
f 2545 2550 2544
f 2546 2551 2545
f 2546 2547 2552
f 2547 2554 2553
f 2548 2555 2554
f 2549 2556 2555
f 2551 2556 2550
f 2552 2557 2551
f 2552 2553 2558
f 2553 2560 2559
f 2554 2561 2560
f 2555 2562 2561
f 2557 2562 2556
f 2558 2563 2557
f 2558 2559 2564
f 2559 2566 2565
f 2560 2567 2566
f 2561 2568 2567
f 2563 2568 2562
f 2564 2569 2563
f 2564 2565 2570
f 2565 2572 2571
f 2566 2573 2572
f 2567 2574 2573
f 2569 2574 2568
f 2570 2575 2569
f 2570 2571 2576
f 2571 2578 2577
f 2572 2579 2578
f 2573 2580 2579
f 2575 2580 2574
f 2576 2581 2575
f 2576 2577 2582
f 2577 2584 2583
f 2578 2585 2584
f 2579 2586 2585
f 2581 2586 2580
f 2582 2587 2581
f 2582 2583 2588
f 2583 2590 2589
f 2584 2591 2590
f 2585 2592 2591
f 2587 2592 2586
f 2588 2593 2587
f 2588 2589 2594
f 2589 2596 2595
f 2590 2597 2596
f 2591 2598 2597
f 2593 2598 2592
f 2594 2599 2593
f 2589 2600 2594
f 2595 2602 2601
f 2596 2603 2602
f 2597 2604 2603
f 2599 2604 2598
f 2600 2605 2599
f 2595 2606 2600
f 2601 2608 2607
f 2602 2609 2608
f 2603 2610 2609
f 2605 2610 2604
f 2606 2611 2605
f 2601 2612 2606
f 2607 2614 2613
f 2608 2615 2614
f 2609 2616 2615
f 2611 2616 2610
f 2612 2617 2611
f 2607 2618 2612
f 2613 2620 2619
f 2614 2621 2620
f 2615 2622 2621
f 2617 2622 2616
f 2618 2623 2617
f 2613 2624 2618
f 2619 2626 2625
f 2620 2627 2626
f 2621 2628 2627
f 2623 2628 2622
f 2624 2629 2623
f 2619 2630 2624
f 2625 2632 2631
f 2626 2633 2632
f 2627 2634 2633
f 2629 2634 2628
f 2630 2635 2629
f 2625 2636 2630
f 2631 2638 2637
f 2632 2639 2638
f 2633 2640 2639
f 2635 2640 2634
f 2636 2641 2635
f 2631 2642 2636
f 2637 2644 2643
f 2638 2645 2644
f 2639 2646 2645
f 2641 2646 2640
f 2642 2647 2641
f 2637 2648 2642
f 2643 2650 2649
f 2644 2651 2650
f 2645 2652 2651
f 2647 2652 2646
f 2648 2653 2647
f 2643 2654 2648
f 2649 2656 2655
f 2650 2657 2656
f 2651 2658 2657
f 2653 2658 2652
f 2654 2659 2653
f 2649 2660 2654
f 2656 2661 2655
f 2656 2663 2662
f 2657 2664 2663
f 2659 2664 2658
f 2660 2665 2659
f 2655 2666 2660
f 2662 2667 2661
f 2662 2669 2668
f 2663 2670 2669
f 2665 2670 2664
f 2666 2671 2665
f 2661 2672 2666
f 2668 2673 2667
f 2668 2675 2674
f 2669 2676 2675
f 2671 2676 2670
f 2672 2677 2671
f 2667 2678 2672
f 2674 2679 2673
f 2674 2681 2680
f 2675 2682 2681
f 2677 2682 2676
f 2678 2683 2677
f 2673 2684 2678
f 2680 2685 2679
f 2680 2687 2686
f 2681 2688 2687
f 2683 2688 2682
f 2684 2689 2683
f 2679 2690 2684
f 2686 2691 2685
f 2686 2693 2692
f 2687 2694 2693
f 2689 2694 2688
f 2690 2695 2689
f 2685 2696 2690
f 2692 2697 2691
f 2692 2699 2698
f 2693 2700 2699
f 2695 2700 2694
f 2696 2701 2695
f 2691 2702 2696
f 2698 2703 2697
f 2698 2705 2704
f 2699 2706 2705
f 2701 2706 2700
f 2702 2707 2701
f 2697 2708 2702
f 2704 2709 2703
f 2704 2711 2710
f 2705 2712 2711
f 2707 2712 2706
f 2708 2713 2707
f 2703 2714 2708
f 2710 2715 2709
f 2710 2717 2716
f 2711 2718 2717
f 2713 2718 2712
f 2714 2719 2713
f 2709 2720 2714
f 2716 2721 2715
f 2716 2723 2722
f 2717 2724 2723
f 2719 2724 2718
f 2720 2725 2719
f 2715 2726 2720
f 2722 2727 2721
f 2722 2729 2728
f 2723 2730 2729
f 2725 2730 2724
f 2726 2731 2725
f 2721 2732 2726
f 2728 2733 2727
f 2728 2735 2734
f 2729 2736 2735
f 2731 2736 2730
f 2732 2737 2731
f 2727 2738 2732
f 2734 2739 2733
f 2734 2741 2740
f 2735 2742 2741
f 2736 2743 2742
f 2738 2743 2737
f 2733 2744 2738
f 2740 2745 2739
f 2740 2747 2746
f 2741 2748 2747
f 2742 2749 2748
f 2744 2749 2743
f 2739 2750 2744
f 2746 2751 2745
f 2746 2753 2752
f 2747 2754 2753
f 2748 2755 2754
f 2750 2755 2749
f 2745 2756 2750
f 2752 2757 2751
f 2752 2759 2758
f 2753 2760 2759
f 2754 2761 2760
f 2756 2761 2755
f 2751 2762 2756
f 2758 2763 2757
f 2758 2765 2764
f 2759 2766 2765
f 2760 2767 2766
f 2762 2767 2761
f 2757 2768 2762
f 2764 2769 2763
f 2764 2771 2770
f 2765 2772 2771
f 2766 2773 2772
f 2768 2773 2767
f 2763 2774 2768
f 2770 2775 2769
f 2770 2777 2776
f 2771 2778 2777
f 2772 2779 2778
f 2774 2779 2773
f 2769 2780 2774
f 2776 2781 2775
f 2776 2783 2782
f 2777 2784 2783
f 2778 2785 2784
f 2780 2785 2779
f 2775 2786 2780
f 2782 2787 2781
f 2782 2789 2788
f 2783 2790 2789
f 2784 2791 2790
f 2786 2791 2785
f 2781 2792 2786
f 2788 2793 2787
f 2788 2795 2794
f 2789 2796 2795
f 2790 2797 2796
f 2792 2797 2791
f 2787 2798 2792
f 2794 2799 2793
f 2795 2800 2794
f 2795 2802 2801
f 2796 2803 2802
f 2798 2803 2797
f 2793 2804 2798
f 2800 2805 2799
f 2800 2807 2806
f 2801 2808 2807
f 2802 2809 2808
f 2803 2810 2809
f 2799 2810 2804
f 2806 2811 2805
f 2807 2812 2806
f 2807 2814 2813
f 2808 2815 2814
f 2809 2816 2815
f 2805 2816 2810
f 2812 2817 2811
f 2813 2818 2812
f 2813 2820 2819
f 2814 2821 2820
f 2815 2822 2821
f 2811 2822 2816
f 2818 2823 2817
f 2819 2824 2818
f 2819 2826 2825
f 2820 2827 2826
f 2821 2828 2827
f 2817 2828 2822
f 2824 2829 2823
f 2825 2830 2824
f 2825 2832 2831
f 2826 2833 2832
f 2827 2834 2833
f 2823 2834 2828
f 2830 2835 2829
f 2831 2836 2830
f 2831 2838 2837
f 2832 2839 2838
f 2833 2840 2839
f 2829 2840 2834
f 2836 2841 2835
f 2837 2842 2836
f 2837 2844 2843
f 2838 2845 2844
f 2839 2846 2845
f 2835 2846 2840
f 2842 2847 2841
f 2843 2848 2842
f 2843 2850 2849
f 2844 2851 2850
f 2845 2852 2851
f 2841 2852 2846
f 2848 2853 2847
f 2849 2854 2848
f 2849 2856 2855
f 2850 2857 2856
f 2851 2858 2857
f 2847 2858 2852
f 2854 2859 2853
f 2855 2860 2854
f 2855 2862 2861
f 2856 2863 2862
f 2857 2864 2863
f 2853 2864 2858
f 2860 2865 2859
f 2861 2866 2860
f 2861 2868 2867
f 2862 2869 2868
f 2863 2870 2869
f 2859 2870 2864
f 2866 2871 2865
f 2867 2872 2866
f 2867 2874 2873
f 2868 2875 2874
f 2869 2876 2875
f 2865 2876 2870
f 2872 2877 2871
f 2873 2878 2872
f 2873 2880 2879
f 2874 2881 2880
f 2875 2882 2881
f 2876 2877 2882
f 2878 2883 2877
f 2879 2884 2878
f 2879 2886 2885
f 2880 2887 2886
f 2881 2888 2887
f 2882 2883 2888
f 2884 2889 2883
f 2885 2890 2884
f 2885 2892 2891
f 2886 2893 2892
f 2887 2894 2893
f 2888 2889 2894
f 2890 2895 2889
f 2891 2896 2890
f 2891 2898 2897
f 2892 2899 2898
f 2893 2900 2899
f 2894 2895 2900
f 2896 2901 2895
f 2897 2902 2896
f 2897 2904 2903
f 2898 2905 2904
f 2899 2906 2905
f 2900 2901 2906
f 2902 2907 2901
f 2903 2908 2902
f 2903 2910 2909
f 2904 2911 2910
f 2905 2912 2911
f 2906 2907 2912
f 2908 2913 2907
f 2909 2914 2908
f 2909 2916 2915
f 2910 2917 2916
f 2911 2918 2917
f 2912 2913 2918
f 2914 2919 2913
f 2915 2920 2914
f 2915 2922 2921
f 2916 2923 2922
f 2917 2924 2923
f 2918 2919 2924
f 2920 2925 2919
f 2921 2926 2920
f 2921 2928 2927
f 2922 2929 2928
f 2923 2930 2929
f 2924 2925 2930
f 2926 2931 2925
f 2927 2932 2926
f 2927 2934 2933
f 2928 2935 2934
f 2929 2936 2935
f 2930 2931 2936
f 2932 2937 2931
f 2933 2938 2932
f 2933 2940 2939
f 2934 2941 2940
f 2935 2942 2941
f 2936 2937 2942
f 2938 2943 2937
f 2939 2944 2938
f 2939 2946 2945
f 2940 2947 2946
f 2941 2948 2947
f 2942 2943 2948
f 2944 2949 2943
f 2945 2950 2944
f 2946 2951 2945
f 2946 2953 2952
f 2947 2954 2953
f 2948 2949 2954
f 2950 2955 2949
f 2951 2956 2950
f 2952 2957 2951
f 2952 2959 2958
f 2953 2960 2959
f 2954 2955 2960
f 2956 2961 2955
f 2957 2962 2956
f 2958 2963 2957
f 2958 2965 2964
f 2959 2966 2965
f 2960 2961 2966
f 2962 2967 2961
f 2963 2968 2962
f 2964 2969 2963
f 2964 2971 2970
f 2965 2972 2971
f 2966 2967 2972
f 2968 2973 2967
f 2969 2974 2968
f 2970 2975 2969
f 2970 2977 2976
f 2971 2978 2977
f 2972 2973 2978
f 2974 2979 2973
f 2975 2980 2974
f 2976 2981 2975
f 2976 2983 2982
f 2977 2984 2983
f 2978 2979 2984
f 2980 2985 2979
f 2981 2986 2980
f 2982 2987 2981
f 2982 2989 2988
f 2983 2990 2989
f 2984 2985 2990
f 2986 2991 2985
f 2987 2992 2986
f 2988 2993 2987
f 2988 2995 2994
f 2989 2996 2995
f 2990 2991 2996
f 2992 2997 2991
f 2993 2998 2992
f 2994 2999 2993
f 2994 3001 3000
f 2995 3002 3001
f 2996 2997 3002
f 2998 3003 2997
f 2999 3004 2998
f 3000 3005 2999
f 3000 3007 3006
f 3001 3008 3007
f 3002 3003 3008
f 3004 3009 3003
f 3005 3010 3004
f 3006 3011 3005
f 3006 3013 3012
f 3007 3014 3013
f 3008 3009 3014
f 3010 3015 3009
f 3011 3016 3010
f 3012 3017 3011
f 3013 3018 3012
f 3013 3020 3019
f 3014 3015 3020
f 3016 3021 3015
f 3017 3022 3016
f 3018 3023 3017
f 3019 3024 3018
f 3019 3026 3025
f 3020 3021 3026
f 3022 3027 3021
f 3023 3028 3022
f 3024 3029 3023
f 3025 3030 3024
f 3025 3032 3031
f 3026 3027 3032
f 3028 3033 3027
f 3029 3034 3028
f 3030 3035 3029
f 3031 3036 3030
f 3031 3038 3037
f 3032 3033 3038
f 3034 3039 3033
f 3035 3040 3034
f 3036 3041 3035
f 3037 3042 3036
f 3037 3044 3043
f 3038 3039 3044
f 3040 3045 3039
f 3041 3046 3040
f 3042 3047 3041
f 3043 3048 3042
f 3043 3050 3049
f 3044 3045 3050
f 3046 3051 3045
f 3047 3052 3046
f 3048 3053 3047
f 3049 3054 3048
f 3049 3056 3055
f 3050 3051 3056
f 3052 3057 3051
f 3053 3058 3052
f 3054 3059 3053
f 3055 3060 3054
f 3055 3062 3061
f 3056 3057 3062
f 3058 3063 3057
f 3059 3064 3058
f 3060 3065 3059
f 3061 3066 3060
f 3061 3068 3067
f 3062 3063 3068
f 3064 3069 3063
f 3065 3070 3064
f 3066 3071 3065
f 3067 3072 3066
f 3067 3074 3073
f 3068 3069 3074
f 3070 3075 3069
f 3071 3076 3070
f 3072 3077 3071
f 3073 3078 3072
f 3073 3080 3079
f 3074 3075 3080
f 3076 3081 3075
f 3077 3082 3076
f 3078 3083 3077
f 3079 3084 3078
f 3079 3086 3085
f 3080 3081 3086
f 3082 3087 3081
f 3083 3088 3082
f 3084 3089 3083
f 3085 3090 3084
f 3085 3092 3091
f 3086 3087 3092
f 3087 3094 3093
f 3089 3094 3088
f 3090 3095 3089
f 3091 3096 3090
f 3091 3098 3097
f 3092 3093 3098
f 3093 3100 3099
f 3095 3100 3094
f 3096 3101 3095
f 3097 3102 3096
f 3097 3104 3103
f 3098 3099 3104
f 3099 3106 3105
f 3101 3106 3100
f 3102 3107 3101
f 3103 3108 3102
f 3103 3110 3109
f 3104 3105 3110
f 3105 3112 3111
f 3107 3112 3106
f 3108 3113 3107
f 3109 3114 3108
f 3109 3116 3115
f 3110 3111 3116
f 3111 3118 3117
f 3113 3118 3112
f 3114 3119 3113
f 3115 3120 3114
f 3115 3122 3121
f 3116 3117 3122
f 3117 3124 3123
f 3119 3124 3118
f 3120 3125 3119
f 3121 3126 3120
f 3121 3128 3127
f 3122 3123 3128
f 3123 3130 3129
f 3124 3131 3130
f 3125 3132 3131
f 3127 3132 3126
f 3128 3133 3127
f 3123 3134 3128
f 3135 1570 1569
f 3135 1571 1570
f 3135 1572 1571
f 3135 1573 1572
f 3135 1574 1573
f 3135 1569 1574
f 3129 3130 3136
f 3130 3131 3136
f 3131 3132 3136
f 3132 3133 3136
f 3133 3134 3136
f 3134 3129 3136
f 1570 1576 1575
f 1571 1577 1576
f 1571 1572 1578
f 1572 1573 1579
f 1573 1574 1580
f 1569 1575 1580
f 1576 1582 1581
f 1577 1583 1582
f 1578 1584 1583
f 1578 1579 1585
f 1579 1580 1586
f 1580 1575 1581
f 1582 1588 1587
f 1583 1589 1588
f 1584 1590 1589
f 1584 1585 1591
f 1585 1586 1592
f 1586 1581 1587
f 1588 1594 1593
f 1589 1595 1594
f 1590 1596 1595
f 1590 1591 1597
f 1591 1592 1598
f 1592 1587 1593
f 1594 1600 1599
f 1595 1601 1600
f 1596 1602 1601
f 1597 1603 1602
f 1597 1598 1604
f 1598 1593 1599
f 1600 1606 1605
f 1601 1607 1606
f 1602 1608 1607
f 1603 1609 1608
f 1603 1604 1610
f 1604 1599 1605
f 1606 1612 1611
f 1607 1613 1612
f 1608 1614 1613
f 1609 1615 1614
f 1609 1610 1616
f 1610 1605 1611
f 1612 1618 1617
f 1613 1619 1618
f 1614 1620 1619
f 1615 1621 1620
f 1615 1616 1622
f 1616 1611 1617
f 1618 1624 1623
f 1619 1625 1624
f 1620 1626 1625
f 1621 1627 1626
f 1621 1622 1628
f 1622 1617 1623
f 1624 1630 1629
f 1625 1631 1630
f 1626 1632 1631
f 1627 1633 1632
f 1627 1628 1634
f 1628 1623 1629
f 1630 1636 1635
f 1631 1637 1636
f 1632 1638 1637
f 1633 1639 1638
f 1633 1634 1640
f 1634 1629 1635
f 1636 1642 1641
f 1637 1643 1642
f 1638 1644 1643
f 1639 1645 1644
f 1639 1640 1646
f 1640 1635 1641
f 1642 1648 1647
f 1643 1649 1648
f 1644 1650 1649
f 1645 1651 1650
f 1645 1646 1652
f 1646 1641 1647
f 1648 1654 1653
f 1649 1655 1654
f 1650 1656 1655
f 1651 1657 1656
f 1651 1652 1658
f 1652 1647 1653
f 1654 1660 1659
f 1655 1661 1660
f 1656 1662 1661
f 1657 1663 1662
f 1657 1658 1664
f 1658 1653 1659
f 1660 1666 1665
f 1661 1667 1666
f 1662 1668 1667
f 1663 1669 1668
f 1663 1664 1670
f 1664 1659 1665
f 1666 1672 1671
f 1667 1673 1672
f 1668 1674 1673
f 1669 1675 1674
f 1669 1670 1676
f 1670 1665 1671
f 1671 1672 1678
f 1673 1679 1678
f 1674 1680 1679
f 1675 1681 1680
f 1675 1676 1682
f 1676 1671 1677
f 1677 1678 1684
f 1679 1685 1684
f 1680 1686 1685
f 1681 1687 1686
f 1681 1682 1688
f 1682 1677 1683
f 1683 1684 1690
f 1685 1691 1690
f 1686 1692 1691
f 1687 1693 1692
f 1687 1688 1694
f 1688 1683 1689
f 1689 1690 1696
f 1691 1697 1696
f 1692 1698 1697
f 1693 1699 1698
f 1693 1694 1700
f 1694 1689 1695
f 1695 1696 1702
f 1697 1703 1702
f 1698 1704 1703
f 1699 1705 1704
f 1699 1700 1706
f 1700 1695 1701
f 1701 1702 1708
f 1703 1709 1708
f 1704 1710 1709
f 1705 1711 1710
f 1705 1706 1712
f 1706 1701 1707
f 1707 1708 1714
f 1709 1715 1714
f 1710 1716 1715
f 1711 1717 1716
f 1711 1712 1718
f 1712 1707 1713
f 1713 1714 1720
f 1715 1721 1720
f 1716 1722 1721
f 1717 1723 1722
f 1717 1718 1724
f 1718 1713 1719
f 1719 1720 1726
f 1721 1727 1726
f 1722 1728 1727
f 1723 1729 1728
f 1723 1724 1730
f 1724 1719 1725
f 1725 1726 1732
f 1727 1733 1732
f 1728 1734 1733
f 1729 1735 1734
f 1729 1730 1736
f 1730 1725 1731
f 1731 1732 1738
f 1733 1739 1738
f 1734 1740 1739
f 1735 1741 1740
f 1735 1736 1742
f 1736 1731 1737
f 1737 1738 1744
f 1739 1745 1744
f 1740 1746 1745
f 1741 1747 1746
f 1741 1742 1748
f 1742 1737 1743
f 1743 1744 1750
f 1744 1745 1751
f 1746 1752 1751
f 1747 1753 1752
f 1748 1754 1753
f 1748 1743 1749
f 1749 1750 1756
f 1750 1751 1757
f 1752 1758 1757
f 1753 1759 1758
f 1754 1760 1759
f 1754 1749 1755
f 1755 1756 1762
f 1756 1757 1763
f 1758 1764 1763
f 1759 1765 1764
f 1760 1766 1765
f 1760 1755 1761
f 1761 1762 1768
f 1762 1763 1769
f 1764 1770 1769
f 1765 1771 1770
f 1766 1772 1771
f 1766 1761 1767
f 1767 1768 1774
f 1768 1769 1775
f 1770 1776 1775
f 1771 1777 1776
f 1772 1778 1777
f 1772 1767 1773
f 1773 1774 1780
f 1774 1775 1781
f 1776 1782 1781
f 1777 1783 1782
f 1778 1784 1783
f 1778 1773 1779
f 1779 1780 1786
f 1780 1781 1787
f 1782 1788 1787
f 1783 1789 1788
f 1784 1790 1789
f 1784 1779 1785
f 1785 1786 1792
f 1786 1787 1793
f 1788 1794 1793
f 1789 1795 1794
f 1790 1796 1795
f 1790 1785 1791
f 1791 1792 1798
f 1792 1793 1799
f 1794 1800 1799
f 1795 1801 1800
f 1796 1802 1801
f 1796 1791 1797
f 1797 1798 1804
f 1798 1799 1805
f 1800 1806 1805
f 1801 1807 1806
f 1802 1808 1807
f 1802 1797 1803
f 1803 1804 1810
f 1804 1805 1811
f 1806 1812 1811
f 1807 1813 1812
f 1808 1814 1813
f 1808 1803 1809
f 1809 1810 1816
f 1810 1811 1817
f 1811 1812 1818
f 1813 1819 1818
f 1814 1820 1819
f 1814 1809 1815
f 1815 1816 1822
f 1816 1817 1823
f 1817 1818 1824
f 1819 1825 1824
f 1820 1826 1825
f 1820 1815 1821
f 1821 1822 1828
f 1822 1823 1829
f 1823 1824 1830
f 1825 1831 1830
f 1826 1832 1831
f 1826 1821 1827
f 1827 1828 1834
f 1828 1829 1835
f 1829 1830 1836
f 1831 1837 1836
f 1832 1838 1837
f 1832 1827 1833
f 1833 1834 1840
f 1834 1835 1841
f 1835 1836 1842
f 1837 1843 1842
f 1838 1844 1843
f 1838 1833 1839
f 1839 1840 1846
f 1840 1841 1847
f 1841 1842 1848
f 1843 1849 1848
f 1844 1850 1849
f 1844 1839 1845
f 1845 1846 1852
f 1846 1847 1853
f 1847 1848 1854
f 1849 1855 1854
f 1850 1856 1855
f 1850 1845 1851
f 1851 1852 1858
f 1852 1853 1859
f 1853 1854 1860
f 1855 1861 1860
f 1856 1862 1861
f 1856 1851 1857
f 1857 1858 1864
f 1858 1859 1865
f 1859 1860 1866
f 1861 1867 1866
f 1862 1868 1867
f 1862 1857 1863
f 1863 1864 1870
f 1864 1865 1871
f 1865 1866 1872
f 1867 1873 1872
f 1868 1874 1873
f 1868 1863 1869
f 1869 1870 1876
f 1870 1871 1877
f 1871 1872 1878
f 1873 1879 1878
f 1874 1880 1879
f 1874 1869 1875
f 1875 1876 1882
f 1876 1877 1883
f 1877 1878 1884
f 1879 1885 1884
f 1880 1886 1885
f 1880 1875 1881
f 1881 1882 1888
f 1882 1883 1889
f 1883 1884 1890
f 1885 1891 1890
f 1886 1892 1891
f 1881 1887 1892
f 1887 1888 1894
f 1888 1889 1895
f 1889 1890 1896
f 1891 1897 1896
f 1892 1898 1897
f 1887 1893 1898
f 1893 1894 1900
f 1894 1895 1901
f 1895 1896 1902
f 1897 1903 1902
f 1898 1904 1903
f 1893 1899 1904
f 1899 1900 1906
f 1900 1901 1907
f 1901 1902 1908
f 1903 1909 1908
f 1904 1910 1909
f 1899 1905 1910
f 1905 1906 1912
f 1906 1907 1913
f 1907 1908 1914
f 1909 1915 1914
f 1910 1916 1915
f 1905 1911 1916
f 1911 1912 1918
f 1912 1913 1919
f 1913 1914 1920
f 1915 1921 1920
f 1916 1922 1921
f 1911 1917 1922
f 1917 1918 1924
f 1918 1919 1925
f 1919 1920 1926
f 1921 1927 1926
f 1922 1928 1927
f 1917 1923 1928
f 1923 1924 1930
f 1924 1925 1931
f 1925 1926 1932
f 1927 1933 1932
f 1928 1934 1933
f 1923 1929 1934
f 1929 1930 1936
f 1930 1931 1937
f 1931 1932 1938
f 1933 1939 1938
f 1934 1940 1939
f 1929 1935 1940
f 1935 1936 1942
f 1936 1937 1943
f 1937 1938 1944
f 1939 1945 1944
f 1940 1946 1945
f 1935 1941 1946
f 1941 1942 1948
f 1942 1943 1949
f 1943 1944 1950
f 1945 1951 1950
f 1946 1952 1951
f 1941 1947 1952
f 1948 1954 1953
f 1948 1949 1955
f 1949 1950 1956
f 1951 1957 1956
f 1952 1958 1957
f 1947 1953 1958
f 1954 1960 1959
f 1954 1955 1961
f 1955 1956 1962
f 1957 1963 1962
f 1958 1964 1963
f 1953 1959 1964
f 1960 1966 1965
f 1960 1961 1967
f 1961 1962 1968
f 1963 1969 1968
f 1964 1970 1969
f 1959 1965 1970
f 1966 1972 1971
f 1966 1967 1973
f 1967 1968 1974
f 1969 1975 1974
f 1970 1976 1975
f 1965 1971 1976
f 1972 1978 1977
f 1972 1973 1979
f 1973 1974 1980
f 1975 1981 1980
f 1976 1982 1981
f 1971 1977 1982
f 1978 1984 1983
f 1978 1979 1985
f 1979 1980 1986
f 1981 1987 1986
f 1982 1988 1987
f 1977 1983 1988
f 1984 1990 1989
f 1984 1985 1991
f 1985 1986 1992
f 1987 1993 1992
f 1988 1994 1993
f 1983 1989 1994
f 1990 1996 1995
f 1990 1991 1997
f 1991 1992 1998
f 1993 1999 1998
f 1994 2000 1999
f 1989 1995 2000
f 1996 2002 2001
f 1996 1997 2003
f 1997 1998 2004
f 1999 2005 2004
f 2000 2006 2005
f 1995 2001 2006
f 2002 2008 2007
f 2002 2003 2009
f 2003 2004 2010
f 2005 2011 2010
f 2006 2012 2011
f 2001 2007 2012
f 2008 2014 2013
f 2008 2009 2015
f 2009 2010 2016
f 2011 2017 2016
f 2012 2018 2017
f 2007 2013 2018
f 2014 2020 2019
f 2014 2015 2021
f 2015 2016 2022
f 2017 2023 2022
f 2018 2024 2023
f 2013 2019 2024
f 2020 2026 2025
f 2020 2021 2027
f 2021 2022 2028
f 2023 2029 2028
f 2024 2030 2029
f 2019 2025 2030
f 2026 2032 2031
f 2026 2027 2033
f 2027 2028 2034
f 2028 2029 2035
f 2030 2036 2035
f 2025 2031 2036
f 2032 2038 2037
f 2032 2033 2039
f 2033 2034 2040
f 2034 2035 2041
f 2036 2042 2041
f 2031 2037 2042
f 2038 2044 2043
f 2038 2039 2045
f 2039 2040 2046
f 2040 2041 2047
f 2042 2048 2047
f 2037 2043 2048
f 2044 2050 2049
f 2044 2045 2051
f 2045 2046 2052
f 2046 2047 2053
f 2048 2054 2053
f 2043 2049 2054
f 2050 2056 2055
f 2050 2051 2057
f 2051 2052 2058
f 2052 2053 2059
f 2054 2060 2059
f 2049 2055 2060
f 2056 2062 2061
f 2056 2057 2063
f 2057 2058 2064
f 2058 2059 2065
f 2060 2066 2065
f 2055 2061 2066
f 2062 2068 2067
f 2062 2063 2069
f 2063 2064 2070
f 2064 2065 2071
f 2066 2072 2071
f 2061 2067 2072
f 2068 2074 2073
f 2068 2069 2075
f 2069 2070 2076
f 2070 2071 2077
f 2072 2078 2077
f 2067 2073 2078
f 2074 2080 2079
f 2074 2075 2081
f 2075 2076 2082
f 2076 2077 2083
f 2078 2084 2083
f 2073 2079 2084
f 2080 2086 2085
f 2080 2081 2087
f 2081 2082 2088
f 2082 2083 2089
f 2084 2090 2089
f 2079 2085 2090
f 2086 2092 2091
f 2086 2087 2093
f 2087 2088 2094
f 2088 2089 2095
f 2090 2096 2095
f 2085 2091 2096
f 2092 2098 2097
f 2092 2093 2099
f 2093 2094 2100
f 2094 2095 2101
f 2096 2102 2101
f 2091 2097 2102
f 2098 2104 2103
f 2099 2105 2104
f 2099 2100 2106
f 2100 2101 2107
f 2101 2102 2108
f 2097 2103 2108
f 2104 2110 2109
f 2105 2111 2110
f 2105 2106 2112
f 2106 2107 2113
f 2107 2108 2114
f 2103 2109 2114
f 2110 2116 2115
f 2111 2117 2116
f 2111 2112 2118
f 2112 2113 2119
f 2113 2114 2120
f 2109 2115 2120
f 2116 2122 2121
f 2117 2123 2122
f 2117 2118 2124
f 2118 2119 2125
f 2119 2120 2126
f 2115 2121 2126
f 2122 2128 2127
f 2123 2129 2128
f 2123 2124 2130
f 2124 2125 2131
f 2125 2126 2132
f 2121 2127 2132
f 2128 2134 2133
f 2129 2135 2134
f 2129 2130 2136
f 2130 2131 2137
f 2131 2132 2138
f 2127 2133 2138
f 2134 2140 2139
f 2135 2141 2140
f 2135 2136 2142
f 2136 2137 2143
f 2137 2138 2144
f 2133 2139 2144
f 2140 2146 2145
f 2141 2147 2146
f 2141 2142 2148
f 2142 2143 2149
f 2143 2144 2150
f 2139 2145 2150
f 2146 2152 2151
f 2147 2153 2152
f 2147 2148 2154
f 2148 2149 2155
f 2149 2150 2156
f 2145 2151 2156
f 2152 2158 2157
f 2153 2159 2158
f 2153 2154 2160
f 2154 2155 2161
f 2155 2156 2162
f 2151 2157 2162
f 2158 2164 2163
f 2159 2165 2164
f 2159 2160 2166
f 2160 2161 2167
f 2161 2162 2168
f 2157 2163 2168
f 2164 2170 2169
f 2165 2171 2170
f 2165 2166 2172
f 2166 2167 2173
f 2167 2168 2174
f 2168 2163 2169
f 2170 2176 2175
f 2171 2177 2176
f 2171 2172 2178
f 2172 2173 2179
f 2173 2174 2180
f 2174 2169 2175
f 2176 2182 2181
f 2177 2183 2182
f 2177 2178 2184
f 2178 2179 2185
f 2179 2180 2186
f 2180 2175 2181
f 2182 2188 2187
f 2183 2189 2188
f 2183 2184 2190
f 2184 2185 2191
f 2185 2186 2192
f 2186 2181 2187
f 2188 2194 2193
f 2189 2195 2194
f 2189 2190 2196
f 2190 2191 2197
f 2191 2192 2198
f 2192 2187 2193
f 2194 2200 2199
f 2195 2201 2200
f 2195 2196 2202
f 2196 2197 2203
f 2197 2198 2204
f 2198 2193 2199
f 2200 2206 2205
f 2201 2207 2206
f 2201 2202 2208
f 2202 2203 2209
f 2203 2204 2210
f 2204 2199 2205
f 2206 2212 2211
f 2207 2213 2212
f 2207 2208 2214
f 2208 2209 2215
f 2209 2210 2216
f 2210 2205 2211
f 2212 2218 2217
f 2213 2219 2218
f 2213 2214 2220
f 2214 2215 2221
f 2215 2216 2222
f 2216 2211 2217
f 2218 2224 2223
f 2219 2225 2224
f 2219 2220 2226
f 2220 2221 2227
f 2221 2222 2228
f 2222 2217 2223
f 2224 2230 2229
f 2225 2231 2230
f 2225 2226 2232
f 2226 2227 2233
f 2227 2228 2234
f 2228 2223 2229
f 2230 2236 2235
f 2231 2237 2236
f 2231 2232 2238
f 2232 2233 2239
f 2233 2234 2240
f 2234 2229 2235
f 2236 2242 2241
f 2237 2243 2242
f 2238 2244 2243
f 2238 2239 2245
f 2239 2240 2246
f 2240 2235 2241
f 2242 2248 2247
f 2243 2249 2248
f 2244 2250 2249
f 2244 2245 2251
f 2245 2246 2252
f 2246 2241 2247
f 2248 2254 2253
f 2249 2255 2254
f 2250 2256 2255
f 2250 2251 2257
f 2251 2252 2258
f 2252 2247 2253
f 2254 2260 2259
f 2255 2261 2260
f 2256 2262 2261
f 2256 2257 2263
f 2257 2258 2264
f 2258 2253 2259
f 2260 2266 2265
f 2261 2267 2266
f 2262 2268 2267
f 2262 2263 2269
f 2263 2264 2270
f 2264 2259 2265
f 2266 2272 2271
f 2267 2273 2272
f 2268 2274 2273
f 2268 2269 2275
f 2269 2270 2276
f 2270 2265 2271
f 2272 2278 2277
f 2273 2279 2278
f 2274 2280 2279
f 2274 2275 2281
f 2275 2276 2282
f 2276 2271 2277
f 2278 2284 2283
f 2279 2285 2284
f 2280 2286 2285
f 2280 2281 2287
f 2281 2282 2288
f 2282 2277 2283
f 2284 2290 2289
f 2285 2291 2290
f 2286 2292 2291
f 2286 2287 2293
f 2287 2288 2294
f 2288 2283 2289
f 2290 2296 2295
f 2291 2297 2296
f 2292 2298 2297
f 2292 2293 2299
f 2293 2294 2300
f 2294 2289 2295
f 2296 2302 2301
f 2297 2303 2302
f 2298 2304 2303
f 2298 2299 2305
f 2299 2300 2306
f 2300 2295 2301
f 2302 2308 2307
f 2303 2309 2308
f 2304 2310 2309
f 2305 2311 2310
f 2305 2306 2312
f 2306 2301 2307
f 2308 2314 2313
f 2309 2315 2314
f 2310 2316 2315
f 2311 2317 2316
f 2311 2312 2318
f 2312 2307 2313
f 2314 2320 2319
f 2315 2321 2320
f 2316 2322 2321
f 2317 2323 2322
f 2317 2318 2324
f 2318 2313 2319
f 2320 2326 2325
f 2321 2327 2326
f 2322 2328 2327
f 2323 2329 2328
f 2323 2324 2330
f 2324 2319 2325
f 2326 2332 2331
f 2327 2333 2332
f 2328 2334 2333
f 2329 2335 2334
f 2329 2330 2336
f 2330 2325 2331
f 2332 2338 2337
f 2333 2339 2338
f 2334 2340 2339
f 2335 2341 2340
f 2335 2336 2342
f 2336 2331 2337
f 2338 2344 2343
f 2339 2345 2344
f 2340 2346 2345
f 2341 2347 2346
f 2341 2342 2348
f 2342 2337 2343
f 2344 2350 2349
f 2345 2351 2350
f 2346 2352 2351
f 2347 2353 2352
f 2347 2348 2354
f 2348 2343 2349
f 2350 2356 2355
f 2351 2357 2356
f 2352 2358 2357
f 2353 2359 2358
f 2353 2354 2360
f 2354 2349 2355
f 2356 2362 2361
f 2357 2363 2362
f 2358 2364 2363
f 2359 2365 2364
f 2359 2360 2366
f 2360 2355 2361
f 2362 2368 2367
f 2363 2369 2368
f 2364 2370 2369
f 2365 2371 2370
f 2365 2366 2372
f 2366 2361 2367
f 2368 2374 2373
f 2369 2375 2374
f 2370 2376 2375
f 2371 2377 2376
f 2371 2372 2378
f 2372 2367 2373
f 2374 2380 2379
f 2375 2381 2380
f 2376 2382 2381
f 2377 2383 2382
f 2377 2378 2384
f 2378 2373 2379
f 2379 2380 2386
f 2381 2387 2386
f 2382 2388 2387
f 2383 2389 2388
f 2383 2384 2390
f 2384 2379 2385
f 2385 2386 2392
f 2387 2393 2392
f 2388 2394 2393
f 2389 2395 2394
f 2389 2390 2396
f 2390 2385 2391
f 2391 2392 2398
f 2393 2399 2398
f 2394 2400 2399
f 2395 2401 2400
f 2395 2396 2402
f 2396 2391 2397
f 2397 2398 2404
f 2399 2405 2404
f 2400 2406 2405
f 2401 2407 2406
f 2401 2402 2408
f 2402 2397 2403
f 2403 2404 2410
f 2405 2411 2410
f 2406 2412 2411
f 2407 2413 2412
f 2407 2408 2414
f 2408 2403 2409
f 2409 2410 2416
f 2411 2417 2416
f 2412 2418 2417
f 2413 2419 2418
f 2413 2414 2420
f 2414 2409 2415
f 2415 2416 2422
f 2417 2423 2422
f 2418 2424 2423
f 2419 2425 2424
f 2419 2420 2426
f 2420 2415 2421
f 2421 2422 2428
f 2423 2429 2428
f 2424 2430 2429
f 2425 2431 2430
f 2425 2426 2432
f 2426 2421 2427
f 2427 2428 2434
f 2429 2435 2434
f 2430 2436 2435
f 2431 2437 2436
f 2431 2432 2438
f 2432 2427 2433
f 2433 2434 2440
f 2435 2441 2440
f 2436 2442 2441
f 2437 2443 2442
f 2437 2438 2444
f 2438 2433 2439
f 2439 2440 2446
f 2441 2447 2446
f 2442 2448 2447
f 2443 2449 2448
f 2443 2444 2450
f 2444 2439 2445
f 2445 2446 2452
f 2447 2453 2452
f 2448 2454 2453
f 2449 2455 2454
f 2450 2456 2455
f 2450 2445 2451
f 2451 2452 2458
f 2452 2453 2459
f 2454 2460 2459
f 2455 2461 2460
f 2456 2462 2461
f 2456 2451 2457
f 2457 2458 2464
f 2458 2459 2465
f 2460 2466 2465
f 2461 2467 2466
f 2462 2468 2467
f 2462 2457 2463
f 2463 2464 2470
f 2464 2465 2471
f 2466 2472 2471
f 2467 2473 2472
f 2468 2474 2473
f 2468 2463 2469
f 2469 2470 2476
f 2470 2471 2477
f 2472 2478 2477
f 2473 2479 2478
f 2474 2480 2479
f 2474 2469 2475
f 2475 2476 2482
f 2476 2477 2483
f 2478 2484 2483
f 2479 2485 2484
f 2480 2486 2485
f 2480 2475 2481
f 2481 2482 2488
f 2482 2483 2489
f 2484 2490 2489
f 2485 2491 2490
f 2486 2492 2491
f 2486 2481 2487
f 2487 2488 2494
f 2488 2489 2495
f 2490 2496 2495
f 2491 2497 2496
f 2492 2498 2497
f 2492 2487 2493
f 2493 2494 2500
f 2494 2495 2501
f 2496 2502 2501
f 2497 2503 2502
f 2498 2504 2503
f 2498 2493 2499
f 2499 2500 2506
f 2500 2501 2507
f 2502 2508 2507
f 2503 2509 2508
f 2504 2510 2509
f 2504 2499 2505
f 2505 2506 2512
f 2506 2507 2513
f 2508 2514 2513
f 2509 2515 2514
f 2510 2516 2515
f 2510 2505 2511
f 2511 2512 2518
f 2512 2513 2519
f 2514 2520 2519
f 2515 2521 2520
f 2516 2522 2521
f 2516 2511 2517
f 2517 2518 2524
f 2518 2519 2525
f 2519 2520 2526
f 2521 2527 2526
f 2522 2528 2527
f 2522 2517 2523
f 2523 2524 2530
f 2524 2525 2531
f 2525 2526 2532
f 2527 2533 2532
f 2528 2534 2533
f 2528 2523 2529
f 2529 2530 2536
f 2530 2531 2537
f 2531 2532 2538
f 2533 2539 2538
f 2534 2540 2539
f 2534 2529 2535
f 2535 2536 2542
f 2536 2537 2543
f 2537 2538 2544
f 2539 2545 2544
f 2540 2546 2545
f 2540 2535 2541
f 2541 2542 2548
f 2542 2543 2549
f 2543 2544 2550
f 2545 2551 2550
f 2546 2552 2551
f 2546 2541 2547
f 2547 2548 2554
f 2548 2549 2555
f 2549 2550 2556
f 2551 2557 2556
f 2552 2558 2557
f 2552 2547 2553
f 2553 2554 2560
f 2554 2555 2561
f 2555 2556 2562
f 2557 2563 2562
f 2558 2564 2563
f 2558 2553 2559
f 2559 2560 2566
f 2560 2561 2567
f 2561 2562 2568
f 2563 2569 2568
f 2564 2570 2569
f 2564 2559 2565
f 2565 2566 2572
f 2566 2567 2573
f 2567 2568 2574
f 2569 2575 2574
f 2570 2576 2575
f 2570 2565 2571
f 2571 2572 2578
f 2572 2573 2579
f 2573 2574 2580
f 2575 2581 2580
f 2576 2582 2581
f 2576 2571 2577
f 2577 2578 2584
f 2578 2579 2585
f 2579 2580 2586
f 2581 2587 2586
f 2582 2588 2587
f 2582 2577 2583
f 2583 2584 2590
f 2584 2585 2591
f 2585 2586 2592
f 2587 2593 2592
f 2588 2594 2593
f 2588 2583 2589
f 2589 2590 2596
f 2590 2591 2597
f 2591 2592 2598
f 2593 2599 2598
f 2594 2600 2599
f 2589 2595 2600
f 2595 2596 2602
f 2596 2597 2603
f 2597 2598 2604
f 2599 2605 2604
f 2600 2606 2605
f 2595 2601 2606
f 2601 2602 2608
f 2602 2603 2609
f 2603 2604 2610
f 2605 2611 2610
f 2606 2612 2611
f 2601 2607 2612
f 2607 2608 2614
f 2608 2609 2615
f 2609 2610 2616
f 2611 2617 2616
f 2612 2618 2617
f 2607 2613 2618
f 2613 2614 2620
f 2614 2615 2621
f 2615 2616 2622
f 2617 2623 2622
f 2618 2624 2623
f 2613 2619 2624
f 2619 2620 2626
f 2620 2621 2627
f 2621 2622 2628
f 2623 2629 2628
f 2624 2630 2629
f 2619 2625 2630
f 2625 2626 2632
f 2626 2627 2633
f 2627 2628 2634
f 2629 2635 2634
f 2630 2636 2635
f 2625 2631 2636
f 2631 2632 2638
f 2632 2633 2639
f 2633 2634 2640
f 2635 2641 2640
f 2636 2642 2641
f 2631 2637 2642
f 2637 2638 2644
f 2638 2639 2645
f 2639 2640 2646
f 2641 2647 2646
f 2642 2648 2647
f 2637 2643 2648
f 2643 2644 2650
f 2644 2645 2651
f 2645 2646 2652
f 2647 2653 2652
f 2648 2654 2653
f 2643 2649 2654
f 2649 2650 2656
f 2650 2651 2657
f 2651 2652 2658
f 2653 2659 2658
f 2654 2660 2659
f 2649 2655 2660
f 2656 2662 2661
f 2656 2657 2663
f 2657 2658 2664
f 2659 2665 2664
f 2660 2666 2665
f 2655 2661 2666
f 2662 2668 2667
f 2662 2663 2669
f 2663 2664 2670
f 2665 2671 2670
f 2666 2672 2671
f 2661 2667 2672
f 2668 2674 2673
f 2668 2669 2675
f 2669 2670 2676
f 2671 2677 2676
f 2672 2678 2677
f 2667 2673 2678
f 2674 2680 2679
f 2674 2675 2681
f 2675 2676 2682
f 2677 2683 2682
f 2678 2684 2683
f 2673 2679 2684
f 2680 2686 2685
f 2680 2681 2687
f 2681 2682 2688
f 2683 2689 2688
f 2684 2690 2689
f 2679 2685 2690
f 2686 2692 2691
f 2686 2687 2693
f 2687 2688 2694
f 2689 2695 2694
f 2690 2696 2695
f 2685 2691 2696
f 2692 2698 2697
f 2692 2693 2699
f 2693 2694 2700
f 2695 2701 2700
f 2696 2702 2701
f 2691 2697 2702
f 2698 2704 2703
f 2698 2699 2705
f 2699 2700 2706
f 2701 2707 2706
f 2702 2708 2707
f 2697 2703 2708
f 2704 2710 2709
f 2704 2705 2711
f 2705 2706 2712
f 2707 2713 2712
f 2708 2714 2713
f 2703 2709 2714
f 2710 2716 2715
f 2710 2711 2717
f 2711 2712 2718
f 2713 2719 2718
f 2714 2720 2719
f 2709 2715 2720
f 2716 2722 2721
f 2716 2717 2723
f 2717 2718 2724
f 2719 2725 2724
f 2720 2726 2725
f 2715 2721 2726
f 2722 2728 2727
f 2722 2723 2729
f 2723 2724 2730
f 2725 2731 2730
f 2726 2732 2731
f 2721 2727 2732
f 2728 2734 2733
f 2728 2729 2735
f 2729 2730 2736
f 2731 2737 2736
f 2732 2738 2737
f 2727 2733 2738
f 2734 2740 2739
f 2734 2735 2741
f 2735 2736 2742
f 2736 2737 2743
f 2738 2744 2743
f 2733 2739 2744
f 2740 2746 2745
f 2740 2741 2747
f 2741 2742 2748
f 2742 2743 2749
f 2744 2750 2749
f 2739 2745 2750
f 2746 2752 2751
f 2746 2747 2753
f 2747 2748 2754
f 2748 2749 2755
f 2750 2756 2755
f 2745 2751 2756
f 2752 2758 2757
f 2752 2753 2759
f 2753 2754 2760
f 2754 2755 2761
f 2756 2762 2761
f 2751 2757 2762
f 2758 2764 2763
f 2758 2759 2765
f 2759 2760 2766
f 2760 2761 2767
f 2762 2768 2767
f 2757 2763 2768
f 2764 2770 2769
f 2764 2765 2771
f 2765 2766 2772
f 2766 2767 2773
f 2768 2774 2773
f 2763 2769 2774
f 2770 2776 2775
f 2770 2771 2777
f 2771 2772 2778
f 2772 2773 2779
f 2774 2780 2779
f 2769 2775 2780
f 2776 2782 2781
f 2776 2777 2783
f 2777 2778 2784
f 2778 2779 2785
f 2780 2786 2785
f 2775 2781 2786
f 2782 2788 2787
f 2782 2783 2789
f 2783 2784 2790
f 2784 2785 2791
f 2786 2792 2791
f 2781 2787 2792
f 2788 2794 2793
f 2788 2789 2795
f 2789 2790 2796
f 2790 2791 2797
f 2792 2798 2797
f 2787 2793 2798
f 2794 2800 2799
f 2795 2801 2800
f 2795 2796 2802
f 2796 2797 2803
f 2798 2804 2803
f 2793 2799 2804
f 2800 2806 2805
f 2800 2801 2807
f 2801 2802 2808
f 2802 2803 2809
f 2803 2804 2810
f 2799 2805 2810
f 2806 2812 2811
f 2807 2813 2812
f 2807 2808 2814
f 2808 2809 2815
f 2809 2810 2816
f 2805 2811 2816
f 2812 2818 2817
f 2813 2819 2818
f 2813 2814 2820
f 2814 2815 2821
f 2815 2816 2822
f 2811 2817 2822
f 2818 2824 2823
f 2819 2825 2824
f 2819 2820 2826
f 2820 2821 2827
f 2821 2822 2828
f 2817 2823 2828
f 2824 2830 2829
f 2825 2831 2830
f 2825 2826 2832
f 2826 2827 2833
f 2827 2828 2834
f 2823 2829 2834
f 2830 2836 2835
f 2831 2837 2836
f 2831 2832 2838
f 2832 2833 2839
f 2833 2834 2840
f 2829 2835 2840
f 2836 2842 2841
f 2837 2843 2842
f 2837 2838 2844
f 2838 2839 2845
f 2839 2840 2846
f 2835 2841 2846
f 2842 2848 2847
f 2843 2849 2848
f 2843 2844 2850
f 2844 2845 2851
f 2845 2846 2852
f 2841 2847 2852
f 2848 2854 2853
f 2849 2855 2854
f 2849 2850 2856
f 2850 2851 2857
f 2851 2852 2858
f 2847 2853 2858
f 2854 2860 2859
f 2855 2861 2860
f 2855 2856 2862
f 2856 2857 2863
f 2857 2858 2864
f 2853 2859 2864
f 2860 2866 2865
f 2861 2867 2866
f 2861 2862 2868
f 2862 2863 2869
f 2863 2864 2870
f 2859 2865 2870
f 2866 2872 2871
f 2867 2873 2872
f 2867 2868 2874
f 2868 2869 2875
f 2869 2870 2876
f 2865 2871 2876
f 2872 2878 2877
f 2873 2879 2878
f 2873 2874 2880
f 2874 2875 2881
f 2875 2876 2882
f 2876 2871 2877
f 2878 2884 2883
f 2879 2885 2884
f 2879 2880 2886
f 2880 2881 2887
f 2881 2882 2888
f 2882 2877 2883
f 2884 2890 2889
f 2885 2891 2890
f 2885 2886 2892
f 2886 2887 2893
f 2887 2888 2894
f 2888 2883 2889
f 2890 2896 2895
f 2891 2897 2896
f 2891 2892 2898
f 2892 2893 2899
f 2893 2894 2900
f 2894 2889 2895
f 2896 2902 2901
f 2897 2903 2902
f 2897 2898 2904
f 2898 2899 2905
f 2899 2900 2906
f 2900 2895 2901
f 2902 2908 2907
f 2903 2909 2908
f 2903 2904 2910
f 2904 2905 2911
f 2905 2906 2912
f 2906 2901 2907
f 2908 2914 2913
f 2909 2915 2914
f 2909 2910 2916
f 2910 2911 2917
f 2911 2912 2918
f 2912 2907 2913
f 2914 2920 2919
f 2915 2921 2920
f 2915 2916 2922
f 2916 2917 2923
f 2917 2918 2924
f 2918 2913 2919
f 2920 2926 2925
f 2921 2927 2926
f 2921 2922 2928
f 2922 2923 2929
f 2923 2924 2930
f 2924 2919 2925
f 2926 2932 2931
f 2927 2933 2932
f 2927 2928 2934
f 2928 2929 2935
f 2929 2930 2936
f 2930 2925 2931
f 2932 2938 2937
f 2933 2939 2938
f 2933 2934 2940
f 2934 2935 2941
f 2935 2936 2942
f 2936 2931 2937
f 2938 2944 2943
f 2939 2945 2944
f 2939 2940 2946
f 2940 2941 2947
f 2941 2942 2948
f 2942 2937 2943
f 2944 2950 2949
f 2945 2951 2950
f 2946 2952 2951
f 2946 2947 2953
f 2947 2948 2954
f 2948 2943 2949
f 2950 2956 2955
f 2951 2957 2956
f 2952 2958 2957
f 2952 2953 2959
f 2953 2954 2960
f 2954 2949 2955
f 2956 2962 2961
f 2957 2963 2962
f 2958 2964 2963
f 2958 2959 2965
f 2959 2960 2966
f 2960 2955 2961
f 2962 2968 2967
f 2963 2969 2968
f 2964 2970 2969
f 2964 2965 2971
f 2965 2966 2972
f 2966 2961 2967
f 2968 2974 2973
f 2969 2975 2974
f 2970 2976 2975
f 2970 2971 2977
f 2971 2972 2978
f 2972 2967 2973
f 2974 2980 2979
f 2975 2981 2980
f 2976 2982 2981
f 2976 2977 2983
f 2977 2978 2984
f 2978 2973 2979
f 2980 2986 2985
f 2981 2987 2986
f 2982 2988 2987
f 2982 2983 2989
f 2983 2984 2990
f 2984 2979 2985
f 2986 2992 2991
f 2987 2993 2992
f 2988 2994 2993
f 2988 2989 2995
f 2989 2990 2996
f 2990 2985 2991
f 2992 2998 2997
f 2993 2999 2998
f 2994 3000 2999
f 2994 2995 3001
f 2995 2996 3002
f 2996 2991 2997
f 2998 3004 3003
f 2999 3005 3004
f 3000 3006 3005
f 3000 3001 3007
f 3001 3002 3008
f 3002 2997 3003
f 3004 3010 3009
f 3005 3011 3010
f 3006 3012 3011
f 3006 3007 3013
f 3007 3008 3014
f 3008 3003 3009
f 3010 3016 3015
f 3011 3017 3016
f 3012 3018 3017
f 3013 3019 3018
f 3013 3014 3020
f 3014 3009 3015
f 3016 3022 3021
f 3017 3023 3022
f 3018 3024 3023
f 3019 3025 3024
f 3019 3020 3026
f 3020 3015 3021
f 3022 3028 3027
f 3023 3029 3028
f 3024 3030 3029
f 3025 3031 3030
f 3025 3026 3032
f 3026 3021 3027
f 3028 3034 3033
f 3029 3035 3034
f 3030 3036 3035
f 3031 3037 3036
f 3031 3032 3038
f 3032 3027 3033
f 3034 3040 3039
f 3035 3041 3040
f 3036 3042 3041
f 3037 3043 3042
f 3037 3038 3044
f 3038 3033 3039
f 3040 3046 3045
f 3041 3047 3046
f 3042 3048 3047
f 3043 3049 3048
f 3043 3044 3050
f 3044 3039 3045
f 3046 3052 3051
f 3047 3053 3052
f 3048 3054 3053
f 3049 3055 3054
f 3049 3050 3056
f 3050 3045 3051
f 3052 3058 3057
f 3053 3059 3058
f 3054 3060 3059
f 3055 3061 3060
f 3055 3056 3062
f 3056 3051 3057
f 3058 3064 3063
f 3059 3065 3064
f 3060 3066 3065
f 3061 3067 3066
f 3061 3062 3068
f 3062 3057 3063
f 3064 3070 3069
f 3065 3071 3070
f 3066 3072 3071
f 3067 3073 3072
f 3067 3068 3074
f 3068 3063 3069
f 3070 3076 3075
f 3071 3077 3076
f 3072 3078 3077
f 3073 3079 3078
f 3073 3074 3080
f 3074 3069 3075
f 3076 3082 3081
f 3077 3083 3082
f 3078 3084 3083
f 3079 3085 3084
f 3079 3080 3086
f 3080 3075 3081
f 3082 3088 3087
f 3083 3089 3088
f 3084 3090 3089
f 3085 3091 3090
f 3085 3086 3092
f 3086 3081 3087
f 3087 3088 3094
f 3089 3095 3094
f 3090 3096 3095
f 3091 3097 3096
f 3091 3092 3098
f 3092 3087 3093
f 3093 3094 3100
f 3095 3101 3100
f 3096 3102 3101
f 3097 3103 3102
f 3097 3098 3104
f 3098 3093 3099
f 3099 3100 3106
f 3101 3107 3106
f 3102 3108 3107
f 3103 3109 3108
f 3103 3104 3110
f 3104 3099 3105
f 3105 3106 3112
f 3107 3113 3112
f 3108 3114 3113
f 3109 3115 3114
f 3109 3110 3116
f 3110 3105 3111
f 3111 3112 3118
f 3113 3119 3118
f 3114 3120 3119
f 3115 3121 3120
f 3115 3116 3122
f 3116 3111 3117
f 3117 3118 3124
f 3119 3125 3124
f 3120 3126 3125
f 3121 3127 3126
f 3121 3122 3128
f 3122 3117 3123
f 3123 3124 3130
f 3124 3125 3131
f 3125 3126 3132
f 3127 3133 3132
f 3128 3134 3133
f 3123 3129 3134
