# beta Contour_Ice.obj: Roblox cue frame, recentred on its bounding box
v -0.06298 0.00600 3.35367
v -0.05698 0.00000 3.35354
v -0.06298 -0.00600 3.35367
v -0.06898 -0.00000 3.35379
v -0.06642 0.00600 3.19067
v -0.06042 0.00000 3.19054
v -0.06642 -0.00600 3.19067
v -0.07242 -0.00000 3.19079
v -0.06996 0.00600 3.02267
v -0.06397 0.00000 3.02254
v -0.06996 -0.00600 3.02267
v -0.07596 -0.00000 3.02279
v -0.07351 0.00600 2.85467
v -0.06751 0.00000 2.85454
v -0.07351 -0.00600 2.85467
v -0.07951 -0.00000 2.85479
v -0.07706 0.00600 2.68667
v -0.07106 0.00000 2.68654
v -0.07706 -0.00600 2.68667
v -0.08306 -0.00000 2.68679
v -0.08060 0.00600 2.51867
v -0.07460 0.00000 2.51854
v -0.08060 -0.00600 2.51867
v -0.08660 -0.00000 2.51879
v -0.08503 0.00600 2.30867
v -0.07904 0.00000 2.30854
v -0.08503 -0.00600 2.30867
v -0.09103 -0.00000 2.30879
v -0.08947 0.00600 2.09867
v -0.08347 0.00000 2.09854
v -0.08947 -0.00600 2.09867
v -0.09547 -0.00000 2.09879
v -0.09390 0.00600 1.88867
v -0.08790 0.00000 1.88854
v -0.09390 -0.00600 1.88867
v -0.09990 -0.00000 1.88879
v -0.09833 0.00600 1.67867
v -0.09233 0.00000 1.67854
v -0.09833 -0.00600 1.67867
v -0.10433 -0.00000 1.67879
v -0.10203 0.00600 1.50367
v -0.09603 0.00000 1.50352
v -0.10203 -0.00600 1.50367
v -0.10802 -0.00000 1.50381
v -0.10611 0.00600 1.35783
v -0.10011 0.00000 1.35767
v -0.10611 -0.00600 1.35783
v -0.11211 -0.00000 1.35800
v -0.11020 0.00600 1.21200
v -0.10420 0.00000 1.21183
v -0.11020 -0.00600 1.21200
v -0.11620 -0.00000 1.21217
v -0.11429 0.00600 1.06617
v -0.10829 0.00000 1.06598
v -0.11429 -0.00600 1.06617
v -0.12028 -0.00000 1.06635
v -0.11828 0.00600 0.95242
v -0.11229 0.00000 0.95221
v -0.11828 -0.00600 0.95242
v -0.12428 -0.00000 0.95263
v -0.12228 0.00600 0.83867
v -0.11628 0.00000 0.83846
v -0.12228 -0.00600 0.83867
v -0.12827 -0.00000 0.83888
v -0.12596 0.00600 0.73367
v -0.11997 0.00000 0.73346
v -0.12596 -0.00600 0.73367
v -0.13196 -0.00000 0.73388
v -0.12965 0.00600 0.62867
v -0.12366 0.00000 0.62845
v -0.12965 -0.00600 0.62867
v -0.13565 -0.00000 0.62888
v -0.13507 0.00600 0.48283
v -0.12907 0.00000 0.48261
v -0.13507 -0.00600 0.48283
v -0.14106 -0.00000 0.48306
v -0.14048 0.00600 0.33700
v -0.13449 0.00000 0.33678
v -0.14048 -0.00600 0.33700
v -0.14648 -0.00000 0.33722
v -0.14590 0.00600 0.19117
v -0.13990 0.00000 0.19096
v -0.14590 -0.00600 0.19117
v -0.15189 -0.00000 0.19137
v -0.15196 0.00600 0.00067
v -0.14596 0.00000 0.00054
v -0.15196 -0.00600 0.00067
v -0.15796 -0.00000 0.00080
v -0.15003 0.00600 -0.00133
v -0.14403 0.00000 -0.00152
v -0.15003 -0.00600 -0.00133
v -0.15602 -0.00000 -0.00114
v -0.15209 0.00600 -0.00333
v -0.14610 0.00000 -0.00366
v -0.15209 -0.00600 -0.00333
v -0.15808 -0.00000 -0.00300
v -0.15478 0.00600 -0.08763
v -0.14878 0.00000 -0.08772
v -0.15478 -0.00600 -0.08763
v -0.16078 -0.00000 -0.08755
v -0.15331 0.00600 -0.08883
v -0.14732 0.00000 -0.08902
v -0.15331 -0.00600 -0.08883
v -0.15931 -0.00000 -0.08864
v -0.15485 0.00600 -0.09003
v -0.14886 0.00000 -0.09033
v -0.15485 -0.00600 -0.09003
v -0.16085 -0.00000 -0.08974
v -0.15754 0.00600 -0.17433
v -0.15154 0.00000 -0.17439
v -0.15754 -0.00600 -0.17433
v -0.16354 -0.00000 -0.17428
v -0.15560 0.00600 -0.17633
v -0.14960 0.00000 -0.17652
v -0.15560 -0.00600 -0.17633
v -0.16160 -0.00000 -0.17614
v -0.15767 0.00600 -0.17833
v -0.15168 0.00000 -0.17870
v -0.15767 -0.00600 -0.17833
v -0.16365 -0.00000 -0.17797
v -0.15983 0.00600 -0.24633
v -0.15383 0.00000 -0.24645
v -0.15983 -0.00600 -0.24633
v -0.16583 -0.00000 -0.24622
v -0.16809 0.00600 -0.73567
v -0.16209 0.00000 -0.73577
v -0.16809 -0.00600 -0.73567
v -0.17409 -0.00000 -0.73557
v -0.17635 0.00600 -1.22500
v -0.17035 0.00000 -1.22510
v -0.17635 -0.00600 -1.22500
v -0.18235 -0.00000 -1.22490
v -0.18460 0.00600 -1.71433
v -0.17860 0.00000 -1.71441
v -0.18460 -0.00600 -1.71433
v -0.19060 -0.00000 -1.71426
v -0.18264 0.00600 -1.71633
v -0.17664 0.00000 -1.71643
v -0.18264 -0.00600 -1.71633
v -0.18864 -0.00000 -1.71623
v -0.18467 0.00600 -1.71833
v -0.17868 0.00000 -1.71855
v -0.18467 -0.00600 -1.71833
v -0.19067 -0.00000 -1.71812
v -0.18639 0.00600 -1.82033
v -0.18039 0.00000 -1.82026
v -0.18639 -0.00600 -1.82033
v -0.19239 -0.00000 -1.82041
v -0.18341 0.00600 -1.82133
v -0.17742 0.00000 -1.82094
v -0.18341 -0.00600 -1.82133
v -0.18940 -0.00000 -1.82173
v -0.18400 0.00600 -1.85633
v -0.17800 0.00000 -1.85634
v -0.18400 -0.00600 -1.85633
v -0.19000 -0.00000 -1.85633
v -0.18400 0.00600 -3.01133
v -0.17800 0.00000 -3.01135
v -0.18400 -0.00600 -3.01133
v -0.19000 -0.00000 -3.01132
v -0.18700 0.00600 -3.01233
v -0.18100 0.00000 -3.01239
v -0.18700 -0.00600 -3.01233
v -0.19300 -0.00000 -3.01228
v -0.18700 0.00600 -3.35133
v -0.18100 0.00000 -3.35132
v -0.18700 -0.00600 -3.35133
v -0.19300 -0.00000 -3.35135
v -0.18624 0.00600 -3.35516
v -0.18051 0.00000 -3.35339
v -0.18624 -0.00600 -3.35516
v -0.19197 -0.00000 -3.35693
v -0.18545 0.00600 -3.35633
v -0.18047 0.00000 -3.35300
v -0.18545 -0.00600 -3.35633
v -0.19044 -0.00000 -3.35967
v -0.06298 -0.00000 3.35367
v -0.18545 -0.00000 -3.35633
v -0.00000 0.06898 3.35379
v 0.00600 0.06298 3.35367
v -0.00000 0.05698 3.35354
v -0.00600 0.06298 3.35367
v -0.00000 0.07242 3.19079
v 0.00600 0.06642 3.19067
v -0.00000 0.06042 3.19054
v -0.00600 0.06642 3.19067
v -0.00000 0.07596 3.02279
v 0.00600 0.06996 3.02267
v -0.00000 0.06397 3.02254
v -0.00600 0.06996 3.02267
v -0.00000 0.07951 2.85479
v 0.00600 0.07351 2.85467
v -0.00000 0.06751 2.85454
v -0.00600 0.07351 2.85467
v -0.00000 0.08306 2.68679
v 0.00600 0.07706 2.68667
v -0.00000 0.07106 2.68654
v -0.00600 0.07706 2.68667
v -0.00000 0.08660 2.51879
v 0.00600 0.08060 2.51867
v -0.00000 0.07460 2.51854
v -0.00600 0.08060 2.51867
v -0.00000 0.09103 2.30879
v 0.00600 0.08503 2.30867
v -0.00000 0.07904 2.30854
v -0.00600 0.08503 2.30867
v -0.00000 0.09547 2.09879
v 0.00600 0.08947 2.09867
v -0.00000 0.08347 2.09854
v -0.00600 0.08947 2.09867
v -0.00000 0.09990 1.88879
v 0.00600 0.09390 1.88867
v -0.00000 0.08790 1.88854
v -0.00600 0.09390 1.88867
v -0.00000 0.10433 1.67879
v 0.00600 0.09833 1.67867
v -0.00000 0.09233 1.67854
v -0.00600 0.09833 1.67867
v -0.00000 0.10802 1.50381
v 0.00600 0.10203 1.50367
v -0.00000 0.09603 1.50352
v -0.00600 0.10203 1.50367
v -0.00000 0.11211 1.35800
v 0.00600 0.10611 1.35783
v -0.00000 0.10011 1.35767
v -0.00600 0.10611 1.35783
v -0.00000 0.11620 1.21217
v 0.00600 0.11020 1.21200
v -0.00000 0.10420 1.21183
v -0.00600 0.11020 1.21200
v -0.00000 0.12028 1.06635
v 0.00600 0.11429 1.06617
v -0.00000 0.10829 1.06598
v -0.00600 0.11429 1.06617
v -0.00000 0.12428 0.95263
v 0.00600 0.11828 0.95242
v -0.00000 0.11229 0.95221
v -0.00600 0.11828 0.95242
v -0.00000 0.12827 0.83888
v 0.00600 0.12228 0.83867
v -0.00000 0.11628 0.83846
v -0.00600 0.12228 0.83867
v -0.00000 0.13196 0.73388
v 0.00600 0.12596 0.73367
v -0.00000 0.11997 0.73346
v -0.00600 0.12596 0.73367
v -0.00000 0.13565 0.62888
v 0.00600 0.12965 0.62867
v -0.00000 0.12366 0.62845
v -0.00600 0.12965 0.62867
v -0.00000 0.14106 0.48306
v 0.00600 0.13507 0.48283
v -0.00000 0.12907 0.48261
v -0.00600 0.13507 0.48283
v -0.00000 0.14648 0.33722
v 0.00600 0.14048 0.33700
v -0.00000 0.13449 0.33678
v -0.00600 0.14048 0.33700
v -0.00000 0.15189 0.19137
v 0.00600 0.14590 0.19117
v -0.00000 0.13990 0.19096
v -0.00600 0.14590 0.19117
v -0.00000 0.15796 0.00080
v 0.00600 0.15196 0.00067
v -0.00000 0.14596 0.00054
v -0.00600 0.15196 0.00067
v -0.00000 0.15602 -0.00114
v 0.00600 0.15003 -0.00133
v -0.00000 0.14403 -0.00152
v -0.00600 0.15003 -0.00133
v -0.00000 0.15808 -0.00300
v 0.00600 0.15209 -0.00333
v -0.00000 0.14610 -0.00366
v -0.00600 0.15209 -0.00333
v -0.00000 0.16078 -0.08755
v 0.00600 0.15478 -0.08763
v -0.00000 0.14878 -0.08772
v -0.00600 0.15478 -0.08763
v -0.00000 0.15931 -0.08864
v 0.00600 0.15331 -0.08883
v -0.00000 0.14732 -0.08902
v -0.00600 0.15331 -0.08883
v -0.00000 0.16085 -0.08974
v 0.00600 0.15485 -0.09003
v -0.00000 0.14886 -0.09033
v -0.00600 0.15485 -0.09003
v -0.00000 0.16354 -0.17428
v 0.00600 0.15754 -0.17433
v -0.00000 0.15154 -0.17439
v -0.00600 0.15754 -0.17433
v -0.00000 0.16160 -0.17614
v 0.00600 0.15560 -0.17633
v -0.00000 0.14960 -0.17652
v -0.00600 0.15560 -0.17633
v -0.00000 0.16365 -0.17797
v 0.00600 0.15767 -0.17833
v -0.00000 0.15168 -0.17870
v -0.00600 0.15767 -0.17833
v -0.00000 0.16583 -0.24622
v 0.00600 0.15983 -0.24633
v -0.00000 0.15383 -0.24645
v -0.00600 0.15983 -0.24633
v -0.00000 0.17409 -0.73557
v 0.00600 0.16809 -0.73567
v -0.00000 0.16209 -0.73577
v -0.00600 0.16809 -0.73567
v -0.00000 0.18235 -1.22490
v 0.00600 0.17635 -1.22500
v -0.00000 0.17035 -1.22510
v -0.00600 0.17635 -1.22500
v -0.00000 0.19060 -1.71426
v 0.00600 0.18460 -1.71433
v -0.00000 0.17860 -1.71441
v -0.00600 0.18460 -1.71433
v -0.00000 0.18864 -1.71623
v 0.00600 0.18264 -1.71633
v -0.00000 0.17664 -1.71643
v -0.00600 0.18264 -1.71633
v -0.00000 0.19067 -1.71812
v 0.00600 0.18467 -1.71833
v -0.00000 0.17868 -1.71855
v -0.00600 0.18467 -1.71833
v -0.00000 0.19239 -1.82041
v 0.00600 0.18639 -1.82033
v -0.00000 0.18039 -1.82026
v -0.00600 0.18639 -1.82033
v -0.00000 0.18940 -1.82173
v 0.00600 0.18341 -1.82133
v -0.00000 0.17742 -1.82094
v -0.00600 0.18341 -1.82133
v -0.00000 0.19000 -1.85633
v 0.00600 0.18400 -1.85633
v -0.00000 0.17800 -1.85634
v -0.00600 0.18400 -1.85633
v -0.00000 0.19000 -3.01132
v 0.00600 0.18400 -3.01133
v -0.00000 0.17800 -3.01135
v -0.00600 0.18400 -3.01133
v -0.00000 0.19300 -3.01228
v 0.00600 0.18700 -3.01233
v -0.00000 0.18100 -3.01239
v -0.00600 0.18700 -3.01233
v -0.00000 0.19300 -3.35135
v 0.00600 0.18700 -3.35133
v -0.00000 0.18100 -3.35132
v -0.00600 0.18700 -3.35133
v -0.00000 0.19197 -3.35693
v 0.00600 0.18624 -3.35516
v -0.00000 0.18051 -3.35339
v -0.00600 0.18624 -3.35516
v -0.00000 0.19044 -3.35967
v 0.00600 0.18545 -3.35633
v -0.00000 0.18047 -3.35300
v -0.00600 0.18545 -3.35633
v -0.00000 0.06298 3.35367
v -0.00000 0.18545 -3.35633
v 0.06298 0.00600 3.35367
v 0.06898 0.00000 3.35379
v 0.06298 -0.00600 3.35367
v 0.05698 0.00000 3.35354
v 0.06642 0.00600 3.19067
v 0.07242 0.00000 3.19079
v 0.06642 -0.00600 3.19067
v 0.06042 0.00000 3.19054
v 0.06996 0.00600 3.02267
v 0.07596 0.00000 3.02279
v 0.06996 -0.00600 3.02267
v 0.06397 0.00000 3.02254
v 0.07351 0.00600 2.85467
v 0.07951 0.00000 2.85479
v 0.07351 -0.00600 2.85467
v 0.06751 0.00000 2.85454
v 0.07706 0.00600 2.68667
v 0.08306 0.00000 2.68679
v 0.07706 -0.00600 2.68667
v 0.07106 0.00000 2.68654
v 0.08060 0.00600 2.51867
v 0.08660 0.00000 2.51879
v 0.08060 -0.00600 2.51867
v 0.07460 0.00000 2.51854
v 0.08503 0.00600 2.30867
v 0.09103 0.00000 2.30879
v 0.08503 -0.00600 2.30867
v 0.07904 0.00000 2.30854
v 0.08947 0.00600 2.09867
v 0.09547 0.00000 2.09879
v 0.08947 -0.00600 2.09867
v 0.08347 0.00000 2.09854
v 0.09390 0.00600 1.88867
v 0.09990 0.00000 1.88879
v 0.09390 -0.00600 1.88867
v 0.08790 0.00000 1.88854
v 0.09833 0.00600 1.67867
v 0.10433 0.00000 1.67879
v 0.09833 -0.00600 1.67867
v 0.09233 0.00000 1.67854
v 0.10202 0.00600 1.50367
v 0.10802 0.00000 1.50381
v 0.10202 -0.00600 1.50367
v 0.09603 0.00000 1.50352
v 0.10611 0.00600 1.35783
v 0.11211 0.00000 1.35800
v 0.10611 -0.00600 1.35783
v 0.10011 0.00000 1.35767
v 0.11020 0.00600 1.21200
v 0.11620 0.00000 1.21217
v 0.11020 -0.00600 1.21200
v 0.10420 0.00000 1.21183
v 0.11429 0.00600 1.06617
v 0.12028 0.00000 1.06635
v 0.11429 -0.00600 1.06617
v 0.10829 0.00000 1.06598
v 0.11828 0.00600 0.95242
v 0.12428 0.00000 0.95263
v 0.11828 -0.00600 0.95242
v 0.11229 0.00000 0.95221
v 0.12228 0.00600 0.83867
v 0.12827 0.00000 0.83888
v 0.12228 -0.00600 0.83867
v 0.11628 0.00000 0.83846
v 0.12596 0.00600 0.73367
v 0.13196 0.00000 0.73388
v 0.12596 -0.00600 0.73367
v 0.11997 0.00000 0.73346
v 0.12965 0.00600 0.62867
v 0.13565 0.00000 0.62888
v 0.12965 -0.00600 0.62867
v 0.12366 0.00000 0.62845
v 0.13507 0.00600 0.48283
v 0.14106 0.00000 0.48306
v 0.13507 -0.00600 0.48283
v 0.12907 0.00000 0.48261
v 0.14048 0.00600 0.33700
v 0.14648 0.00000 0.33722
v 0.14048 -0.00600 0.33700
v 0.13449 0.00000 0.33678
v 0.14590 0.00600 0.19117
v 0.15189 0.00000 0.19137
v 0.14590 -0.00600 0.19117
v 0.13990 0.00000 0.19096
v 0.15196 0.00600 0.00067
v 0.15796 0.00000 0.00080
v 0.15196 -0.00600 0.00067
v 0.14596 0.00000 0.00054
v 0.15003 0.00600 -0.00133
v 0.15602 0.00000 -0.00114
v 0.15003 -0.00600 -0.00133
v 0.14403 0.00000 -0.00152
v 0.15209 0.00600 -0.00333
v 0.15808 0.00000 -0.00300
v 0.15209 -0.00600 -0.00333
v 0.14610 0.00000 -0.00366
v 0.15478 0.00600 -0.08763
v 0.16078 0.00000 -0.08755
v 0.15478 -0.00600 -0.08763
v 0.14878 0.00000 -0.08772
v 0.15331 0.00600 -0.08883
v 0.15931 0.00000 -0.08864
v 0.15331 -0.00600 -0.08883
v 0.14732 0.00000 -0.08902
v 0.15485 0.00600 -0.09003
v 0.16085 0.00000 -0.08974
v 0.15485 -0.00600 -0.09003
v 0.14886 0.00000 -0.09033
v 0.15754 0.00600 -0.17433
v 0.16354 0.00000 -0.17428
v 0.15754 -0.00600 -0.17433
v 0.15154 0.00000 -0.17439
v 0.15560 0.00600 -0.17633
v 0.16160 0.00000 -0.17614
v 0.15560 -0.00600 -0.17633
v 0.14960 0.00000 -0.17652
v 0.15767 0.00600 -0.17833
v 0.16365 0.00000 -0.17797
v 0.15767 -0.00600 -0.17833
v 0.15168 0.00000 -0.17870
v 0.15983 0.00600 -0.24633
v 0.16583 0.00000 -0.24622
v 0.15983 -0.00600 -0.24633
v 0.15383 0.00000 -0.24645
v 0.16809 0.00600 -0.73567
v 0.17409 0.00000 -0.73557
v 0.16809 -0.00600 -0.73567
v 0.16209 0.00000 -0.73577
v 0.17635 0.00600 -1.22500
v 0.18235 0.00000 -1.22490
v 0.17635 -0.00600 -1.22500
v 0.17035 0.00000 -1.22510
v 0.18460 0.00600 -1.71433
v 0.19060 0.00000 -1.71426
v 0.18460 -0.00600 -1.71433
v 0.17860 0.00000 -1.71441
v 0.18264 0.00600 -1.71633
v 0.18864 0.00000 -1.71623
v 0.18264 -0.00600 -1.71633
v 0.17664 0.00000 -1.71643
v 0.18467 0.00600 -1.71833
v 0.19067 0.00000 -1.71812
v 0.18467 -0.00600 -1.71833
v 0.17868 0.00000 -1.71855
v 0.18639 0.00600 -1.82033
v 0.19239 0.00000 -1.82041
v 0.18639 -0.00600 -1.82033
v 0.18039 0.00000 -1.82026
v 0.18341 0.00600 -1.82133
v 0.18940 0.00000 -1.82173
v 0.18341 -0.00600 -1.82133
v 0.17742 0.00000 -1.82094
v 0.18400 0.00600 -1.85633
v 0.19000 0.00000 -1.85633
v 0.18400 -0.00600 -1.85633
v 0.17800 0.00000 -1.85634
v 0.18400 0.00600 -3.01133
v 0.19000 0.00000 -3.01132
v 0.18400 -0.00600 -3.01133
v 0.17800 0.00000 -3.01135
v 0.18700 0.00600 -3.01233
v 0.19300 0.00000 -3.01228
v 0.18700 -0.00600 -3.01233
v 0.18100 0.00000 -3.01239
v 0.18700 0.00600 -3.35133
v 0.19300 0.00000 -3.35135
v 0.18700 -0.00600 -3.35133
v 0.18100 0.00000 -3.35132
v 0.18624 0.00600 -3.35516
v 0.19197 0.00000 -3.35693
v 0.18624 -0.00600 -3.35516
v 0.18051 0.00000 -3.35339
v 0.18545 0.00600 -3.35633
v 0.19044 0.00000 -3.35967
v 0.18545 -0.00600 -3.35633
v 0.18047 0.00000 -3.35300
v 0.06298 0.00000 3.35367
v 0.18545 0.00000 -3.35633
v -0.00000 -0.05698 3.35354
v 0.00600 -0.06298 3.35367
v -0.00000 -0.06898 3.35379
v -0.00600 -0.06298 3.35367
v -0.00000 -0.06042 3.19054
v 0.00600 -0.06642 3.19067
v -0.00000 -0.07242 3.19079
v -0.00600 -0.06642 3.19067
v -0.00000 -0.06397 3.02254
v 0.00600 -0.06996 3.02267
v -0.00000 -0.07596 3.02279
v -0.00600 -0.06996 3.02267
v -0.00000 -0.06751 2.85454
v 0.00600 -0.07351 2.85467
v -0.00000 -0.07951 2.85479
v -0.00600 -0.07351 2.85467
v -0.00000 -0.07106 2.68654
v 0.00600 -0.07706 2.68667
v -0.00000 -0.08306 2.68679
v -0.00600 -0.07706 2.68667
v -0.00000 -0.07460 2.51854
v 0.00600 -0.08060 2.51867
v -0.00000 -0.08660 2.51879
v -0.00600 -0.08060 2.51867
v -0.00000 -0.07904 2.30854
v 0.00600 -0.08503 2.30867
v -0.00000 -0.09103 2.30879
v -0.00600 -0.08503 2.30867
v -0.00000 -0.08347 2.09854
v 0.00600 -0.08947 2.09867
v -0.00000 -0.09547 2.09879
v -0.00600 -0.08947 2.09867
v -0.00000 -0.08790 1.88854
v 0.00600 -0.09390 1.88867
v -0.00000 -0.09990 1.88879
v -0.00600 -0.09390 1.88867
v -0.00000 -0.09233 1.67854
v 0.00600 -0.09833 1.67867
v -0.00000 -0.10433 1.67879
v -0.00600 -0.09833 1.67867
v -0.00000 -0.09603 1.50352
v 0.00600 -0.10203 1.50367
v -0.00000 -0.10802 1.50381
v -0.00600 -0.10203 1.50367
v -0.00000 -0.10011 1.35767
v 0.00600 -0.10611 1.35783
v -0.00000 -0.11211 1.35800
v -0.00600 -0.10611 1.35783
v -0.00000 -0.10420 1.21183
v 0.00600 -0.11020 1.21200
v -0.00000 -0.11620 1.21217
v -0.00600 -0.11020 1.21200
v -0.00000 -0.10829 1.06598
v 0.00600 -0.11429 1.06617
v -0.00000 -0.12028 1.06635
v -0.00600 -0.11429 1.06617
v -0.00000 -0.11229 0.95221
v 0.00600 -0.11828 0.95242
v -0.00000 -0.12428 0.95263
v -0.00600 -0.11828 0.95242
v -0.00000 -0.11628 0.83846
v 0.00600 -0.12228 0.83867
v -0.00000 -0.12827 0.83888
v -0.00600 -0.12228 0.83867
v -0.00000 -0.11997 0.73346
v 0.00600 -0.12596 0.73367
v -0.00000 -0.13196 0.73388
v -0.00600 -0.12596 0.73367
v -0.00000 -0.12366 0.62845
v 0.00600 -0.12965 0.62867
v -0.00000 -0.13565 0.62888
v -0.00600 -0.12965 0.62867
v -0.00000 -0.12907 0.48261
v 0.00600 -0.13507 0.48283
v -0.00000 -0.14106 0.48306
v -0.00600 -0.13507 0.48283
v -0.00000 -0.13449 0.33678
v 0.00600 -0.14048 0.33700
v -0.00000 -0.14648 0.33722
v -0.00600 -0.14048 0.33700
v -0.00000 -0.13990 0.19096
v 0.00600 -0.14590 0.19117
v -0.00000 -0.15189 0.19137
v -0.00600 -0.14590 0.19117
v -0.00000 -0.14596 0.00054
v 0.00600 -0.15196 0.00067
v -0.00000 -0.15796 0.00080
v -0.00600 -0.15196 0.00067
v -0.00000 -0.14403 -0.00152
v 0.00600 -0.15003 -0.00133
v -0.00000 -0.15602 -0.00114
v -0.00600 -0.15003 -0.00133
v -0.00000 -0.14610 -0.00366
v 0.00600 -0.15209 -0.00333
v -0.00000 -0.15808 -0.00300
v -0.00600 -0.15209 -0.00333
v -0.00000 -0.14878 -0.08772
v 0.00600 -0.15478 -0.08763
v -0.00000 -0.16078 -0.08755
v -0.00600 -0.15478 -0.08763
v -0.00000 -0.14732 -0.08902
v 0.00600 -0.15331 -0.08883
v -0.00000 -0.15931 -0.08864
v -0.00600 -0.15331 -0.08883
v -0.00000 -0.14886 -0.09033
v 0.00600 -0.15485 -0.09003
v -0.00000 -0.16085 -0.08974
v -0.00600 -0.15485 -0.09003
v -0.00000 -0.15154 -0.17439
v 0.00600 -0.15754 -0.17433
v -0.00000 -0.16354 -0.17428
v -0.00600 -0.15754 -0.17433
v -0.00000 -0.14960 -0.17652
v 0.00600 -0.15560 -0.17633
v -0.00000 -0.16160 -0.17614
v -0.00600 -0.15560 -0.17633
v -0.00000 -0.15168 -0.17870
v 0.00600 -0.15767 -0.17833
v -0.00000 -0.16365 -0.17797
v -0.00600 -0.15767 -0.17833
v -0.00000 -0.15383 -0.24645
v 0.00600 -0.15983 -0.24633
v -0.00000 -0.16583 -0.24622
v -0.00600 -0.15983 -0.24633
v -0.00000 -0.16209 -0.73577
v 0.00600 -0.16809 -0.73567
v -0.00000 -0.17409 -0.73557
v -0.00600 -0.16809 -0.73567
v -0.00000 -0.17035 -1.22510
v 0.00600 -0.17635 -1.22500
v -0.00000 -0.18235 -1.22490
v -0.00600 -0.17635 -1.22500
v -0.00000 -0.17860 -1.71441
v 0.00600 -0.18460 -1.71433
v -0.00000 -0.19060 -1.71426
v -0.00600 -0.18460 -1.71433
v -0.00000 -0.17664 -1.71643
v 0.00600 -0.18264 -1.71633
v -0.00000 -0.18864 -1.71623
v -0.00600 -0.18264 -1.71633
v -0.00000 -0.17868 -1.71855
v 0.00600 -0.18467 -1.71833
v -0.00000 -0.19067 -1.71812
v -0.00600 -0.18467 -1.71833
v -0.00000 -0.18039 -1.82026
v 0.00600 -0.18639 -1.82033
v -0.00000 -0.19239 -1.82041
v -0.00600 -0.18639 -1.82033
v -0.00000 -0.17742 -1.82094
v 0.00600 -0.18341 -1.82133
v -0.00000 -0.18940 -1.82173
v -0.00600 -0.18341 -1.82133
v -0.00000 -0.17800 -1.85634
v 0.00600 -0.18400 -1.85633
v -0.00000 -0.19000 -1.85633
v -0.00600 -0.18400 -1.85633
v -0.00000 -0.17800 -3.01135
v 0.00600 -0.18400 -3.01133
v -0.00000 -0.19000 -3.01132
v -0.00600 -0.18400 -3.01133
v -0.00000 -0.18100 -3.01239
v 0.00600 -0.18700 -3.01233
v -0.00000 -0.19300 -3.01228
v -0.00600 -0.18700 -3.01233
v -0.00000 -0.18100 -3.35132
v 0.00600 -0.18700 -3.35133
v -0.00000 -0.19300 -3.35135
v -0.00600 -0.18700 -3.35133
v -0.00000 -0.18051 -3.35339
v 0.00600 -0.18624 -3.35516
v -0.00000 -0.19197 -3.35693
v -0.00600 -0.18624 -3.35516
v -0.00000 -0.18047 -3.35300
v 0.00600 -0.18545 -3.35633
v -0.00000 -0.19044 -3.35967
v -0.00600 -0.18545 -3.35633
v -0.00000 -0.06298 3.35367
v -0.00000 -0.18545 -3.35633
v -0.06896 -0.00047 3.35367
v -0.06298 -0.00000 3.34767
v -0.05700 0.00047 3.35367
v -0.06298 0.00000 3.35967
v -0.06813 -0.01079 3.35367
v -0.06220 -0.00985 3.34767
v -0.05628 -0.00891 3.35367
v -0.06220 -0.00985 3.35967
v -0.06560 -0.02132 3.35367
v -0.05990 -0.01946 3.34767
v -0.05419 -0.01761 3.35367
v -0.05990 -0.01946 3.35967
v -0.06146 -0.03132 3.35367
v -0.05611 -0.02859 3.34767
v -0.05077 -0.02587 3.35367
v -0.05611 -0.02859 3.35967
v -0.05580 -0.04054 3.35367
v -0.05095 -0.03702 3.34767
v -0.04610 -0.03349 3.35367
v -0.05095 -0.03702 3.35967
v -0.04878 -0.04878 3.35367
v -0.04453 -0.04453 3.34767
v -0.04029 -0.04029 3.35367
v -0.04453 -0.04453 3.35967
v -0.04054 -0.05580 3.35367
v -0.03702 -0.05095 3.34767
v -0.03349 -0.04610 3.35367
v -0.03702 -0.05095 3.35967
v -0.03132 -0.06146 3.35367
v -0.02859 -0.05611 3.34767
v -0.02587 -0.05077 3.35367
v -0.02859 -0.05611 3.35967
v -0.02132 -0.06560 3.35367
v -0.01946 -0.05990 3.34767
v -0.01761 -0.05419 3.35367
v -0.01946 -0.05990 3.35967
v -0.01079 -0.06813 3.35367
v -0.00985 -0.06220 3.34767
v -0.00891 -0.05628 3.35367
v -0.00985 -0.06220 3.35967
v -0.00000 -0.06898 3.35367
v -0.00000 -0.06298 3.34767
v -0.00000 -0.05698 3.35367
v -0.00000 -0.06298 3.35967
v 0.01079 -0.06813 3.35367
v 0.00985 -0.06220 3.34767
v 0.00891 -0.05628 3.35367
v 0.00985 -0.06220 3.35967
v 0.02132 -0.06560 3.35367
v 0.01946 -0.05990 3.34767
v 0.01761 -0.05419 3.35367
v 0.01946 -0.05990 3.35967
v 0.03132 -0.06146 3.35367
v 0.02859 -0.05611 3.34767
v 0.02587 -0.05077 3.35367
v 0.02859 -0.05611 3.35967
v 0.04054 -0.05580 3.35367
v 0.03702 -0.05095 3.34767
v 0.03349 -0.04610 3.35367
v 0.03702 -0.05095 3.35967
v 0.04878 -0.04878 3.35367
v 0.04453 -0.04453 3.34767
v 0.04029 -0.04029 3.35367
v 0.04453 -0.04453 3.35967
v 0.05580 -0.04054 3.35367
v 0.05095 -0.03702 3.34767
v 0.04610 -0.03349 3.35367
v 0.05095 -0.03702 3.35967
v 0.06146 -0.03132 3.35367
v 0.05611 -0.02859 3.34767
v 0.05077 -0.02587 3.35367
v 0.05611 -0.02859 3.35967
v 0.06560 -0.02132 3.35367
v 0.05990 -0.01946 3.34767
v 0.05419 -0.01761 3.35367
v 0.05990 -0.01946 3.35967
v 0.06813 -0.01079 3.35367
v 0.06220 -0.00985 3.34767
v 0.05628 -0.00891 3.35367
v 0.06220 -0.00985 3.35967
v 0.06898 -0.00000 3.35367
v 0.06298 -0.00000 3.34767
v 0.05698 -0.00000 3.35367
v 0.06298 -0.00000 3.35967
v 0.06813 0.01079 3.35367
v 0.06220 0.00985 3.34767
v 0.05628 0.00891 3.35367
v 0.06220 0.00985 3.35967
v 0.06560 0.02132 3.35367
v 0.05990 0.01946 3.34767
v 0.05419 0.01761 3.35367
v 0.05990 0.01946 3.35967
v 0.06146 0.03132 3.35367
v 0.05611 0.02859 3.34767
v 0.05077 0.02587 3.35367
v 0.05611 0.02859 3.35967
v 0.05580 0.04054 3.35367
v 0.05095 0.03702 3.34767
v 0.04610 0.03349 3.35367
v 0.05095 0.03702 3.35967
v 0.04878 0.04878 3.35367
v 0.04453 0.04453 3.34767
v 0.04029 0.04029 3.35367
v 0.04453 0.04453 3.35967
v 0.04054 0.05580 3.35367
v 0.03702 0.05095 3.34767
v 0.03349 0.04610 3.35367
v 0.03702 0.05095 3.35967
v 0.03132 0.06146 3.35367
v 0.02859 0.05611 3.34767
v 0.02587 0.05077 3.35367
v 0.02859 0.05611 3.35967
v 0.02132 0.06560 3.35367
v 0.01946 0.05990 3.34767
v 0.01761 0.05419 3.35367
v 0.01946 0.05990 3.35967
v 0.01079 0.06813 3.35367
v 0.00985 0.06220 3.34767
v 0.00891 0.05628 3.35367
v 0.00985 0.06220 3.35967
v -0.00000 0.06898 3.35367
v -0.00000 0.06298 3.34767
v -0.00000 0.05698 3.35367
v -0.00000 0.06298 3.35967
v -0.01079 0.06813 3.35367
v -0.00985 0.06220 3.34767
v -0.00891 0.05628 3.35367
v -0.00985 0.06220 3.35967
v -0.02132 0.06560 3.35367
v -0.01946 0.05990 3.34767
v -0.01761 0.05419 3.35367
v -0.01946 0.05990 3.35967
v -0.03132 0.06146 3.35367
v -0.02859 0.05611 3.34767
v -0.02587 0.05077 3.35367
v -0.02859 0.05611 3.35967
v -0.04054 0.05580 3.35367
v -0.03702 0.05095 3.34767
v -0.03349 0.04610 3.35367
v -0.03702 0.05095 3.35967
v -0.04878 0.04878 3.35367
v -0.04453 0.04453 3.34767
v -0.04029 0.04029 3.35367
v -0.04453 0.04453 3.35967
v -0.05580 0.04054 3.35367
v -0.05095 0.03702 3.34767
v -0.04610 0.03349 3.35367
v -0.05095 0.03702 3.35967
v -0.06146 0.03132 3.35367
v -0.05611 0.02859 3.34767
v -0.05077 0.02587 3.35367
v -0.05611 0.02859 3.35967
v -0.06560 0.02132 3.35367
v -0.05990 0.01946 3.34767
v -0.05419 0.01761 3.35367
v -0.05990 0.01946 3.35967
v -0.06813 0.01079 3.35367
v -0.06220 0.00985 3.34767
v -0.05628 0.00891 3.35367
v -0.06220 0.00985 3.35967
v -0.06896 0.00047 3.35367
v -0.06298 0.00000 3.34767
v -0.05700 -0.00047 3.35367
v -0.06298 0.00000 3.35967
v -0.06298 0.00000 3.35367
v -0.06298 0.00000 3.35367
v -0.08690 -0.00047 2.50367
v -0.08092 -0.00000 2.49767
v -0.07494 0.00047 2.50367
v -0.08092 0.00000 2.50967
v -0.08585 -0.01360 2.50367
v -0.07992 -0.01266 2.49767
v -0.07400 -0.01172 2.50367
v -0.07992 -0.01266 2.50967
v -0.08266 -0.02686 2.50367
v -0.07696 -0.02501 2.49767
v -0.07125 -0.02315 2.50367
v -0.07696 -0.02501 2.50967
v -0.07745 -0.03946 2.50367
v -0.07210 -0.03674 2.49767
v -0.06675 -0.03401 2.50367
v -0.07210 -0.03674 2.50967
v -0.07032 -0.05109 2.50367
v -0.06546 -0.04756 2.49767
v -0.06061 -0.04404 2.50367
v -0.06546 -0.04756 2.50967
v -0.06146 -0.06146 2.50367
v -0.05722 -0.05722 2.49767
v -0.05298 -0.05298 2.50367
v -0.05722 -0.05722 2.50967
v -0.05109 -0.07032 2.50367
v -0.04756 -0.06546 2.49767
v -0.04404 -0.06061 2.50367
v -0.04756 -0.06546 2.50967
v -0.03946 -0.07745 2.50367
v -0.03674 -0.07210 2.49767
v -0.03401 -0.06675 2.50367
v -0.03674 -0.07210 2.50967
v -0.02686 -0.08266 2.50367
v -0.02501 -0.07696 2.49767
v -0.02315 -0.07125 2.50367
v -0.02501 -0.07696 2.50967
v -0.01360 -0.08585 2.50367
v -0.01266 -0.07992 2.49767
v -0.01172 -0.07400 2.50367
v -0.01266 -0.07992 2.50967
v -0.00000 -0.08692 2.50367
v -0.00000 -0.08092 2.49767
v -0.00000 -0.07492 2.50367
v -0.00000 -0.08092 2.50967
v 0.01360 -0.08585 2.50367
v 0.01266 -0.07992 2.49767
v 0.01172 -0.07400 2.50367
v 0.01266 -0.07992 2.50967
v 0.02686 -0.08266 2.50367
v 0.02501 -0.07696 2.49767
v 0.02315 -0.07125 2.50367
v 0.02501 -0.07696 2.50967
v 0.03946 -0.07745 2.50367
v 0.03674 -0.07210 2.49767
v 0.03401 -0.06675 2.50367
v 0.03674 -0.07210 2.50967
v 0.05109 -0.07032 2.50367
v 0.04756 -0.06546 2.49767
v 0.04404 -0.06061 2.50367
v 0.04756 -0.06546 2.50967
v 0.06146 -0.06146 2.50367
v 0.05722 -0.05722 2.49767
v 0.05298 -0.05298 2.50367
v 0.05722 -0.05722 2.50967
v 0.07032 -0.05109 2.50367
v 0.06546 -0.04756 2.49767
v 0.06061 -0.04404 2.50367
v 0.06546 -0.04756 2.50967
v 0.07745 -0.03946 2.50367
v 0.07210 -0.03674 2.49767
v 0.06675 -0.03401 2.50367
v 0.07210 -0.03674 2.50967
v 0.08266 -0.02686 2.50367
v 0.07696 -0.02501 2.49767
v 0.07125 -0.02315 2.50367
v 0.07696 -0.02501 2.50967
v 0.08585 -0.01360 2.50367
v 0.07992 -0.01266 2.49767
v 0.07400 -0.01172 2.50367
v 0.07992 -0.01266 2.50967
v 0.08692 -0.00000 2.50367
v 0.08092 -0.00000 2.49767
v 0.07492 0.00000 2.50367
v 0.08092 -0.00000 2.50967
v 0.08585 0.01360 2.50367
v 0.07992 0.01266 2.49767
v 0.07400 0.01172 2.50367
v 0.07992 0.01266 2.50967
v 0.08266 0.02686 2.50367
v 0.07696 0.02501 2.49767
v 0.07125 0.02315 2.50367
v 0.07696 0.02501 2.50967
v 0.07745 0.03946 2.50367
v 0.07210 0.03674 2.49767
v 0.06675 0.03401 2.50367
v 0.07210 0.03674 2.50967
v 0.07032 0.05109 2.50367
v 0.06546 0.04756 2.49767
v 0.06061 0.04404 2.50367
v 0.06546 0.04756 2.50967
v 0.06146 0.06146 2.50367
v 0.05722 0.05722 2.49767
v 0.05298 0.05298 2.50367
v 0.05722 0.05722 2.50967
v 0.05109 0.07032 2.50367
v 0.04756 0.06546 2.49767
v 0.04404 0.06061 2.50367
v 0.04756 0.06546 2.50967
v 0.03946 0.07745 2.50367
v 0.03674 0.07210 2.49767
v 0.03401 0.06675 2.50367
v 0.03674 0.07210 2.50967
v 0.02686 0.08266 2.50367
v 0.02501 0.07696 2.49767
v 0.02315 0.07125 2.50367
v 0.02501 0.07696 2.50967
v 0.01360 0.08585 2.50367
v 0.01266 0.07992 2.49767
v 0.01172 0.07400 2.50367
v 0.01266 0.07992 2.50967
v -0.00000 0.08692 2.50367
v -0.00000 0.08092 2.49767
v -0.00000 0.07492 2.50367
v -0.00000 0.08092 2.50967
v -0.01360 0.08585 2.50367
v -0.01266 0.07992 2.49767
v -0.01172 0.07400 2.50367
v -0.01266 0.07992 2.50967
v -0.02686 0.08266 2.50367
v -0.02501 0.07696 2.49767
v -0.02315 0.07125 2.50367
v -0.02501 0.07696 2.50967
v -0.03946 0.07745 2.50367
v -0.03674 0.07210 2.49767
v -0.03401 0.06675 2.50367
v -0.03674 0.07210 2.50967
v -0.05109 0.07032 2.50367
v -0.04756 0.06546 2.49767
v -0.04404 0.06061 2.50367
v -0.04756 0.06546 2.50967
v -0.06146 0.06146 2.50367
v -0.05722 0.05722 2.49767
v -0.05298 0.05298 2.50367
v -0.05722 0.05722 2.50967
v -0.07032 0.05109 2.50367
v -0.06546 0.04756 2.49767
v -0.06061 0.04404 2.50367
v -0.06546 0.04756 2.50967
v -0.07745 0.03946 2.50367
v -0.07210 0.03674 2.49767
v -0.06675 0.03401 2.50367
v -0.07210 0.03674 2.50967
v -0.08266 0.02686 2.50367
v -0.07696 0.02501 2.49767
v -0.07125 0.02315 2.50367
v -0.07696 0.02501 2.50967
v -0.08585 0.01360 2.50367
v -0.07992 0.01266 2.49767
v -0.07400 0.01172 2.50367
v -0.07992 0.01266 2.50967
v -0.08690 0.00047 2.50367
v -0.08092 0.00000 2.49767
v -0.07494 -0.00047 2.50367
v -0.08092 0.00000 2.50967
v -0.08092 0.00000 2.50367
v -0.08092 0.00000 2.50367
v -0.11922 -0.00047 1.10367
v -0.11324 -0.00000 1.09767
v -0.10725 0.00047 1.10367
v -0.11324 0.00000 1.10967
v -0.11777 -0.01865 1.10367
v -0.11184 -0.01771 1.09767
v -0.10592 -0.01678 1.10367
v -0.11184 -0.01771 1.10967
v -0.11340 -0.03685 1.10367
v -0.10769 -0.03499 1.09767
v -0.10199 -0.03314 1.10367
v -0.10769 -0.03499 1.10967
v -0.10624 -0.05413 1.10367
v -0.10089 -0.05141 1.09767
v -0.09555 -0.04868 1.10367
v -0.10089 -0.05141 1.10967
v -0.09646 -0.07008 1.10367
v -0.09161 -0.06656 1.09767
v -0.08676 -0.06303 1.10367
v -0.09161 -0.06656 1.10967
v -0.08431 -0.08431 1.10367
v -0.08007 -0.08007 1.09767
v -0.07583 -0.07583 1.10367
v -0.08007 -0.08007 1.10967
v -0.07008 -0.09646 1.10367
v -0.06656 -0.09161 1.09767
v -0.06303 -0.08676 1.10367
v -0.06656 -0.09161 1.10967
v -0.05413 -0.10624 1.10367
v -0.05141 -0.10089 1.09767
v -0.04868 -0.09555 1.10367
v -0.05141 -0.10089 1.10967
v -0.03685 -0.11340 1.10367
v -0.03499 -0.10769 1.09767
v -0.03314 -0.10199 1.10367
v -0.03499 -0.10769 1.10967
v -0.01865 -0.11777 1.10367
v -0.01771 -0.11184 1.09767
v -0.01678 -0.10592 1.10367
v -0.01771 -0.11184 1.10967
v -0.00000 -0.11924 1.10367
v -0.00000 -0.11324 1.09767
v -0.00000 -0.10724 1.10367
v -0.00000 -0.11324 1.10967
v 0.01865 -0.11777 1.10367
v 0.01771 -0.11184 1.09767
v 0.01678 -0.10592 1.10367
v 0.01771 -0.11184 1.10967
v 0.03685 -0.11340 1.10367
v 0.03499 -0.10769 1.09767
v 0.03314 -0.10199 1.10367
v 0.03499 -0.10769 1.10967
v 0.05413 -0.10624 1.10367
v 0.05141 -0.10089 1.09767
v 0.04868 -0.09555 1.10367
v 0.05141 -0.10089 1.10967
v 0.07008 -0.09646 1.10367
v 0.06656 -0.09161 1.09767
v 0.06303 -0.08676 1.10367
v 0.06656 -0.09161 1.10967
v 0.08431 -0.08431 1.10367
v 0.08007 -0.08007 1.09767
v 0.07583 -0.07583 1.10367
v 0.08007 -0.08007 1.10967
v 0.09646 -0.07008 1.10367
v 0.09161 -0.06656 1.09767
v 0.08676 -0.06303 1.10367
v 0.09161 -0.06656 1.10967
v 0.10624 -0.05413 1.10367
v 0.10089 -0.05141 1.09767
v 0.09555 -0.04868 1.10367
v 0.10089 -0.05141 1.10967
v 0.11340 -0.03685 1.10367
v 0.10769 -0.03499 1.09767
v 0.10199 -0.03314 1.10367
v 0.10769 -0.03499 1.10967
v 0.11777 -0.01865 1.10367
v 0.11184 -0.01771 1.09767
v 0.10592 -0.01678 1.10367
v 0.11184 -0.01771 1.10967
v 0.11924 -0.00000 1.10367
v 0.11324 -0.00000 1.09767
v 0.10724 -0.00000 1.10367
v 0.11324 -0.00000 1.10967
v 0.11777 0.01865 1.10367
v 0.11184 0.01771 1.09767
v 0.10592 0.01678 1.10367
v 0.11184 0.01771 1.10967
v 0.11340 0.03685 1.10367
v 0.10769 0.03499 1.09767
v 0.10199 0.03314 1.10367
v 0.10769 0.03499 1.10967
v 0.10624 0.05413 1.10367
v 0.10089 0.05141 1.09767
v 0.09555 0.04868 1.10367
v 0.10089 0.05141 1.10967
v 0.09646 0.07008 1.10367
v 0.09161 0.06656 1.09767
v 0.08676 0.06303 1.10367
v 0.09161 0.06656 1.10967
v 0.08431 0.08431 1.10367
v 0.08007 0.08007 1.09767
v 0.07583 0.07583 1.10367
v 0.08007 0.08007 1.10967
v 0.07008 0.09646 1.10367
v 0.06656 0.09161 1.09767
v 0.06303 0.08676 1.10367
v 0.06656 0.09161 1.10967
v 0.05413 0.10624 1.10367
v 0.05141 0.10089 1.09767
v 0.04868 0.09555 1.10367
v 0.05141 0.10089 1.10967
v 0.03685 0.11340 1.10367
v 0.03499 0.10769 1.09767
v 0.03314 0.10199 1.10367
v 0.03499 0.10769 1.10967
v 0.01865 0.11777 1.10367
v 0.01771 0.11184 1.09767
v 0.01678 0.10592 1.10367
v 0.01771 0.11184 1.10967
v -0.00000 0.11924 1.10367
v -0.00000 0.11324 1.09767
v -0.00000 0.10724 1.10367
v -0.00000 0.11324 1.10967
v -0.01865 0.11777 1.10367
v -0.01771 0.11184 1.09767
v -0.01678 0.10592 1.10367
v -0.01771 0.11184 1.10967
v -0.03685 0.11340 1.10367
v -0.03499 0.10769 1.09767
v -0.03314 0.10199 1.10367
v -0.03499 0.10769 1.10967
v -0.05413 0.10624 1.10367
v -0.05141 0.10089 1.09767
v -0.04868 0.09555 1.10367
v -0.05141 0.10089 1.10967
v -0.07008 0.09646 1.10367
v -0.06656 0.09161 1.09767
v -0.06303 0.08676 1.10367
v -0.06656 0.09161 1.10967
v -0.08431 0.08431 1.10367
v -0.08007 0.08007 1.09767
v -0.07583 0.07583 1.10367
v -0.08007 0.08007 1.10967
v -0.09646 0.07008 1.10367
v -0.09161 0.06656 1.09767
v -0.08676 0.06303 1.10367
v -0.09161 0.06656 1.10967
v -0.10624 0.05413 1.10367
v -0.10089 0.05141 1.09767
v -0.09555 0.04868 1.10367
v -0.10089 0.05141 1.10967
v -0.11340 0.03685 1.10367
v -0.10769 0.03499 1.09767
v -0.10199 0.03314 1.10367
v -0.10769 0.03499 1.10967
v -0.11777 0.01865 1.10367
v -0.11184 0.01771 1.09767
v -0.10592 0.01678 1.10367
v -0.11184 0.01771 1.10967
v -0.11922 0.00047 1.10367
v -0.11324 0.00000 1.09767
v -0.10725 -0.00047 1.10367
v -0.11324 0.00000 1.10967
v -0.11324 0.00000 1.10367
v -0.11324 0.00000 1.10367
v -0.15067 -0.00047 0.22367
v -0.14469 -0.00000 0.21767
v -0.13871 0.00047 0.22367
v -0.14469 0.00000 0.22967
v -0.14883 -0.02357 0.22367
v -0.14291 -0.02263 0.21767
v -0.13698 -0.02170 0.22367
v -0.14291 -0.02263 0.22967
v -0.14331 -0.04657 0.22367
v -0.13761 -0.04471 0.21767
v -0.13190 -0.04286 0.22367
v -0.13761 -0.04471 0.22967
v -0.13426 -0.06841 0.22367
v -0.12892 -0.06569 0.21767
v -0.12357 -0.06296 0.22367
v -0.12892 -0.06569 0.22967
v -0.12191 -0.08857 0.22367
v -0.11706 -0.08505 0.21767
v -0.11220 -0.08152 0.22367
v -0.11706 -0.08505 0.22967
v -0.10655 -0.10655 0.22367
v -0.10231 -0.10231 0.21767
v -0.09807 -0.09807 0.22367
v -0.10231 -0.10231 0.22967
v -0.08857 -0.12191 0.22367
v -0.08505 -0.11706 0.21767
v -0.08152 -0.11220 0.22367
v -0.08505 -0.11706 0.22967
v -0.06841 -0.13426 0.22367
v -0.06569 -0.12892 0.21767
v -0.06296 -0.12357 0.22367
v -0.06569 -0.12892 0.22967
v -0.04657 -0.14331 0.22367
v -0.04471 -0.13761 0.21767
v -0.04286 -0.13190 0.22367
v -0.04471 -0.13761 0.22967
v -0.02357 -0.14883 0.22367
v -0.02263 -0.14291 0.21767
v -0.02170 -0.13698 0.22367
v -0.02263 -0.14291 0.22967
v -0.00000 -0.15069 0.22367
v -0.00000 -0.14469 0.21767
v -0.00000 -0.13869 0.22367
v -0.00000 -0.14469 0.22967
v 0.02357 -0.14883 0.22367
v 0.02263 -0.14291 0.21767
v 0.02170 -0.13698 0.22367
v 0.02263 -0.14291 0.22967
v 0.04657 -0.14331 0.22367
v 0.04471 -0.13761 0.21767
v 0.04286 -0.13190 0.22367
v 0.04471 -0.13761 0.22967
v 0.06841 -0.13426 0.22367
v 0.06569 -0.12892 0.21767
v 0.06296 -0.12357 0.22367
v 0.06569 -0.12892 0.22967
v 0.08857 -0.12191 0.22367
v 0.08505 -0.11706 0.21767
v 0.08152 -0.11220 0.22367
v 0.08505 -0.11706 0.22967
v 0.10655 -0.10655 0.22367
v 0.10231 -0.10231 0.21767
v 0.09807 -0.09807 0.22367
v 0.10231 -0.10231 0.22967
v 0.12191 -0.08857 0.22367
v 0.11706 -0.08505 0.21767
v 0.11220 -0.08152 0.22367
v 0.11706 -0.08505 0.22967
v 0.13426 -0.06841 0.22367
v 0.12892 -0.06569 0.21767
v 0.12357 -0.06296 0.22367
v 0.12892 -0.06569 0.22967
v 0.14331 -0.04657 0.22367
v 0.13761 -0.04471 0.21767
v 0.13190 -0.04286 0.22367
v 0.13761 -0.04471 0.22967
v 0.14883 -0.02357 0.22367
v 0.14291 -0.02263 0.21767
v 0.13698 -0.02170 0.22367
v 0.14291 -0.02263 0.22967
v 0.15069 -0.00000 0.22367
v 0.14469 -0.00000 0.21767
v 0.13869 0.00000 0.22367
v 0.14469 -0.00000 0.22967
v 0.14883 0.02357 0.22367
v 0.14291 0.02263 0.21767
v 0.13698 0.02170 0.22367
v 0.14291 0.02263 0.22967
v 0.14331 0.04657 0.22367
v 0.13761 0.04471 0.21767
v 0.13190 0.04286 0.22367
v 0.13761 0.04471 0.22967
v 0.13426 0.06841 0.22367
v 0.12892 0.06569 0.21767
v 0.12357 0.06296 0.22367
v 0.12892 0.06569 0.22967
v 0.12191 0.08857 0.22367
v 0.11706 0.08505 0.21767
v 0.11220 0.08152 0.22367
v 0.11706 0.08505 0.22967
v 0.10655 0.10655 0.22367
v 0.10231 0.10231 0.21767
v 0.09807 0.09807 0.22367
v 0.10231 0.10231 0.22967
v 0.08857 0.12191 0.22367
v 0.08505 0.11706 0.21767
v 0.08152 0.11220 0.22367
v 0.08505 0.11706 0.22967
v 0.06841 0.13426 0.22367
v 0.06569 0.12892 0.21767
v 0.06296 0.12357 0.22367
v 0.06569 0.12892 0.22967
v 0.04657 0.14331 0.22367
v 0.04471 0.13761 0.21767
v 0.04286 0.13190 0.22367
v 0.04471 0.13761 0.22967
v 0.02357 0.14883 0.22367
v 0.02263 0.14291 0.21767
v 0.02170 0.13698 0.22367
v 0.02263 0.14291 0.22967
v -0.00000 0.15069 0.22367
v -0.00000 0.14469 0.21767
v -0.00000 0.13869 0.22367
v -0.00000 0.14469 0.22967
v -0.02357 0.14883 0.22367
v -0.02263 0.14291 0.21767
v -0.02170 0.13698 0.22367
v -0.02263 0.14291 0.22967
v -0.04657 0.14331 0.22367
v -0.04471 0.13761 0.21767
v -0.04286 0.13190 0.22367
v -0.04471 0.13761 0.22967
v -0.06841 0.13426 0.22367
v -0.06569 0.12892 0.21767
v -0.06296 0.12357 0.22367
v -0.06569 0.12892 0.22967
v -0.08857 0.12191 0.22367
v -0.08505 0.11706 0.21767
v -0.08152 0.11220 0.22367
v -0.08505 0.11706 0.22967
v -0.10655 0.10655 0.22367
v -0.10231 0.10231 0.21767
v -0.09807 0.09807 0.22367
v -0.10231 0.10231 0.22967
v -0.12191 0.08857 0.22367
v -0.11706 0.08505 0.21767
v -0.11220 0.08152 0.22367
v -0.11706 0.08505 0.22967
v -0.13426 0.06841 0.22367
v -0.12892 0.06569 0.21767
v -0.12357 0.06296 0.22367
v -0.12892 0.06569 0.22967
v -0.14331 0.04657 0.22367
v -0.13761 0.04471 0.21767
v -0.13190 0.04286 0.22367
v -0.13761 0.04471 0.22967
v -0.14883 0.02357 0.22367
v -0.14291 0.02263 0.21767
v -0.13698 0.02170 0.22367
v -0.14291 0.02263 0.22967
v -0.15067 0.00047 0.22367
v -0.14469 0.00000 0.21767
v -0.13871 -0.00047 0.22367
v -0.14469 0.00000 0.22967
v -0.14469 0.00000 0.22367
v -0.14469 0.00000 0.22367
v -0.16158 -0.00047 -0.17633
v -0.15560 -0.00000 -0.18233
v -0.14962 0.00047 -0.17633
v -0.15560 0.00000 -0.17033
v -0.15961 -0.02528 -0.17633
v -0.15369 -0.02434 -0.18233
v -0.14776 -0.02340 -0.17633
v -0.15369 -0.02434 -0.17033
v -0.15369 -0.04994 -0.17633
v -0.14799 -0.04808 -0.18233
v -0.14228 -0.04623 -0.17633
v -0.14799 -0.04808 -0.17033
v -0.14399 -0.07337 -0.17633
v -0.13864 -0.07064 -0.18233
v -0.13330 -0.06792 -0.17633
v -0.13864 -0.07064 -0.17033
v -0.13074 -0.09499 -0.17633
v -0.12588 -0.09146 -0.18233
v -0.12103 -0.08793 -0.17633
v -0.12588 -0.09146 -0.17033
v -0.11427 -0.11427 -0.17633
v -0.11003 -0.11003 -0.18233
v -0.10578 -0.10578 -0.17633
v -0.11003 -0.11003 -0.17033
v -0.09499 -0.13074 -0.17633
v -0.09146 -0.12588 -0.18233
v -0.08793 -0.12103 -0.17633
v -0.09146 -0.12588 -0.17033
v -0.07337 -0.14399 -0.17633
v -0.07064 -0.13864 -0.18233
v -0.06792 -0.13330 -0.17633
v -0.07064 -0.13864 -0.17033
v -0.04994 -0.15369 -0.17633
v -0.04808 -0.14799 -0.18233
v -0.04623 -0.14228 -0.17633
v -0.04808 -0.14799 -0.17033
v -0.02528 -0.15961 -0.17633
v -0.02434 -0.15369 -0.18233
v -0.02340 -0.14776 -0.17633
v -0.02434 -0.15369 -0.17033
v -0.00000 -0.16160 -0.17633
v -0.00000 -0.15560 -0.18233
v -0.00000 -0.14960 -0.17633
v -0.00000 -0.15560 -0.17033
v 0.02528 -0.15961 -0.17633
v 0.02434 -0.15369 -0.18233
v 0.02340 -0.14776 -0.17633
v 0.02434 -0.15369 -0.17033
v 0.04994 -0.15369 -0.17633
v 0.04808 -0.14799 -0.18233
v 0.04623 -0.14228 -0.17633
v 0.04808 -0.14799 -0.17033
v 0.07337 -0.14399 -0.17633
v 0.07064 -0.13864 -0.18233
v 0.06792 -0.13330 -0.17633
v 0.07064 -0.13864 -0.17033
v 0.09499 -0.13074 -0.17633
v 0.09146 -0.12588 -0.18233
v 0.08793 -0.12103 -0.17633
v 0.09146 -0.12588 -0.17033
v 0.11427 -0.11427 -0.17633
v 0.11003 -0.11003 -0.18233
v 0.10578 -0.10578 -0.17633
v 0.11003 -0.11003 -0.17033
v 0.13074 -0.09499 -0.17633
v 0.12588 -0.09146 -0.18233
v 0.12103 -0.08793 -0.17633
v 0.12588 -0.09146 -0.17033
v 0.14399 -0.07337 -0.17633
v 0.13864 -0.07064 -0.18233
v 0.13330 -0.06792 -0.17633
v 0.13864 -0.07064 -0.17033
v 0.15369 -0.04994 -0.17633
v 0.14799 -0.04808 -0.18233
v 0.14228 -0.04623 -0.17633
v 0.14799 -0.04808 -0.17033
v 0.15961 -0.02528 -0.17633
v 0.15369 -0.02434 -0.18233
v 0.14776 -0.02340 -0.17633
v 0.15369 -0.02434 -0.17033
v 0.16160 -0.00000 -0.17633
v 0.15560 -0.00000 -0.18233
v 0.14960 -0.00000 -0.17633
v 0.15560 -0.00000 -0.17033
v 0.15961 0.02528 -0.17633
v 0.15369 0.02434 -0.18233
v 0.14776 0.02340 -0.17633
v 0.15369 0.02434 -0.17033
v 0.15369 0.04994 -0.17633
v 0.14799 0.04808 -0.18233
v 0.14228 0.04623 -0.17633
v 0.14799 0.04808 -0.17033
v 0.14399 0.07337 -0.17633
v 0.13864 0.07064 -0.18233
v 0.13330 0.06792 -0.17633
v 0.13864 0.07064 -0.17033
v 0.13074 0.09499 -0.17633
v 0.12588 0.09146 -0.18233
v 0.12103 0.08793 -0.17633
v 0.12588 0.09146 -0.17033
v 0.11427 0.11427 -0.17633
v 0.11003 0.11003 -0.18233
v 0.10578 0.10578 -0.17633
v 0.11003 0.11003 -0.17033
v 0.09499 0.13074 -0.17633
v 0.09146 0.12588 -0.18233
v 0.08793 0.12103 -0.17633
v 0.09146 0.12588 -0.17033
v 0.07337 0.14399 -0.17633
v 0.07064 0.13864 -0.18233
v 0.06792 0.13330 -0.17633
v 0.07064 0.13864 -0.17033
v 0.04994 0.15369 -0.17633
v 0.04808 0.14799 -0.18233
v 0.04623 0.14228 -0.17633
v 0.04808 0.14799 -0.17033
v 0.02528 0.15961 -0.17633
v 0.02434 0.15369 -0.18233
v 0.02340 0.14776 -0.17633
v 0.02434 0.15369 -0.17033
v -0.00000 0.16160 -0.17633
v -0.00000 0.15560 -0.18233
v -0.00000 0.14960 -0.17633
v -0.00000 0.15560 -0.17033
v -0.02528 0.15961 -0.17633
v -0.02434 0.15369 -0.18233
v -0.02340 0.14776 -0.17633
v -0.02434 0.15369 -0.17033
v -0.04994 0.15369 -0.17633
v -0.04808 0.14799 -0.18233
v -0.04623 0.14228 -0.17633
v -0.04808 0.14799 -0.17033
v -0.07337 0.14399 -0.17633
v -0.07064 0.13864 -0.18233
v -0.06792 0.13330 -0.17633
v -0.07064 0.13864 -0.17033
v -0.09499 0.13074 -0.17633
v -0.09146 0.12588 -0.18233
v -0.08793 0.12103 -0.17633
v -0.09146 0.12588 -0.17033
v -0.11427 0.11427 -0.17633
v -0.11003 0.11003 -0.18233
v -0.10578 0.10578 -0.17633
v -0.11003 0.11003 -0.17033
v -0.13074 0.09499 -0.17633
v -0.12588 0.09146 -0.18233
v -0.12103 0.08793 -0.17633
v -0.12588 0.09146 -0.17033
v -0.14399 0.07337 -0.17633
v -0.13864 0.07064 -0.18233
v -0.13330 0.06792 -0.17633
v -0.13864 0.07064 -0.17033
v -0.15369 0.04994 -0.17633
v -0.14799 0.04808 -0.18233
v -0.14228 0.04623 -0.17633
v -0.14799 0.04808 -0.17033
v -0.15961 0.02528 -0.17633
v -0.15369 0.02434 -0.18233
v -0.14776 0.02340 -0.17633
v -0.15369 0.02434 -0.17033
v -0.16158 0.00047 -0.17633
v -0.15560 0.00000 -0.18233
v -0.14962 -0.00047 -0.17633
v -0.15560 0.00000 -0.17033
v -0.15560 0.00000 -0.17633
v -0.15560 0.00000 -0.17633
v -0.17594 -0.00047 -0.84633
v -0.16996 -0.00000 -0.85233
v -0.16397 0.00047 -0.84633
v -0.16996 0.00000 -0.84033
v -0.17379 -0.02753 -0.84633
v -0.16786 -0.02659 -0.85233
v -0.16194 -0.02565 -0.84633
v -0.16786 -0.02659 -0.84033
v -0.16734 -0.05437 -0.84633
v -0.16164 -0.05252 -0.85233
v -0.15593 -0.05067 -0.84633
v -0.16164 -0.05252 -0.84033
v -0.15678 -0.07988 -0.84633
v -0.15143 -0.07716 -0.85233
v -0.14609 -0.07443 -0.84633
v -0.15143 -0.07716 -0.84033
v -0.14235 -0.10342 -0.84633
v -0.13750 -0.09990 -0.85233
v -0.13264 -0.09637 -0.84633
v -0.13750 -0.09990 -0.84033
v -0.12442 -0.12442 -0.84633
v -0.12018 -0.12018 -0.85233
v -0.11593 -0.11593 -0.84633
v -0.12018 -0.12018 -0.84033
v -0.10342 -0.14235 -0.84633
v -0.09990 -0.13750 -0.85233
v -0.09637 -0.13264 -0.84633
v -0.09990 -0.13750 -0.84033
v -0.07988 -0.15678 -0.84633
v -0.07716 -0.15143 -0.85233
v -0.07443 -0.14609 -0.84633
v -0.07716 -0.15143 -0.84033
v -0.05437 -0.16734 -0.84633
v -0.05252 -0.16164 -0.85233
v -0.05067 -0.15593 -0.84633
v -0.05252 -0.16164 -0.84033
v -0.02753 -0.17379 -0.84633
v -0.02659 -0.16786 -0.85233
v -0.02565 -0.16194 -0.84633
v -0.02659 -0.16786 -0.84033
v -0.00000 -0.17596 -0.84633
v -0.00000 -0.16996 -0.85233
v -0.00000 -0.16396 -0.84633
v -0.00000 -0.16996 -0.84033
v 0.02753 -0.17379 -0.84633
v 0.02659 -0.16786 -0.85233
v 0.02565 -0.16194 -0.84633
v 0.02659 -0.16786 -0.84033
v 0.05437 -0.16734 -0.84633
v 0.05252 -0.16164 -0.85233
v 0.05067 -0.15593 -0.84633
v 0.05252 -0.16164 -0.84033
v 0.07988 -0.15678 -0.84633
v 0.07716 -0.15143 -0.85233
v 0.07443 -0.14609 -0.84633
v 0.07716 -0.15143 -0.84033
v 0.10342 -0.14235 -0.84633
v 0.09990 -0.13750 -0.85233
v 0.09637 -0.13264 -0.84633
v 0.09990 -0.13750 -0.84033
v 0.12442 -0.12442 -0.84633
v 0.12018 -0.12018 -0.85233
v 0.11593 -0.11593 -0.84633
v 0.12018 -0.12018 -0.84033
v 0.14235 -0.10342 -0.84633
v 0.13750 -0.09990 -0.85233
v 0.13264 -0.09637 -0.84633
v 0.13750 -0.09990 -0.84033
v 0.15678 -0.07988 -0.84633
v 0.15143 -0.07716 -0.85233
v 0.14609 -0.07443 -0.84633
v 0.15143 -0.07716 -0.84033
v 0.16734 -0.05437 -0.84633
v 0.16164 -0.05252 -0.85233
v 0.15593 -0.05067 -0.84633
v 0.16164 -0.05252 -0.84033
v 0.17379 -0.02753 -0.84633
v 0.16786 -0.02659 -0.85233
v 0.16194 -0.02565 -0.84633
v 0.16786 -0.02659 -0.84033
v 0.17596 -0.00000 -0.84633
v 0.16996 -0.00000 -0.85233
v 0.16396 -0.00000 -0.84633
v 0.16996 -0.00000 -0.84033
v 0.17379 0.02753 -0.84633
v 0.16786 0.02659 -0.85233
v 0.16194 0.02565 -0.84633
v 0.16786 0.02659 -0.84033
v 0.16734 0.05437 -0.84633
v 0.16164 0.05252 -0.85233
v 0.15593 0.05067 -0.84633
v 0.16164 0.05252 -0.84033
v 0.15678 0.07988 -0.84633
v 0.15143 0.07716 -0.85233
v 0.14609 0.07443 -0.84633
v 0.15143 0.07716 -0.84033
v 0.14235 0.10342 -0.84633
v 0.13750 0.09990 -0.85233
v 0.13264 0.09637 -0.84633
v 0.13750 0.09990 -0.84033
v 0.12442 0.12442 -0.84633
v 0.12018 0.12018 -0.85233
v 0.11593 0.11593 -0.84633
v 0.12018 0.12018 -0.84033
v 0.10342 0.14235 -0.84633
v 0.09990 0.13750 -0.85233
v 0.09637 0.13264 -0.84633
v 0.09990 0.13750 -0.84033
v 0.07988 0.15678 -0.84633
v 0.07716 0.15143 -0.85233
v 0.07443 0.14609 -0.84633
v 0.07716 0.15143 -0.84033
v 0.05437 0.16734 -0.84633
v 0.05252 0.16164 -0.85233
v 0.05067 0.15593 -0.84633
v 0.05252 0.16164 -0.84033
v 0.02753 0.17379 -0.84633
v 0.02659 0.16786 -0.85233
v 0.02565 0.16194 -0.84633
v 0.02659 0.16786 -0.84033
v -0.00000 0.17596 -0.84633
v -0.00000 0.16996 -0.85233
v -0.00000 0.16396 -0.84633
v -0.00000 0.16996 -0.84033
v -0.02753 0.17379 -0.84633
v -0.02659 0.16786 -0.85233
v -0.02565 0.16194 -0.84633
v -0.02659 0.16786 -0.84033
v -0.05437 0.16734 -0.84633
v -0.05252 0.16164 -0.85233
v -0.05067 0.15593 -0.84633
v -0.05252 0.16164 -0.84033
v -0.07988 0.15678 -0.84633
v -0.07716 0.15143 -0.85233
v -0.07443 0.14609 -0.84633
v -0.07716 0.15143 -0.84033
v -0.10342 0.14235 -0.84633
v -0.09990 0.13750 -0.85233
v -0.09637 0.13264 -0.84633
v -0.09990 0.13750 -0.84033
v -0.12442 0.12442 -0.84633
v -0.12018 0.12018 -0.85233
v -0.11593 0.11593 -0.84633
v -0.12018 0.12018 -0.84033
v -0.14235 0.10342 -0.84633
v -0.13750 0.09990 -0.85233
v -0.13264 0.09637 -0.84633
v -0.13750 0.09990 -0.84033
v -0.15678 0.07988 -0.84633
v -0.15143 0.07716 -0.85233
v -0.14609 0.07443 -0.84633
v -0.15143 0.07716 -0.84033
v -0.16734 0.05437 -0.84633
v -0.16164 0.05252 -0.85233
v -0.15593 0.05067 -0.84633
v -0.16164 0.05252 -0.84033
v -0.17379 0.02753 -0.84633
v -0.16786 0.02659 -0.85233
v -0.16194 0.02565 -0.84633
v -0.16786 0.02659 -0.84033
v -0.17594 0.00047 -0.84633
v -0.16996 0.00000 -0.85233
v -0.16397 -0.00047 -0.84633
v -0.16996 0.00000 -0.84033
v -0.16996 0.00000 -0.84633
v -0.16996 0.00000 -0.84633
v -0.18606 -0.00047 -1.44633
v -0.18008 -0.00000 -1.45233
v -0.17410 0.00047 -1.44633
v -0.18008 0.00000 -1.44033
v -0.18379 -0.02911 -1.44633
v -0.17786 -0.02817 -1.45233
v -0.17194 -0.02723 -1.44633
v -0.17786 -0.02817 -1.44033
v -0.17697 -0.05750 -1.44633
v -0.17127 -0.05565 -1.45233
v -0.16556 -0.05379 -1.44633
v -0.17127 -0.05565 -1.44033
v -0.16580 -0.08448 -1.44633
v -0.16045 -0.08176 -1.45233
v -0.15511 -0.07903 -1.44633
v -0.16045 -0.08176 -1.44033
v -0.15054 -0.10938 -1.44633
v -0.14569 -0.10585 -1.45233
v -0.14083 -0.10232 -1.44633
v -0.14569 -0.10585 -1.44033
v -0.13158 -0.13158 -1.44633
v -0.12734 -0.12734 -1.45233
v -0.12309 -0.12309 -1.44633
v -0.12734 -0.12734 -1.44033
v -0.10938 -0.15054 -1.44633
v -0.10585 -0.14569 -1.45233
v -0.10232 -0.14083 -1.44633
v -0.10585 -0.14569 -1.44033
v -0.08448 -0.16580 -1.44633
v -0.08176 -0.16045 -1.45233
v -0.07903 -0.15511 -1.44633
v -0.08176 -0.16045 -1.44033
v -0.05750 -0.17697 -1.44633
v -0.05565 -0.17127 -1.45233
v -0.05379 -0.16556 -1.44633
v -0.05565 -0.17127 -1.44033
v -0.02911 -0.18379 -1.44633
v -0.02817 -0.17786 -1.45233
v -0.02723 -0.17194 -1.44633
v -0.02817 -0.17786 -1.44033
v -0.00000 -0.18608 -1.44633
v -0.00000 -0.18008 -1.45233
v -0.00000 -0.17408 -1.44633
v -0.00000 -0.18008 -1.44033
v 0.02911 -0.18379 -1.44633
v 0.02817 -0.17786 -1.45233
v 0.02723 -0.17194 -1.44633
v 0.02817 -0.17786 -1.44033
v 0.05750 -0.17697 -1.44633
v 0.05565 -0.17127 -1.45233
v 0.05379 -0.16556 -1.44633
v 0.05565 -0.17127 -1.44033
v 0.08448 -0.16580 -1.44633
v 0.08176 -0.16045 -1.45233
v 0.07903 -0.15511 -1.44633
v 0.08176 -0.16045 -1.44033
v 0.10938 -0.15054 -1.44633
v 0.10585 -0.14569 -1.45233
v 0.10232 -0.14083 -1.44633
v 0.10585 -0.14569 -1.44033
v 0.13158 -0.13158 -1.44633
v 0.12734 -0.12734 -1.45233
v 0.12309 -0.12309 -1.44633
v 0.12734 -0.12734 -1.44033
v 0.15054 -0.10938 -1.44633
v 0.14569 -0.10585 -1.45233
v 0.14083 -0.10232 -1.44633
v 0.14569 -0.10585 -1.44033
v 0.16580 -0.08448 -1.44633
v 0.16045 -0.08176 -1.45233
v 0.15511 -0.07903 -1.44633
v 0.16045 -0.08176 -1.44033
v 0.17697 -0.05750 -1.44633
v 0.17127 -0.05565 -1.45233
v 0.16556 -0.05379 -1.44633
v 0.17127 -0.05565 -1.44033
v 0.18379 -0.02911 -1.44633
v 0.17786 -0.02817 -1.45233
v 0.17194 -0.02723 -1.44633
v 0.17786 -0.02817 -1.44033
v 0.18608 -0.00000 -1.44633
v 0.18008 -0.00000 -1.45233
v 0.17408 -0.00000 -1.44633
v 0.18008 -0.00000 -1.44033
v 0.18379 0.02911 -1.44633
v 0.17786 0.02817 -1.45233
v 0.17194 0.02723 -1.44633
v 0.17786 0.02817 -1.44033
v 0.17697 0.05750 -1.44633
v 0.17127 0.05565 -1.45233
v 0.16556 0.05379 -1.44633
v 0.17127 0.05565 -1.44033
v 0.16580 0.08448 -1.44633
v 0.16045 0.08176 -1.45233
v 0.15511 0.07903 -1.44633
v 0.16045 0.08176 -1.44033
v 0.15054 0.10938 -1.44633
v 0.14569 0.10585 -1.45233
v 0.14083 0.10232 -1.44633
v 0.14569 0.10585 -1.44033
v 0.13158 0.13158 -1.44633
v 0.12734 0.12734 -1.45233
v 0.12309 0.12309 -1.44633
v 0.12734 0.12734 -1.44033
v 0.10938 0.15054 -1.44633
v 0.10585 0.14569 -1.45233
v 0.10232 0.14083 -1.44633
v 0.10585 0.14569 -1.44033
v 0.08448 0.16580 -1.44633
v 0.08176 0.16045 -1.45233
v 0.07903 0.15511 -1.44633
v 0.08176 0.16045 -1.44033
v 0.05750 0.17697 -1.44633
v 0.05565 0.17127 -1.45233
v 0.05379 0.16556 -1.44633
v 0.05565 0.17127 -1.44033
v 0.02911 0.18379 -1.44633
v 0.02817 0.17786 -1.45233
v 0.02723 0.17194 -1.44633
v 0.02817 0.17786 -1.44033
v -0.00000 0.18608 -1.44633
v -0.00000 0.18008 -1.45233
v -0.00000 0.17408 -1.44633
v -0.00000 0.18008 -1.44033
v -0.02911 0.18379 -1.44633
v -0.02817 0.17786 -1.45233
v -0.02723 0.17194 -1.44633
v -0.02817 0.17786 -1.44033
v -0.05750 0.17697 -1.44633
v -0.05565 0.17127 -1.45233
v -0.05379 0.16556 -1.44633
v -0.05565 0.17127 -1.44033
v -0.08448 0.16580 -1.44633
v -0.08176 0.16045 -1.45233
v -0.07903 0.15511 -1.44633
v -0.08176 0.16045 -1.44033
v -0.10938 0.15054 -1.44633
v -0.10585 0.14569 -1.45233
v -0.10232 0.14083 -1.44633
v -0.10585 0.14569 -1.44033
v -0.13158 0.13158 -1.44633
v -0.12734 0.12734 -1.45233
v -0.12309 0.12309 -1.44633
v -0.12734 0.12734 -1.44033
v -0.15054 0.10938 -1.44633
v -0.14569 0.10585 -1.45233
v -0.14083 0.10232 -1.44633
v -0.14569 0.10585 -1.44033
v -0.16580 0.08448 -1.44633
v -0.16045 0.08176 -1.45233
v -0.15511 0.07903 -1.44633
v -0.16045 0.08176 -1.44033
v -0.17697 0.05750 -1.44633
v -0.17127 0.05565 -1.45233
v -0.16556 0.05379 -1.44633
v -0.17127 0.05565 -1.44033
v -0.18379 0.02911 -1.44633
v -0.17786 0.02817 -1.45233
v -0.17194 0.02723 -1.44633
v -0.17786 0.02817 -1.44033
v -0.18606 0.00047 -1.44633
v -0.18008 0.00000 -1.45233
v -0.17410 -0.00047 -1.44633
v -0.18008 0.00000 -1.44033
v -0.18008 0.00000 -1.44633
v -0.18008 0.00000 -1.44633
v -0.18948 -0.00047 -1.82633
v -0.18349 -0.00000 -1.83233
v -0.17751 0.00047 -1.82633
v -0.18349 0.00000 -1.82033
v -0.18716 -0.02964 -1.82633
v -0.18123 -0.02870 -1.83233
v -0.17531 -0.02777 -1.82633
v -0.18123 -0.02870 -1.82033
v -0.18022 -0.05856 -1.82633
v -0.17451 -0.05670 -1.83233
v -0.16881 -0.05485 -1.82633
v -0.17451 -0.05670 -1.82033
v -0.16884 -0.08603 -1.82633
v -0.16349 -0.08330 -1.83233
v -0.15815 -0.08058 -1.82633
v -0.16349 -0.08330 -1.82033
v -0.15330 -0.11138 -1.82633
v -0.14845 -0.10785 -1.83233
v -0.14360 -0.10433 -1.82633
v -0.14845 -0.10785 -1.82033
v -0.13399 -0.13399 -1.82633
v -0.12975 -0.12975 -1.83233
v -0.12551 -0.12551 -1.82633
v -0.12975 -0.12975 -1.82033
v -0.11138 -0.15330 -1.82633
v -0.10785 -0.14845 -1.83233
v -0.10433 -0.14360 -1.82633
v -0.10785 -0.14845 -1.82033
v -0.08603 -0.16884 -1.82633
v -0.08330 -0.16349 -1.83233
v -0.08058 -0.15815 -1.82633
v -0.08330 -0.16349 -1.82033
v -0.05856 -0.18022 -1.82633
v -0.05670 -0.17451 -1.83233
v -0.05485 -0.16881 -1.82633
v -0.05670 -0.17451 -1.82033
v -0.02964 -0.18716 -1.82633
v -0.02870 -0.18123 -1.83233
v -0.02777 -0.17531 -1.82633
v -0.02870 -0.18123 -1.82033
v -0.00000 -0.18949 -1.82633
v -0.00000 -0.18349 -1.83233
v -0.00000 -0.17749 -1.82633
v -0.00000 -0.18349 -1.82033
v 0.02964 -0.18716 -1.82633
v 0.02870 -0.18123 -1.83233
v 0.02777 -0.17531 -1.82633
v 0.02870 -0.18123 -1.82033
v 0.05856 -0.18022 -1.82633
v 0.05670 -0.17451 -1.83233
v 0.05485 -0.16881 -1.82633
v 0.05670 -0.17451 -1.82033
v 0.08603 -0.16884 -1.82633
v 0.08330 -0.16349 -1.83233
v 0.08058 -0.15815 -1.82633
v 0.08330 -0.16349 -1.82033
v 0.11138 -0.15330 -1.82633
v 0.10785 -0.14845 -1.83233
v 0.10433 -0.14360 -1.82633
v 0.10785 -0.14845 -1.82033
v 0.13399 -0.13399 -1.82633
v 0.12975 -0.12975 -1.83233
v 0.12551 -0.12551 -1.82633
v 0.12975 -0.12975 -1.82033
v 0.15330 -0.11138 -1.82633
v 0.14845 -0.10785 -1.83233
v 0.14360 -0.10433 -1.82633
v 0.14845 -0.10785 -1.82033
v 0.16884 -0.08603 -1.82633
v 0.16349 -0.08330 -1.83233
v 0.15815 -0.08058 -1.82633
v 0.16349 -0.08330 -1.82033
v 0.18022 -0.05856 -1.82633
v 0.17451 -0.05670 -1.83233
v 0.16881 -0.05485 -1.82633
v 0.17451 -0.05670 -1.82033
v 0.18716 -0.02964 -1.82633
v 0.18123 -0.02870 -1.83233
v 0.17531 -0.02777 -1.82633
v 0.18123 -0.02870 -1.82033
v 0.18949 -0.00000 -1.82633
v 0.18349 -0.00000 -1.83233
v 0.17749 -0.00000 -1.82633
v 0.18349 -0.00000 -1.82033
v 0.18716 0.02964 -1.82633
v 0.18123 0.02870 -1.83233
v 0.17531 0.02777 -1.82633
v 0.18123 0.02870 -1.82033
v 0.18022 0.05856 -1.82633
v 0.17451 0.05670 -1.83233
v 0.16881 0.05485 -1.82633
v 0.17451 0.05670 -1.82033
v 0.16884 0.08603 -1.82633
v 0.16349 0.08330 -1.83233
v 0.15815 0.08058 -1.82633
v 0.16349 0.08330 -1.82033
v 0.15330 0.11138 -1.82633
v 0.14845 0.10785 -1.83233
v 0.14360 0.10433 -1.82633
v 0.14845 0.10785 -1.82033
v 0.13399 0.13399 -1.82633
v 0.12975 0.12975 -1.83233
v 0.12551 0.12551 -1.82633
v 0.12975 0.12975 -1.82033
v 0.11138 0.15330 -1.82633
v 0.10785 0.14845 -1.83233
v 0.10433 0.14360 -1.82633
v 0.10785 0.14845 -1.82033
v 0.08603 0.16884 -1.82633
v 0.08330 0.16349 -1.83233
v 0.08058 0.15815 -1.82633
v 0.08330 0.16349 -1.82033
v 0.05856 0.18022 -1.82633
v 0.05670 0.17451 -1.83233
v 0.05485 0.16881 -1.82633
v 0.05670 0.17451 -1.82033
v 0.02964 0.18716 -1.82633
v 0.02870 0.18123 -1.83233
v 0.02777 0.17531 -1.82633
v 0.02870 0.18123 -1.82033
v -0.00000 0.18949 -1.82633
v -0.00000 0.18349 -1.83233
v -0.00000 0.17749 -1.82633
v -0.00000 0.18349 -1.82033
v -0.02964 0.18716 -1.82633
v -0.02870 0.18123 -1.83233
v -0.02777 0.17531 -1.82633
v -0.02870 0.18123 -1.82033
v -0.05856 0.18022 -1.82633
v -0.05670 0.17451 -1.83233
v -0.05485 0.16881 -1.82633
v -0.05670 0.17451 -1.82033
v -0.08603 0.16884 -1.82633
v -0.08330 0.16349 -1.83233
v -0.08058 0.15815 -1.82633
v -0.08330 0.16349 -1.82033
v -0.11138 0.15330 -1.82633
v -0.10785 0.14845 -1.83233
v -0.10433 0.14360 -1.82633
v -0.10785 0.14845 -1.82033
v -0.13399 0.13399 -1.82633
v -0.12975 0.12975 -1.83233
v -0.12551 0.12551 -1.82633
v -0.12975 0.12975 -1.82033
v -0.15330 0.11138 -1.82633
v -0.14845 0.10785 -1.83233
v -0.14360 0.10433 -1.82633
v -0.14845 0.10785 -1.82033
v -0.16884 0.08603 -1.82633
v -0.16349 0.08330 -1.83233
v -0.15815 0.08058 -1.82633
v -0.16349 0.08330 -1.82033
v -0.18022 0.05856 -1.82633
v -0.17451 0.05670 -1.83233
v -0.16881 0.05485 -1.82633
v -0.17451 0.05670 -1.82033
v -0.18716 0.02964 -1.82633
v -0.18123 0.02870 -1.83233
v -0.17531 0.02777 -1.82633
v -0.18123 0.02870 -1.82033
v -0.18948 0.00047 -1.82633
v -0.18349 0.00000 -1.83233
v -0.17751 -0.00047 -1.82633
v -0.18349 0.00000 -1.82033
v -0.18349 0.00000 -1.82633
v -0.18349 0.00000 -1.82633
v -0.18998 -0.00047 -2.69633
v -0.18400 -0.00000 -2.70233
v -0.17802 0.00047 -2.69633
v -0.18400 0.00000 -2.69033
v -0.18766 -0.02972 -2.69633
v -0.18173 -0.02878 -2.70233
v -0.17581 -0.02785 -2.69633
v -0.18173 -0.02878 -2.69033
v -0.18070 -0.05871 -2.69633
v -0.17499 -0.05686 -2.70233
v -0.16929 -0.05501 -2.69633
v -0.17499 -0.05686 -2.69033
v -0.16929 -0.08626 -2.69633
v -0.16395 -0.08353 -2.70233
v -0.15860 -0.08081 -2.69633
v -0.16395 -0.08353 -2.69033
v -0.15371 -0.11168 -2.69633
v -0.14886 -0.10815 -2.70233
v -0.14401 -0.10463 -2.69633
v -0.14886 -0.10815 -2.69033
v -0.13435 -0.13435 -2.69633
v -0.13011 -0.13011 -2.70233
v -0.12587 -0.12586 -2.69633
v -0.13011 -0.13011 -2.69033
v -0.11168 -0.15371 -2.69633
v -0.10815 -0.14886 -2.70233
v -0.10463 -0.14401 -2.69633
v -0.10815 -0.14886 -2.69033
v -0.08626 -0.16929 -2.69633
v -0.08353 -0.16395 -2.70233
v -0.08081 -0.15860 -2.69633
v -0.08353 -0.16395 -2.69033
v -0.05871 -0.18070 -2.69633
v -0.05686 -0.17499 -2.70233
v -0.05501 -0.16929 -2.69633
v -0.05686 -0.17499 -2.69033
v -0.02972 -0.18766 -2.69633
v -0.02878 -0.18173 -2.70233
v -0.02785 -0.17581 -2.69633
v -0.02878 -0.18173 -2.69033
v -0.00000 -0.19000 -2.69633
v -0.00000 -0.18400 -2.70233
v -0.00000 -0.17800 -2.69633
v -0.00000 -0.18400 -2.69033
v 0.02972 -0.18766 -2.69633
v 0.02878 -0.18173 -2.70233
v 0.02785 -0.17581 -2.69633
v 0.02878 -0.18173 -2.69033
v 0.05871 -0.18070 -2.69633
v 0.05686 -0.17499 -2.70233
v 0.05501 -0.16929 -2.69633
v 0.05686 -0.17499 -2.69033
v 0.08626 -0.16929 -2.69633
v 0.08353 -0.16395 -2.70233
v 0.08081 -0.15860 -2.69633
v 0.08353 -0.16395 -2.69033
v 0.11168 -0.15371 -2.69633
v 0.10815 -0.14886 -2.70233
v 0.10463 -0.14401 -2.69633
v 0.10815 -0.14886 -2.69033
v 0.13435 -0.13435 -2.69633
v 0.13011 -0.13011 -2.70233
v 0.12586 -0.12586 -2.69633
v 0.13011 -0.13011 -2.69033
v 0.15371 -0.11168 -2.69633
v 0.14886 -0.10815 -2.70233
v 0.14401 -0.10463 -2.69633
v 0.14886 -0.10815 -2.69033
v 0.16929 -0.08626 -2.69633
v 0.16395 -0.08353 -2.70233
v 0.15860 -0.08081 -2.69633
v 0.16395 -0.08353 -2.69033
v 0.18070 -0.05871 -2.69633
v 0.17499 -0.05686 -2.70233
v 0.16929 -0.05501 -2.69633
v 0.17499 -0.05686 -2.69033
v 0.18766 -0.02972 -2.69633
v 0.18173 -0.02878 -2.70233
v 0.17581 -0.02785 -2.69633
v 0.18173 -0.02878 -2.69033
v 0.19000 -0.00000 -2.69633
v 0.18400 -0.00000 -2.70233
v 0.17800 0.00000 -2.69633
v 0.18400 -0.00000 -2.69033
v 0.18766 0.02972 -2.69633
v 0.18173 0.02878 -2.70233
v 0.17581 0.02785 -2.69633
v 0.18173 0.02878 -2.69033
v 0.18070 0.05871 -2.69633
v 0.17499 0.05686 -2.70233
v 0.16929 0.05501 -2.69633
v 0.17499 0.05686 -2.69033
v 0.16929 0.08626 -2.69633
v 0.16395 0.08353 -2.70233
v 0.15860 0.08081 -2.69633
v 0.16395 0.08353 -2.69033
v 0.15371 0.11168 -2.69633
v 0.14886 0.10815 -2.70233
v 0.14401 0.10463 -2.69633
v 0.14886 0.10815 -2.69033
v 0.13435 0.13435 -2.69633
v 0.13011 0.13011 -2.70233
v 0.12586 0.12586 -2.69633
v 0.13011 0.13011 -2.69033
v 0.11168 0.15371 -2.69633
v 0.10815 0.14886 -2.70233
v 0.10463 0.14401 -2.69633
v 0.10815 0.14886 -2.69033
v 0.08626 0.16929 -2.69633
v 0.08353 0.16395 -2.70233
v 0.08081 0.15860 -2.69633
v 0.08353 0.16395 -2.69033
v 0.05871 0.18070 -2.69633
v 0.05686 0.17499 -2.70233
v 0.05501 0.16929 -2.69633
v 0.05686 0.17499 -2.69033
v 0.02972 0.18766 -2.69633
v 0.02878 0.18173 -2.70233
v 0.02785 0.17581 -2.69633
v 0.02878 0.18173 -2.69033
v -0.00000 0.19000 -2.69633
v -0.00000 0.18400 -2.70233
v -0.00000 0.17800 -2.69633
v -0.00000 0.18400 -2.69033
v -0.02972 0.18766 -2.69633
v -0.02878 0.18173 -2.70233
v -0.02785 0.17581 -2.69633
v -0.02878 0.18173 -2.69033
v -0.05871 0.18070 -2.69633
v -0.05686 0.17499 -2.70233
v -0.05501 0.16929 -2.69633
v -0.05686 0.17499 -2.69033
v -0.08626 0.16929 -2.69633
v -0.08353 0.16395 -2.70233
v -0.08081 0.15860 -2.69633
v -0.08353 0.16395 -2.69033
v -0.11168 0.15371 -2.69633
v -0.10815 0.14886 -2.70233
v -0.10463 0.14401 -2.69633
v -0.10815 0.14886 -2.69033
v -0.13435 0.13435 -2.69633
v -0.13011 0.13011 -2.70233
v -0.12587 0.12586 -2.69633
v -0.13011 0.13011 -2.69033
v -0.15371 0.11168 -2.69633
v -0.14886 0.10815 -2.70233
v -0.14401 0.10463 -2.69633
v -0.14886 0.10815 -2.69033
v -0.16929 0.08626 -2.69633
v -0.16395 0.08353 -2.70233
v -0.15860 0.08081 -2.69633
v -0.16395 0.08353 -2.69033
v -0.18070 0.05871 -2.69633
v -0.17499 0.05686 -2.70233
v -0.16929 0.05501 -2.69633
v -0.17499 0.05686 -2.69033
v -0.18766 0.02972 -2.69633
v -0.18173 0.02878 -2.70233
v -0.17581 0.02785 -2.69633
v -0.18173 0.02878 -2.69033
v -0.18998 0.00047 -2.69633
v -0.18400 0.00000 -2.70233
v -0.17802 -0.00047 -2.69633
v -0.18400 0.00000 -2.69033
v -0.18400 0.00000 -2.69633
v -0.18400 0.00000 -2.69633
v -0.19298 -0.00047 -3.01633
v -0.18700 -0.00000 -3.02233
v -0.18102 0.00047 -3.01633
v -0.18700 0.00000 -3.01033
v -0.19062 -0.03019 -3.01633
v -0.18470 -0.02925 -3.02233
v -0.17877 -0.02831 -3.01633
v -0.18470 -0.02925 -3.01033
v -0.18355 -0.05964 -3.01633
v -0.17785 -0.05779 -3.02233
v -0.17214 -0.05593 -3.01633
v -0.17785 -0.05779 -3.01033
v -0.17196 -0.08762 -3.01633
v -0.16662 -0.08490 -3.02233
v -0.16127 -0.08217 -3.01633
v -0.16662 -0.08490 -3.01033
v -0.15614 -0.11344 -3.01633
v -0.15129 -0.10992 -3.02233
v -0.14643 -0.10639 -3.01633
v -0.15129 -0.10992 -3.01033
v -0.13647 -0.13647 -3.01633
v -0.13223 -0.13223 -3.02233
v -0.12799 -0.12799 -3.01633
v -0.13223 -0.13223 -3.01033
v -0.11344 -0.15614 -3.01633
v -0.10992 -0.15129 -3.02233
v -0.10639 -0.14643 -3.01633
v -0.10992 -0.15129 -3.01033
v -0.08762 -0.17196 -3.01633
v -0.08490 -0.16662 -3.02233
v -0.08217 -0.16127 -3.01633
v -0.08490 -0.16662 -3.01033
v -0.05964 -0.18355 -3.01633
v -0.05779 -0.17785 -3.02233
v -0.05593 -0.17214 -3.01633
v -0.05779 -0.17785 -3.01033
v -0.03019 -0.19062 -3.01633
v -0.02925 -0.18470 -3.02233
v -0.02831 -0.17877 -3.01633
v -0.02925 -0.18470 -3.01033
v -0.00000 -0.19300 -3.01633
v -0.00000 -0.18700 -3.02233
v -0.00000 -0.18100 -3.01633
v -0.00000 -0.18700 -3.01033
v 0.03019 -0.19062 -3.01633
v 0.02925 -0.18470 -3.02233
v 0.02831 -0.17877 -3.01633
v 0.02925 -0.18470 -3.01033
v 0.05964 -0.18355 -3.01633
v 0.05779 -0.17785 -3.02233
v 0.05593 -0.17214 -3.01633
v 0.05779 -0.17785 -3.01033
v 0.08762 -0.17196 -3.01633
v 0.08490 -0.16662 -3.02233
v 0.08217 -0.16127 -3.01633
v 0.08490 -0.16662 -3.01033
v 0.11344 -0.15614 -3.01633
v 0.10992 -0.15129 -3.02233
v 0.10639 -0.14643 -3.01633
v 0.10992 -0.15129 -3.01033
v 0.13647 -0.13647 -3.01633
v 0.13223 -0.13223 -3.02233
v 0.12799 -0.12799 -3.01633
v 0.13223 -0.13223 -3.01033
v 0.15614 -0.11344 -3.01633
v 0.15129 -0.10992 -3.02233
v 0.14643 -0.10639 -3.01633
v 0.15129 -0.10992 -3.01033
v 0.17196 -0.08762 -3.01633
v 0.16662 -0.08490 -3.02233
v 0.16127 -0.08217 -3.01633
v 0.16662 -0.08490 -3.01033
v 0.18355 -0.05964 -3.01633
v 0.17785 -0.05779 -3.02233
v 0.17214 -0.05593 -3.01633
v 0.17785 -0.05779 -3.01033
v 0.19062 -0.03019 -3.01633
v 0.18470 -0.02925 -3.02233
v 0.17877 -0.02831 -3.01633
v 0.18470 -0.02925 -3.01033
v 0.19300 -0.00000 -3.01633
v 0.18700 -0.00000 -3.02233
v 0.18100 -0.00000 -3.01633
v 0.18700 -0.00000 -3.01033
v 0.19062 0.03019 -3.01633
v 0.18470 0.02925 -3.02233
v 0.17877 0.02831 -3.01633
v 0.18470 0.02925 -3.01033
v 0.18355 0.05964 -3.01633
v 0.17785 0.05779 -3.02233
v 0.17214 0.05593 -3.01633
v 0.17785 0.05779 -3.01033
v 0.17196 0.08762 -3.01633
v 0.16662 0.08490 -3.02233
v 0.16127 0.08217 -3.01633
v 0.16662 0.08490 -3.01033
v 0.15614 0.11344 -3.01633
v 0.15129 0.10992 -3.02233
v 0.14643 0.10639 -3.01633
v 0.15129 0.10992 -3.01033
v 0.13647 0.13647 -3.01633
v 0.13223 0.13223 -3.02233
v 0.12799 0.12799 -3.01633
v 0.13223 0.13223 -3.01033
v 0.11344 0.15614 -3.01633
v 0.10992 0.15129 -3.02233
v 0.10639 0.14643 -3.01633
v 0.10992 0.15129 -3.01033
v 0.08762 0.17196 -3.01633
v 0.08490 0.16662 -3.02233
v 0.08217 0.16127 -3.01633
v 0.08490 0.16662 -3.01033
v 0.05964 0.18355 -3.01633
v 0.05779 0.17785 -3.02233
v 0.05593 0.17214 -3.01633
v 0.05779 0.17785 -3.01033
v 0.03019 0.19062 -3.01633
v 0.02925 0.18470 -3.02233
v 0.02831 0.17877 -3.01633
v 0.02925 0.18470 -3.01033
v -0.00000 0.19300 -3.01633
v -0.00000 0.18700 -3.02233
v -0.00000 0.18100 -3.01633
v -0.00000 0.18700 -3.01033
v -0.03019 0.19062 -3.01633
v -0.02925 0.18470 -3.02233
v -0.02831 0.17877 -3.01633
v -0.02925 0.18470 -3.01033
v -0.05964 0.18355 -3.01633
v -0.05779 0.17785 -3.02233
v -0.05593 0.17214 -3.01633
v -0.05779 0.17785 -3.01033
v -0.08762 0.17196 -3.01633
v -0.08490 0.16662 -3.02233
v -0.08217 0.16127 -3.01633
v -0.08490 0.16662 -3.01033
v -0.11344 0.15614 -3.01633
v -0.10992 0.15129 -3.02233
v -0.10639 0.14643 -3.01633
v -0.10992 0.15129 -3.01033
v -0.13647 0.13647 -3.01633
v -0.13223 0.13223 -3.02233
v -0.12799 0.12799 -3.01633
v -0.13223 0.13223 -3.01033
v -0.15614 0.11344 -3.01633
v -0.15129 0.10992 -3.02233
v -0.14643 0.10639 -3.01633
v -0.15129 0.10992 -3.01033
v -0.17196 0.08762 -3.01633
v -0.16662 0.08490 -3.02233
v -0.16127 0.08217 -3.01633
v -0.16662 0.08490 -3.01033
v -0.18355 0.05964 -3.01633
v -0.17785 0.05779 -3.02233
v -0.17214 0.05593 -3.01633
v -0.17785 0.05779 -3.01033
v -0.19062 0.03019 -3.01633
v -0.18470 0.02925 -3.02233
v -0.17877 0.02831 -3.01633
v -0.18470 0.02925 -3.01033
v -0.19298 0.00047 -3.01633
v -0.18700 0.00000 -3.02233
v -0.18102 -0.00047 -3.01633
v -0.18700 0.00000 -3.01033
v -0.18700 0.00000 -3.01633
v -0.18700 0.00000 -3.01633
v -0.19298 -0.00047 -3.33633
v -0.18700 -0.00000 -3.34233
v -0.18102 0.00047 -3.33633
v -0.18700 0.00000 -3.33033
v -0.19062 -0.03019 -3.33633
v -0.18470 -0.02925 -3.34233
v -0.17877 -0.02831 -3.33633
v -0.18470 -0.02925 -3.33033
v -0.18355 -0.05964 -3.33633
v -0.17785 -0.05779 -3.34233
v -0.17214 -0.05593 -3.33633
v -0.17785 -0.05779 -3.33033
v -0.17196 -0.08762 -3.33633
v -0.16662 -0.08490 -3.34233
v -0.16127 -0.08217 -3.33633
v -0.16662 -0.08490 -3.33033
v -0.15614 -0.11344 -3.33633
v -0.15129 -0.10992 -3.34233
v -0.14643 -0.10639 -3.33633
v -0.15129 -0.10992 -3.33033
v -0.13647 -0.13647 -3.33633
v -0.13223 -0.13223 -3.34233
v -0.12799 -0.12799 -3.33633
v -0.13223 -0.13223 -3.33033
v -0.11344 -0.15614 -3.33633
v -0.10992 -0.15129 -3.34233
v -0.10639 -0.14643 -3.33633
v -0.10992 -0.15129 -3.33033
v -0.08762 -0.17196 -3.33633
v -0.08490 -0.16662 -3.34233
v -0.08217 -0.16127 -3.33633
v -0.08490 -0.16662 -3.33033
v -0.05964 -0.18355 -3.33633
v -0.05779 -0.17785 -3.34233
v -0.05593 -0.17214 -3.33633
v -0.05779 -0.17785 -3.33033
v -0.03019 -0.19062 -3.33633
v -0.02925 -0.18470 -3.34233
v -0.02831 -0.17877 -3.33633
v -0.02925 -0.18470 -3.33033
v -0.00000 -0.19300 -3.33633
v -0.00000 -0.18700 -3.34233
v -0.00000 -0.18100 -3.33633
v -0.00000 -0.18700 -3.33033
v 0.03019 -0.19062 -3.33633
v 0.02925 -0.18470 -3.34233
v 0.02831 -0.17877 -3.33633
v 0.02925 -0.18470 -3.33033
v 0.05964 -0.18355 -3.33633
v 0.05779 -0.17785 -3.34233
v 0.05593 -0.17214 -3.33633
v 0.05779 -0.17785 -3.33033
v 0.08762 -0.17196 -3.33633
v 0.08490 -0.16662 -3.34233
v 0.08217 -0.16127 -3.33633
v 0.08490 -0.16662 -3.33033
v 0.11344 -0.15614 -3.33633
v 0.10992 -0.15129 -3.34233
v 0.10639 -0.14643 -3.33633
v 0.10992 -0.15129 -3.33033
v 0.13647 -0.13647 -3.33633
v 0.13223 -0.13223 -3.34233
v 0.12799 -0.12799 -3.33633
v 0.13223 -0.13223 -3.33033
v 0.15614 -0.11344 -3.33633
v 0.15129 -0.10992 -3.34233
v 0.14643 -0.10639 -3.33633
v 0.15129 -0.10992 -3.33033
v 0.17196 -0.08762 -3.33633
v 0.16662 -0.08490 -3.34233
v 0.16127 -0.08217 -3.33633
v 0.16662 -0.08490 -3.33033
v 0.18355 -0.05964 -3.33633
v 0.17785 -0.05779 -3.34233
v 0.17214 -0.05593 -3.33633
v 0.17785 -0.05779 -3.33033
v 0.19062 -0.03019 -3.33633
v 0.18470 -0.02925 -3.34233
v 0.17877 -0.02831 -3.33633
v 0.18470 -0.02925 -3.33033
v 0.19300 -0.00000 -3.33633
v 0.18700 -0.00000 -3.34233
v 0.18100 -0.00000 -3.33633
v 0.18700 -0.00000 -3.33033
v 0.19062 0.03019 -3.33633
v 0.18470 0.02925 -3.34233
v 0.17877 0.02831 -3.33633
v 0.18470 0.02925 -3.33033
v 0.18355 0.05964 -3.33633
v 0.17785 0.05779 -3.34233
v 0.17214 0.05593 -3.33633
v 0.17785 0.05779 -3.33033
v 0.17196 0.08762 -3.33633
v 0.16662 0.08490 -3.34233
v 0.16127 0.08217 -3.33633
v 0.16662 0.08490 -3.33033
v 0.15614 0.11344 -3.33633
v 0.15129 0.10992 -3.34233
v 0.14643 0.10639 -3.33633
v 0.15129 0.10992 -3.33033
v 0.13647 0.13647 -3.33633
v 0.13223 0.13223 -3.34233
v 0.12799 0.12799 -3.33633
v 0.13223 0.13223 -3.33033
v 0.11344 0.15614 -3.33633
v 0.10992 0.15129 -3.34233
v 0.10639 0.14643 -3.33633
v 0.10992 0.15129 -3.33033
v 0.08762 0.17196 -3.33633
v 0.08490 0.16662 -3.34233
v 0.08217 0.16127 -3.33633
v 0.08490 0.16662 -3.33033
v 0.05964 0.18355 -3.33633
v 0.05779 0.17785 -3.34233
v 0.05593 0.17214 -3.33633
v 0.05779 0.17785 -3.33033
v 0.03019 0.19062 -3.33633
v 0.02925 0.18470 -3.34233
v 0.02831 0.17877 -3.33633
v 0.02925 0.18470 -3.33033
v -0.00000 0.19300 -3.33633
v -0.00000 0.18700 -3.34233
v -0.00000 0.18100 -3.33633
v -0.00000 0.18700 -3.33033
v -0.03019 0.19062 -3.33633
v -0.02925 0.18470 -3.34233
v -0.02831 0.17877 -3.33633
v -0.02925 0.18470 -3.33033
v -0.05964 0.18355 -3.33633
v -0.05779 0.17785 -3.34233
v -0.05593 0.17214 -3.33633
v -0.05779 0.17785 -3.33033
v -0.08762 0.17196 -3.33633
v -0.08490 0.16662 -3.34233
v -0.08217 0.16127 -3.33633
v -0.08490 0.16662 -3.33033
v -0.11344 0.15614 -3.33633
v -0.10992 0.15129 -3.34233
v -0.10639 0.14643 -3.33633
v -0.10992 0.15129 -3.33033
v -0.13647 0.13647 -3.33633
v -0.13223 0.13223 -3.34233
v -0.12799 0.12799 -3.33633
v -0.13223 0.13223 -3.33033
v -0.15614 0.11344 -3.33633
v -0.15129 0.10992 -3.34233
v -0.14643 0.10639 -3.33633
v -0.15129 0.10992 -3.33033
v -0.17196 0.08762 -3.33633
v -0.16662 0.08490 -3.34233
v -0.16127 0.08217 -3.33633
v -0.16662 0.08490 -3.33033
v -0.18355 0.05964 -3.33633
v -0.17785 0.05779 -3.34233
v -0.17214 0.05593 -3.33633
v -0.17785 0.05779 -3.33033
v -0.19062 0.03019 -3.33633
v -0.18470 0.02925 -3.34233
v -0.17877 0.02831 -3.33633
v -0.18470 0.02925 -3.33033
v -0.19298 0.00047 -3.33633
v -0.18700 0.00000 -3.34233
v -0.18102 -0.00047 -3.33633
v -0.18700 0.00000 -3.33033
v -0.18700 0.00000 -3.33633
v -0.18700 0.00000 -3.33633
s 1
f 2 5 1
s 1
f 3 6 2
s 1
f 4 7 3
s 1
f 1 8 4
s 1
f 6 9 5
s 1
f 7 10 6
s 1
f 8 11 7
s 1
f 8 9 12
s 1
f 10 13 9
s 1
f 11 14 10
s 1
f 12 15 11
s 1
f 12 13 16
s 1
f 13 18 17
s 1
f 15 18 14
s 1
f 15 20 19
s 1
f 13 20 16
s 1
f 18 21 17
s 1
f 19 22 18
s 1
f 19 24 23
s 1
f 17 24 20
s 1
f 21 26 25
s 1
f 23 26 22
s 1
f 24 27 23
s 1
f 21 28 24
s 1
f 25 30 29
s 1
f 27 30 26
s 1
f 28 31 27
s 1
f 25 32 28
s 1
f 29 34 33
s 1
f 31 34 30
s 1
f 32 35 31
s 1
f 32 33 36
s 1
f 33 38 37
s 1
f 35 38 34
s 1
f 36 39 35
s 1
f 33 40 36
s 1
f 38 41 37
s 1
f 38 43 42
s 1
f 39 44 43
s 1
f 37 44 40
s 1
f 41 46 45
s 1
f 43 46 42
s 1
f 44 47 43
s 1
f 44 45 48
s 1
f 45 50 49
s 1
f 47 50 46
s 1
f 47 52 51
s 1
f 45 52 48
s 1
f 50 53 49
s 1
f 50 55 54
s 1
f 51 56 55
s 1
f 49 56 52
s 1
f 53 58 57
s 1
f 55 58 54
s 1
f 56 59 55
s 1
f 56 57 60
s 1
f 57 62 61
s 1
f 59 62 58
s 1
f 59 64 63
s 1
f 57 64 60
s 1
f 61 66 65
s 1
f 63 66 62
s 1
f 63 68 67
s 1
f 61 68 64
s 1
f 66 69 65
s 1
f 66 71 70
s 1
f 67 72 71
s 1
f 65 72 68
s 1
f 69 74 73
s 1
f 71 74 70
s 1
f 72 75 71
s 1
f 72 73 76
s 1
f 74 77 73
s 1
f 75 78 74
s 1
f 76 79 75
s 1
f 73 80 76
s 1
f 77 82 81
s 1
f 79 82 78
s 1
f 80 83 79
s 1
f 80 81 84
s 1
f 81 86 85
s 1
f 83 86 82
s 1
f 84 87 83
s 1
f 84 85 88
s 1
f 86 89 85
s 1
f 86 91 90
s 1
f 87 92 91
s 1
f 85 92 88
s 1
f 89 94 93
s 1
f 91 94 90
s 1
f 92 95 91
s 1
f 92 93 96
s 1
f 94 97 93
s 1
f 94 99 98
s 1
f 95 100 99
s 1
f 93 100 96
s 1
f 98 101 97
s 1
f 98 103 102
s 1
f 99 104 103
s 1
f 97 104 100
s 1
f 101 106 105
s 1
f 103 106 102
s 1
f 104 107 103
s 1
f 104 105 108
s 1
f 105 110 109
s 1
f 107 110 106
s 1
f 108 111 107
s 1
f 108 109 112
s 1
f 110 113 109
s 1
f 110 115 114
s 1
f 111 116 115
s 1
f 109 116 112
s 1
f 113 118 117
s 1
f 115 118 114
s 1
f 116 119 115
s 1
f 116 117 120
s 1
f 118 121 117
s 1
f 118 123 122
s 1
f 119 124 123
s 1
f 117 124 120
s 1
f 122 125 121
s 1
f 122 127 126
s 1
f 123 128 127
s 1
f 121 128 124
s 1
f 125 130 129
s 1
f 127 130 126
s 1
f 128 131 127
s 1
f 125 132 128
s 1
f 129 134 133
s 1
f 131 134 130
s 1
f 132 135 131
s 1
f 132 133 136
s 1
f 134 137 133
s 1
f 134 139 138
s 1
f 135 140 139
s 1
f 133 140 136
s 1
f 137 142 141
s 1
f 139 142 138
s 1
f 140 143 139
s 1
f 140 141 144
s 1
f 141 146 145
s 1
f 143 146 142
s 1
f 144 147 143
s 1
f 144 145 148
s 1
f 146 149 145
s 1
f 146 151 150
s 1
f 147 152 151
s 1
f 145 152 148
s 1
f 149 154 153
s 1
f 151 154 150
s 1
f 152 155 151
s 1
f 152 153 156
s 1
f 154 157 153
s 1
f 154 159 158
s 1
f 155 160 159
s 1
f 153 160 156
s 1
f 157 162 161
s 1
f 159 162 158
s 1
f 160 163 159
s 1
f 160 161 164
s 1
f 162 165 161
s 1
f 162 167 166
s 1
f 163 168 167
s 1
f 161 168 164
s 1
f 166 169 165
s 1
f 166 171 170
s 1
f 167 172 171
s 1
f 165 172 168
s 1
f 169 174 173
s 1
f 170 175 174
s 1
f 171 176 175
s 1
f 169 176 172
s 1
f 177 2 1
s 1
f 177 3 2
s 1
f 177 4 3
s 1
f 177 1 4
s 1
f 173 174 178
s 1
f 174 175 178
s 1
f 175 176 178
s 1
f 176 173 178
s 1
f 180 183 179
s 1
f 181 184 180
s 1
f 182 185 181
s 1
f 179 186 182
s 1
f 184 187 183
s 1
f 184 189 188
s 1
f 186 189 185
s 1
f 183 190 186
s 1
f 188 191 187
s 1
f 189 192 188
s 1
f 190 193 189
s 1
f 187 194 190
s 1
f 192 195 191
s 1
f 193 196 192
s 1
f 194 197 193
s 1
f 191 198 194
s 1
f 195 200 199
s 1
f 196 201 200
s 1
f 198 201 197
s 1
f 195 202 198
s 1
f 199 204 203
s 1
f 201 204 200
s 1
f 201 206 205
s 1
f 199 206 202
s 1
f 204 207 203
s 1
f 205 208 204
s 1
f 205 210 209
s 1
f 206 207 210
s 1
f 208 211 207
s 1
f 209 212 208
s 1
f 209 214 213
s 1
f 210 211 214
s 1
f 212 215 211
s 1
f 213 216 212
s 1
f 213 218 217
s 1
f 214 215 218
s 1
f 216 219 215
s 1
f 217 220 216
s 1
f 217 222 221
s 1
f 218 219 222
s 1
f 219 224 223
s 1
f 220 225 224
s 1
f 222 225 221
s 1
f 219 226 222
s 1
f 224 227 223
s 1
f 225 228 224
s 1
f 225 230 229
s 1
f 226 227 230
s 1
f 228 231 227
s 1
f 229 232 228
s 1
f 229 234 233
s 1
f 230 231 234
s 1
f 231 236 235
s 1
f 232 237 236
s 1
f 234 237 233
s 1
f 231 238 234
s 1
f 235 240 239
s 1
f 236 241 240
s 1
f 238 241 237
s 1
f 235 242 238
s 1
f 239 244 243
s 1
f 241 244 240
s 1
f 241 246 245
s 1
f 239 246 242
s 1
f 244 247 243
s 1
f 245 248 244
s 1
f 245 250 249
s 1
f 246 247 250
s 1
f 247 252 251
s 1
f 248 253 252
s 1
f 250 253 249
s 1
f 247 254 250
s 1
f 252 255 251
s 1
f 253 256 252
s 1
f 253 258 257
s 1
f 254 255 258
s 1
f 255 260 259
s 1
f 256 261 260
s 1
f 258 261 257
s 1
f 255 262 258
s 1
f 259 264 263
s 1
f 260 265 264
s 1
f 262 265 261
s 1
f 259 266 262
s 1
f 264 267 263
s 1
f 265 268 264
s 1
f 265 270 269
s 1
f 266 267 270
s 1
f 267 272 271
s 1
f 268 273 272
s 1
f 270 273 269
s 1
f 267 274 270
s 1
f 272 275 271
s 1
f 273 276 272
s 1
f 273 278 277
s 1
f 274 275 278
s 1
f 276 279 275
s 1
f 277 280 276
s 1
f 277 282 281
s 1
f 278 279 282
s 1
f 279 284 283
s 1
f 280 285 284
s 1
f 282 285 281
s 1
f 279 286 282
s 1
f 283 288 287
s 1
f 284 289 288
s 1
f 286 289 285
s 1
f 283 290 286
s 1
f 288 291 287
s 1
f 289 292 288
s 1
f 289 294 293
s 1
f 290 291 294
s 1
f 291 296 295
s 1
f 292 297 296
s 1
f 294 297 293
s 1
f 291 298 294
s 1
f 296 299 295
s 1
f 297 300 296
s 1
f 297 302 301
s 1
f 298 299 302
s 1
f 300 303 299
s 1
f 301 304 300
s 1
f 301 306 305
s 1
f 302 303 306
s 1
f 303 308 307
s 1
f 304 309 308
s 1
f 306 309 305
s 1
f 303 310 306
s 1
f 307 312 311
s 1
f 308 313 312
s 1
f 310 313 309
s 1
f 307 314 310
s 1
f 312 315 311
s 1
f 313 316 312
s 1
f 313 318 317
s 1
f 314 315 318
s 1
f 315 320 319
s 1
f 316 321 320
s 1
f 318 321 317
s 1
f 315 322 318
s 1
f 319 324 323
s 1
f 320 325 324
s 1
f 322 325 321
s 1
f 319 326 322
s 1
f 324 327 323
s 1
f 325 328 324
s 1
f 325 330 329
s 1
f 326 327 330
s 1
f 327 332 331
s 1
f 328 333 332
s 1
f 330 333 329
s 1
f 327 334 330
s 1
f 332 335 331
s 1
f 333 336 332
s 1
f 333 338 337
s 1
f 334 335 338
s 1
f 335 340 339
s 1
f 336 341 340
s 1
f 338 341 337
s 1
f 335 342 338
s 1
f 340 343 339
s 1
f 341 344 340
s 1
f 341 346 345
s 1
f 342 343 346
s 1
f 344 347 343
s 1
f 345 348 344
s 1
f 345 350 349
s 1
f 346 347 350
s 1
f 348 351 347
s 1
f 348 353 352
s 1
f 349 354 353
s 1
f 350 351 354
s 1
f 355 180 179
s 1
f 355 181 180
s 1
f 355 182 181
s 1
f 355 179 182
s 1
f 351 352 356
s 1
f 352 353 356
s 1
f 353 354 356
s 1
f 354 351 356
s 1
f 358 361 357
s 1
f 359 362 358
s 1
f 360 363 359
s 1
f 357 364 360
s 1
f 362 365 361
s 1
f 362 367 366
s 1
f 364 367 363
s 1
f 361 368 364
s 1
f 366 369 365
s 1
f 366 371 370
s 1
f 368 371 367
s 1
f 365 372 368
s 1
f 369 374 373
s 1
f 371 374 370
s 1
f 371 376 375
s 1
f 369 376 372
s 1
f 373 378 377
s 1
f 375 378 374
s 1
f 376 379 375
s 1
f 373 380 376
s 1
f 378 381 377
s 1
f 379 382 378
s 1
f 379 384 383
s 1
f 377 384 380
s 1
f 382 385 381
s 1
f 383 386 382
s 1
f 383 388 387
s 1
f 381 388 384
s 1
f 386 389 385
s 1
f 386 391 390
s 1
f 387 392 391
s 1
f 385 392 388
s 1
f 390 393 389
s 1
f 391 394 390
s 1
f 391 396 395
s 1
f 389 396 392
s 1
f 393 398 397
s 1
f 395 398 394
s 1
f 396 399 395
s 1
f 396 397 400
s 1
f 398 401 397
s 1
f 398 403 402
s 1
f 399 404 403
s 1
f 397 404 400
s 1
f 401 406 405
s 1
f 403 406 402
s 1
f 403 408 407
s 1
f 401 408 404
s 1
f 405 410 409
s 1
f 407 410 406
s 1
f 408 411 407
s 1
f 408 409 412
s 1
f 410 413 409
s 1
f 410 415 414
s 1
f 411 416 415
s 1
f 409 416 412
s 1
f 413 418 417
s 1
f 415 418 414
s 1
f 415 420 419
s 1
f 413 420 416
s 1
f 417 422 421
s 1
f 419 422 418
s 1
f 419 424 423
s 1
f 417 424 420
s 1
f 421 426 425
s 1
f 423 426 422
s 1
f 424 427 423
s 1
f 424 425 428
s 1
f 426 429 425
s 1
f 426 431 430
s 1
f 427 432 431
s 1
f 425 432 428
s 1
f 430 433 429
s 1
f 431 434 430
s 1
f 432 435 431
s 1
f 429 436 432
s 1
f 434 437 433
s 1
f 434 439 438
s 1
f 435 440 439
s 1
f 433 440 436
s 1
f 438 441 437
s 1
f 438 443 442
s 1
f 439 444 443
s 1
f 437 444 440
s 1
f 441 446 445
s 1
f 443 446 442
s 1
f 444 447 443
s 1
f 444 445 448
s 1
f 446 449 445
s 1
f 446 451 450
s 1
f 447 452 451
s 1
f 445 452 448
s 1
f 449 454 453
s 1
f 451 454 450
s 1
f 452 455 451
s 1
f 452 453 456
s 1
f 453 458 457
s 1
f 455 458 454
s 1
f 456 459 455
s 1
f 456 457 460
s 1
f 458 461 457
s 1
f 458 463 462
s 1
f 459 464 463
s 1
f 457 464 460
s 1
f 462 465 461
s 1
f 462 467 466
s 1
f 463 468 467
s 1
f 461 468 464
s 1
f 465 470 469
s 1
f 467 470 466
s 1
f 468 471 467
s 1
f 468 469 472
s 1
f 470 473 469
s 1
f 470 475 474
s 1
f 471 476 475
s 1
f 469 476 472
s 1
f 473 478 477
s 1
f 475 478 474
s 1
f 476 479 475
s 1
f 476 477 480
s 1
f 477 482 481
s 1
f 479 482 478
s 1
f 480 483 479
s 1
f 480 481 484
s 1
f 482 485 481
s 1
f 483 486 482
s 1
f 483 488 487
s 1
f 481 488 484
s 1
f 486 489 485
s 1
f 486 491 490
s 1
f 487 492 491
s 1
f 485 492 488
s 1
f 489 494 493
s 1
f 491 494 490
s 1
f 492 495 491
s 1
f 492 493 496
s 1
f 494 497 493
s 1
f 494 499 498
s 1
f 495 500 499
s 1
f 493 500 496
s 1
f 498 501 497
s 1
f 498 503 502
s 1
f 499 504 503
s 1
f 497 504 500
s 1
f 501 506 505
s 1
f 503 506 502
s 1
f 504 507 503
s 1
f 504 505 508
s 1
f 506 509 505
s 1
f 506 511 510
s 1
f 507 512 511
s 1
f 505 512 508
s 1
f 509 514 513
s 1
f 511 514 510
s 1
f 512 515 511
s 1
f 512 513 516
s 1
f 514 517 513
s 1
f 514 519 518
s 1
f 515 520 519
s 1
f 513 520 516
s 1
f 517 522 521
s 1
f 519 522 518
s 1
f 520 523 519
s 1
f 520 521 524
s 1
f 521 526 525
s 1
f 523 526 522
s 1
f 524 527 523
s 1
f 524 525 528
s 1
f 525 530 529
s 1
f 527 530 526
s 1
f 527 532 531
s 1
f 528 529 532
s 1
f 533 358 357
s 1
f 533 359 358
s 1
f 533 360 359
s 1
f 533 357 360
s 1
f 529 530 534
s 1
f 530 531 534
s 1
f 531 532 534
s 1
f 532 529 534
s 1
f 536 539 535
s 1
f 537 540 536
s 1
f 538 541 537
s 1
f 535 542 538
s 1
f 540 543 539
s 1
f 541 544 540
s 1
f 542 545 541
s 1
f 542 543 546
s 1
f 544 547 543
s 1
f 545 548 544
s 1
f 546 549 545
s 1
f 543 550 546
s 1
f 548 551 547
s 1
f 549 552 548
s 1
f 550 553 549
s 1
f 547 554 550
s 1
f 552 555 551
s 1
f 553 556 552
s 1
f 553 558 557
s 1
f 554 555 558
s 1
f 555 560 559
s 1
f 557 560 556
s 1
f 557 562 561
s 1
f 555 562 558
s 1
f 559 564 563
s 1
f 560 565 564
s 1
f 562 565 561
s 1
f 559 566 562
s 1
f 563 568 567
s 1
f 564 569 568
s 1
f 566 569 565
s 1
f 563 570 566
s 1
f 567 572 571
s 1
f 568 573 572
s 1
f 570 573 569
s 1
f 567 574 570
s 1
f 571 576 575
s 1
f 572 577 576
s 1
f 574 577 573
s 1
f 571 578 574
s 1
f 576 579 575
s 1
f 577 580 576
s 1
f 577 582 581
s 1
f 578 579 582
s 1
f 579 584 583
s 1
f 580 585 584
s 1
f 582 585 581
s 1
f 579 586 582
s 1
f 583 588 587
s 1
f 584 589 588
s 1
f 586 589 585
s 1
f 583 590 586
s 1
f 588 591 587
s 1
f 589 592 588
s 1
f 589 594 593
s 1
f 590 591 594
s 1
f 592 595 591
s 1
f 593 596 592
s 1
f 593 598 597
s 1
f 594 595 598
s 1
f 595 600 599
s 1
f 597 600 596
s 1
f 597 602 601
s 1
f 595 602 598
s 1
f 599 604 603
s 1
f 600 605 604
s 1
f 602 605 601
s 1
f 599 606 602
s 1
f 604 607 603
s 1
f 605 608 604
s 1
f 605 610 609
s 1
f 606 607 610
s 1
f 607 612 611
s 1
f 608 613 612
s 1
f 610 613 609
s 1
f 607 614 610
s 1
f 612 615 611
s 1
f 613 616 612
s 1
f 613 618 617
s 1
f 614 615 618
s 1
f 616 619 615
s 1
f 617 620 616
s 1
f 617 622 621
s 1
f 618 619 622
s 1
f 619 624 623
s 1
f 620 625 624
s 1
f 622 625 621
s 1
f 619 626 622
s 1
f 624 627 623
s 1
f 625 628 624
s 1
f 625 630 629
s 1
f 626 627 630
s 1
f 627 632 631
s 1
f 628 633 632
s 1
f 630 633 629
s 1
f 627 634 630
s 1
f 631 636 635
s 1
f 632 637 636
s 1
f 634 637 633
s 1
f 631 638 634
s 1
f 636 639 635
s 1
f 637 640 636
s 1
f 637 642 641
s 1
f 638 639 642
s 1
f 640 643 639
s 1
f 641 644 640
s 1
f 641 646 645
s 1
f 642 643 646
s 1
f 643 648 647
s 1
f 644 649 648
s 1
f 646 649 645
s 1
f 643 650 646
s 1
f 648 651 647
s 1
f 649 652 648
s 1
f 649 654 653
s 1
f 650 651 654
s 1
f 651 656 655
s 1
f 652 657 656
s 1
f 654 657 653
s 1
f 651 658 654
s 1
f 655 660 659
s 1
f 656 661 660
s 1
f 658 661 657
s 1
f 655 662 658
s 1
f 660 663 659
s 1
f 661 664 660
s 1
f 661 666 665
s 1
f 662 663 666
s 1
f 664 667 663
s 1
f 665 668 664
s 1
f 665 670 669
s 1
f 666 667 670
s 1
f 667 672 671
s 1
f 668 673 672
s 1
f 670 673 669
s 1
f 667 674 670
s 1
f 672 675 671
s 1
f 673 676 672
s 1
f 673 678 677
s 1
f 674 675 678
s 1
f 676 679 675
s 1
f 677 680 676
s 1
f 677 682 681
s 1
f 678 679 682
s 1
f 679 684 683
s 1
f 680 685 684
s 1
f 682 685 681
s 1
f 679 686 682
s 1
f 684 687 683
s 1
f 685 688 684
s 1
f 685 690 689
s 1
f 686 687 690
s 1
f 687 692 691
s 1
f 688 693 692
s 1
f 690 693 689
s 1
f 687 694 690
s 1
f 692 695 691
s 1
f 693 696 692
s 1
f 693 698 697
s 1
f 694 695 698
s 1
f 695 700 699
s 1
f 696 701 700
s 1
f 698 701 697
s 1
f 695 702 698
s 1
f 699 704 703
s 1
f 700 705 704
s 1
f 702 705 701
s 1
f 699 706 702
s 1
f 703 708 707
s 1
f 704 709 708
s 1
f 706 709 705
s 1
f 706 707 710
s 1
f 711 536 535
s 1
f 711 537 536
s 1
f 711 538 537
s 1
f 711 535 538
s 1
f 707 708 712
s 1
f 708 709 712
s 1
f 709 710 712
s 1
f 710 707 712
s 1
f 713 718 717
s 1
f 714 719 718
s 1
f 716 719 715
s 1
f 713 720 716
s 1
f 717 722 721
s 1
f 718 723 722
s 1
f 720 723 719
s 1
f 720 721 724
s 1
f 722 725 721
s 1
f 722 727 726
s 1
f 724 727 723
s 1
f 721 728 724
s 1
f 726 729 725
s 1
f 727 730 726
s 1
f 728 731 727
s 1
f 728 729 732
s 1
f 730 733 729
s 1
f 730 735 734
s 1
f 732 735 731
s 1
f 729 736 732
s 1
f 734 737 733
s 1
f 735 738 734
s 1
f 736 739 735
s 1
f 733 740 736
s 1
f 738 741 737
s 1
f 738 743 742
s 1
f 739 744 743
s 1
f 737 744 740
s 1
f 742 745 741
s 1
f 743 746 742
s 1
f 744 747 743
s 1
f 741 748 744
s 1
f 745 750 749
s 1
f 746 751 750
s 1
f 747 752 751
s 1
f 748 749 752
s 1
f 750 753 749
s 1
f 751 754 750
s 1
f 751 756 755
s 1
f 749 756 752
s 1
f 753 758 757
s 1
f 754 759 758
s 1
f 756 759 755
s 1
f 753 760 756
s 1
f 758 761 757
s 1
f 759 762 758
s 1
f 760 763 759
s 1
f 757 764 760
s 1
f 761 766 765
s 1
f 763 766 762
s 1
f 763 768 767
s 1
f 761 768 764
s 1
f 765 770 769
s 1
f 766 771 770
s 1
f 768 771 767
s 1
f 768 769 772
s 1
f 770 773 769
s 1
f 771 774 770
s 1
f 771 776 775
s 1
f 769 776 772
s 1
f 774 777 773
s 1
f 775 778 774
s 1
f 775 780 779
s 1
f 773 780 776
s 1
f 778 781 777
s 1
f 779 782 778
s 1
f 779 784 783
s 1
f 777 784 780
s 1
f 781 786 785
s 1
f 782 787 786
s 1
f 783 788 787
s 1
f 781 788 784
s 1
f 786 789 785
s 1
f 787 790 786
s 1
f 787 792 791
s 1
f 785 792 788
s 1
f 790 793 789
s 1
f 791 794 790
s 1
f 792 795 791
s 1
f 789 796 792
s 1
f 793 798 797
s 1
f 794 799 798
s 1
f 795 800 799
s 1
f 793 800 796
s 1
f 797 802 801
s 1
f 798 803 802
s 1
f 800 803 799
s 1
f 800 801 804
s 1
f 802 805 801
s 1
f 802 807 806
s 1
f 804 807 803
s 1
f 801 808 804
s 1
f 806 809 805
s 1
f 807 810 806
s 1
f 808 811 807
s 1
f 808 809 812
s 1
f 810 813 809
s 1
f 810 815 814
s 1
f 812 815 811
s 1
f 809 816 812
s 1
f 814 817 813
s 1
f 815 818 814
s 1
f 816 819 815
s 1
f 813 820 816
s 1
f 818 821 817
s 1
f 818 823 822
s 1
f 819 824 823
s 1
f 817 824 820
s 1
f 822 825 821
s 1
f 823 826 822
s 1
f 824 827 823
s 1
f 821 828 824
s 1
f 825 830 829
s 1
f 826 831 830
s 1
f 827 832 831
s 1
f 828 829 832
s 1
f 830 833 829
s 1
f 831 834 830
s 1
f 831 836 835
s 1
f 829 836 832
s 1
f 833 838 837
s 1
f 834 839 838
s 1
f 836 839 835
s 1
f 833 840 836
s 1
f 838 841 837
s 1
f 839 842 838
s 1
f 840 843 839
s 1
f 837 844 840
s 1
f 841 846 845
s 1
f 843 846 842
s 1
f 843 848 847
s 1
f 841 848 844
s 1
f 845 850 849
s 1
f 846 851 850
s 1
f 848 851 847
s 1
f 848 849 852
s 1
f 850 853 849
s 1
f 851 854 850
s 1
f 851 856 855
s 1
f 849 856 852
s 1
f 854 857 853
s 1
f 855 858 854
s 1
f 855 860 859
s 1
f 853 860 856
s 1
f 858 861 857
s 1
f 859 862 858
s 1
f 859 864 863
s 1
f 857 864 860
s 1
f 861 866 865
s 1
f 862 867 866
s 1
f 863 868 867
s 1
f 861 868 864
s 1
f 866 869 865
s 1
f 867 870 866
s 1
f 867 872 871
s 1
f 865 872 868
s 1
f 870 873 869
s 1
f 871 874 870
s 1
f 871 876 875
s 1
f 872 873 876
s 1
f 877 714 713
s 1
f 877 715 714
s 1
f 877 716 715
s 1
f 877 713 716
s 1
f 873 874 878
s 1
f 874 875 878
s 1
f 875 876 878
s 1
f 876 873 878
s 1
f 879 884 883
s 1
f 880 885 884
s 1
f 882 885 881
s 1
f 879 886 882
s 1
f 884 887 883
s 1
f 884 889 888
s 1
f 886 889 885
s 1
f 883 890 886
s 1
f 888 891 887
s 1
f 889 892 888
s 1
f 889 894 893
s 1
f 890 891 894
s 1
f 891 896 895
s 1
f 893 896 892
s 1
f 893 898 897
s 1
f 894 895 898
s 1
f 896 899 895
s 1
f 896 901 900
s 1
f 897 902 901
s 1
f 895 902 898
s 1
f 899 904 903
s 1
f 900 905 904
s 1
f 901 906 905
s 1
f 902 903 906
s 1
f 903 908 907
s 1
f 905 908 904
s 1
f 905 910 909
s 1
f 906 907 910
s 1
f 908 911 907
s 1
f 908 913 912
s 1
f 910 913 909
s 1
f 907 914 910
s 1
f 912 915 911
s 1
f 913 916 912
s 1
f 913 918 917
s 1
f 914 915 918
s 1
f 915 920 919
s 1
f 916 921 920
s 1
f 918 921 917
s 1
f 915 922 918
s 1
f 920 923 919
s 1
f 921 924 920
s 1
f 921 926 925
s 1
f 922 923 926
s 1
f 923 928 927
s 1
f 924 929 928
s 1
f 926 929 925
s 1
f 923 930 926
s 1
f 927 932 931
s 1
f 929 932 928
s 1
f 930 933 929
s 1
f 930 931 934
s 1
f 932 935 931
s 1
f 933 936 932
s 1
f 934 937 933
s 1
f 931 938 934
s 1
f 936 939 935
s 1
f 937 940 936
s 1
f 938 941 937
s 1
f 935 942 938
s 1
f 940 943 939
s 1
f 940 945 944
s 1
f 941 946 945
s 1
f 939 946 942
s 1
f 944 947 943
s 1
f 944 949 948
s 1
f 945 950 949
s 1
f 946 947 950
s 1
f 947 952 951
s 1
f 948 953 952
s 1
f 950 953 949
s 1
f 947 954 950
s 1
f 951 956 955
s 1
f 953 956 952
s 1
f 953 958 957
s 1
f 954 955 958
s 1
f 955 960 959
s 1
f 957 960 956
s 1
f 958 961 957
s 1
f 955 962 958
s 1
f 960 963 959
s 1
f 960 965 964
s 1
f 961 966 965
s 1
f 962 963 966
s 1
f 964 967 963
s 1
f 964 969 968
s 1
f 966 969 965
s 1
f 963 970 966
s 1
f 968 971 967
s 1
f 969 972 968
s 1
f 969 974 973
s 1
f 970 971 974
s 1
f 972 975 971
s 1
f 972 977 976
s 1
f 974 977 973
s 1
f 974 975 978
s 1
f 976 979 975
s 1
f 977 980 976
s 1
f 978 981 977
s 1
f 978 979 982
s 1
f 980 983 979
s 1
f 980 985 984
s 1
f 981 986 985
s 1
f 979 986 982
s 1
f 983 988 987
s 1
f 985 988 984
s 1
f 985 990 989
s 1
f 986 987 990
s 1
f 988 991 987
s 1
f 988 993 992
s 1
f 990 993 989
s 1
f 987 994 990
s 1
f 992 995 991
s 1
f 993 996 992
s 1
f 993 998 997
s 1
f 994 995 998
s 1
f 995 1000 999
s 1
f 996 1001 1000
s 1
f 998 1001 997
s 1
f 995 1002 998
s 1
f 1000 1003 999
s 1
f 1001 1004 1000
s 1
f 1001 1006 1005
s 1
f 1002 1003 1006
s 1
f 1003 1008 1007
s 1
f 1004 1009 1008
s 1
f 1006 1009 1005
s 1
f 1003 1010 1006
s 1
f 1007 1012 1011
s 1
f 1009 1012 1008
s 1
f 1010 1013 1009
s 1
f 1010 1011 1014
s 1
f 1012 1015 1011
s 1
f 1013 1016 1012
s 1
f 1014 1017 1013
s 1
f 1011 1018 1014
s 1
f 1016 1019 1015
s 1
f 1017 1020 1016
s 1
f 1018 1021 1017
s 1
f 1015 1022 1018
s 1
f 1020 1023 1019
s 1
f 1020 1025 1024
s 1
f 1021 1026 1025
s 1
f 1019 1026 1022
s 1
f 1024 1027 1023
s 1
f 1024 1029 1028
s 1
f 1025 1030 1029
s 1
f 1026 1027 1030
s 1
f 1027 1032 1031
s 1
f 1028 1033 1032
s 1
f 1030 1033 1029
s 1
f 1027 1034 1030
s 1
f 1031 1036 1035
s 1
f 1033 1036 1032
s 1
f 1033 1038 1037
s 1
f 1034 1035 1038
s 1
f 1036 1039 1035
s 1
f 1037 1040 1036
s 1
f 1037 1042 1041
s 1
f 1038 1039 1042
s 1
f 1043 880 879
s 1
f 1043 881 880
s 1
f 1043 882 881
s 1
f 1043 879 882
s 1
f 1039 1040 1044
s 1
f 1040 1041 1044
s 1
f 1041 1042 1044
s 1
f 1042 1039 1044
s 1
f 1045 1050 1049
s 1
f 1046 1051 1050
s 1
f 1048 1051 1047
s 1
f 1045 1052 1048
s 1
f 1050 1053 1049
s 1
f 1050 1055 1054
s 1
f 1052 1055 1051
s 1
f 1049 1056 1052
s 1
f 1054 1057 1053
s 1
f 1055 1058 1054
s 1
f 1056 1059 1055
s 1
f 1053 1060 1056
s 1
f 1058 1061 1057
s 1
f 1058 1063 1062
s 1
f 1060 1063 1059
s 1
f 1060 1061 1064
s 1
f 1062 1065 1061
s 1
f 1062 1067 1066
s 1
f 1063 1068 1067
s 1
f 1064 1065 1068
s 1
f 1065 1070 1069
s 1
f 1067 1070 1066
s 1
f 1068 1071 1067
s 1
f 1065 1072 1068
s 1
f 1069 1074 1073
s 1
f 1070 1075 1074
s 1
f 1072 1075 1071
s 1
f 1069 1076 1072
s 1
f 1073 1078 1077
s 1
f 1074 1079 1078
s 1
f 1075 1080 1079
s 1
f 1073 1080 1076
s 1
f 1078 1081 1077
s 1
f 1079 1082 1078
s 1
f 1079 1084 1083
s 1
f 1077 1084 1080
s 1
f 1082 1085 1081
s 1
f 1083 1086 1082
s 1
f 1083 1088 1087
s 1
f 1084 1085 1088
s 1
f 1085 1090 1089
s 1
f 1086 1091 1090
s 1
f 1088 1091 1087
s 1
f 1085 1092 1088
s 1
f 1089 1094 1093
s 1
f 1090 1095 1094
s 1
f 1092 1095 1091
s 1
f 1092 1093 1096
s 1
f 1094 1097 1093
s 1
f 1094 1099 1098
s 1
f 1096 1099 1095
s 1
f 1096 1097 1100
s 1
f 1098 1101 1097
s 1
f 1099 1102 1098
s 1
f 1099 1104 1103
s 1
f 1100 1101 1104
s 1
f 1102 1105 1101
s 1
f 1102 1107 1106
s 1
f 1103 1108 1107
s 1
f 1104 1105 1108
s 1
f 1105 1110 1109
s 1
f 1107 1110 1106
s 1
f 1107 1112 1111
s 1
f 1105 1112 1108
s 1
f 1110 1113 1109
s 1
f 1111 1114 1110
s 1
f 1111 1116 1115
s 1
f 1109 1116 1112
s 1
f 1113 1118 1117
s 1
f 1115 1118 1114
s 1
f 1115 1120 1119
s 1
f 1113 1120 1116
s 1
f 1117 1122 1121
s 1
f 1119 1122 1118
s 1
f 1119 1124 1123
s 1
f 1120 1121 1124
s 1
f 1122 1125 1121
s 1
f 1122 1127 1126
s 1
f 1124 1127 1123
s 1
f 1124 1125 1128
s 1
f 1125 1130 1129
s 1
f 1127 1130 1126
s 1
f 1127 1132 1131
s 1
f 1125 1132 1128
s 1
f 1130 1133 1129
s 1
f 1130 1135 1134
s 1
f 1132 1135 1131
s 1
f 1129 1136 1132
s 1
f 1134 1137 1133
s 1
f 1135 1138 1134
s 1
f 1136 1139 1135
s 1
f 1133 1140 1136
s 1
f 1138 1141 1137
s 1
f 1138 1143 1142
s 1
f 1140 1143 1139
s 1
f 1140 1141 1144
s 1
f 1142 1145 1141
s 1
f 1142 1147 1146
s 1
f 1143 1148 1147
s 1
f 1144 1145 1148
s 1
f 1145 1150 1149
s 1
f 1147 1150 1146
s 1
f 1148 1151 1147
s 1
f 1145 1152 1148
s 1
f 1149 1154 1153
s 1
f 1150 1155 1154
s 1
f 1152 1155 1151
s 1
f 1149 1156 1152
s 1
f 1153 1158 1157
s 1
f 1154 1159 1158
s 1
f 1155 1160 1159
s 1
f 1153 1160 1156
s 1
f 1158 1161 1157
s 1
f 1159 1162 1158
s 1
f 1159 1164 1163
s 1
f 1157 1164 1160
s 1
f 1162 1165 1161
s 1
f 1163 1166 1162
s 1
f 1163 1168 1167
s 1
f 1164 1165 1168
s 1
f 1165 1170 1169
s 1
f 1166 1171 1170
s 1
f 1168 1171 1167
s 1
f 1165 1172 1168
s 1
f 1169 1174 1173
s 1
f 1170 1175 1174
s 1
f 1172 1175 1171
s 1
f 1172 1173 1176
s 1
f 1174 1177 1173
s 1
f 1174 1179 1178
s 1
f 1176 1179 1175
s 1
f 1176 1177 1180
s 1
f 1178 1181 1177
s 1
f 1179 1182 1178
s 1
f 1179 1184 1183
s 1
f 1180 1181 1184
s 1
f 1182 1185 1181
s 1
f 1182 1187 1186
s 1
f 1183 1188 1187
s 1
f 1184 1185 1188
s 1
f 1185 1190 1189
s 1
f 1187 1190 1186
s 1
f 1187 1192 1191
s 1
f 1185 1192 1188
s 1
f 1190 1193 1189
s 1
f 1191 1194 1190
s 1
f 1191 1196 1195
s 1
f 1189 1196 1192
s 1
f 1193 1198 1197
s 1
f 1195 1198 1194
s 1
f 1195 1200 1199
s 1
f 1193 1200 1196
s 1
f 1197 1202 1201
s 1
f 1199 1202 1198
s 1
f 1199 1204 1203
s 1
f 1200 1201 1204
s 1
f 1202 1205 1201
s 1
f 1203 1206 1202
s 1
f 1203 1208 1207
s 1
f 1204 1205 1208
s 1
f 1209 1046 1045
s 1
f 1209 1047 1046
s 1
f 1209 1048 1047
s 1
f 1209 1045 1048
s 1
f 1205 1206 1210
s 1
f 1206 1207 1210
s 1
f 1207 1208 1210
s 1
f 1208 1205 1210
s 1
f 1211 1216 1215
s 1
f 1212 1217 1216
s 1
f 1214 1217 1213
s 1
f 1211 1218 1214
s 1
f 1215 1220 1219
s 1
f 1216 1221 1220
s 1
f 1217 1222 1221
s 1
f 1215 1222 1218
s 1
f 1220 1223 1219
s 1
f 1220 1225 1224
s 1
f 1222 1225 1221
s 1
f 1222 1223 1226
s 1
f 1224 1227 1223
s 1
f 1224 1229 1228
s 1
f 1225 1230 1229
s 1
f 1226 1227 1230
s 1
f 1227 1232 1231
s 1
f 1229 1232 1228
s 1
f 1229 1234 1233
s 1
f 1230 1231 1234
s 1
f 1231 1236 1235
s 1
f 1233 1236 1232
s 1
f 1233 1238 1237
s 1
f 1231 1238 1234
s 1
f 1236 1239 1235
s 1
f 1237 1240 1236
s 1
f 1237 1242 1241
s 1
f 1238 1239 1242
s 1
f 1239 1244 1243
s 1
f 1241 1244 1240
s 1
f 1241 1246 1245
s 1
f 1242 1243 1246
s 1
f 1244 1247 1243
s 1
f 1244 1249 1248
s 1
f 1246 1249 1245
s 1
f 1246 1247 1250
s 1
f 1248 1251 1247
s 1
f 1249 1252 1248
s 1
f 1250 1253 1249
s 1
f 1250 1251 1254
s 1
f 1251 1256 1255
s 1
f 1253 1256 1252
s 1
f 1253 1258 1257
s 1
f 1251 1258 1254
s 1
f 1255 1260 1259
s 1
f 1257 1260 1256
s 1
f 1257 1262 1261
s 1
f 1255 1262 1258
s 1
f 1260 1263 1259
s 1
f 1260 1265 1264
s 1
f 1262 1265 1261
s 1
f 1259 1266 1262
s 1
f 1263 1268 1267
s 1
f 1264 1269 1268
s 1
f 1265 1270 1269
s 1
f 1263 1270 1266
s 1
f 1268 1271 1267
s 1
f 1269 1272 1268
s 1
f 1270 1273 1269
s 1
f 1267 1274 1270
s 1
f 1272 1275 1271
s 1
f 1272 1277 1276
s 1
f 1274 1277 1273
s 1
f 1274 1275 1278
s 1
f 1275 1280 1279
s 1
f 1277 1280 1276
s 1
f 1278 1281 1277
s 1
f 1275 1282 1278
s 1
f 1279 1284 1283
s 1
f 1281 1284 1280
s 1
f 1281 1286 1285
s 1
f 1279 1286 1282
s 1
f 1284 1287 1283
s 1
f 1284 1289 1288
s 1
f 1286 1289 1285
s 1
f 1286 1287 1290
s 1
f 1288 1291 1287
s 1
f 1288 1293 1292
s 1
f 1289 1294 1293
s 1
f 1290 1291 1294
s 1
f 1291 1296 1295
s 1
f 1292 1297 1296
s 1
f 1293 1298 1297
s 1
f 1291 1298 1294
s 1
f 1295 1300 1299
s 1
f 1296 1301 1300
s 1
f 1297 1302 1301
s 1
f 1295 1302 1298
s 1
f 1300 1303 1299
s 1
f 1300 1305 1304
s 1
f 1302 1305 1301
s 1
f 1302 1303 1306
s 1
f 1304 1307 1303
s 1
f 1304 1309 1308
s 1
f 1305 1310 1309
s 1
f 1306 1307 1310
s 1
f 1307 1312 1311
s 1
f 1309 1312 1308
s 1
f 1309 1314 1313
s 1
f 1310 1311 1314
s 1
f 1311 1316 1315
s 1
f 1313 1316 1312
s 1
f 1313 1318 1317
s 1
f 1311 1318 1314
s 1
f 1316 1319 1315
s 1
f 1317 1320 1316
s 1
f 1317 1322 1321
s 1
f 1318 1319 1322
s 1
f 1319 1324 1323
s 1
f 1321 1324 1320
s 1
f 1321 1326 1325
s 1
f 1322 1323 1326
s 1
f 1324 1327 1323
s 1
f 1324 1329 1328
s 1
f 1326 1329 1325
s 1
f 1326 1327 1330
s 1
f 1328 1331 1327
s 1
f 1329 1332 1328
s 1
f 1330 1333 1329
s 1
f 1330 1331 1334
s 1
f 1331 1336 1335
s 1
f 1333 1336 1332
s 1
f 1333 1338 1337
s 1
f 1331 1338 1334
s 1
f 1335 1340 1339
s 1
f 1337 1340 1336
s 1
f 1337 1342 1341
s 1
f 1335 1342 1338
s 1
f 1340 1343 1339
s 1
f 1340 1345 1344
s 1
f 1342 1345 1341
s 1
f 1339 1346 1342
s 1
f 1343 1348 1347
s 1
f 1344 1349 1348
s 1
f 1345 1350 1349
s 1
f 1343 1350 1346
s 1
f 1348 1351 1347
s 1
f 1349 1352 1348
s 1
f 1350 1353 1349
s 1
f 1347 1354 1350
s 1
f 1352 1355 1351
s 1
f 1352 1357 1356
s 1
f 1354 1357 1353
s 1
f 1354 1355 1358
s 1
f 1355 1360 1359
s 1
f 1357 1360 1356
s 1
f 1358 1361 1357
s 1
f 1355 1362 1358
s 1
f 1359 1364 1363
s 1
f 1361 1364 1360
s 1
f 1361 1366 1365
s 1
f 1359 1366 1362
s 1
f 1364 1367 1363
s 1
f 1364 1369 1368
s 1
f 1366 1369 1365
s 1
f 1366 1367 1370
s 1
f 1368 1371 1367
s 1
f 1369 1372 1368
s 1
f 1369 1374 1373
s 1
f 1370 1371 1374
s 1
f 1375 1212 1211
s 1
f 1375 1213 1212
s 1
f 1375 1214 1213
s 1
f 1375 1211 1214
s 1
f 1371 1372 1376
s 1
f 1372 1373 1376
s 1
f 1373 1374 1376
s 1
f 1374 1371 1376
s 1
f 1377 1382 1381
s 1
f 1378 1383 1382
s 1
f 1380 1383 1379
s 1
f 1377 1384 1380
s 1
f 1382 1385 1381
s 1
f 1382 1387 1386
s 1
f 1384 1387 1383
s 1
f 1384 1385 1388
s 1
f 1385 1390 1389
s 1
f 1386 1391 1390
s 1
f 1388 1391 1387
s 1
f 1385 1392 1388
s 1
f 1389 1394 1393
s 1
f 1391 1394 1390
s 1
f 1391 1396 1395
s 1
f 1392 1393 1396
s 1
f 1394 1397 1393
s 1
f 1394 1399 1398
s 1
f 1395 1400 1399
s 1
f 1396 1397 1400
s 1
f 1397 1402 1401
s 1
f 1399 1402 1398
s 1
f 1399 1404 1403
s 1
f 1397 1404 1400
s 1
f 1402 1405 1401
s 1
f 1403 1406 1402
s 1
f 1404 1407 1403
s 1
f 1401 1408 1404
s 1
f 1406 1409 1405
s 1
f 1406 1411 1410
s 1
f 1407 1412 1411
s 1
f 1408 1409 1412
s 1
f 1409 1414 1413
s 1
f 1410 1415 1414
s 1
f 1411 1416 1415
s 1
f 1412 1413 1416
s 1
f 1414 1417 1413
s 1
f 1415 1418 1414
s 1
f 1415 1420 1419
s 1
f 1416 1417 1420
s 1
f 1417 1422 1421
s 1
f 1418 1423 1422
s 1
f 1420 1423 1419
s 1
f 1417 1424 1420
s 1
f 1422 1425 1421
s 1
f 1423 1426 1422
s 1
f 1424 1427 1423
s 1
f 1421 1428 1424
s 1
f 1425 1430 1429
s 1
f 1427 1430 1426
s 1
f 1428 1431 1427
s 1
f 1425 1432 1428
s 1
f 1429 1434 1433
s 1
f 1430 1435 1434
s 1
f 1431 1436 1435
s 1
f 1432 1433 1436
s 1
f 1434 1437 1433
s 1
f 1434 1439 1438
s 1
f 1436 1439 1435
s 1
f 1433 1440 1436
s 1
f 1437 1442 1441
s 1
f 1439 1442 1438
s 1
f 1440 1443 1439
s 1
f 1437 1444 1440
s 1
f 1442 1445 1441
s 1
f 1442 1447 1446
s 1
f 1444 1447 1443
s 1
f 1441 1448 1444
s 1
f 1446 1449 1445
s 1
f 1447 1450 1446
s 1
f 1447 1452 1451
s 1
f 1448 1449 1452
s 1
f 1449 1454 1453
s 1
f 1451 1454 1450
s 1
f 1451 1456 1455
s 1
f 1449 1456 1452
s 1
f 1454 1457 1453
s 1
f 1454 1459 1458
s 1
f 1456 1459 1455
s 1
f 1456 1457 1460
s 1
f 1457 1462 1461
s 1
f 1459 1462 1458
s 1
f 1459 1464 1463
s 1
f 1457 1464 1460
s 1
f 1462 1465 1461
s 1
f 1462 1467 1466
s 1
f 1464 1467 1463
s 1
f 1464 1465 1468
s 1
f 1465 1470 1469
s 1
f 1466 1471 1470
s 1
f 1468 1471 1467
s 1
f 1465 1472 1468
s 1
f 1469 1474 1473
s 1
f 1471 1474 1470
s 1
f 1471 1476 1475
s 1
f 1472 1473 1476
s 1
f 1474 1477 1473
s 1
f 1474 1479 1478
s 1
f 1475 1480 1479
s 1
f 1476 1477 1480
s 1
f 1477 1482 1481
s 1
f 1479 1482 1478
s 1
f 1479 1484 1483
s 1
f 1477 1484 1480
s 1
f 1482 1485 1481
s 1
f 1483 1486 1482
s 1
f 1484 1487 1483
s 1
f 1481 1488 1484
s 1
f 1486 1489 1485
s 1
f 1486 1491 1490
s 1
f 1487 1492 1491
s 1
f 1488 1489 1492
s 1
f 1489 1494 1493
s 1
f 1490 1495 1494
s 1
f 1491 1496 1495
s 1
f 1492 1493 1496
s 1
f 1494 1497 1493
s 1
f 1495 1498 1494
s 1
f 1495 1500 1499
s 1
f 1496 1497 1500
s 1
f 1497 1502 1501
s 1
f 1498 1503 1502
s 1
f 1500 1503 1499
s 1
f 1497 1504 1500
s 1
f 1502 1505 1501
s 1
f 1503 1506 1502
s 1
f 1504 1507 1503
s 1
f 1501 1508 1504
s 1
f 1505 1510 1509
s 1
f 1507 1510 1506
s 1
f 1508 1511 1507
s 1
f 1505 1512 1508
s 1
f 1509 1514 1513
s 1
f 1510 1515 1514
s 1
f 1511 1516 1515
s 1
f 1512 1513 1516
s 1
f 1514 1517 1513
s 1
f 1514 1519 1518
s 1
f 1516 1519 1515
s 1
f 1513 1520 1516
s 1
f 1517 1522 1521
s 1
f 1519 1522 1518
s 1
f 1520 1523 1519
s 1
f 1517 1524 1520
s 1
f 1522 1525 1521
s 1
f 1522 1527 1526
s 1
f 1524 1527 1523
s 1
f 1521 1528 1524
s 1
f 1526 1529 1525
s 1
f 1527 1530 1526
s 1
f 1527 1532 1531
s 1
f 1528 1529 1532
s 1
f 1529 1534 1533
s 1
f 1531 1534 1530
s 1
f 1531 1536 1535
s 1
f 1529 1536 1532
s 1
f 1534 1537 1533
s 1
f 1535 1538 1534
s 1
f 1535 1540 1539
s 1
f 1536 1537 1540
s 1
f 1541 1378 1377
s 1
f 1541 1379 1378
s 1
f 1541 1380 1379
s 1
f 1541 1377 1380
s 1
f 1537 1538 1542
s 1
f 1538 1539 1542
s 1
f 1539 1540 1542
s 1
f 1540 1537 1542
s 1
f 1543 1548 1547
s 1
f 1544 1549 1548
s 1
f 1546 1549 1545
s 1
f 1543 1550 1546
s 1
f 1548 1551 1547
s 1
f 1548 1553 1552
s 1
f 1550 1553 1549
s 1
f 1550 1551 1554
s 1
f 1552 1555 1551
s 1
f 1552 1557 1556
s 1
f 1553 1558 1557
s 1
f 1554 1555 1558
s 1
f 1555 1560 1559
s 1
f 1557 1560 1556
s 1
f 1558 1561 1557
s 1
f 1555 1562 1558
s 1
f 1560 1563 1559
s 1
f 1560 1565 1564
s 1
f 1561 1566 1565
s 1
f 1559 1566 1562
s 1
f 1563 1568 1567
s 1
f 1565 1568 1564
s 1
f 1566 1569 1565
s 1
f 1563 1570 1566
s 1
f 1567 1572 1571
s 1
f 1568 1573 1572
s 1
f 1570 1573 1569
s 1
f 1570 1571 1574
s 1
f 1571 1576 1575
s 1
f 1573 1576 1572
s 1
f 1573 1578 1577
s 1
f 1574 1575 1578
s 1
f 1576 1579 1575
s 1
f 1577 1580 1576
s 1
f 1578 1581 1577
s 1
f 1578 1579 1582
s 1
f 1579 1584 1583
s 1
f 1580 1585 1584
s 1
f 1582 1585 1581
s 1
f 1579 1586 1582
s 1
f 1584 1587 1583
s 1
f 1585 1588 1584
s 1
f 1585 1590 1589
s 1
f 1586 1587 1590
s 1
f 1587 1592 1591
s 1
f 1588 1593 1592
s 1
f 1589 1594 1593
s 1
f 1587 1594 1590
s 1
f 1592 1595 1591
s 1
f 1592 1597 1596
s 1
f 1594 1597 1593
s 1
f 1591 1598 1594
s 1
f 1596 1599 1595
s 1
f 1597 1600 1596
s 1
f 1597 1602 1601
s 1
f 1595 1602 1598
s 1
f 1599 1604 1603
s 1
f 1601 1604 1600
s 1
f 1601 1606 1605
s 1
f 1602 1603 1606
s 1
f 1603 1608 1607
s 1
f 1605 1608 1604
s 1
f 1606 1609 1605
s 1
f 1606 1607 1610
s 1
f 1608 1611 1607
s 1
f 1608 1613 1612
s 1
f 1609 1614 1613
s 1
f 1610 1611 1614
s 1
f 1611 1616 1615
s 1
f 1612 1617 1616
s 1
f 1613 1618 1617
s 1
f 1611 1618 1614
s 1
f 1615 1620 1619
s 1
f 1617 1620 1616
s 1
f 1617 1622 1621
s 1
f 1615 1622 1618
s 1
f 1619 1624 1623
s 1
f 1620 1625 1624
s 1
f 1622 1625 1621
s 1
f 1619 1626 1622
s 1
f 1624 1627 1623
s 1
f 1625 1628 1624
s 1
f 1625 1630 1629
s 1
f 1626 1627 1630
s 1
f 1628 1631 1627
s 1
f 1628 1633 1632
s 1
f 1630 1633 1629
s 1
f 1630 1631 1634
s 1
f 1632 1635 1631
s 1
f 1632 1637 1636
s 1
f 1633 1638 1637
s 1
f 1634 1635 1638
s 1
f 1635 1640 1639
s 1
f 1637 1640 1636
s 1
f 1638 1641 1637
s 1
f 1635 1642 1638
s 1
f 1640 1643 1639
s 1
f 1640 1645 1644
s 1
f 1641 1646 1645
s 1
f 1639 1646 1642
s 1
f 1643 1648 1647
s 1
f 1645 1648 1644
s 1
f 1646 1649 1645
s 1
f 1643 1650 1646
s 1
f 1647 1652 1651
s 1
f 1648 1653 1652
s 1
f 1650 1653 1649
s 1
f 1650 1651 1654
s 1
f 1651 1656 1655
s 1
f 1653 1656 1652
s 1
f 1653 1658 1657
s 1
f 1654 1655 1658
s 1
f 1656 1659 1655
s 1
f 1657 1660 1656
s 1
f 1658 1661 1657
s 1
f 1658 1659 1662
s 1
f 1659 1664 1663
s 1
f 1660 1665 1664
s 1
f 1662 1665 1661
s 1
f 1659 1666 1662
s 1
f 1664 1667 1663
s 1
f 1665 1668 1664
s 1
f 1665 1670 1669
s 1
f 1666 1667 1670
s 1
f 1667 1672 1671
s 1
f 1668 1673 1672
s 1
f 1669 1674 1673
s 1
f 1667 1674 1670
s 1
f 1672 1675 1671
s 1
f 1672 1677 1676
s 1
f 1674 1677 1673
s 1
f 1671 1678 1674
s 1
f 1676 1679 1675
s 1
f 1677 1680 1676
s 1
f 1677 1682 1681
s 1
f 1675 1682 1678
s 1
f 1679 1684 1683
s 1
f 1681 1684 1680
s 1
f 1681 1686 1685
s 1
f 1682 1683 1686
s 1
f 1683 1688 1687
s 1
f 1685 1688 1684
s 1
f 1686 1689 1685
s 1
f 1686 1687 1690
s 1
f 1688 1691 1687
s 1
f 1688 1693 1692
s 1
f 1689 1694 1693
s 1
f 1690 1691 1694
s 1
f 1691 1696 1695
s 1
f 1692 1697 1696
s 1
f 1693 1698 1697
s 1
f 1691 1698 1694
s 1
f 1695 1700 1699
s 1
f 1697 1700 1696
s 1
f 1697 1702 1701
s 1
f 1695 1702 1698
s 1
f 1700 1703 1699
s 1
f 1701 1704 1700
s 1
f 1701 1706 1705
s 1
f 1702 1703 1706
s 1
f 1707 1544 1543
s 1
f 1707 1545 1544
s 1
f 1707 1546 1545
s 1
f 1707 1543 1546
s 1
f 1703 1704 1708
s 1
f 1704 1705 1708
s 1
f 1705 1706 1708
s 1
f 1706 1703 1708
s 1
f 1709 1714 1713
s 1
f 1710 1715 1714
s 1
f 1712 1715 1711
s 1
f 1709 1716 1712
s 1
f 1713 1718 1717
s 1
f 1714 1719 1718
s 1
f 1716 1719 1715
s 1
f 1716 1717 1720
s 1
f 1718 1721 1717
s 1
f 1719 1722 1718
s 1
f 1720 1723 1719
s 1
f 1720 1721 1724
s 1
f 1722 1725 1721
s 1
f 1723 1726 1722
s 1
f 1724 1727 1723
s 1
f 1724 1725 1728
s 1
f 1725 1730 1729
s 1
f 1726 1731 1730
s 1
f 1727 1732 1731
s 1
f 1728 1729 1732
s 1
f 1729 1734 1733
s 1
f 1730 1735 1734
s 1
f 1732 1735 1731
s 1
f 1729 1736 1732
s 1
f 1734 1737 1733
s 1
f 1735 1738 1734
s 1
f 1735 1740 1739
s 1
f 1733 1740 1736
s 1
f 1737 1742 1741
s 1
f 1739 1742 1738
s 1
f 1740 1743 1739
s 1
f 1737 1744 1740
s 1
f 1742 1745 1741
s 1
f 1743 1746 1742
s 1
f 1744 1747 1743
s 1
f 1744 1745 1748
s 1
f 1745 1750 1749
s 1
f 1746 1751 1750
s 1
f 1747 1752 1751
s 1
f 1748 1749 1752
s 1
f 1749 1754 1753
s 1
f 1751 1754 1750
s 1
f 1752 1755 1751
s 1
f 1752 1753 1756
s 1
f 1753 1758 1757
s 1
f 1754 1759 1758
s 1
f 1755 1760 1759
s 1
f 1753 1760 1756
s 1
f 1758 1761 1757
s 1
f 1759 1762 1758
s 1
f 1759 1764 1763
s 1
f 1760 1761 1764
s 1
f 1761 1766 1765
s 1
f 1763 1766 1762
s 1
f 1764 1767 1763
s 1
f 1764 1765 1768
s 1
f 1766 1769 1765
s 1
f 1767 1770 1766
s 1
f 1767 1772 1771
s 1
f 1765 1772 1768
s 1
f 1770 1773 1769
s 1
f 1771 1774 1770
s 1
f 1772 1775 1771
s 1
f 1772 1773 1776
s 1
f 1773 1778 1777
s 1
f 1775 1778 1774
s 1
f 1775 1780 1779
s 1
f 1773 1780 1776
s 1
f 1777 1782 1781
s 1
f 1779 1782 1778
s 1
f 1779 1784 1783
s 1
f 1777 1784 1780
s 1
f 1781 1786 1785
s 1
f 1783 1786 1782
s 1
f 1783 1788 1787
s 1
f 1781 1788 1784
s 1
f 1785 1790 1789
s 1
f 1787 1790 1786
s 1
f 1787 1792 1791
s 1
f 1785 1792 1788
s 1
f 1790 1793 1789
s 1
f 1790 1795 1794
s 1
f 1792 1795 1791
s 1
f 1792 1793 1796
s 1
f 1793 1798 1797
s 1
f 1794 1799 1798
s 1
f 1796 1799 1795
s 1
f 1796 1797 1800
s 1
f 1798 1801 1797
s 1
f 1799 1802 1798
s 1
f 1800 1803 1799
s 1
f 1800 1801 1804
s 1
f 1802 1805 1801
s 1
f 1803 1806 1802
s 1
f 1804 1807 1803
s 1
f 1804 1805 1808
s 1
f 1805 1810 1809
s 1
f 1806 1811 1810
s 1
f 1807 1812 1811
s 1
f 1808 1809 1812
s 1
f 1809 1814 1813
s 1
f 1810 1815 1814
s 1
f 1812 1815 1811
s 1
f 1809 1816 1812
s 1
f 1814 1817 1813
s 1
f 1815 1818 1814
s 1
f 1815 1820 1819
s 1
f 1813 1820 1816
s 1
f 1817 1822 1821
s 1
f 1819 1822 1818
s 1
f 1820 1823 1819
s 1
f 1817 1824 1820
s 1
f 1822 1825 1821
s 1
f 1823 1826 1822
s 1
f 1824 1827 1823
s 1
f 1824 1825 1828
s 1
f 1825 1830 1829
s 1
f 1826 1831 1830
s 1
f 1827 1832 1831
s 1
f 1828 1829 1832
s 1
f 1829 1834 1833
s 1
f 1831 1834 1830
s 1
f 1832 1835 1831
s 1
f 1832 1833 1836
s 1
f 1833 1838 1837
s 1
f 1834 1839 1838
s 1
f 1835 1840 1839
s 1
f 1833 1840 1836
s 1
f 1838 1841 1837
s 1
f 1839 1842 1838
s 1
f 1839 1844 1843
s 1
f 1840 1841 1844
s 1
f 1841 1846 1845
s 1
f 1843 1846 1842
s 1
f 1844 1847 1843
s 1
f 1844 1845 1848
s 1
f 1846 1849 1845
s 1
f 1847 1850 1846
s 1
f 1847 1852 1851
s 1
f 1845 1852 1848
s 1
f 1850 1853 1849
s 1
f 1851 1854 1850
s 1
f 1852 1855 1851
s 1
f 1852 1853 1856
s 1
f 1853 1858 1857
s 1
f 1855 1858 1854
s 1
f 1855 1860 1859
s 1
f 1853 1860 1856
s 1
f 1857 1862 1861
s 1
f 1859 1862 1858
s 1
f 1859 1864 1863
s 1
f 1857 1864 1860
s 1
f 1861 1866 1865
s 1
f 1863 1866 1862
s 1
f 1863 1868 1867
s 1
f 1861 1868 1864
s 1
f 1866 1869 1865
s 1
f 1867 1870 1866
s 1
f 1867 1872 1871
s 1
f 1868 1869 1872
s 1
f 1873 1710 1709
s 1
f 1873 1711 1710
s 1
f 1873 1712 1711
s 1
f 1873 1709 1712
s 1
f 1869 1870 1874
s 1
f 1870 1871 1874
s 1
f 1871 1872 1874
s 1
f 1872 1869 1874
s 1
f 1875 1880 1879
s 1
f 1876 1881 1880
s 1
f 1878 1881 1877
s 1
f 1875 1882 1878
s 1
f 1879 1884 1883
s 1
f 1881 1884 1880
s 1
f 1881 1886 1885
s 1
f 1879 1886 1882
s 1
f 1884 1887 1883
s 1
f 1885 1888 1884
s 1
f 1885 1890 1889
s 1
f 1883 1890 1886
s 1
f 1888 1891 1887
s 1
f 1888 1893 1892
s 1
f 1890 1893 1889
s 1
f 1890 1891 1894
s 1
f 1892 1895 1891
s 1
f 1892 1897 1896
s 1
f 1893 1898 1897
s 1
f 1891 1898 1894
s 1
f 1896 1899 1895
s 1
f 1896 1901 1900
s 1
f 1898 1901 1897
s 1
f 1898 1899 1902
s 1
f 1900 1903 1899
s 1
f 1900 1905 1904
s 1
f 1902 1905 1901
s 1
f 1899 1906 1902
s 1
f 1903 1908 1907
s 1
f 1905 1908 1904
s 1
f 1905 1910 1909
s 1
f 1906 1907 1910
s 1
f 1907 1912 1911
s 1
f 1908 1913 1912
s 1
f 1909 1914 1913
s 1
f 1910 1911 1914
s 1
f 1912 1915 1911
s 1
f 1913 1916 1912
s 1
f 1913 1918 1917
s 1
f 1914 1915 1918
s 1
f 1915 1920 1919
s 1
f 1916 1921 1920
s 1
f 1918 1921 1917
s 1
f 1915 1922 1918
s 1
f 1920 1923 1919
s 1
f 1921 1924 1920
s 1
f 1922 1925 1921
s 1
f 1922 1923 1926
s 1
f 1923 1928 1927
s 1
f 1924 1929 1928
s 1
f 1925 1930 1929
s 1
f 1926 1927 1930
s 1
f 1928 1931 1927
s 1
f 1929 1932 1928
s 1
f 1929 1934 1933
s 1
f 1930 1931 1934
s 1
f 1931 1936 1935
s 1
f 1933 1936 1932
s 1
f 1933 1938 1937
s 1
f 1931 1938 1934
s 1
f 1935 1940 1939
s 1
f 1937 1940 1936
s 1
f 1938 1941 1937
s 1
f 1938 1939 1942
s 1
f 1939 1944 1943
s 1
f 1941 1944 1940
s 1
f 1941 1946 1945
s 1
f 1939 1946 1942
s 1
f 1944 1947 1943
s 1
f 1944 1949 1948
s 1
f 1946 1949 1945
s 1
f 1946 1947 1950
s 1
f 1947 1952 1951
s 1
f 1948 1953 1952
s 1
f 1950 1953 1949
s 1
f 1947 1954 1950
s 1
f 1952 1955 1951
s 1
f 1953 1956 1952
s 1
f 1954 1957 1953
s 1
f 1951 1958 1954
s 1
f 1956 1959 1955
s 1
f 1957 1960 1956
s 1
f 1957 1962 1961
s 1
f 1958 1959 1962
s 1
f 1959 1964 1963
s 1
f 1961 1964 1960
s 1
f 1961 1966 1965
s 1
f 1959 1966 1962
s 1
f 1964 1967 1963
s 1
f 1965 1968 1964
s 1
f 1965 1970 1969
s 1
f 1963 1970 1966
s 1
f 1968 1971 1967
s 1
f 1968 1973 1972
s 1
f 1970 1973 1969
s 1
f 1970 1971 1974
s 1
f 1972 1975 1971
s 1
f 1972 1977 1976
s 1
f 1973 1978 1977
s 1
f 1971 1978 1974
s 1
f 1976 1979 1975
s 1
f 1976 1981 1980
s 1
f 1978 1981 1977
s 1
f 1978 1979 1982
s 1
f 1980 1983 1979
s 1
f 1980 1985 1984
s 1
f 1982 1985 1981
s 1
f 1979 1986 1982
s 1
f 1983 1988 1987
s 1
f 1985 1988 1984
s 1
f 1985 1990 1989
s 1
f 1986 1987 1990
s 1
f 1987 1992 1991
s 1
f 1988 1993 1992
s 1
f 1989 1994 1993
s 1
f 1990 1991 1994
s 1
f 1992 1995 1991
s 1
f 1993 1996 1992
s 1
f 1993 1998 1997
s 1
f 1994 1995 1998
s 1
f 1995 2000 1999
s 1
f 1996 2001 2000
s 1
f 1998 2001 1997
s 1
f 1995 2002 1998
s 1
f 2000 2003 1999
s 1
f 2001 2004 2000
s 1
f 2002 2005 2001
s 1
f 2002 2003 2006
s 1
f 2003 2008 2007
s 1
f 2004 2009 2008
s 1
f 2005 2010 2009
s 1
f 2006 2007 2010
s 1
f 2008 2011 2007
s 1
f 2009 2012 2008
s 1
f 2009 2014 2013
s 1
f 2010 2011 2014
s 1
f 2011 2016 2015
s 1
f 2013 2016 2012
s 1
f 2013 2018 2017
s 1
f 2011 2018 2014
s 1
f 2015 2020 2019
s 1
f 2017 2020 2016
s 1
f 2018 2021 2017
s 1
f 2018 2019 2022
s 1
f 2019 2024 2023
s 1
f 2021 2024 2020
s 1
f 2021 2026 2025
s 1
f 2019 2026 2022
s 1
f 2024 2027 2023
s 1
f 2024 2029 2028
s 1
f 2026 2029 2025
s 1
f 2026 2027 2030
s 1
f 2027 2032 2031
s 1
f 2028 2033 2032
s 1
f 2030 2033 2029
s 1
f 2027 2034 2030
s 1
f 2032 2035 2031
s 1
f 2033 2036 2032
s 1
f 2033 2038 2037
s 1
f 2034 2035 2038
s 1
f 2039 1876 1875
s 1
f 2039 1877 1876
s 1
f 2039 1878 1877
s 1
f 2039 1875 1878
s 1
f 2035 2036 2040
s 1
f 2036 2037 2040
s 1
f 2037 2038 2040
s 1
f 2038 2035 2040
s 1
f 2041 2046 2045
s 1
f 2042 2047 2046
s 1
f 2044 2047 2043
s 1
f 2041 2048 2044
s 1
f 2046 2049 2045
s 1
f 2047 2050 2046
s 1
f 2048 2051 2047
s 1
f 2048 2049 2052
s 1
f 2049 2054 2053
s 1
f 2051 2054 2050
s 1
f 2051 2056 2055
s 1
f 2049 2056 2052
s 1
f 2054 2057 2053
s 1
f 2054 2059 2058
s 1
f 2055 2060 2059
s 1
f 2056 2057 2060
s 1
f 2058 2061 2057
s 1
f 2058 2063 2062
s 1
f 2060 2063 2059
s 1
f 2060 2061 2064
s 1
f 2061 2066 2065
s 1
f 2063 2066 2062
s 1
f 2063 2068 2067
s 1
f 2061 2068 2064
s 1
f 2065 2070 2069
s 1
f 2067 2070 2066
s 1
f 2067 2072 2071
s 1
f 2068 2069 2072
s 1
f 2070 2073 2069
s 1
f 2071 2074 2070
s 1
f 2072 2075 2071
s 1
f 2069 2076 2072
s 1
f 2074 2077 2073
s 1
f 2075 2078 2074
s 1
f 2075 2080 2079
s 1
f 2076 2077 2080
s 1
f 2077 2082 2081
s 1
f 2079 2082 2078
s 1
f 2079 2084 2083
s 1
f 2077 2084 2080
s 1
f 2082 2085 2081
s 1
f 2082 2087 2086
s 1
f 2084 2087 2083
s 1
f 2084 2085 2088
s 1
f 2085 2090 2089
s 1
f 2086 2091 2090
s 1
f 2088 2091 2087
s 1
f 2085 2092 2088
s 1
f 2090 2093 2089
s 1
f 2090 2095 2094
s 1
f 2092 2095 2091
s 1
f 2089 2096 2092
s 1
f 2094 2097 2093
s 1
f 2094 2099 2098
s 1
f 2096 2099 2095
s 1
f 2096 2097 2100
s 1
f 2098 2101 2097
s 1
f 2098 2103 2102
s 1
f 2100 2103 2099
s 1
f 2100 2101 2104
s 1
f 2101 2106 2105
s 1
f 2103 2106 2102
s 1
f 2103 2108 2107
s 1
f 2104 2105 2108
s 1
f 2106 2109 2105
s 1
f 2107 2110 2106
s 1
f 2108 2111 2107
s 1
f 2105 2112 2108
s 1
f 2109 2114 2113
s 1
f 2110 2115 2114
s 1
f 2112 2115 2111
s 1
f 2112 2113 2116
s 1
f 2113 2118 2117
s 1
f 2115 2118 2114
s 1
f 2115 2120 2119
s 1
f 2113 2120 2116
s 1
f 2117 2122 2121
s 1
f 2118 2123 2122
s 1
f 2120 2123 2119
s 1
f 2117 2124 2120
s 1
f 2122 2125 2121
s 1
f 2123 2126 2122
s 1
f 2123 2128 2127
s 1
f 2124 2125 2128
s 1
f 2126 2129 2125
s 1
f 2127 2130 2126
s 1
f 2128 2131 2127
s 1
f 2128 2129 2132
s 1
f 2129 2134 2133
s 1
f 2131 2134 2130
s 1
f 2131 2136 2135
s 1
f 2129 2136 2132
s 1
f 2134 2137 2133
s 1
f 2134 2139 2138
s 1
f 2135 2140 2139
s 1
f 2136 2137 2140
s 1
f 2138 2141 2137
s 1
f 2138 2143 2142
s 1
f 2140 2143 2139
s 1
f 2140 2141 2144
s 1
f 2141 2146 2145
s 1
f 2143 2146 2142
s 1
f 2143 2148 2147
s 1
f 2141 2148 2144
s 1
f 2145 2150 2149
s 1
f 2147 2150 2146
s 1
f 2147 2152 2151
s 1
f 2148 2149 2152
s 1
f 2150 2153 2149
s 1
f 2151 2154 2150
s 1
f 2152 2155 2151
s 1
f 2149 2156 2152
s 1
f 2154 2157 2153
s 1
f 2155 2158 2154
s 1
f 2155 2160 2159
s 1
f 2156 2157 2160
s 1
f 2157 2162 2161
s 1
f 2159 2162 2158
s 1
f 2159 2164 2163
s 1
f 2157 2164 2160
s 1
f 2162 2165 2161
s 1
f 2162 2167 2166
s 1
f 2164 2167 2163
s 1
f 2164 2165 2168
s 1
f 2165 2170 2169
s 1
f 2166 2171 2170
s 1
f 2168 2171 2167
s 1
f 2165 2172 2168
s 1
f 2170 2173 2169
s 1
f 2170 2175 2174
s 1
f 2172 2175 2171
s 1
f 2169 2176 2172
s 1
f 2174 2177 2173
s 1
f 2174 2179 2178
s 1
f 2176 2179 2175
s 1
f 2176 2177 2180
s 1
f 2178 2181 2177
s 1
f 2178 2183 2182
s 1
f 2180 2183 2179
s 1
f 2180 2181 2184
s 1
f 2181 2186 2185
s 1
f 2183 2186 2182
s 1
f 2183 2188 2187
s 1
f 2184 2185 2188
s 1
f 2186 2189 2185
s 1
f 2187 2190 2186
s 1
f 2188 2191 2187
s 1
f 2185 2192 2188
s 1
f 2189 2194 2193
s 1
f 2190 2195 2194
s 1
f 2192 2195 2191
s 1
f 2192 2193 2196
s 1
f 2193 2198 2197
s 1
f 2195 2198 2194
s 1
f 2195 2200 2199
s 1
f 2193 2200 2196
s 1
f 2198 2201 2197
s 1
f 2199 2202 2198
s 1
f 2199 2204 2203
s 1
f 2200 2201 2204
s 1
f 2205 2042 2041
s 1
f 2205 2043 2042
s 1
f 2205 2044 2043
s 1
f 2205 2041 2044
s 1
f 2201 2202 2206
s 1
f 2202 2203 2206
s 1
f 2203 2204 2206
s 1
f 2204 2201 2206
s 1
f 2207 2212 2211
s 1
f 2208 2213 2212
s 1
f 2210 2213 2209
s 1
f 2207 2214 2210
s 1
f 2212 2215 2211
s 1
f 2213 2216 2212
s 1
f 2213 2218 2217
s 1
f 2214 2215 2218
s 1
f 2215 2220 2219
s 1
f 2217 2220 2216
s 1
f 2217 2222 2221
s 1
f 2215 2222 2218
s 1
f 2219 2224 2223
s 1
f 2220 2225 2224
s 1
f 2222 2225 2221
s 1
f 2222 2223 2226
s 1
f 2223 2228 2227
s 1
f 2224 2229 2228
s 1
f 2225 2230 2229
s 1
f 2223 2230 2226
s 1
f 2227 2232 2231
s 1
f 2229 2232 2228
s 1
f 2230 2233 2229
s 1
f 2230 2231 2234
s 1
f 2231 2236 2235
s 1
f 2233 2236 2232
s 1
f 2234 2237 2233
s 1
f 2234 2235 2238
s 1
f 2236 2239 2235
s 1
f 2237 2240 2236
s 1
f 2237 2242 2241
s 1
f 2238 2239 2242
s 1
f 2240 2243 2239
s 1
f 2241 2244 2240
s 1
f 2241 2246 2245
s 1
f 2239 2246 2242
s 1
f 2244 2247 2243
s 1
f 2245 2248 2244
s 1
f 2245 2250 2249
s 1
f 2246 2247 2250
s 1
f 2247 2252 2251
s 1
f 2249 2252 2248
s 1
f 2250 2253 2249
s 1
f 2247 2254 2250
s 1
f 2251 2256 2255
s 1
f 2252 2257 2256
s 1
f 2253 2258 2257
s 1
f 2251 2258 2254
s 1
f 2255 2260 2259
s 1
f 2256 2261 2260
s 1
f 2258 2261 2257
s 1
f 2255 2262 2258
s 1
f 2260 2263 2259
s 1
f 2260 2265 2264
s 1
f 2261 2266 2265
s 1
f 2259 2266 2262
s 1
f 2263 2268 2267
s 1
f 2264 2269 2268
s 1
f 2265 2270 2269
s 1
f 2263 2270 2266
s 1
f 2268 2271 2267
s 1
f 2269 2272 2268
s 1
f 2270 2273 2269
s 1
f 2270 2271 2274
s 1
f 2271 2276 2275
s 1
f 2273 2276 2272
s 1
f 2273 2278 2277
s 1
f 2274 2275 2278
s 1
f 2276 2279 2275
s 1
f 2276 2281 2280
s 1
f 2278 2281 2277
s 1
f 2278 2279 2282
s 1
f 2279 2284 2283
s 1
f 2280 2285 2284
s 1
f 2282 2285 2281
s 1
f 2282 2283 2286
s 1
f 2283 2288 2287
s 1
f 2284 2289 2288
s 1
f 2286 2289 2285
s 1
f 2283 2290 2286
s 1
f 2288 2291 2287
s 1
f 2289 2292 2288
s 1
f 2289 2294 2293
s 1
f 2290 2291 2294
s 1
f 2292 2295 2291
s 1
f 2293 2296 2292
s 1
f 2293 2298 2297
s 1
f 2294 2295 2298
s 1
f 2295 2300 2299
s 1
f 2297 2300 2296
s 1
f 2297 2302 2301
s 1
f 2295 2302 2298
s 1
f 2299 2304 2303
s 1
f 2300 2305 2304
s 1
f 2302 2305 2301
s 1
f 2302 2303 2306
s 1
f 2303 2308 2307
s 1
f 2304 2309 2308
s 1
f 2305 2310 2309
s 1
f 2303 2310 2306
s 1
f 2307 2312 2311
s 1
f 2309 2312 2308
s 1
f 2310 2313 2309
s 1
f 2310 2311 2314
s 1
f 2311 2316 2315
s 1
f 2313 2316 2312
s 1
f 2314 2317 2313
s 1
f 2314 2315 2318
s 1
f 2316 2319 2315
s 1
f 2317 2320 2316
s 1
f 2317 2322 2321
s 1
f 2318 2319 2322
s 1
f 2320 2323 2319
s 1
f 2321 2324 2320
s 1
f 2321 2326 2325
s 1
f 2319 2326 2322
s 1
f 2324 2327 2323
s 1
f 2325 2328 2324
s 1
f 2325 2330 2329
s 1
f 2326 2327 2330
s 1
f 2327 2332 2331
s 1
f 2329 2332 2328
s 1
f 2330 2333 2329
s 1
f 2327 2334 2330
s 1
f 2331 2336 2335
s 1
f 2332 2337 2336
s 1
f 2333 2338 2337
s 1
f 2331 2338 2334
s 1
f 2335 2340 2339
s 1
f 2336 2341 2340
s 1
f 2338 2341 2337
s 1
f 2335 2342 2338
s 1
f 2340 2343 2339
s 1
f 2340 2345 2344
s 1
f 2341 2346 2345
s 1
f 2339 2346 2342
s 1
f 2343 2348 2347
s 1
f 2344 2349 2348
s 1
f 2345 2350 2349
s 1
f 2343 2350 2346
s 1
f 2348 2351 2347
s 1
f 2349 2352 2348
s 1
f 2350 2353 2349
s 1
f 2350 2351 2354
s 1
f 2351 2356 2355
s 1
f 2353 2356 2352
s 1
f 2353 2358 2357
s 1
f 2354 2355 2358
s 1
f 2356 2359 2355
s 1
f 2356 2361 2360
s 1
f 2358 2361 2357
s 1
f 2358 2359 2362
s 1
f 2359 2364 2363
s 1
f 2360 2365 2364
s 1
f 2362 2365 2361
s 1
f 2362 2363 2366
s 1
f 2364 2367 2363
s 1
f 2365 2368 2364
s 1
f 2365 2370 2369
s 1
f 2366 2367 2370
s 1
f 2371 2208 2207
s 1
f 2371 2209 2208
s 1
f 2371 2210 2209
s 1
f 2371 2207 2210
s 1
f 2367 2368 2372
s 1
f 2368 2369 2372
s 1
f 2369 2370 2372
s 1
f 2370 2367 2372
s 1
f 2373 2378 2377
s 1
f 2374 2379 2378
s 1
f 2376 2379 2375
s 1
f 2373 2380 2376
s 1
f 2378 2381 2377
s 1
f 2379 2382 2378
s 1
f 2379 2384 2383
s 1
f 2377 2384 2380
s 1
f 2381 2386 2385
s 1
f 2383 2386 2382
s 1
f 2383 2388 2387
s 1
f 2381 2388 2384
s 1
f 2385 2390 2389
s 1
f 2386 2391 2390
s 1
f 2388 2391 2387
s 1
f 2388 2389 2392
s 1
f 2390 2393 2389
s 1
f 2390 2395 2394
s 1
f 2391 2396 2395
s 1
f 2389 2396 2392
s 1
f 2393 2398 2397
s 1
f 2395 2398 2394
s 1
f 2396 2399 2395
s 1
f 2396 2397 2400
s 1
f 2398 2401 2397
s 1
f 2399 2402 2398
s 1
f 2399 2404 2403
s 1
f 2397 2404 2400
s 1
f 2402 2405 2401
s 1
f 2403 2406 2402
s 1
f 2403 2408 2407
s 1
f 2401 2408 2404
s 1
f 2405 2410 2409
s 1
f 2407 2410 2406
s 1
f 2407 2412 2411
s 1
f 2405 2412 2408
s 1
f 2410 2413 2409
s 1
f 2410 2415 2414
s 1
f 2411 2416 2415
s 1
f 2412 2413 2416
s 1
f 2413 2418 2417
s 1
f 2414 2419 2418
s 1
f 2416 2419 2415
s 1
f 2413 2420 2416
s 1
f 2418 2421 2417
s 1
f 2418 2423 2422
s 1
f 2419 2424 2423
s 1
f 2420 2421 2424
s 1
f 2421 2426 2425
s 1
f 2422 2427 2426
s 1
f 2424 2427 2423
s 1
f 2424 2425 2428
s 1
f 2425 2430 2429
s 1
f 2427 2430 2426
s 1
f 2428 2431 2427
s 1
f 2425 2432 2428
s 1
f 2430 2433 2429
s 1
f 2430 2435 2434
s 1
f 2432 2435 2431
s 1
f 2432 2433 2436
s 1
f 2433 2438 2437
s 1
f 2435 2438 2434
s 1
f 2436 2439 2435
s 1
f 2436 2437 2440
s 1
f 2437 2442 2441
s 1
f 2439 2442 2438
s 1
f 2439 2444 2443
s 1
f 2437 2444 2440
s 1
f 2441 2446 2445
s 1
f 2442 2447 2446
s 1
f 2444 2447 2443
s 1
f 2444 2445 2448
s 1
f 2446 2449 2445
s 1
f 2446 2451 2450
s 1
f 2448 2451 2447
s 1
f 2448 2449 2452
s 1
f 2450 2453 2449
s 1
f 2451 2454 2450
s 1
f 2452 2455 2451
s 1
f 2449 2456 2452
s 1
f 2454 2457 2453
s 1
f 2455 2458 2454
s 1
f 2455 2460 2459
s 1
f 2456 2457 2460
s 1
f 2458 2461 2457
s 1
f 2459 2462 2458
s 1
f 2459 2464 2463
s 1
f 2457 2464 2460
s 1
f 2461 2466 2465
s 1
f 2463 2466 2462
s 1
f 2463 2468 2467
s 1
f 2461 2468 2464
s 1
f 2465 2470 2469
s 1
f 2466 2471 2470
s 1
f 2468 2471 2467
s 1
f 2468 2469 2472
s 1
f 2470 2473 2469
s 1
f 2470 2475 2474
s 1
f 2471 2476 2475
s 1
f 2469 2476 2472
s 1
f 2473 2478 2477
s 1
f 2475 2478 2474
s 1
f 2476 2479 2475
s 1
f 2476 2477 2480
s 1
f 2478 2481 2477
s 1
f 2479 2482 2478
s 1
f 2479 2484 2483
s 1
f 2477 2484 2480
s 1
f 2482 2485 2481
s 1
f 2483 2486 2482
s 1
f 2483 2488 2487
s 1
f 2481 2488 2484
s 1
f 2485 2490 2489
s 1
f 2487 2490 2486
s 1
f 2487 2492 2491
s 1
f 2485 2492 2488
s 1
f 2490 2493 2489
s 1
f 2490 2495 2494
s 1
f 2491 2496 2495
s 1
f 2492 2493 2496
s 1
f 2493 2498 2497
s 1
f 2494 2499 2498
s 1
f 2496 2499 2495
s 1
f 2493 2500 2496
s 1
f 2498 2501 2497
s 1
f 2498 2503 2502
s 1
f 2499 2504 2503
s 1
f 2500 2501 2504
s 1
f 2501 2506 2505
s 1
f 2502 2507 2506
s 1
f 2504 2507 2503
s 1
f 2504 2505 2508
s 1
f 2505 2510 2509
s 1
f 2507 2510 2506
s 1
f 2508 2511 2507
s 1
f 2505 2512 2508
s 1
f 2510 2513 2509
s 1
f 2510 2515 2514
s 1
f 2512 2515 2511
s 1
f 2512 2513 2516
s 1
f 2513 2518 2517
s 1
f 2515 2518 2514
s 1
f 2516 2519 2515
s 1
f 2516 2517 2520
s 1
f 2517 2522 2521
s 1
f 2519 2522 2518
s 1
f 2519 2524 2523
s 1
f 2517 2524 2520
s 1
f 2521 2526 2525
s 1
f 2522 2527 2526
s 1
f 2524 2527 2523
s 1
f 2524 2525 2528
s 1
f 2526 2529 2525
s 1
f 2526 2531 2530
s 1
f 2528 2531 2527
s 1
f 2528 2529 2532
s 1
f 2530 2533 2529
s 1
f 2531 2534 2530
s 1
f 2531 2536 2535
s 1
f 2532 2533 2536
s 1
f 2537 2374 2373
s 1
f 2537 2375 2374
s 1
f 2537 2376 2375
s 1
f 2537 2373 2376
s 1
f 2533 2534 2538
s 1
f 2534 2535 2538
s 1
f 2535 2536 2538
s 1
f 2536 2533 2538
s 1
f 2 6 5
s 1
f 3 7 6
s 1
f 4 8 7
s 1
f 1 5 8
s 1
f 6 10 9
s 1
f 7 11 10
s 1
f 8 12 11
s 1
f 8 5 9
s 1
f 10 14 13
s 1
f 11 15 14
s 1
f 12 16 15
s 1
f 12 9 13
s 1
f 13 14 18
s 1
f 15 19 18
s 1
f 15 16 20
s 1
f 13 17 20
s 1
f 18 22 21
s 1
f 19 23 22
s 1
f 19 20 24
s 1
f 17 21 24
s 1
f 21 22 26
s 1
f 23 27 26
s 1
f 24 28 27
s 1
f 21 25 28
s 1
f 25 26 30
s 1
f 27 31 30
s 1
f 28 32 31
s 1
f 25 29 32
s 1
f 29 30 34
s 1
f 31 35 34
s 1
f 32 36 35
s 1
f 32 29 33
s 1
f 33 34 38
s 1
f 35 39 38
s 1
f 36 40 39
s 1
f 33 37 40
s 1
f 38 42 41
s 1
f 38 39 43
s 1
f 39 40 44
s 1
f 37 41 44
s 1
f 41 42 46
s 1
f 43 47 46
s 1
f 44 48 47
s 1
f 44 41 45
s 1
f 45 46 50
s 1
f 47 51 50
s 1
f 47 48 52
s 1
f 45 49 52
s 1
f 50 54 53
s 1
f 50 51 55
s 1
f 51 52 56
s 1
f 49 53 56
s 1
f 53 54 58
s 1
f 55 59 58
s 1
f 56 60 59
s 1
f 56 53 57
s 1
f 57 58 62
s 1
f 59 63 62
s 1
f 59 60 64
s 1
f 57 61 64
s 1
f 61 62 66
s 1
f 63 67 66
s 1
f 63 64 68
s 1
f 61 65 68
s 1
f 66 70 69
s 1
f 66 67 71
s 1
f 67 68 72
s 1
f 65 69 72
s 1
f 69 70 74
s 1
f 71 75 74
s 1
f 72 76 75
s 1
f 72 69 73
s 1
f 74 78 77
s 1
f 75 79 78
s 1
f 76 80 79
s 1
f 73 77 80
s 1
f 77 78 82
s 1
f 79 83 82
s 1
f 80 84 83
s 1
f 80 77 81
s 1
f 81 82 86
s 1
f 83 87 86
s 1
f 84 88 87
s 1
f 84 81 85
s 1
f 86 90 89
s 1
f 86 87 91
s 1
f 87 88 92
s 1
f 85 89 92
s 1
f 89 90 94
s 1
f 91 95 94
s 1
f 92 96 95
s 1
f 92 89 93
s 1
f 94 98 97
s 1
f 94 95 99
s 1
f 95 96 100
s 1
f 93 97 100
s 1
f 98 102 101
s 1
f 98 99 103
s 1
f 99 100 104
s 1
f 97 101 104
s 1
f 101 102 106
s 1
f 103 107 106
s 1
f 104 108 107
s 1
f 104 101 105
s 1
f 105 106 110
s 1
f 107 111 110
s 1
f 108 112 111
s 1
f 108 105 109
s 1
f 110 114 113
s 1
f 110 111 115
s 1
f 111 112 116
s 1
f 109 113 116
s 1
f 113 114 118
s 1
f 115 119 118
s 1
f 116 120 119
s 1
f 116 113 117
s 1
f 118 122 121
s 1
f 118 119 123
s 1
f 119 120 124
s 1
f 117 121 124
s 1
f 122 126 125
s 1
f 122 123 127
s 1
f 123 124 128
s 1
f 121 125 128
s 1
f 125 126 130
s 1
f 127 131 130
s 1
f 128 132 131
s 1
f 125 129 132
s 1
f 129 130 134
s 1
f 131 135 134
s 1
f 132 136 135
s 1
f 132 129 133
s 1
f 134 138 137
s 1
f 134 135 139
s 1
f 135 136 140
s 1
f 133 137 140
s 1
f 137 138 142
s 1
f 139 143 142
s 1
f 140 144 143
s 1
f 140 137 141
s 1
f 141 142 146
s 1
f 143 147 146
s 1
f 144 148 147
s 1
f 144 141 145
s 1
f 146 150 149
s 1
f 146 147 151
s 1
f 147 148 152
s 1
f 145 149 152
s 1
f 149 150 154
s 1
f 151 155 154
s 1
f 152 156 155
s 1
f 152 149 153
s 1
f 154 158 157
s 1
f 154 155 159
s 1
f 155 156 160
s 1
f 153 157 160
s 1
f 157 158 162
s 1
f 159 163 162
s 1
f 160 164 163
s 1
f 160 157 161
s 1
f 162 166 165
s 1
f 162 163 167
s 1
f 163 164 168
s 1
f 161 165 168
s 1
f 166 170 169
s 1
f 166 167 171
s 1
f 167 168 172
s 1
f 165 169 172
s 1
f 169 170 174
s 1
f 170 171 175
s 1
f 171 172 176
s 1
f 169 173 176
s 1
f 180 184 183
s 1
f 181 185 184
s 1
f 182 186 185
s 1
f 179 183 186
s 1
f 184 188 187
s 1
f 184 185 189
s 1
f 186 190 189
s 1
f 183 187 190
s 1
f 188 192 191
s 1
f 189 193 192
s 1
f 190 194 193
s 1
f 187 191 194
s 1
f 192 196 195
s 1
f 193 197 196
s 1
f 194 198 197
s 1
f 191 195 198
s 1
f 195 196 200
s 1
f 196 197 201
s 1
f 198 202 201
s 1
f 195 199 202
s 1
f 199 200 204
s 1
f 201 205 204
s 1
f 201 202 206
s 1
f 199 203 206
s 1
f 204 208 207
s 1
f 205 209 208
s 1
f 205 206 210
s 1
f 206 203 207
s 1
f 208 212 211
s 1
f 209 213 212
s 1
f 209 210 214
s 1
f 210 207 211
s 1
f 212 216 215
s 1
f 213 217 216
s 1
f 213 214 218
s 1
f 214 211 215
s 1
f 216 220 219
s 1
f 217 221 220
s 1
f 217 218 222
s 1
f 218 215 219
s 1
f 219 220 224
s 1
f 220 221 225
s 1
f 222 226 225
s 1
f 219 223 226
s 1
f 224 228 227
s 1
f 225 229 228
s 1
f 225 226 230
s 1
f 226 223 227
s 1
f 228 232 231
s 1
f 229 233 232
s 1
f 229 230 234
s 1
f 230 227 231
s 1
f 231 232 236
s 1
f 232 233 237
s 1
f 234 238 237
s 1
f 231 235 238
s 1
f 235 236 240
s 1
f 236 237 241
s 1
f 238 242 241
s 1
f 235 239 242
s 1
f 239 240 244
s 1
f 241 245 244
s 1
f 241 242 246
s 1
f 239 243 246
s 1
f 244 248 247
s 1
f 245 249 248
s 1
f 245 246 250
s 1
f 246 243 247
s 1
f 247 248 252
s 1
f 248 249 253
s 1
f 250 254 253
s 1
f 247 251 254
s 1
f 252 256 255
s 1
f 253 257 256
s 1
f 253 254 258
s 1
f 254 251 255
s 1
f 255 256 260
s 1
f 256 257 261
s 1
f 258 262 261
s 1
f 255 259 262
s 1
f 259 260 264
s 1
f 260 261 265
s 1
f 262 266 265
s 1
f 259 263 266
s 1
f 264 268 267
s 1
f 265 269 268
s 1
f 265 266 270
s 1
f 266 263 267
s 1
f 267 268 272
s 1
f 268 269 273
s 1
f 270 274 273
s 1
f 267 271 274
s 1
f 272 276 275
s 1
f 273 277 276
s 1
f 273 274 278
s 1
f 274 271 275
s 1
f 276 280 279
s 1
f 277 281 280
s 1
f 277 278 282
s 1
f 278 275 279
s 1
f 279 280 284
s 1
f 280 281 285
s 1
f 282 286 285
s 1
f 279 283 286
s 1
f 283 284 288
s 1
f 284 285 289
s 1
f 286 290 289
s 1
f 283 287 290
s 1
f 288 292 291
s 1
f 289 293 292
s 1
f 289 290 294
s 1
f 290 287 291
s 1
f 291 292 296
s 1
f 292 293 297
s 1
f 294 298 297
s 1
f 291 295 298
s 1
f 296 300 299
s 1
f 297 301 300
s 1
f 297 298 302
s 1
f 298 295 299
s 1
f 300 304 303
s 1
f 301 305 304
s 1
f 301 302 306
s 1
f 302 299 303
s 1
f 303 304 308
s 1
f 304 305 309
s 1
f 306 310 309
s 1
f 303 307 310
s 1
f 307 308 312
s 1
f 308 309 313
s 1
f 310 314 313
s 1
f 307 311 314
s 1
f 312 316 315
s 1
f 313 317 316
s 1
f 313 314 318
s 1
f 314 311 315
s 1
f 315 316 320
s 1
f 316 317 321
s 1
f 318 322 321
s 1
f 315 319 322
s 1
f 319 320 324
s 1
f 320 321 325
s 1
f 322 326 325
s 1
f 319 323 326
s 1
f 324 328 327
s 1
f 325 329 328
s 1
f 325 326 330
s 1
f 326 323 327
s 1
f 327 328 332
s 1
f 328 329 333
s 1
f 330 334 333
s 1
f 327 331 334
s 1
f 332 336 335
s 1
f 333 337 336
s 1
f 333 334 338
s 1
f 334 331 335
s 1
f 335 336 340
s 1
f 336 337 341
s 1
f 338 342 341
s 1
f 335 339 342
s 1
f 340 344 343
s 1
f 341 345 344
s 1
f 341 342 346
s 1
f 342 339 343
s 1
f 344 348 347
s 1
f 345 349 348
s 1
f 345 346 350
s 1
f 346 343 347
s 1
f 348 352 351
s 1
f 348 349 353
s 1
f 349 350 354
s 1
f 350 347 351
s 1
f 358 362 361
s 1
f 359 363 362
s 1
f 360 364 363
s 1
f 357 361 364
s 1
f 362 366 365
s 1
f 362 363 367
s 1
f 364 368 367
s 1
f 361 365 368
s 1
f 366 370 369
s 1
f 366 367 371
s 1
f 368 372 371
s 1
f 365 369 372
s 1
f 369 370 374
s 1
f 371 375 374
s 1
f 371 372 376
s 1
f 369 373 376
s 1
f 373 374 378
s 1
f 375 379 378
s 1
f 376 380 379
s 1
f 373 377 380
s 1
f 378 382 381
s 1
f 379 383 382
s 1
f 379 380 384
s 1
f 377 381 384
s 1
f 382 386 385
s 1
f 383 387 386
s 1
f 383 384 388
s 1
f 381 385 388
s 1
f 386 390 389
s 1
f 386 387 391
s 1
f 387 388 392
s 1
f 385 389 392
s 1
f 390 394 393
s 1
f 391 395 394
s 1
f 391 392 396
s 1
f 389 393 396
s 1
f 393 394 398
s 1
f 395 399 398
s 1
f 396 400 399
s 1
f 396 393 397
s 1
f 398 402 401
s 1
f 398 399 403
s 1
f 399 400 404
s 1
f 397 401 404
s 1
f 401 402 406
s 1
f 403 407 406
s 1
f 403 404 408
s 1
f 401 405 408
s 1
f 405 406 410
s 1
f 407 411 410
s 1
f 408 412 411
s 1
f 408 405 409
s 1
f 410 414 413
s 1
f 410 411 415
s 1
f 411 412 416
s 1
f 409 413 416
s 1
f 413 414 418
s 1
f 415 419 418
s 1
f 415 416 420
s 1
f 413 417 420
s 1
f 417 418 422
s 1
f 419 423 422
s 1
f 419 420 424
s 1
f 417 421 424
s 1
f 421 422 426
s 1
f 423 427 426
s 1
f 424 428 427
s 1
f 424 421 425
s 1
f 426 430 429
s 1
f 426 427 431
s 1
f 427 428 432
s 1
f 425 429 432
s 1
f 430 434 433
s 1
f 431 435 434
s 1
f 432 436 435
s 1
f 429 433 436
s 1
f 434 438 437
s 1
f 434 435 439
s 1
f 435 436 440
s 1
f 433 437 440
s 1
f 438 442 441
s 1
f 438 439 443
s 1
f 439 440 444
s 1
f 437 441 444
s 1
f 441 442 446
s 1
f 443 447 446
s 1
f 444 448 447
s 1
f 444 441 445
s 1
f 446 450 449
s 1
f 446 447 451
s 1
f 447 448 452
s 1
f 445 449 452
s 1
f 449 450 454
s 1
f 451 455 454
s 1
f 452 456 455
s 1
f 452 449 453
s 1
f 453 454 458
s 1
f 455 459 458
s 1
f 456 460 459
s 1
f 456 453 457
s 1
f 458 462 461
s 1
f 458 459 463
s 1
f 459 460 464
s 1
f 457 461 464
s 1
f 462 466 465
s 1
f 462 463 467
s 1
f 463 464 468
s 1
f 461 465 468
s 1
f 465 466 470
s 1
f 467 471 470
s 1
f 468 472 471
s 1
f 468 465 469
s 1
f 470 474 473
s 1
f 470 471 475
s 1
f 471 472 476
s 1
f 469 473 476
s 1
f 473 474 478
s 1
f 475 479 478
s 1
f 476 480 479
s 1
f 476 473 477
s 1
f 477 478 482
s 1
f 479 483 482
s 1
f 480 484 483
s 1
f 480 477 481
s 1
f 482 486 485
s 1
f 483 487 486
s 1
f 483 484 488
s 1
f 481 485 488
s 1
f 486 490 489
s 1
f 486 487 491
s 1
f 487 488 492
s 1
f 485 489 492
s 1
f 489 490 494
s 1
f 491 495 494
s 1
f 492 496 495
s 1
f 492 489 493
s 1
f 494 498 497
s 1
f 494 495 499
s 1
f 495 496 500
s 1
f 493 497 500
s 1
f 498 502 501
s 1
f 498 499 503
s 1
f 499 500 504
s 1
f 497 501 504
s 1
f 501 502 506
s 1
f 503 507 506
s 1
f 504 508 507
s 1
f 504 501 505
s 1
f 506 510 509
s 1
f 506 507 511
s 1
f 507 508 512
s 1
f 505 509 512
s 1
f 509 510 514
s 1
f 511 515 514
s 1
f 512 516 515
s 1
f 512 509 513
s 1
f 514 518 517
s 1
f 514 515 519
s 1
f 515 516 520
s 1
f 513 517 520
s 1
f 517 518 522
s 1
f 519 523 522
s 1
f 520 524 523
s 1
f 520 517 521
s 1
f 521 522 526
s 1
f 523 527 526
s 1
f 524 528 527
s 1
f 524 521 525
s 1
f 525 526 530
s 1
f 527 531 530
s 1
f 527 528 532
s 1
f 528 525 529
s 1
f 536 540 539
s 1
f 537 541 540
s 1
f 538 542 541
s 1
f 535 539 542
s 1
f 540 544 543
s 1
f 541 545 544
s 1
f 542 546 545
s 1
f 542 539 543
s 1
f 544 548 547
s 1
f 545 549 548
s 1
f 546 550 549
s 1
f 543 547 550
s 1
f 548 552 551
s 1
f 549 553 552
s 1
f 550 554 553
s 1
f 547 551 554
s 1
f 552 556 555
s 1
f 553 557 556
s 1
f 553 554 558
s 1
f 554 551 555
s 1
f 555 556 560
s 1
f 557 561 560
s 1
f 557 558 562
s 1
f 555 559 562
s 1
f 559 560 564
s 1
f 560 561 565
s 1
f 562 566 565
s 1
f 559 563 566
s 1
f 563 564 568
s 1
f 564 565 569
s 1
f 566 570 569
s 1
f 563 567 570
s 1
f 567 568 572
s 1
f 568 569 573
s 1
f 570 574 573
s 1
f 567 571 574
s 1
f 571 572 576
s 1
f 572 573 577
s 1
f 574 578 577
s 1
f 571 575 578
s 1
f 576 580 579
s 1
f 577 581 580
s 1
f 577 578 582
s 1
f 578 575 579
s 1
f 579 580 584
s 1
f 580 581 585
s 1
f 582 586 585
s 1
f 579 583 586
s 1
f 583 584 588
s 1
f 584 585 589
s 1
f 586 590 589
s 1
f 583 587 590
s 1
f 588 592 591
s 1
f 589 593 592
s 1
f 589 590 594
s 1
f 590 587 591
s 1
f 592 596 595
s 1
f 593 597 596
s 1
f 593 594 598
s 1
f 594 591 595
s 1
f 595 596 600
s 1
f 597 601 600
s 1
f 597 598 602
s 1
f 595 599 602
s 1
f 599 600 604
s 1
f 600 601 605
s 1
f 602 606 605
s 1
f 599 603 606
s 1
f 604 608 607
s 1
f 605 609 608
s 1
f 605 606 610
s 1
f 606 603 607
s 1
f 607 608 612
s 1
f 608 609 613
s 1
f 610 614 613
s 1
f 607 611 614
s 1
f 612 616 615
s 1
f 613 617 616
s 1
f 613 614 618
s 1
f 614 611 615
s 1
f 616 620 619
s 1
f 617 621 620
s 1
f 617 618 622
s 1
f 618 615 619
s 1
f 619 620 624
s 1
f 620 621 625
s 1
f 622 626 625
s 1
f 619 623 626
s 1
f 624 628 627
s 1
f 625 629 628
s 1
f 625 626 630
s 1
f 626 623 627
s 1
f 627 628 632
s 1
f 628 629 633
s 1
f 630 634 633
s 1
f 627 631 634
s 1
f 631 632 636
s 1
f 632 633 637
s 1
f 634 638 637
s 1
f 631 635 638
s 1
f 636 640 639
s 1
f 637 641 640
s 1
f 637 638 642
s 1
f 638 635 639
s 1
f 640 644 643
s 1
f 641 645 644
s 1
f 641 642 646
s 1
f 642 639 643
s 1
f 643 644 648
s 1
f 644 645 649
s 1
f 646 650 649
s 1
f 643 647 650
s 1
f 648 652 651
s 1
f 649 653 652
s 1
f 649 650 654
s 1
f 650 647 651
s 1
f 651 652 656
s 1
f 652 653 657
s 1
f 654 658 657
s 1
f 651 655 658
s 1
f 655 656 660
s 1
f 656 657 661
s 1
f 658 662 661
s 1
f 655 659 662
s 1
f 660 664 663
s 1
f 661 665 664
s 1
f 661 662 666
s 1
f 662 659 663
s 1
f 664 668 667
s 1
f 665 669 668
s 1
f 665 666 670
s 1
f 666 663 667
s 1
f 667 668 672
s 1
f 668 669 673
s 1
f 670 674 673
s 1
f 667 671 674
s 1
f 672 676 675
s 1
f 673 677 676
s 1
f 673 674 678
s 1
f 674 671 675
s 1
f 676 680 679
s 1
f 677 681 680
s 1
f 677 678 682
s 1
f 678 675 679
s 1
f 679 680 684
s 1
f 680 681 685
s 1
f 682 686 685
s 1
f 679 683 686
s 1
f 684 688 687
s 1
f 685 689 688
s 1
f 685 686 690
s 1
f 686 683 687
s 1
f 687 688 692
s 1
f 688 689 693
s 1
f 690 694 693
s 1
f 687 691 694
s 1
f 692 696 695
s 1
f 693 697 696
s 1
f 693 694 698
s 1
f 694 691 695
s 1
f 695 696 700
s 1
f 696 697 701
s 1
f 698 702 701
s 1
f 695 699 702
s 1
f 699 700 704
s 1
f 700 701 705
s 1
f 702 706 705
s 1
f 699 703 706
s 1
f 703 704 708
s 1
f 704 705 709
s 1
f 706 710 709
s 1
f 706 703 707
s 1
f 713 714 718
s 1
f 714 715 719
s 1
f 716 720 719
s 1
f 713 717 720
s 1
f 717 718 722
s 1
f 718 719 723
s 1
f 720 724 723
s 1
f 720 717 721
s 1
f 722 726 725
s 1
f 722 723 727
s 1
f 724 728 727
s 1
f 721 725 728
s 1
f 726 730 729
s 1
f 727 731 730
s 1
f 728 732 731
s 1
f 728 725 729
s 1
f 730 734 733
s 1
f 730 731 735
s 1
f 732 736 735
s 1
f 729 733 736
s 1
f 734 738 737
s 1
f 735 739 738
s 1
f 736 740 739
s 1
f 733 737 740
s 1
f 738 742 741
s 1
f 738 739 743
s 1
f 739 740 744
s 1
f 737 741 744
s 1
f 742 746 745
s 1
f 743 747 746
s 1
f 744 748 747
s 1
f 741 745 748
s 1
f 745 746 750
s 1
f 746 747 751
s 1
f 747 748 752
s 1
f 748 745 749
s 1
f 750 754 753
s 1
f 751 755 754
s 1
f 751 752 756
s 1
f 749 753 756
s 1
f 753 754 758
s 1
f 754 755 759
s 1
f 756 760 759
s 1
f 753 757 760
s 1
f 758 762 761
s 1
f 759 763 762
s 1
f 760 764 763
s 1
f 757 761 764
s 1
f 761 762 766
s 1
f 763 767 766
s 1
f 763 764 768
s 1
f 761 765 768
s 1
f 765 766 770
s 1
f 766 767 771
s 1
f 768 772 771
s 1
f 768 765 769
s 1
f 770 774 773
s 1
f 771 775 774
s 1
f 771 772 776
s 1
f 769 773 776
s 1
f 774 778 777
s 1
f 775 779 778
s 1
f 775 776 780
s 1
f 773 777 780
s 1
f 778 782 781
s 1
f 779 783 782
s 1
f 779 780 784
s 1
f 777 781 784
s 1
f 781 782 786
s 1
f 782 783 787
s 1
f 783 784 788
s 1
f 781 785 788
s 1
f 786 790 789
s 1
f 787 791 790
s 1
f 787 788 792
s 1
f 785 789 792
s 1
f 790 794 793
s 1
f 791 795 794
s 1
f 792 796 795
s 1
f 789 793 796
s 1
f 793 794 798
s 1
f 794 795 799
s 1
f 795 796 800
s 1
f 793 797 800
s 1
f 797 798 802
s 1
f 798 799 803
s 1
f 800 804 803
s 1
f 800 797 801
s 1
f 802 806 805
s 1
f 802 803 807
s 1
f 804 808 807
s 1
f 801 805 808
s 1
f 806 810 809
s 1
f 807 811 810
s 1
f 808 812 811
s 1
f 808 805 809
s 1
f 810 814 813
s 1
f 810 811 815
s 1
f 812 816 815
s 1
f 809 813 816
s 1
f 814 818 817
s 1
f 815 819 818
s 1
f 816 820 819
s 1
f 813 817 820
s 1
f 818 822 821
s 1
f 818 819 823
s 1
f 819 820 824
s 1
f 817 821 824
s 1
f 822 826 825
s 1
f 823 827 826
s 1
f 824 828 827
s 1
f 821 825 828
s 1
f 825 826 830
s 1
f 826 827 831
s 1
f 827 828 832
s 1
f 828 825 829
s 1
f 830 834 833
s 1
f 831 835 834
s 1
f 831 832 836
s 1
f 829 833 836
s 1
f 833 834 838
s 1
f 834 835 839
s 1
f 836 840 839
s 1
f 833 837 840
s 1
f 838 842 841
s 1
f 839 843 842
s 1
f 840 844 843
s 1
f 837 841 844
s 1
f 841 842 846
s 1
f 843 847 846
s 1
f 843 844 848
s 1
f 841 845 848
s 1
f 845 846 850
s 1
f 846 847 851
s 1
f 848 852 851
s 1
f 848 845 849
s 1
f 850 854 853
s 1
f 851 855 854
s 1
f 851 852 856
s 1
f 849 853 856
s 1
f 854 858 857
s 1
f 855 859 858
s 1
f 855 856 860
s 1
f 853 857 860
s 1
f 858 862 861
s 1
f 859 863 862
s 1
f 859 860 864
s 1
f 857 861 864
s 1
f 861 862 866
s 1
f 862 863 867
s 1
f 863 864 868
s 1
f 861 865 868
s 1
f 866 870 869
s 1
f 867 871 870
s 1
f 867 868 872
s 1
f 865 869 872
s 1
f 870 874 873
s 1
f 871 875 874
s 1
f 871 872 876
s 1
f 872 869 873
s 1
f 879 880 884
s 1
f 880 881 885
s 1
f 882 886 885
s 1
f 879 883 886
s 1
f 884 888 887
s 1
f 884 885 889
s 1
f 886 890 889
s 1
f 883 887 890
s 1
f 888 892 891
s 1
f 889 893 892
s 1
f 889 890 894
s 1
f 890 887 891
s 1
f 891 892 896
s 1
f 893 897 896
s 1
f 893 894 898
s 1
f 894 891 895
s 1
f 896 900 899
s 1
f 896 897 901
s 1
f 897 898 902
s 1
f 895 899 902
s 1
f 899 900 904
s 1
f 900 901 905
s 1
f 901 902 906
s 1
f 902 899 903
s 1
f 903 904 908
s 1
f 905 909 908
s 1
f 905 906 910
s 1
f 906 903 907
s 1
f 908 912 911
s 1
f 908 909 913
s 1
f 910 914 913
s 1
f 907 911 914
s 1
f 912 916 915
s 1
f 913 917 916
s 1
f 913 914 918
s 1
f 914 911 915
s 1
f 915 916 920
s 1
f 916 917 921
s 1
f 918 922 921
s 1
f 915 919 922
s 1
f 920 924 923
s 1
f 921 925 924
s 1
f 921 922 926
s 1
f 922 919 923
s 1
f 923 924 928
s 1
f 924 925 929
s 1
f 926 930 929
s 1
f 923 927 930
s 1
f 927 928 932
s 1
f 929 933 932
s 1
f 930 934 933
s 1
f 930 927 931
s 1
f 932 936 935
s 1
f 933 937 936
s 1
f 934 938 937
s 1
f 931 935 938
s 1
f 936 940 939
s 1
f 937 941 940
s 1
f 938 942 941
s 1
f 935 939 942
s 1
f 940 944 943
s 1
f 940 941 945
s 1
f 941 942 946
s 1
f 939 943 946
s 1
f 944 948 947
s 1
f 944 945 949
s 1
f 945 946 950
s 1
f 946 943 947
s 1
f 947 948 952
s 1
f 948 949 953
s 1
f 950 954 953
s 1
f 947 951 954
s 1
f 951 952 956
s 1
f 953 957 956
s 1
f 953 954 958
s 1
f 954 951 955
s 1
f 955 956 960
s 1
f 957 961 960
s 1
f 958 962 961
s 1
f 955 959 962
s 1
f 960 964 963
s 1
f 960 961 965
s 1
f 961 962 966
s 1
f 962 959 963
s 1
f 964 968 967
s 1
f 964 965 969
s 1
f 966 970 969
s 1
f 963 967 970
s 1
f 968 972 971
s 1
f 969 973 972
s 1
f 969 970 974
s 1
f 970 967 971
s 1
f 972 976 975
s 1
f 972 973 977
s 1
f 974 978 977
s 1
f 974 971 975
s 1
f 976 980 979
s 1
f 977 981 980
s 1
f 978 982 981
s 1
f 978 975 979
s 1
f 980 984 983
s 1
f 980 981 985
s 1
f 981 982 986
s 1
f 979 983 986
s 1
f 983 984 988
s 1
f 985 989 988
s 1
f 985 986 990
s 1
f 986 983 987
s 1
f 988 992 991
s 1
f 988 989 993
s 1
f 990 994 993
s 1
f 987 991 994
s 1
f 992 996 995
s 1
f 993 997 996
s 1
f 993 994 998
s 1
f 994 991 995
s 1
f 995 996 1000
s 1
f 996 997 1001
s 1
f 998 1002 1001
s 1
f 995 999 1002
s 1
f 1000 1004 1003
s 1
f 1001 1005 1004
s 1
f 1001 1002 1006
s 1
f 1002 999 1003
s 1
f 1003 1004 1008
s 1
f 1004 1005 1009
s 1
f 1006 1010 1009
s 1
f 1003 1007 1010
s 1
f 1007 1008 1012
s 1
f 1009 1013 1012
s 1
f 1010 1014 1013
s 1
f 1010 1007 1011
s 1
f 1012 1016 1015
s 1
f 1013 1017 1016
s 1
f 1014 1018 1017
s 1
f 1011 1015 1018
s 1
f 1016 1020 1019
s 1
f 1017 1021 1020
s 1
f 1018 1022 1021
s 1
f 1015 1019 1022
s 1
f 1020 1024 1023
s 1
f 1020 1021 1025
s 1
f 1021 1022 1026
s 1
f 1019 1023 1026
s 1
f 1024 1028 1027
s 1
f 1024 1025 1029
s 1
f 1025 1026 1030
s 1
f 1026 1023 1027
s 1
f 1027 1028 1032
s 1
f 1028 1029 1033
s 1
f 1030 1034 1033
s 1
f 1027 1031 1034
s 1
f 1031 1032 1036
s 1
f 1033 1037 1036
s 1
f 1033 1034 1038
s 1
f 1034 1031 1035
s 1
f 1036 1040 1039
s 1
f 1037 1041 1040
s 1
f 1037 1038 1042
s 1
f 1038 1035 1039
s 1
f 1045 1046 1050
s 1
f 1046 1047 1051
s 1
f 1048 1052 1051
s 1
f 1045 1049 1052
s 1
f 1050 1054 1053
s 1
f 1050 1051 1055
s 1
f 1052 1056 1055
s 1
f 1049 1053 1056
s 1
f 1054 1058 1057
s 1
f 1055 1059 1058
s 1
f 1056 1060 1059
s 1
f 1053 1057 1060
s 1
f 1058 1062 1061
s 1
f 1058 1059 1063
s 1
f 1060 1064 1063
s 1
f 1060 1057 1061
s 1
f 1062 1066 1065
s 1
f 1062 1063 1067
s 1
f 1063 1064 1068
s 1
f 1064 1061 1065
s 1
f 1065 1066 1070
s 1
f 1067 1071 1070
s 1
f 1068 1072 1071
s 1
f 1065 1069 1072
s 1
f 1069 1070 1074
s 1
f 1070 1071 1075
s 1
f 1072 1076 1075
s 1
f 1069 1073 1076
s 1
f 1073 1074 1078
s 1
f 1074 1075 1079
s 1
f 1075 1076 1080
s 1
f 1073 1077 1080
s 1
f 1078 1082 1081
s 1
f 1079 1083 1082
s 1
f 1079 1080 1084
s 1
f 1077 1081 1084
s 1
f 1082 1086 1085
s 1
f 1083 1087 1086
s 1
f 1083 1084 1088
s 1
f 1084 1081 1085
s 1
f 1085 1086 1090
s 1
f 1086 1087 1091
s 1
f 1088 1092 1091
s 1
f 1085 1089 1092
s 1
f 1089 1090 1094
s 1
f 1090 1091 1095
s 1
f 1092 1096 1095
s 1
f 1092 1089 1093
s 1
f 1094 1098 1097
s 1
f 1094 1095 1099
s 1
f 1096 1100 1099
s 1
f 1096 1093 1097
s 1
f 1098 1102 1101
s 1
f 1099 1103 1102
s 1
f 1099 1100 1104
s 1
f 1100 1097 1101
s 1
f 1102 1106 1105
s 1
f 1102 1103 1107
s 1
f 1103 1104 1108
s 1
f 1104 1101 1105
s 1
f 1105 1106 1110
s 1
f 1107 1111 1110
s 1
f 1107 1108 1112
s 1
f 1105 1109 1112
s 1
f 1110 1114 1113
s 1
f 1111 1115 1114
s 1
f 1111 1112 1116
s 1
f 1109 1113 1116
s 1
f 1113 1114 1118
s 1
f 1115 1119 1118
s 1
f 1115 1116 1120
s 1
f 1113 1117 1120
s 1
f 1117 1118 1122
s 1
f 1119 1123 1122
s 1
f 1119 1120 1124
s 1
f 1120 1117 1121
s 1
f 1122 1126 1125
s 1
f 1122 1123 1127
s 1
f 1124 1128 1127
s 1
f 1124 1121 1125
s 1
f 1125 1126 1130
s 1
f 1127 1131 1130
s 1
f 1127 1128 1132
s 1
f 1125 1129 1132
s 1
f 1130 1134 1133
s 1
f 1130 1131 1135
s 1
f 1132 1136 1135
s 1
f 1129 1133 1136
s 1
f 1134 1138 1137
s 1
f 1135 1139 1138
s 1
f 1136 1140 1139
s 1
f 1133 1137 1140
s 1
f 1138 1142 1141
s 1
f 1138 1139 1143
s 1
f 1140 1144 1143
s 1
f 1140 1137 1141
s 1
f 1142 1146 1145
s 1
f 1142 1143 1147
s 1
f 1143 1144 1148
s 1
f 1144 1141 1145
s 1
f 1145 1146 1150
s 1
f 1147 1151 1150
s 1
f 1148 1152 1151
s 1
f 1145 1149 1152
s 1
f 1149 1150 1154
s 1
f 1150 1151 1155
s 1
f 1152 1156 1155
s 1
f 1149 1153 1156
s 1
f 1153 1154 1158
s 1
f 1154 1155 1159
s 1
f 1155 1156 1160
s 1
f 1153 1157 1160
s 1
f 1158 1162 1161
s 1
f 1159 1163 1162
s 1
f 1159 1160 1164
s 1
f 1157 1161 1164
s 1
f 1162 1166 1165
s 1
f 1163 1167 1166
s 1
f 1163 1164 1168
s 1
f 1164 1161 1165
s 1
f 1165 1166 1170
s 1
f 1166 1167 1171
s 1
f 1168 1172 1171
s 1
f 1165 1169 1172
s 1
f 1169 1170 1174
s 1
f 1170 1171 1175
s 1
f 1172 1176 1175
s 1
f 1172 1169 1173
s 1
f 1174 1178 1177
s 1
f 1174 1175 1179
s 1
f 1176 1180 1179
s 1
f 1176 1173 1177
s 1
f 1178 1182 1181
s 1
f 1179 1183 1182
s 1
f 1179 1180 1184
s 1
f 1180 1177 1181
s 1
f 1182 1186 1185
s 1
f 1182 1183 1187
s 1
f 1183 1184 1188
s 1
f 1184 1181 1185
s 1
f 1185 1186 1190
s 1
f 1187 1191 1190
s 1
f 1187 1188 1192
s 1
f 1185 1189 1192
s 1
f 1190 1194 1193
s 1
f 1191 1195 1194
s 1
f 1191 1192 1196
s 1
f 1189 1193 1196
s 1
f 1193 1194 1198
s 1
f 1195 1199 1198
s 1
f 1195 1196 1200
s 1
f 1193 1197 1200
s 1
f 1197 1198 1202
s 1
f 1199 1203 1202
s 1
f 1199 1200 1204
s 1
f 1200 1197 1201
s 1
f 1202 1206 1205
s 1
f 1203 1207 1206
s 1
f 1203 1204 1208
s 1
f 1204 1201 1205
s 1
f 1211 1212 1216
s 1
f 1212 1213 1217
s 1
f 1214 1218 1217
s 1
f 1211 1215 1218
s 1
f 1215 1216 1220
s 1
f 1216 1217 1221
s 1
f 1217 1218 1222
s 1
f 1215 1219 1222
s 1
f 1220 1224 1223
s 1
f 1220 1221 1225
s 1
f 1222 1226 1225
s 1
f 1222 1219 1223
s 1
f 1224 1228 1227
s 1
f 1224 1225 1229
s 1
f 1225 1226 1230
s 1
f 1226 1223 1227
s 1
f 1227 1228 1232
s 1
f 1229 1233 1232
s 1
f 1229 1230 1234
s 1
f 1230 1227 1231
s 1
f 1231 1232 1236
s 1
f 1233 1237 1236
s 1
f 1233 1234 1238
s 1
f 1231 1235 1238
s 1
f 1236 1240 1239
s 1
f 1237 1241 1240
s 1
f 1237 1238 1242
s 1
f 1238 1235 1239
s 1
f 1239 1240 1244
s 1
f 1241 1245 1244
s 1
f 1241 1242 1246
s 1
f 1242 1239 1243
s 1
f 1244 1248 1247
s 1
f 1244 1245 1249
s 1
f 1246 1250 1249
s 1
f 1246 1243 1247
s 1
f 1248 1252 1251
s 1
f 1249 1253 1252
s 1
f 1250 1254 1253
s 1
f 1250 1247 1251
s 1
f 1251 1252 1256
s 1
f 1253 1257 1256
s 1
f 1253 1254 1258
s 1
f 1251 1255 1258
s 1
f 1255 1256 1260
s 1
f 1257 1261 1260
s 1
f 1257 1258 1262
s 1
f 1255 1259 1262
s 1
f 1260 1264 1263
s 1
f 1260 1261 1265
s 1
f 1262 1266 1265
s 1
f 1259 1263 1266
s 1
f 1263 1264 1268
s 1
f 1264 1265 1269
s 1
f 1265 1266 1270
s 1
f 1263 1267 1270
s 1
f 1268 1272 1271
s 1
f 1269 1273 1272
s 1
f 1270 1274 1273
s 1
f 1267 1271 1274
s 1
f 1272 1276 1275
s 1
f 1272 1273 1277
s 1
f 1274 1278 1277
s 1
f 1274 1271 1275
s 1
f 1275 1276 1280
s 1
f 1277 1281 1280
s 1
f 1278 1282 1281
s 1
f 1275 1279 1282
s 1
f 1279 1280 1284
s 1
f 1281 1285 1284
s 1
f 1281 1282 1286
s 1
f 1279 1283 1286
s 1
f 1284 1288 1287
s 1
f 1284 1285 1289
s 1
f 1286 1290 1289
s 1
f 1286 1283 1287
s 1
f 1288 1292 1291
s 1
f 1288 1289 1293
s 1
f 1289 1290 1294
s 1
f 1290 1287 1291
s 1
f 1291 1292 1296
s 1
f 1292 1293 1297
s 1
f 1293 1294 1298
s 1
f 1291 1295 1298
s 1
f 1295 1296 1300
s 1
f 1296 1297 1301
s 1
f 1297 1298 1302
s 1
f 1295 1299 1302
s 1
f 1300 1304 1303
s 1
f 1300 1301 1305
s 1
f 1302 1306 1305
s 1
f 1302 1299 1303
s 1
f 1304 1308 1307
s 1
f 1304 1305 1309
s 1
f 1305 1306 1310
s 1
f 1306 1303 1307
s 1
f 1307 1308 1312
s 1
f 1309 1313 1312
s 1
f 1309 1310 1314
s 1
f 1310 1307 1311
s 1
f 1311 1312 1316
s 1
f 1313 1317 1316
s 1
f 1313 1314 1318
s 1
f 1311 1315 1318
s 1
f 1316 1320 1319
s 1
f 1317 1321 1320
s 1
f 1317 1318 1322
s 1
f 1318 1315 1319
s 1
f 1319 1320 1324
s 1
f 1321 1325 1324
s 1
f 1321 1322 1326
s 1
f 1322 1319 1323
s 1
f 1324 1328 1327
s 1
f 1324 1325 1329
s 1
f 1326 1330 1329
s 1
f 1326 1323 1327
s 1
f 1328 1332 1331
s 1
f 1329 1333 1332
s 1
f 1330 1334 1333
s 1
f 1330 1327 1331
s 1
f 1331 1332 1336
s 1
f 1333 1337 1336
s 1
f 1333 1334 1338
s 1
f 1331 1335 1338
s 1
f 1335 1336 1340
s 1
f 1337 1341 1340
s 1
f 1337 1338 1342
s 1
f 1335 1339 1342
s 1
f 1340 1344 1343
s 1
f 1340 1341 1345
s 1
f 1342 1346 1345
s 1
f 1339 1343 1346
s 1
f 1343 1344 1348
s 1
f 1344 1345 1349
s 1
f 1345 1346 1350
s 1
f 1343 1347 1350
s 1
f 1348 1352 1351
s 1
f 1349 1353 1352
s 1
f 1350 1354 1353
s 1
f 1347 1351 1354
s 1
f 1352 1356 1355
s 1
f 1352 1353 1357
s 1
f 1354 1358 1357
s 1
f 1354 1351 1355
s 1
f 1355 1356 1360
s 1
f 1357 1361 1360
s 1
f 1358 1362 1361
s 1
f 1355 1359 1362
s 1
f 1359 1360 1364
s 1
f 1361 1365 1364
s 1
f 1361 1362 1366
s 1
f 1359 1363 1366
s 1
f 1364 1368 1367
s 1
f 1364 1365 1369
s 1
f 1366 1370 1369
s 1
f 1366 1363 1367
s 1
f 1368 1372 1371
s 1
f 1369 1373 1372
s 1
f 1369 1370 1374
s 1
f 1370 1367 1371
s 1
f 1377 1378 1382
s 1
f 1378 1379 1383
s 1
f 1380 1384 1383
s 1
f 1377 1381 1384
s 1
f 1382 1386 1385
s 1
f 1382 1383 1387
s 1
f 1384 1388 1387
s 1
f 1384 1381 1385
s 1
f 1385 1386 1390
s 1
f 1386 1387 1391
s 1
f 1388 1392 1391
s 1
f 1385 1389 1392
s 1
f 1389 1390 1394
s 1
f 1391 1395 1394
s 1
f 1391 1392 1396
s 1
f 1392 1389 1393
s 1
f 1394 1398 1397
s 1
f 1394 1395 1399
s 1
f 1395 1396 1400
s 1
f 1396 1393 1397
s 1
f 1397 1398 1402
s 1
f 1399 1403 1402
s 1
f 1399 1400 1404
s 1
f 1397 1401 1404
s 1
f 1402 1406 1405
s 1
f 1403 1407 1406
s 1
f 1404 1408 1407
s 1
f 1401 1405 1408
s 1
f 1406 1410 1409
s 1
f 1406 1407 1411
s 1
f 1407 1408 1412
s 1
f 1408 1405 1409
s 1
f 1409 1410 1414
s 1
f 1410 1411 1415
s 1
f 1411 1412 1416
s 1
f 1412 1409 1413
s 1
f 1414 1418 1417
s 1
f 1415 1419 1418
s 1
f 1415 1416 1420
s 1
f 1416 1413 1417
s 1
f 1417 1418 1422
s 1
f 1418 1419 1423
s 1
f 1420 1424 1423
s 1
f 1417 1421 1424
s 1
f 1422 1426 1425
s 1
f 1423 1427 1426
s 1
f 1424 1428 1427
s 1
f 1421 1425 1428
s 1
f 1425 1426 1430
s 1
f 1427 1431 1430
s 1
f 1428 1432 1431
s 1
f 1425 1429 1432
s 1
f 1429 1430 1434
s 1
f 1430 1431 1435
s 1
f 1431 1432 1436
s 1
f 1432 1429 1433
s 1
f 1434 1438 1437
s 1
f 1434 1435 1439
s 1
f 1436 1440 1439
s 1
f 1433 1437 1440
s 1
f 1437 1438 1442
s 1
f 1439 1443 1442
s 1
f 1440 1444 1443
s 1
f 1437 1441 1444
s 1
f 1442 1446 1445
s 1
f 1442 1443 1447
s 1
f 1444 1448 1447
s 1
f 1441 1445 1448
s 1
f 1446 1450 1449
s 1
f 1447 1451 1450
s 1
f 1447 1448 1452
s 1
f 1448 1445 1449
s 1
f 1449 1450 1454
s 1
f 1451 1455 1454
s 1
f 1451 1452 1456
s 1
f 1449 1453 1456
s 1
f 1454 1458 1457
s 1
f 1454 1455 1459
s 1
f 1456 1460 1459
s 1
f 1456 1453 1457
s 1
f 1457 1458 1462
s 1
f 1459 1463 1462
s 1
f 1459 1460 1464
s 1
f 1457 1461 1464
s 1
f 1462 1466 1465
s 1
f 1462 1463 1467
s 1
f 1464 1468 1467
s 1
f 1464 1461 1465
s 1
f 1465 1466 1470
s 1
f 1466 1467 1471
s 1
f 1468 1472 1471
s 1
f 1465 1469 1472
s 1
f 1469 1470 1474
s 1
f 1471 1475 1474
s 1
f 1471 1472 1476
s 1
f 1472 1469 1473
s 1
f 1474 1478 1477
s 1
f 1474 1475 1479
s 1
f 1475 1476 1480
s 1
f 1476 1473 1477
s 1
f 1477 1478 1482
s 1
f 1479 1483 1482
s 1
f 1479 1480 1484
s 1
f 1477 1481 1484
s 1
f 1482 1486 1485
s 1
f 1483 1487 1486
s 1
f 1484 1488 1487
s 1
f 1481 1485 1488
s 1
f 1486 1490 1489
s 1
f 1486 1487 1491
s 1
f 1487 1488 1492
s 1
f 1488 1485 1489
s 1
f 1489 1490 1494
s 1
f 1490 1491 1495
s 1
f 1491 1492 1496
s 1
f 1492 1489 1493
s 1
f 1494 1498 1497
s 1
f 1495 1499 1498
s 1
f 1495 1496 1500
s 1
f 1496 1493 1497
s 1
f 1497 1498 1502
s 1
f 1498 1499 1503
s 1
f 1500 1504 1503
s 1
f 1497 1501 1504
s 1
f 1502 1506 1505
s 1
f 1503 1507 1506
s 1
f 1504 1508 1507
s 1
f 1501 1505 1508
s 1
f 1505 1506 1510
s 1
f 1507 1511 1510
s 1
f 1508 1512 1511
s 1
f 1505 1509 1512
s 1
f 1509 1510 1514
s 1
f 1510 1511 1515
s 1
f 1511 1512 1516
s 1
f 1512 1509 1513
s 1
f 1514 1518 1517
s 1
f 1514 1515 1519
s 1
f 1516 1520 1519
s 1
f 1513 1517 1520
s 1
f 1517 1518 1522
s 1
f 1519 1523 1522
s 1
f 1520 1524 1523
s 1
f 1517 1521 1524
s 1
f 1522 1526 1525
s 1
f 1522 1523 1527
s 1
f 1524 1528 1527
s 1
f 1521 1525 1528
s 1
f 1526 1530 1529
s 1
f 1527 1531 1530
s 1
f 1527 1528 1532
s 1
f 1528 1525 1529
s 1
f 1529 1530 1534
s 1
f 1531 1535 1534
s 1
f 1531 1532 1536
s 1
f 1529 1533 1536
s 1
f 1534 1538 1537
s 1
f 1535 1539 1538
s 1
f 1535 1536 1540
s 1
f 1536 1533 1537
s 1
f 1543 1544 1548
s 1
f 1544 1545 1549
s 1
f 1546 1550 1549
s 1
f 1543 1547 1550
s 1
f 1548 1552 1551
s 1
f 1548 1549 1553
s 1
f 1550 1554 1553
s 1
f 1550 1547 1551
s 1
f 1552 1556 1555
s 1
f 1552 1553 1557
s 1
f 1553 1554 1558
s 1
f 1554 1551 1555
s 1
f 1555 1556 1560
s 1
f 1557 1561 1560
s 1
f 1558 1562 1561
s 1
f 1555 1559 1562
s 1
f 1560 1564 1563
s 1
f 1560 1561 1565
s 1
f 1561 1562 1566
s 1
f 1559 1563 1566
s 1
f 1563 1564 1568
s 1
f 1565 1569 1568
s 1
f 1566 1570 1569
s 1
f 1563 1567 1570
s 1
f 1567 1568 1572
s 1
f 1568 1569 1573
s 1
f 1570 1574 1573
s 1
f 1570 1567 1571
s 1
f 1571 1572 1576
s 1
f 1573 1577 1576
s 1
f 1573 1574 1578
s 1
f 1574 1571 1575
s 1
f 1576 1580 1579
s 1
f 1577 1581 1580
s 1
f 1578 1582 1581
s 1
f 1578 1575 1579
s 1
f 1579 1580 1584
s 1
f 1580 1581 1585
s 1
f 1582 1586 1585
s 1
f 1579 1583 1586
s 1
f 1584 1588 1587
s 1
f 1585 1589 1588
s 1
f 1585 1586 1590
s 1
f 1586 1583 1587
s 1
f 1587 1588 1592
s 1
f 1588 1589 1593
s 1
f 1589 1590 1594
s 1
f 1587 1591 1594
s 1
f 1592 1596 1595
s 1
f 1592 1593 1597
s 1
f 1594 1598 1597
s 1
f 1591 1595 1598
s 1
f 1596 1600 1599
s 1
f 1597 1601 1600
s 1
f 1597 1598 1602
s 1
f 1595 1599 1602
s 1
f 1599 1600 1604
s 1
f 1601 1605 1604
s 1
f 1601 1602 1606
s 1
f 1602 1599 1603
s 1
f 1603 1604 1608
s 1
f 1605 1609 1608
s 1
f 1606 1610 1609
s 1
f 1606 1603 1607
s 1
f 1608 1612 1611
s 1
f 1608 1609 1613
s 1
f 1609 1610 1614
s 1
f 1610 1607 1611
s 1
f 1611 1612 1616
s 1
f 1612 1613 1617
s 1
f 1613 1614 1618
s 1
f 1611 1615 1618
s 1
f 1615 1616 1620
s 1
f 1617 1621 1620
s 1
f 1617 1618 1622
s 1
f 1615 1619 1622
s 1
f 1619 1620 1624
s 1
f 1620 1621 1625
s 1
f 1622 1626 1625
s 1
f 1619 1623 1626
s 1
f 1624 1628 1627
s 1
f 1625 1629 1628
s 1
f 1625 1626 1630
s 1
f 1626 1623 1627
s 1
f 1628 1632 1631
s 1
f 1628 1629 1633
s 1
f 1630 1634 1633
s 1
f 1630 1627 1631
s 1
f 1632 1636 1635
s 1
f 1632 1633 1637
s 1
f 1633 1634 1638
s 1
f 1634 1631 1635
s 1
f 1635 1636 1640
s 1
f 1637 1641 1640
s 1
f 1638 1642 1641
s 1
f 1635 1639 1642
s 1
f 1640 1644 1643
s 1
f 1640 1641 1645
s 1
f 1641 1642 1646
s 1
f 1639 1643 1646
s 1
f 1643 1644 1648
s 1
f 1645 1649 1648
s 1
f 1646 1650 1649
s 1
f 1643 1647 1650
s 1
f 1647 1648 1652
s 1
f 1648 1649 1653
s 1
f 1650 1654 1653
s 1
f 1650 1647 1651
s 1
f 1651 1652 1656
s 1
f 1653 1657 1656
s 1
f 1653 1654 1658
s 1
f 1654 1651 1655
s 1
f 1656 1660 1659
s 1
f 1657 1661 1660
s 1
f 1658 1662 1661
s 1
f 1658 1655 1659
s 1
f 1659 1660 1664
s 1
f 1660 1661 1665
s 1
f 1662 1666 1665
s 1
f 1659 1663 1666
s 1
f 1664 1668 1667
s 1
f 1665 1669 1668
s 1
f 1665 1666 1670
s 1
f 1666 1663 1667
s 1
f 1667 1668 1672
s 1
f 1668 1669 1673
s 1
f 1669 1670 1674
s 1
f 1667 1671 1674
s 1
f 1672 1676 1675
s 1
f 1672 1673 1677
s 1
f 1674 1678 1677
s 1
f 1671 1675 1678
s 1
f 1676 1680 1679
s 1
f 1677 1681 1680
s 1
f 1677 1678 1682
s 1
f 1675 1679 1682
s 1
f 1679 1680 1684
s 1
f 1681 1685 1684
s 1
f 1681 1682 1686
s 1
f 1682 1679 1683
s 1
f 1683 1684 1688
s 1
f 1685 1689 1688
s 1
f 1686 1690 1689
s 1
f 1686 1683 1687
s 1
f 1688 1692 1691
s 1
f 1688 1689 1693
s 1
f 1689 1690 1694
s 1
f 1690 1687 1691
s 1
f 1691 1692 1696
s 1
f 1692 1693 1697
s 1
f 1693 1694 1698
s 1
f 1691 1695 1698
s 1
f 1695 1696 1700
s 1
f 1697 1701 1700
s 1
f 1697 1698 1702
s 1
f 1695 1699 1702
s 1
f 1700 1704 1703
s 1
f 1701 1705 1704
s 1
f 1701 1702 1706
s 1
f 1702 1699 1703
s 1
f 1709 1710 1714
s 1
f 1710 1711 1715
s 1
f 1712 1716 1715
s 1
f 1709 1713 1716
s 1
f 1713 1714 1718
s 1
f 1714 1715 1719
s 1
f 1716 1720 1719
s 1
f 1716 1713 1717
s 1
f 1718 1722 1721
s 1
f 1719 1723 1722
s 1
f 1720 1724 1723
s 1
f 1720 1717 1721
s 1
f 1722 1726 1725
s 1
f 1723 1727 1726
s 1
f 1724 1728 1727
s 1
f 1724 1721 1725
s 1
f 1725 1726 1730
s 1
f 1726 1727 1731
s 1
f 1727 1728 1732
s 1
f 1728 1725 1729
s 1
f 1729 1730 1734
s 1
f 1730 1731 1735
s 1
f 1732 1736 1735
s 1
f 1729 1733 1736
s 1
f 1734 1738 1737
s 1
f 1735 1739 1738
s 1
f 1735 1736 1740
s 1
f 1733 1737 1740
s 1
f 1737 1738 1742
s 1
f 1739 1743 1742
s 1
f 1740 1744 1743
s 1
f 1737 1741 1744
s 1
f 1742 1746 1745
s 1
f 1743 1747 1746
s 1
f 1744 1748 1747
s 1
f 1744 1741 1745
s 1
f 1745 1746 1750
s 1
f 1746 1747 1751
s 1
f 1747 1748 1752
s 1
f 1748 1745 1749
s 1
f 1749 1750 1754
s 1
f 1751 1755 1754
s 1
f 1752 1756 1755
s 1
f 1752 1749 1753
s 1
f 1753 1754 1758
s 1
f 1754 1755 1759
s 1
f 1755 1756 1760
s 1
f 1753 1757 1760
s 1
f 1758 1762 1761
s 1
f 1759 1763 1762
s 1
f 1759 1760 1764
s 1
f 1760 1757 1761
s 1
f 1761 1762 1766
s 1
f 1763 1767 1766
s 1
f 1764 1768 1767
s 1
f 1764 1761 1765
s 1
f 1766 1770 1769
s 1
f 1767 1771 1770
s 1
f 1767 1768 1772
s 1
f 1765 1769 1772
s 1
f 1770 1774 1773
s 1
f 1771 1775 1774
s 1
f 1772 1776 1775
s 1
f 1772 1769 1773
s 1
f 1773 1774 1778
s 1
f 1775 1779 1778
s 1
f 1775 1776 1780
s 1
f 1773 1777 1780
s 1
f 1777 1778 1782
s 1
f 1779 1783 1782
s 1
f 1779 1780 1784
s 1
f 1777 1781 1784
s 1
f 1781 1782 1786
s 1
f 1783 1787 1786
s 1
f 1783 1784 1788
s 1
f 1781 1785 1788
s 1
f 1785 1786 1790
s 1
f 1787 1791 1790
s 1
f 1787 1788 1792
s 1
f 1785 1789 1792
s 1
f 1790 1794 1793
s 1
f 1790 1791 1795
s 1
f 1792 1796 1795
s 1
f 1792 1789 1793
s 1
f 1793 1794 1798
s 1
f 1794 1795 1799
s 1
f 1796 1800 1799
s 1
f 1796 1793 1797
s 1
f 1798 1802 1801
s 1
f 1799 1803 1802
s 1
f 1800 1804 1803
s 1
f 1800 1797 1801
s 1
f 1802 1806 1805
s 1
f 1803 1807 1806
s 1
f 1804 1808 1807
s 1
f 1804 1801 1805
s 1
f 1805 1806 1810
s 1
f 1806 1807 1811
s 1
f 1807 1808 1812
s 1
f 1808 1805 1809
s 1
f 1809 1810 1814
s 1
f 1810 1811 1815
s 1
f 1812 1816 1815
s 1
f 1809 1813 1816
s 1
f 1814 1818 1817
s 1
f 1815 1819 1818
s 1
f 1815 1816 1820
s 1
f 1813 1817 1820
s 1
f 1817 1818 1822
s 1
f 1819 1823 1822
s 1
f 1820 1824 1823
s 1
f 1817 1821 1824
s 1
f 1822 1826 1825
s 1
f 1823 1827 1826
s 1
f 1824 1828 1827
s 1
f 1824 1821 1825
s 1
f 1825 1826 1830
s 1
f 1826 1827 1831
s 1
f 1827 1828 1832
s 1
f 1828 1825 1829
s 1
f 1829 1830 1834
s 1
f 1831 1835 1834
s 1
f 1832 1836 1835
s 1
f 1832 1829 1833
s 1
f 1833 1834 1838
s 1
f 1834 1835 1839
s 1
f 1835 1836 1840
s 1
f 1833 1837 1840
s 1
f 1838 1842 1841
s 1
f 1839 1843 1842
s 1
f 1839 1840 1844
s 1
f 1840 1837 1841
s 1
f 1841 1842 1846
s 1
f 1843 1847 1846
s 1
f 1844 1848 1847
s 1
f 1844 1841 1845
s 1
f 1846 1850 1849
s 1
f 1847 1851 1850
s 1
f 1847 1848 1852
s 1
f 1845 1849 1852
s 1
f 1850 1854 1853
s 1
f 1851 1855 1854
s 1
f 1852 1856 1855
s 1
f 1852 1849 1853
s 1
f 1853 1854 1858
s 1
f 1855 1859 1858
s 1
f 1855 1856 1860
s 1
f 1853 1857 1860
s 1
f 1857 1858 1862
s 1
f 1859 1863 1862
s 1
f 1859 1860 1864
s 1
f 1857 1861 1864
s 1
f 1861 1862 1866
s 1
f 1863 1867 1866
s 1
f 1863 1864 1868
s 1
f 1861 1865 1868
s 1
f 1866 1870 1869
s 1
f 1867 1871 1870
s 1
f 1867 1868 1872
s 1
f 1868 1865 1869
s 1
f 1875 1876 1880
s 1
f 1876 1877 1881
s 1
f 1878 1882 1881
s 1
f 1875 1879 1882
s 1
f 1879 1880 1884
s 1
f 1881 1885 1884
s 1
f 1881 1882 1886
s 1
f 1879 1883 1886
s 1
f 1884 1888 1887
s 1
f 1885 1889 1888
s 1
f 1885 1886 1890
s 1
f 1883 1887 1890
s 1
f 1888 1892 1891
s 1
f 1888 1889 1893
s 1
f 1890 1894 1893
s 1
f 1890 1887 1891
s 1
f 1892 1896 1895
s 1
f 1892 1893 1897
s 1
f 1893 1894 1898
s 1
f 1891 1895 1898
s 1
f 1896 1900 1899
s 1
f 1896 1897 1901
s 1
f 1898 1902 1901
s 1
f 1898 1895 1899
s 1
f 1900 1904 1903
s 1
f 1900 1901 1905
s 1
f 1902 1906 1905
s 1
f 1899 1903 1906
s 1
f 1903 1904 1908
s 1
f 1905 1909 1908
s 1
f 1905 1906 1910
s 1
f 1906 1903 1907
s 1
f 1907 1908 1912
s 1
f 1908 1909 1913
s 1
f 1909 1910 1914
s 1
f 1910 1907 1911
s 1
f 1912 1916 1915
s 1
f 1913 1917 1916
s 1
f 1913 1914 1918
s 1
f 1914 1911 1915
s 1
f 1915 1916 1920
s 1
f 1916 1917 1921
s 1
f 1918 1922 1921
s 1
f 1915 1919 1922
s 1
f 1920 1924 1923
s 1
f 1921 1925 1924
s 1
f 1922 1926 1925
s 1
f 1922 1919 1923
s 1
f 1923 1924 1928
s 1
f 1924 1925 1929
s 1
f 1925 1926 1930
s 1
f 1926 1923 1927
s 1
f 1928 1932 1931
s 1
f 1929 1933 1932
s 1
f 1929 1930 1934
s 1
f 1930 1927 1931
s 1
f 1931 1932 1936
s 1
f 1933 1937 1936
s 1
f 1933 1934 1938
s 1
f 1931 1935 1938
s 1
f 1935 1936 1940
s 1
f 1937 1941 1940
s 1
f 1938 1942 1941
s 1
f 1938 1935 1939
s 1
f 1939 1940 1944
s 1
f 1941 1945 1944
s 1
f 1941 1942 1946
s 1
f 1939 1943 1946
s 1
f 1944 1948 1947
s 1
f 1944 1945 1949
s 1
f 1946 1950 1949
s 1
f 1946 1943 1947
s 1
f 1947 1948 1952
s 1
f 1948 1949 1953
s 1
f 1950 1954 1953
s 1
f 1947 1951 1954
s 1
f 1952 1956 1955
s 1
f 1953 1957 1956
s 1
f 1954 1958 1957
s 1
f 1951 1955 1958
s 1
f 1956 1960 1959
s 1
f 1957 1961 1960
s 1
f 1957 1958 1962
s 1
f 1958 1955 1959
s 1
f 1959 1960 1964
s 1
f 1961 1965 1964
s 1
f 1961 1962 1966
s 1
f 1959 1963 1966
s 1
f 1964 1968 1967
s 1
f 1965 1969 1968
s 1
f 1965 1966 1970
s 1
f 1963 1967 1970
s 1
f 1968 1972 1971
s 1
f 1968 1969 1973
s 1
f 1970 1974 1973
s 1
f 1970 1967 1971
s 1
f 1972 1976 1975
s 1
f 1972 1973 1977
s 1
f 1973 1974 1978
s 1
f 1971 1975 1978
s 1
f 1976 1980 1979
s 1
f 1976 1977 1981
s 1
f 1978 1982 1981
s 1
f 1978 1975 1979
s 1
f 1980 1984 1983
s 1
f 1980 1981 1985
s 1
f 1982 1986 1985
s 1
f 1979 1983 1986
s 1
f 1983 1984 1988
s 1
f 1985 1989 1988
s 1
f 1985 1986 1990
s 1
f 1986 1983 1987
s 1
f 1987 1988 1992
s 1
f 1988 1989 1993
s 1
f 1989 1990 1994
s 1
f 1990 1987 1991
s 1
f 1992 1996 1995
s 1
f 1993 1997 1996
s 1
f 1993 1994 1998
s 1
f 1994 1991 1995
s 1
f 1995 1996 2000
s 1
f 1996 1997 2001
s 1
f 1998 2002 2001
s 1
f 1995 1999 2002
s 1
f 2000 2004 2003
s 1
f 2001 2005 2004
s 1
f 2002 2006 2005
s 1
f 2002 1999 2003
s 1
f 2003 2004 2008
s 1
f 2004 2005 2009
s 1
f 2005 2006 2010
s 1
f 2006 2003 2007
s 1
f 2008 2012 2011
s 1
f 2009 2013 2012
s 1
f 2009 2010 2014
s 1
f 2010 2007 2011
s 1
f 2011 2012 2016
s 1
f 2013 2017 2016
s 1
f 2013 2014 2018
s 1
f 2011 2015 2018
s 1
f 2015 2016 2020
s 1
f 2017 2021 2020
s 1
f 2018 2022 2021
s 1
f 2018 2015 2019
s 1
f 2019 2020 2024
s 1
f 2021 2025 2024
s 1
f 2021 2022 2026
s 1
f 2019 2023 2026
s 1
f 2024 2028 2027
s 1
f 2024 2025 2029
s 1
f 2026 2030 2029
s 1
f 2026 2023 2027
s 1
f 2027 2028 2032
s 1
f 2028 2029 2033
s 1
f 2030 2034 2033
s 1
f 2027 2031 2034
s 1
f 2032 2036 2035
s 1
f 2033 2037 2036
s 1
f 2033 2034 2038
s 1
f 2034 2031 2035
s 1
f 2041 2042 2046
s 1
f 2042 2043 2047
s 1
f 2044 2048 2047
s 1
f 2041 2045 2048
s 1
f 2046 2050 2049
s 1
f 2047 2051 2050
s 1
f 2048 2052 2051
s 1
f 2048 2045 2049
s 1
f 2049 2050 2054
s 1
f 2051 2055 2054
s 1
f 2051 2052 2056
s 1
f 2049 2053 2056
s 1
f 2054 2058 2057
s 1
f 2054 2055 2059
s 1
f 2055 2056 2060
s 1
f 2056 2053 2057
s 1
f 2058 2062 2061
s 1
f 2058 2059 2063
s 1
f 2060 2064 2063
s 1
f 2060 2057 2061
s 1
f 2061 2062 2066
s 1
f 2063 2067 2066
s 1
f 2063 2064 2068
s 1
f 2061 2065 2068
s 1
f 2065 2066 2070
s 1
f 2067 2071 2070
s 1
f 2067 2068 2072
s 1
f 2068 2065 2069
s 1
f 2070 2074 2073
s 1
f 2071 2075 2074
s 1
f 2072 2076 2075
s 1
f 2069 2073 2076
s 1
f 2074 2078 2077
s 1
f 2075 2079 2078
s 1
f 2075 2076 2080
s 1
f 2076 2073 2077
s 1
f 2077 2078 2082
s 1
f 2079 2083 2082
s 1
f 2079 2080 2084
s 1
f 2077 2081 2084
s 1
f 2082 2086 2085
s 1
f 2082 2083 2087
s 1
f 2084 2088 2087
s 1
f 2084 2081 2085
s 1
f 2085 2086 2090
s 1
f 2086 2087 2091
s 1
f 2088 2092 2091
s 1
f 2085 2089 2092
s 1
f 2090 2094 2093
s 1
f 2090 2091 2095
s 1
f 2092 2096 2095
s 1
f 2089 2093 2096
s 1
f 2094 2098 2097
s 1
f 2094 2095 2099
s 1
f 2096 2100 2099
s 1
f 2096 2093 2097
s 1
f 2098 2102 2101
s 1
f 2098 2099 2103
s 1
f 2100 2104 2103
s 1
f 2100 2097 2101
s 1
f 2101 2102 2106
s 1
f 2103 2107 2106
s 1
f 2103 2104 2108
s 1
f 2104 2101 2105
s 1
f 2106 2110 2109
s 1
f 2107 2111 2110
s 1
f 2108 2112 2111
s 1
f 2105 2109 2112
s 1
f 2109 2110 2114
s 1
f 2110 2111 2115
s 1
f 2112 2116 2115
s 1
f 2112 2109 2113
s 1
f 2113 2114 2118
s 1
f 2115 2119 2118
s 1
f 2115 2116 2120
s 1
f 2113 2117 2120
s 1
f 2117 2118 2122
s 1
f 2118 2119 2123
s 1
f 2120 2124 2123
s 1
f 2117 2121 2124
s 1
f 2122 2126 2125
s 1
f 2123 2127 2126
s 1
f 2123 2124 2128
s 1
f 2124 2121 2125
s 1
f 2126 2130 2129
s 1
f 2127 2131 2130
s 1
f 2128 2132 2131
s 1
f 2128 2125 2129
s 1
f 2129 2130 2134
s 1
f 2131 2135 2134
s 1
f 2131 2132 2136
s 1
f 2129 2133 2136
s 1
f 2134 2138 2137
s 1
f 2134 2135 2139
s 1
f 2135 2136 2140
s 1
f 2136 2133 2137
s 1
f 2138 2142 2141
s 1
f 2138 2139 2143
s 1
f 2140 2144 2143
s 1
f 2140 2137 2141
s 1
f 2141 2142 2146
s 1
f 2143 2147 2146
s 1
f 2143 2144 2148
s 1
f 2141 2145 2148
s 1
f 2145 2146 2150
s 1
f 2147 2151 2150
s 1
f 2147 2148 2152
s 1
f 2148 2145 2149
s 1
f 2150 2154 2153
s 1
f 2151 2155 2154
s 1
f 2152 2156 2155
s 1
f 2149 2153 2156
s 1
f 2154 2158 2157
s 1
f 2155 2159 2158
s 1
f 2155 2156 2160
s 1
f 2156 2153 2157
s 1
f 2157 2158 2162
s 1
f 2159 2163 2162
s 1
f 2159 2160 2164
s 1
f 2157 2161 2164
s 1
f 2162 2166 2165
s 1
f 2162 2163 2167
s 1
f 2164 2168 2167
s 1
f 2164 2161 2165
s 1
f 2165 2166 2170
s 1
f 2166 2167 2171
s 1
f 2168 2172 2171
s 1
f 2165 2169 2172
s 1
f 2170 2174 2173
s 1
f 2170 2171 2175
s 1
f 2172 2176 2175
s 1
f 2169 2173 2176
s 1
f 2174 2178 2177
s 1
f 2174 2175 2179
s 1
f 2176 2180 2179
s 1
f 2176 2173 2177
s 1
f 2178 2182 2181
s 1
f 2178 2179 2183
s 1
f 2180 2184 2183
s 1
f 2180 2177 2181
s 1
f 2181 2182 2186
s 1
f 2183 2187 2186
s 1
f 2183 2184 2188
s 1
f 2184 2181 2185
s 1
f 2186 2190 2189
s 1
f 2187 2191 2190
s 1
f 2188 2192 2191
s 1
f 2185 2189 2192
s 1
f 2189 2190 2194
s 1
f 2190 2191 2195
s 1
f 2192 2196 2195
s 1
f 2192 2189 2193
s 1
f 2193 2194 2198
s 1
f 2195 2199 2198
s 1
f 2195 2196 2200
s 1
f 2193 2197 2200
s 1
f 2198 2202 2201
s 1
f 2199 2203 2202
s 1
f 2199 2200 2204
s 1
f 2200 2197 2201
s 1
f 2207 2208 2212
s 1
f 2208 2209 2213
s 1
f 2210 2214 2213
s 1
f 2207 2211 2214
s 1
f 2212 2216 2215
s 1
f 2213 2217 2216
s 1
f 2213 2214 2218
s 1
f 2214 2211 2215
s 1
f 2215 2216 2220
s 1
f 2217 2221 2220
s 1
f 2217 2218 2222
s 1
f 2215 2219 2222
s 1
f 2219 2220 2224
s 1
f 2220 2221 2225
s 1
f 2222 2226 2225
s 1
f 2222 2219 2223
s 1
f 2223 2224 2228
s 1
f 2224 2225 2229
s 1
f 2225 2226 2230
s 1
f 2223 2227 2230
s 1
f 2227 2228 2232
s 1
f 2229 2233 2232
s 1
f 2230 2234 2233
s 1
f 2230 2227 2231
s 1
f 2231 2232 2236
s 1
f 2233 2237 2236
s 1
f 2234 2238 2237
s 1
f 2234 2231 2235
s 1
f 2236 2240 2239
s 1
f 2237 2241 2240
s 1
f 2237 2238 2242
s 1
f 2238 2235 2239
s 1
f 2240 2244 2243
s 1
f 2241 2245 2244
s 1
f 2241 2242 2246
s 1
f 2239 2243 2246
s 1
f 2244 2248 2247
s 1
f 2245 2249 2248
s 1
f 2245 2246 2250
s 1
f 2246 2243 2247
s 1
f 2247 2248 2252
s 1
f 2249 2253 2252
s 1
f 2250 2254 2253
s 1
f 2247 2251 2254
s 1
f 2251 2252 2256
s 1
f 2252 2253 2257
s 1
f 2253 2254 2258
s 1
f 2251 2255 2258
s 1
f 2255 2256 2260
s 1
f 2256 2257 2261
s 1
f 2258 2262 2261
s 1
f 2255 2259 2262
s 1
f 2260 2264 2263
s 1
f 2260 2261 2265
s 1
f 2261 2262 2266
s 1
f 2259 2263 2266
s 1
f 2263 2264 2268
s 1
f 2264 2265 2269
s 1
f 2265 2266 2270
s 1
f 2263 2267 2270
s 1
f 2268 2272 2271
s 1
f 2269 2273 2272
s 1
f 2270 2274 2273
s 1
f 2270 2267 2271
s 1
f 2271 2272 2276
s 1
f 2273 2277 2276
s 1
f 2273 2274 2278
s 1
f 2274 2271 2275
s 1
f 2276 2280 2279
s 1
f 2276 2277 2281
s 1
f 2278 2282 2281
s 1
f 2278 2275 2279
s 1
f 2279 2280 2284
s 1
f 2280 2281 2285
s 1
f 2282 2286 2285
s 1
f 2282 2279 2283
s 1
f 2283 2284 2288
s 1
f 2284 2285 2289
s 1
f 2286 2290 2289
s 1
f 2283 2287 2290
s 1
f 2288 2292 2291
s 1
f 2289 2293 2292
s 1
f 2289 2290 2294
s 1
f 2290 2287 2291
s 1
f 2292 2296 2295
s 1
f 2293 2297 2296
s 1
f 2293 2294 2298
s 1
f 2294 2291 2295
s 1
f 2295 2296 2300
s 1
f 2297 2301 2300
s 1
f 2297 2298 2302
s 1
f 2295 2299 2302
s 1
f 2299 2300 2304
s 1
f 2300 2301 2305
s 1
f 2302 2306 2305
s 1
f 2302 2299 2303
s 1
f 2303 2304 2308
s 1
f 2304 2305 2309
s 1
f 2305 2306 2310
s 1
f 2303 2307 2310
s 1
f 2307 2308 2312
s 1
f 2309 2313 2312
s 1
f 2310 2314 2313
s 1
f 2310 2307 2311
s 1
f 2311 2312 2316
s 1
f 2313 2317 2316
s 1
f 2314 2318 2317
s 1
f 2314 2311 2315
s 1
f 2316 2320 2319
s 1
f 2317 2321 2320
s 1
f 2317 2318 2322
s 1
f 2318 2315 2319
s 1
f 2320 2324 2323
s 1
f 2321 2325 2324
s 1
f 2321 2322 2326
s 1
f 2319 2323 2326
s 1
f 2324 2328 2327
s 1
f 2325 2329 2328
s 1
f 2325 2326 2330
s 1
f 2326 2323 2327
s 1
f 2327 2328 2332
s 1
f 2329 2333 2332
s 1
f 2330 2334 2333
s 1
f 2327 2331 2334
s 1
f 2331 2332 2336
s 1
f 2332 2333 2337
s 1
f 2333 2334 2338
s 1
f 2331 2335 2338
s 1
f 2335 2336 2340
s 1
f 2336 2337 2341
s 1
f 2338 2342 2341
s 1
f 2335 2339 2342
s 1
f 2340 2344 2343
s 1
f 2340 2341 2345
s 1
f 2341 2342 2346
s 1
f 2339 2343 2346
s 1
f 2343 2344 2348
s 1
f 2344 2345 2349
s 1
f 2345 2346 2350
s 1
f 2343 2347 2350
s 1
f 2348 2352 2351
s 1
f 2349 2353 2352
s 1
f 2350 2354 2353
s 1
f 2350 2347 2351
s 1
f 2351 2352 2356
s 1
f 2353 2357 2356
s 1
f 2353 2354 2358
s 1
f 2354 2351 2355
s 1
f 2356 2360 2359
s 1
f 2356 2357 2361
s 1
f 2358 2362 2361
s 1
f 2358 2355 2359
s 1
f 2359 2360 2364
s 1
f 2360 2361 2365
s 1
f 2362 2366 2365
s 1
f 2362 2359 2363
s 1
f 2364 2368 2367
s 1
f 2365 2369 2368
s 1
f 2365 2366 2370
s 1
f 2366 2363 2367
s 1
f 2373 2374 2378
s 1
f 2374 2375 2379
s 1
f 2376 2380 2379
s 1
f 2373 2377 2380
s 1
f 2378 2382 2381
s 1
f 2379 2383 2382
s 1
f 2379 2380 2384
s 1
f 2377 2381 2384
s 1
f 2381 2382 2386
s 1
f 2383 2387 2386
s 1
f 2383 2384 2388
s 1
f 2381 2385 2388
s 1
f 2385 2386 2390
s 1
f 2386 2387 2391
s 1
f 2388 2392 2391
s 1
f 2388 2385 2389
s 1
f 2390 2394 2393
s 1
f 2390 2391 2395
s 1
f 2391 2392 2396
s 1
f 2389 2393 2396
s 1
f 2393 2394 2398
s 1
f 2395 2399 2398
s 1
f 2396 2400 2399
s 1
f 2396 2393 2397
s 1
f 2398 2402 2401
s 1
f 2399 2403 2402
s 1
f 2399 2400 2404
s 1
f 2397 2401 2404
s 1
f 2402 2406 2405
s 1
f 2403 2407 2406
s 1
f 2403 2404 2408
s 1
f 2401 2405 2408
s 1
f 2405 2406 2410
s 1
f 2407 2411 2410
s 1
f 2407 2408 2412
s 1
f 2405 2409 2412
s 1
f 2410 2414 2413
s 1
f 2410 2411 2415
s 1
f 2411 2412 2416
s 1
f 2412 2409 2413
s 1
f 2413 2414 2418
s 1
f 2414 2415 2419
s 1
f 2416 2420 2419
s 1
f 2413 2417 2420
s 1
f 2418 2422 2421
s 1
f 2418 2419 2423
s 1
f 2419 2420 2424
s 1
f 2420 2417 2421
s 1
f 2421 2422 2426
s 1
f 2422 2423 2427
s 1
f 2424 2428 2427
s 1
f 2424 2421 2425
s 1
f 2425 2426 2430
s 1
f 2427 2431 2430
s 1
f 2428 2432 2431
s 1
f 2425 2429 2432
s 1
f 2430 2434 2433
s 1
f 2430 2431 2435
s 1
f 2432 2436 2435
s 1
f 2432 2429 2433
s 1
f 2433 2434 2438
s 1
f 2435 2439 2438
s 1
f 2436 2440 2439
s 1
f 2436 2433 2437
s 1
f 2437 2438 2442
s 1
f 2439 2443 2442
s 1
f 2439 2440 2444
s 1
f 2437 2441 2444
s 1
f 2441 2442 2446
s 1
f 2442 2443 2447
s 1
f 2444 2448 2447
s 1
f 2444 2441 2445
s 1
f 2446 2450 2449
s 1
f 2446 2447 2451
s 1
f 2448 2452 2451
s 1
f 2448 2445 2449
s 1
f 2450 2454 2453
s 1
f 2451 2455 2454
s 1
f 2452 2456 2455
s 1
f 2449 2453 2456
s 1
f 2454 2458 2457
s 1
f 2455 2459 2458
s 1
f 2455 2456 2460
s 1
f 2456 2453 2457
s 1
f 2458 2462 2461
s 1
f 2459 2463 2462
s 1
f 2459 2460 2464
s 1
f 2457 2461 2464
s 1
f 2461 2462 2466
s 1
f 2463 2467 2466
s 1
f 2463 2464 2468
s 1
f 2461 2465 2468
s 1
f 2465 2466 2470
s 1
f 2466 2467 2471
s 1
f 2468 2472 2471
s 1
f 2468 2465 2469
s 1
f 2470 2474 2473
s 1
f 2470 2471 2475
s 1
f 2471 2472 2476
s 1
f 2469 2473 2476
s 1
f 2473 2474 2478
s 1
f 2475 2479 2478
s 1
f 2476 2480 2479
s 1
f 2476 2473 2477
s 1
f 2478 2482 2481
s 1
f 2479 2483 2482
s 1
f 2479 2480 2484
s 1
f 2477 2481 2484
s 1
f 2482 2486 2485
s 1
f 2483 2487 2486
s 1
f 2483 2484 2488
s 1
f 2481 2485 2488
s 1
f 2485 2486 2490
s 1
f 2487 2491 2490
s 1
f 2487 2488 2492
s 1
f 2485 2489 2492
s 1
f 2490 2494 2493
s 1
f 2490 2491 2495
s 1
f 2491 2492 2496
s 1
f 2492 2489 2493
s 1
f 2493 2494 2498
s 1
f 2494 2495 2499
s 1
f 2496 2500 2499
s 1
f 2493 2497 2500
s 1
f 2498 2502 2501
s 1
f 2498 2499 2503
s 1
f 2499 2500 2504
s 1
f 2500 2497 2501
s 1
f 2501 2502 2506
s 1
f 2502 2503 2507
s 1
f 2504 2508 2507
s 1
f 2504 2501 2505
s 1
f 2505 2506 2510
s 1
f 2507 2511 2510
s 1
f 2508 2512 2511
s 1
f 2505 2509 2512
s 1
f 2510 2514 2513
s 1
f 2510 2511 2515
s 1
f 2512 2516 2515
s 1
f 2512 2509 2513
s 1
f 2513 2514 2518
s 1
f 2515 2519 2518
s 1
f 2516 2520 2519
s 1
f 2516 2513 2517
s 1
f 2517 2518 2522
s 1
f 2519 2523 2522
s 1
f 2519 2520 2524
s 1
f 2517 2521 2524
s 1
f 2521 2522 2526
s 1
f 2522 2523 2527
s 1
f 2524 2528 2527
s 1
f 2524 2521 2525
s 1
f 2526 2530 2529
s 1
f 2526 2527 2531
s 1
f 2528 2532 2531
s 1
f 2528 2525 2529
s 1
f 2530 2534 2533
s 1
f 2531 2535 2534
s 1
f 2531 2532 2536
s 1
f 2532 2529 2533
