# beta_pocket Funnel_Blue.obj: Roblox cue frame, recentred on its bounding box
v -0.15499 -0.65120 0.00000
v -0.13999 -0.65100 0.01500
v -0.12499 -0.65080 0.00000
v -0.13999 -0.65100 -0.01500
v -0.15630 -0.60526 0.00000
v -0.14131 -0.60486 0.01500
v -0.12633 -0.60446 0.00000
v -0.14131 -0.60486 -0.01500
v -0.16025 -0.55951 0.00000
v -0.14529 -0.55871 0.01500
v -0.13034 -0.55792 0.00000
v -0.14529 -0.55871 -0.01500
v -0.16682 -0.51376 0.00000
v -0.15193 -0.51257 0.01500
v -0.13703 -0.51138 0.00000
v -0.15193 -0.51257 -0.01500
v -0.17603 -0.46800 0.00000
v -0.16121 -0.46643 0.01500
v -0.14639 -0.46485 0.00000
v -0.16121 -0.46643 -0.01500
v -0.18787 -0.42224 0.00000
v -0.17315 -0.42029 0.01500
v -0.15843 -0.41833 0.00000
v -0.17315 -0.42029 -0.01500
v -0.20235 -0.37647 0.00000
v -0.18774 -0.37414 0.01500
v -0.17314 -0.37181 0.00000
v -0.18774 -0.37414 -0.01500
v -0.21946 -0.33069 0.00000
v -0.20499 -0.32800 0.01500
v -0.19052 -0.32531 0.00000
v -0.20499 -0.32800 -0.01500
v -0.23920 -0.28490 0.00000
v -0.22489 -0.28186 0.01500
v -0.21057 -0.27881 0.00000
v -0.22489 -0.28186 -0.01500
v -0.26159 -0.23910 0.00000
v -0.24744 -0.23571 0.01500
v -0.23329 -0.23233 0.00000
v -0.24744 -0.23571 -0.01500
v -0.28661 -0.19329 0.00000
v -0.27264 -0.18957 0.01500
v -0.25867 -0.18586 0.00000
v -0.27264 -0.18957 -0.01500
v -0.31428 -0.14746 0.00000
v -0.30050 -0.14343 0.01500
v -0.28672 -0.13940 0.00000
v -0.30050 -0.14343 -0.01500
v -0.34459 -0.10162 0.00000
v -0.33101 -0.09729 0.01500
v -0.31743 -0.09295 0.00000
v -0.33101 -0.09729 -0.01500
v -0.37754 -0.05576 0.00000
v -0.36417 -0.05114 0.01500
v -0.35080 -0.04652 0.00000
v -0.36417 -0.05114 -0.01500
v -0.41315 -0.00990 0.00000
v -0.39999 -0.00500 0.01500
v -0.38683 -0.00010 0.00000
v -0.39999 -0.00500 -0.01500
v -0.45140 0.03598 0.00000
v -0.43846 0.04114 0.01500
v -0.42552 0.04630 0.00000
v -0.43846 0.04114 -0.01500
v -0.49230 0.08188 0.00000
v -0.47958 0.08729 0.01500
v -0.46686 0.09270 0.00000
v -0.47958 0.08729 -0.01500
v -0.53585 0.12778 0.00000
v -0.52336 0.13343 0.01500
v -0.51086 0.13907 0.00000
v -0.52336 0.13343 -0.01500
v -0.58205 0.17370 0.00000
v -0.56978 0.17957 0.01500
v -0.55752 0.18544 0.00000
v -0.56978 0.17957 -0.01500
v -0.63091 0.21963 0.00000
v -0.61887 0.22571 0.01500
v -0.60682 0.23180 0.00000
v -0.61887 0.22571 -0.01500
v -0.68242 0.26557 0.00000
v -0.67060 0.27186 0.01500
v -0.65878 0.27814 0.00000
v -0.67060 0.27186 -0.01500
v -0.73658 0.31153 0.00000
v -0.72499 0.31800 0.01500
v -0.71340 0.32447 0.00000
v -0.72499 0.31800 -0.01500
v -0.79340 0.35749 0.00000
v -0.78203 0.36414 0.01500
v -0.77066 0.37079 0.00000
v -0.78203 0.36414 -0.01500
v -0.85288 0.40347 0.00000
v -0.84172 0.41029 0.01500
v -0.83057 0.41711 0.00000
v -0.84172 0.41029 -0.01500
v -0.91501 0.44945 0.00000
v -0.90407 0.45643 0.01500
v -0.89313 0.46341 0.00000
v -0.90407 0.45643 -0.01500
v -0.97980 0.49544 0.00000
v -0.96907 0.50257 0.01500
v -0.95834 0.50970 0.00000
v -0.96907 0.50257 -0.01500
v -1.04724 0.54144 0.00000
v -1.03672 0.54871 0.01500
v -1.02620 0.55599 0.00000
v -1.03672 0.54871 -0.01500
v -1.11734 0.58745 0.00000
v -1.10703 0.59486 0.01500
v -1.09671 0.60226 0.00000
v -1.10703 0.59486 -0.01500
v -1.19020 0.63353 0.00000
v -1.17999 0.64100 0.01500
v -1.16977 0.64847 0.00000
v -1.17999 0.64100 -0.01500
v -0.13999 -0.65100 0.00000
v -1.17999 0.64100 0.00000
v -0.14112 -0.65118 0.06074
v -0.12612 -0.65109 0.07574
v -0.11113 -0.65082 0.06075
v -0.12612 -0.65091 0.04574
v -0.14231 -0.60522 0.06131
v -0.12732 -0.60503 0.07632
v -0.11233 -0.60450 0.06133
v -0.12732 -0.60468 0.04632
v -0.14587 -0.55943 0.06302
v -0.13089 -0.55906 0.07804
v -0.11594 -0.55800 0.06307
v -0.13092 -0.55837 0.04805
v -0.15180 -0.51364 0.06587
v -0.13685 -0.51309 0.08090
v -0.12196 -0.51150 0.06597
v -0.13691 -0.51206 0.05094
v -0.16010 -0.46785 0.06987
v -0.14519 -0.46711 0.08492
v -0.13039 -0.46501 0.07004
v -0.14530 -0.46574 0.05499
v -0.17078 -0.42205 0.07500
v -0.15591 -0.42114 0.09008
v -0.14123 -0.41852 0.07526
v -0.15609 -0.41943 0.06019
v -0.18383 -0.37624 0.08129
v -0.16902 -0.37516 0.09639
v -0.15447 -0.37205 0.08164
v -0.16928 -0.37313 0.06654
v -0.19926 -0.33042 0.08871
v -0.18451 -0.32917 0.10385
v -0.17012 -0.32558 0.08918
v -0.18487 -0.32683 0.07405
v -0.21706 -0.28460 0.09728
v -0.20238 -0.28318 0.11245
v -0.18817 -0.27912 0.09788
v -0.20285 -0.28053 0.08271
v -0.23724 -0.23876 0.10700
v -0.22263 -0.23719 0.12220
v -0.20862 -0.23267 0.10773
v -0.22323 -0.23424 0.09253
v -0.25981 -0.19291 0.11786
v -0.24527 -0.19119 0.13310
v -0.23148 -0.18623 0.11874
v -0.24601 -0.18795 0.10349
v -0.28475 -0.14705 0.12987
v -0.27030 -0.14519 0.14516
v -0.25673 -0.13980 0.13090
v -0.27118 -0.14167 0.11562
v -0.31208 -0.10118 0.14302
v -0.29771 -0.09918 0.15836
v -0.28438 -0.09339 0.14422
v -0.29874 -0.09539 0.12889
v -0.34179 -0.05530 0.15733
v -0.32751 -0.05316 0.17270
v -0.31443 -0.04699 0.15870
v -0.32870 -0.04912 0.14332
v -0.37388 -0.00941 0.17278
v -0.35970 -0.00714 0.18820
v -0.34687 -0.00060 0.17432
v -0.36105 -0.00286 0.15890
v -0.40837 0.03650 0.18939
v -0.39428 0.03889 0.20485
v -0.38171 0.04578 0.19110
v -0.39579 0.04340 0.17564
v -0.44524 0.08242 0.20714
v -0.43124 0.08492 0.22265
v -0.41894 0.09215 0.20903
v -0.43293 0.08965 0.19352
v -0.48449 0.12835 0.22604
v -0.47060 0.13096 0.24160
v -0.45856 0.13851 0.22812
v -0.47246 0.13590 0.21256
v -0.52614 0.17429 0.24610
v -0.51234 0.17700 0.26171
v -0.50057 0.18485 0.24835
v -0.51437 0.18214 0.23274
v -0.57018 0.22024 0.26730
v -0.55647 0.22305 0.28296
v -0.54497 0.23118 0.26974
v -0.55868 0.22838 0.25408
v -0.61661 0.26621 0.28966
v -0.60300 0.26911 0.30536
v -0.59177 0.27751 0.29227
v -0.60538 0.27461 0.27657
v -0.66543 0.31218 0.31317
v -0.65191 0.31517 0.32892
v -0.64095 0.32382 0.31596
v -0.65447 0.32083 0.30021
v -0.71664 0.35816 0.33783
v -0.70322 0.36123 0.35363
v -0.69252 0.37012 0.34080
v -0.70595 0.36706 0.32500
v -0.77025 0.40415 0.36365
v -0.75692 0.40730 0.37948
v -0.74648 0.41642 0.36678
v -0.75981 0.41327 0.35095
v -0.82625 0.45015 0.39061
v -0.81300 0.45337 0.40649
v -0.80283 0.46270 0.39392
v -0.81607 0.45949 0.37804
v -0.88464 0.49616 0.41873
v -0.87148 0.49945 0.43466
v -0.86156 0.50898 0.42221
v -0.87472 0.50570 0.40628
v -0.94542 0.54218 0.44800
v -0.93236 0.54553 0.46397
v -0.92268 0.55525 0.45164
v -0.93575 0.55190 0.43567
v -1.00860 0.58820 0.47843
v -0.99562 0.59161 0.49444
v -0.98619 0.60151 0.48223
v -0.99917 0.59810 0.46622
v -1.07426 0.63429 0.51004
v -1.06132 0.63773 0.52607
v -1.05201 0.64771 0.51392
v -1.06495 0.64427 0.49789
v -0.12612 -0.65100 0.06074
v -1.06313 0.64100 0.51198
v -0.10228 -0.65112 0.10945
v -0.08728 -0.65116 0.12445
v -0.07228 -0.65088 0.10946
v -0.08728 -0.65084 0.09446
v -0.10310 -0.60511 0.11049
v -0.08810 -0.60517 0.12549
v -0.07311 -0.60461 0.11050
v -0.08811 -0.60455 0.09550
v -0.10557 -0.55921 0.11357
v -0.09057 -0.55934 0.12858
v -0.07560 -0.55822 0.11364
v -0.09060 -0.55809 0.09863
v -0.10968 -0.51331 0.11873
v -0.09468 -0.51350 0.13373
v -0.07976 -0.51183 0.11885
v -0.09476 -0.51164 0.10385
v -0.11544 -0.46741 0.12594
v -0.10044 -0.46766 0.14094
v -0.08558 -0.46545 0.12616
v -0.10058 -0.46520 0.11116
v -0.12285 -0.42150 0.13522
v -0.10784 -0.42182 0.15021
v -0.09306 -0.41907 0.13554
v -0.10807 -0.41875 0.12056
v -0.13190 -0.37559 0.14657
v -0.11689 -0.37597 0.16155
v -0.10221 -0.37269 0.14702
v -0.11722 -0.37232 0.13204
v -0.14260 -0.32967 0.15998
v -0.12758 -0.33011 0.17495
v -0.11301 -0.32633 0.16057
v -0.12803 -0.32589 0.14560
v -0.15494 -0.28375 0.17546
v -0.13991 -0.28424 0.19041
v -0.12547 -0.27997 0.17620
v -0.14050 -0.27947 0.16125
v -0.16894 -0.23782 0.19301
v -0.15390 -0.23837 0.20794
v -0.13960 -0.23361 0.19392
v -0.15464 -0.23306 0.17898
v -0.18459 -0.19188 0.21262
v -0.16953 -0.19248 0.22754
v -0.15538 -0.18727 0.21372
v -0.17044 -0.18666 0.19880
v -0.20188 -0.14593 0.23430
v -0.18681 -0.14659 0.24920
v -0.17283 -0.14093 0.23559
v -0.18790 -0.14027 0.22070
v -0.22083 -0.09997 0.25806
v -0.20574 -0.10068 0.27293
v -0.19193 -0.09460 0.25955
v -0.20701 -0.09389 0.24467
v -0.24142 -0.05401 0.28388
v -0.22632 -0.05477 0.29873
v -0.21268 -0.04828 0.28558
v -0.22779 -0.04752 0.27073
v -0.26367 -0.00804 0.31178
v -0.24855 -0.00884 0.32660
v -0.23510 -0.00196 0.31369
v -0.25022 -0.00116 0.29886
v -0.28757 0.03794 0.34174
v -0.27243 0.03709 0.35654
v -0.25917 0.04434 0.34387
v -0.27431 0.04519 0.32907
v -0.31313 0.08393 0.37378
v -0.29796 0.08304 0.38856
v -0.28489 0.09064 0.37614
v -0.30006 0.09153 0.36136
v -0.34033 0.12993 0.40790
v -0.32515 0.12900 0.42265
v -0.31227 0.13693 0.41047
v -0.32746 0.13786 0.39572
v -0.36919 0.17593 0.44409
v -0.35399 0.17496 0.45881
v -0.34131 0.18321 0.44688
v -0.35651 0.18418 0.43216
v -0.39971 0.22195 0.48235
v -0.38448 0.22094 0.49704
v -0.37200 0.22948 0.48537
v -0.38722 0.23049 0.47067
v -0.43188 0.26797 0.52268
v -0.41663 0.26692 0.53735
v -0.40434 0.27575 0.52593
v -0.41959 0.27679 0.51126
v -0.46570 0.31399 0.56510
v -0.45043 0.31292 0.57974
v -0.43833 0.32201 0.56856
v -0.45360 0.32308 0.55392
v -0.50118 0.36002 0.60958
v -0.48589 0.35892 0.62420
v -0.47398 0.36826 0.61326
v -0.48928 0.36937 0.59865
v -0.53832 0.40606 0.65615
v -0.52300 0.40493 0.67073
v -0.51129 0.41451 0.66004
v -0.52660 0.41564 0.64546
v -0.57711 0.45211 0.70479
v -0.56177 0.45095 0.71935
v -0.55024 0.46075 0.70889
v -0.56558 0.46191 0.69433
v -0.61755 0.49816 0.75550
v -0.60220 0.49697 0.77003
v -0.59085 0.50698 0.75981
v -0.60621 0.50817 0.74528
v -0.65965 0.54421 0.80829
v -0.64428 0.54300 0.82280
v -0.63311 0.55321 0.81281
v -0.64849 0.55443 0.79830
v -0.70341 0.59028 0.86316
v -0.68801 0.58904 0.87764
v -0.67702 0.59944 0.86788
v -0.69242 0.60067 0.85340
v -0.74886 0.63638 0.92016
v -0.73345 0.63513 0.93462
v -0.72255 0.64562 0.92497
v -0.73796 0.64687 0.91050
v -0.08728 -0.65100 0.10946
v -0.73571 0.64100 0.92256
v -0.04614 -0.65104 0.13649
v -0.03114 -0.65119 0.15149
v -0.01614 -0.65096 0.13649
v -0.03114 -0.65081 0.12149
v -0.04644 -0.60495 0.13778
v -0.03144 -0.60525 0.15277
v -0.01644 -0.60477 0.13779
v -0.03144 -0.60447 0.12279
v -0.04732 -0.55889 0.14165
v -0.03232 -0.55949 0.15662
v -0.01732 -0.55854 0.14168
v -0.03233 -0.55794 0.12671
v -0.04879 -0.51284 0.14810
v -0.03378 -0.51373 0.16303
v -0.01880 -0.51231 0.14816
v -0.03381 -0.51141 0.13323
v -0.05086 -0.46678 0.15713
v -0.03583 -0.46797 0.17201
v -0.02087 -0.46608 0.15723
v -0.03589 -0.46489 0.14235
v -0.05351 -0.42072 0.16875
v -0.03847 -0.42219 0.18356
v -0.02353 -0.41985 0.16889
v -0.03857 -0.41838 0.15409
v -0.05675 -0.37466 0.18295
v -0.04169 -0.37641 0.19767
v -0.02679 -0.37363 0.18315
v -0.04184 -0.37187 0.16842
v -0.06058 -0.32860 0.19973
v -0.04550 -0.33063 0.21435
v -0.03063 -0.32740 0.19999
v -0.04571 -0.32537 0.18537
v -0.06500 -0.28253 0.21909
v -0.04990 -0.28483 0.23361
v -0.03507 -0.28118 0.21942
v -0.05016 -0.27889 0.20491
v -0.07001 -0.23646 0.24104
v -0.05489 -0.23902 0.25544
v -0.04009 -0.23497 0.24145
v -0.05522 -0.23241 0.22705
v -0.07561 -0.19039 0.26557
v -0.06046 -0.19319 0.27984
v -0.04571 -0.18875 0.26606
v -0.06086 -0.18595 0.25180
v -0.08180 -0.14432 0.29269
v -0.06662 -0.14736 0.30682
v -0.05192 -0.14254 0.29326
v -0.06710 -0.13950 0.27914
v -0.08858 -0.09824 0.32239
v -0.07336 -0.10151 0.33637
v -0.05872 -0.09633 0.32305
v -0.07393 -0.09306 0.30907
v -0.09595 -0.05216 0.35468
v -0.08070 -0.05565 0.36850
v -0.06611 -0.05012 0.35543
v -0.08135 -0.04664 0.34160
v -0.10391 -0.00608 0.38955
v -0.08862 -0.00978 0.40322
v -0.07409 -0.00392 0.39040
v -0.08937 -0.00022 0.37672
v -0.11246 0.04000 0.42700
v -0.09714 0.03611 0.44052
v -0.08266 0.04228 0.42795
v -0.09797 0.04618 0.41444
v -0.12160 0.08609 0.46705
v -0.10624 0.08201 0.48040
v -0.09182 0.08848 0.46809
v -0.10717 0.09256 0.45474
v -0.13133 0.13218 0.50967
v -0.11594 0.12792 0.52286
v -0.10157 0.13467 0.51082
v -0.11696 0.13894 0.49763
v -0.14165 0.17828 0.55489
v -0.12622 0.17385 0.56791
v -0.11191 0.18086 0.55613
v -0.12734 0.18530 0.54311
v -0.15256 0.22437 0.60269
v -0.13709 0.21978 0.61555
v -0.12285 0.22705 0.60403
v -0.13831 0.23165 0.59117
v -0.16406 0.27047 0.65308
v -0.14856 0.26573 0.66577
v -0.13437 0.27324 0.65452
v -0.14987 0.27799 0.64183
v -0.17615 0.31657 0.70606
v -0.16061 0.31169 0.71858
v -0.14648 0.31942 0.70759
v -0.16202 0.32431 0.69506
v -0.18883 0.36268 0.76162
v -0.17326 0.35765 0.77398
v -0.15919 0.36561 0.76325
v -0.17476 0.37063 0.75088
v -0.20210 0.40878 0.81977
v -0.18649 0.40363 0.83197
v -0.17248 0.41179 0.82149
v -0.18809 0.41694 0.80929
v -0.21597 0.45489 0.88050
v -0.20032 0.44962 0.89255
v -0.18636 0.45796 0.88232
v -0.20201 0.46324 0.87028
v -0.23042 0.50100 0.94383
v -0.21474 0.49562 0.95572
v -0.20084 0.50414 0.94574
v -0.21652 0.50953 0.93385
v -0.24546 0.54711 1.00974
v -0.22975 0.54162 1.02148
v -0.21590 0.55031 1.01174
v -0.23162 0.55581 1.00000
v -0.26110 0.59323 1.07824
v -0.24535 0.58763 1.08983
v -0.23156 0.59649 1.08033
v -0.24730 0.60208 1.06874
v -0.27733 0.63936 1.14935
v -0.26156 0.63371 1.16086
v -0.24780 0.64264 1.15148
v -0.26356 0.64829 1.13997
v -0.03114 -0.65100 0.13649
v -0.26256 0.64100 1.15041
v 0.01616 -0.65096 0.13649
v 0.03116 -0.65119 0.15149
v 0.04616 -0.65104 0.13649
v 0.03116 -0.65081 0.12149
v 0.01646 -0.60477 0.13779
v 0.03146 -0.60525 0.15277
v 0.04646 -0.60495 0.13778
v 0.03146 -0.60447 0.12279
v 0.01735 -0.55854 0.14168
v 0.03234 -0.55949 0.15662
v 0.04734 -0.55889 0.14165
v 0.03235 -0.55794 0.12671
v 0.01883 -0.51231 0.14816
v 0.03381 -0.51373 0.16303
v 0.04882 -0.51284 0.14810
v 0.03384 -0.51141 0.13323
v 0.02090 -0.46608 0.15723
v 0.03586 -0.46797 0.17201
v 0.05088 -0.46678 0.15713
v 0.03592 -0.46489 0.14235
v 0.02356 -0.41985 0.16889
v 0.03849 -0.42219 0.18356
v 0.05353 -0.42072 0.16875
v 0.03859 -0.41838 0.15409
v 0.02681 -0.37363 0.18315
v 0.04172 -0.37641 0.19767
v 0.05677 -0.37466 0.18295
v 0.04186 -0.37187 0.16842
v 0.03065 -0.32740 0.19999
v 0.04553 -0.33063 0.21435
v 0.06060 -0.32860 0.19973
v 0.04573 -0.32537 0.18537
v 0.03509 -0.28118 0.21942
v 0.04993 -0.28483 0.23361
v 0.06502 -0.28253 0.21909
v 0.05019 -0.27889 0.20491
v 0.04012 -0.23497 0.24145
v 0.05491 -0.23902 0.25544
v 0.07003 -0.23646 0.24104
v 0.05524 -0.23241 0.22705
v 0.04573 -0.18875 0.26606
v 0.06048 -0.19319 0.27984
v 0.07563 -0.19039 0.26557
v 0.06088 -0.18595 0.25180
v 0.05194 -0.14254 0.29326
v 0.06664 -0.14736 0.30682
v 0.08182 -0.14432 0.29269
v 0.06712 -0.13950 0.27914
v 0.05874 -0.09633 0.32305
v 0.07339 -0.10151 0.33637
v 0.08860 -0.09824 0.32239
v 0.07395 -0.09306 0.30907
v 0.06613 -0.05012 0.35543
v 0.08072 -0.05565 0.36850
v 0.09597 -0.05216 0.35468
v 0.08138 -0.04664 0.34160
v 0.07411 -0.00392 0.39040
v 0.08865 -0.00978 0.40322
v 0.10393 -0.00608 0.38955
v 0.08939 -0.00022 0.37672
v 0.08268 0.04228 0.42795
v 0.09716 0.03611 0.44052
v 0.11248 0.04000 0.42700
v 0.09800 0.04618 0.41444
v 0.09184 0.08848 0.46809
v 0.10627 0.08201 0.48040
v 0.12162 0.08609 0.46705
v 0.10720 0.09256 0.45474
v 0.10160 0.13467 0.51082
v 0.11596 0.12792 0.52286
v 0.13135 0.13218 0.50967
v 0.11698 0.13894 0.49763
v 0.11194 0.18086 0.55613
v 0.12624 0.17385 0.56791
v 0.14167 0.17828 0.55489
v 0.12736 0.18530 0.54311
v 0.12287 0.22705 0.60403
v 0.13712 0.21978 0.61555
v 0.15258 0.22437 0.60269
v 0.13833 0.23165 0.59117
v 0.13439 0.27324 0.65452
v 0.14858 0.26573 0.66577
v 0.16408 0.27047 0.65308
v 0.14989 0.27799 0.64183
v 0.14651 0.31942 0.70759
v 0.16064 0.31169 0.71858
v 0.17617 0.31657 0.70606
v 0.16204 0.32431 0.69506
v 0.15921 0.36561 0.76325
v 0.17328 0.35765 0.77398
v 0.18885 0.36268 0.76162
v 0.17478 0.37063 0.75088
v 0.17250 0.41179 0.82149
v 0.18652 0.40363 0.83197
v 0.20213 0.40878 0.81977
v 0.18811 0.41694 0.80929
v 0.18639 0.45796 0.88232
v 0.20035 0.44962 0.89255
v 0.21599 0.45489 0.88050
v 0.20203 0.46324 0.87028
v 0.20086 0.50414 0.94574
v 0.21476 0.49562 0.95572
v 0.23044 0.50100 0.94383
v 0.21654 0.50953 0.93385
v 0.21593 0.55031 1.01174
v 0.22977 0.54162 1.02148
v 0.24549 0.54711 1.00974
v 0.23164 0.55581 1.00000
v 0.23158 0.59649 1.08033
v 0.24537 0.58763 1.08983
v 0.26112 0.59323 1.07824
v 0.24733 0.60208 1.06874
v 0.24782 0.64264 1.15148
v 0.26159 0.63371 1.16086
v 0.27735 0.63936 1.14935
v 0.26358 0.64829 1.13997
v 0.03116 -0.65100 0.13649
v 0.26259 0.64100 1.15041
v 0.07230 -0.65088 0.10946
v 0.08730 -0.65116 0.12445
v 0.10230 -0.65112 0.10945
v 0.08730 -0.65084 0.09446
v 0.07313 -0.60461 0.11050
v 0.08812 -0.60517 0.12549
v 0.10312 -0.60511 0.11049
v 0.08813 -0.60455 0.09550
v 0.07563 -0.55822 0.11364
v 0.09059 -0.55934 0.12858
v 0.10559 -0.55921 0.11357
v 0.09062 -0.55809 0.09863
v 0.07978 -0.51183 0.11885
v 0.09471 -0.51350 0.13373
v 0.10970 -0.51331 0.11873
v 0.09478 -0.51164 0.10385
v 0.08560 -0.46545 0.12616
v 0.10046 -0.46766 0.14094
v 0.11546 -0.46741 0.12594
v 0.10060 -0.46520 0.11116
v 0.09309 -0.41907 0.13554
v 0.10787 -0.42182 0.15021
v 0.12287 -0.42150 0.13522
v 0.10809 -0.41875 0.12056
v 0.10223 -0.37269 0.14702
v 0.11691 -0.37597 0.16155
v 0.13192 -0.37559 0.14657
v 0.11724 -0.37232 0.13204
v 0.11303 -0.32633 0.16057
v 0.12760 -0.33011 0.17495
v 0.14262 -0.32967 0.15998
v 0.12805 -0.32589 0.14560
v 0.12550 -0.27997 0.17620
v 0.13994 -0.28424 0.19041
v 0.15497 -0.28375 0.17546
v 0.14053 -0.27947 0.16125
v 0.13962 -0.23361 0.19392
v 0.15392 -0.23837 0.20794
v 0.16896 -0.23782 0.19301
v 0.15467 -0.23306 0.17898
v 0.15541 -0.18727 0.21372
v 0.16955 -0.19248 0.22754
v 0.18461 -0.19188 0.21262
v 0.17046 -0.18666 0.19880
v 0.17285 -0.14093 0.23559
v 0.18683 -0.14659 0.24920
v 0.20190 -0.14593 0.23430
v 0.18792 -0.14027 0.22070
v 0.19195 -0.09460 0.25955
v 0.20576 -0.10068 0.27293
v 0.22085 -0.09997 0.25806
v 0.20704 -0.09389 0.24467
v 0.21271 -0.04828 0.28558
v 0.22634 -0.05477 0.29873
v 0.24145 -0.05401 0.28388
v 0.22781 -0.04752 0.27073
v 0.23512 -0.00196 0.31369
v 0.24857 -0.00884 0.32660
v 0.26370 -0.00804 0.31178
v 0.25025 -0.00116 0.29886
v 0.25919 0.04434 0.34387
v 0.27245 0.03709 0.35654
v 0.28760 0.03794 0.34174
v 0.27433 0.04519 0.32907
v 0.28492 0.09064 0.37614
v 0.29798 0.08304 0.38856
v 0.31315 0.08393 0.37378
v 0.30008 0.09153 0.36136
v 0.31230 0.13693 0.41047
v 0.32517 0.12900 0.42265
v 0.34036 0.12993 0.40790
v 0.32748 0.13786 0.39572
v 0.34133 0.18321 0.44688
v 0.35401 0.17496 0.45881
v 0.36922 0.17593 0.44409
v 0.35654 0.18418 0.43216
v 0.37202 0.22948 0.48537
v 0.38450 0.22094 0.49704
v 0.39973 0.22195 0.48235
v 0.38725 0.23049 0.47067
v 0.40436 0.27575 0.52593
v 0.41665 0.26692 0.53735
v 0.43190 0.26797 0.52268
v 0.41961 0.27679 0.51126
v 0.43836 0.32201 0.56856
v 0.45046 0.31292 0.57974
v 0.46573 0.31399 0.56510
v 0.45363 0.32308 0.55392
v 0.47401 0.36826 0.61326
v 0.48591 0.35892 0.62420
v 0.50121 0.36002 0.60958
v 0.48930 0.36937 0.59865
v 0.51131 0.41451 0.66004
v 0.52303 0.40493 0.67073
v 0.53834 0.40606 0.65615
v 0.52662 0.41564 0.64546
v 0.55027 0.46075 0.70889
v 0.56180 0.45095 0.71935
v 0.57713 0.45211 0.70479
v 0.56560 0.46191 0.69433
v 0.59087 0.50698 0.75981
v 0.60222 0.49697 0.77003
v 0.61758 0.49816 0.75550
v 0.60623 0.50817 0.74528
v 0.63313 0.55321 0.81281
v 0.64430 0.54300 0.82280
v 0.65968 0.54421 0.80829
v 0.64851 0.55443 0.79830
v 0.67705 0.59944 0.86788
v 0.68804 0.58904 0.87764
v 0.70343 0.59028 0.86316
v 0.69244 0.60067 0.85340
v 0.72258 0.64562 0.92497
v 0.73348 0.63513 0.93462
v 0.74888 0.63638 0.92016
v 0.73798 0.64687 0.91050
v 0.08730 -0.65100 0.10946
v 0.73573 0.64100 0.92256
v 0.11115 -0.65082 0.06075
v 0.12615 -0.65109 0.07574
v 0.14115 -0.65118 0.06074
v 0.12615 -0.65091 0.04574
v 0.11235 -0.60450 0.06133
v 0.12734 -0.60503 0.07632
v 0.14233 -0.60522 0.06131
v 0.12734 -0.60468 0.04632
v 0.11597 -0.55800 0.06307
v 0.13092 -0.55906 0.07804
v 0.14589 -0.55943 0.06302
v 0.13094 -0.55837 0.04805
v 0.12199 -0.51150 0.06597
v 0.13688 -0.51309 0.08090
v 0.15182 -0.51364 0.06587
v 0.13693 -0.51206 0.05094
v 0.13042 -0.46501 0.07004
v 0.14521 -0.46711 0.08492
v 0.16012 -0.46785 0.06987
v 0.14533 -0.46574 0.05499
v 0.14125 -0.41852 0.07526
v 0.15594 -0.42114 0.09008
v 0.17080 -0.42205 0.07500
v 0.15612 -0.41943 0.06019
v 0.15449 -0.37205 0.08164
v 0.16904 -0.37516 0.09639
v 0.18385 -0.37624 0.08129
v 0.16931 -0.37313 0.06654
v 0.17014 -0.32558 0.08918
v 0.18453 -0.32917 0.10385
v 0.19928 -0.33042 0.08871
v 0.18489 -0.32683 0.07405
v 0.18819 -0.27912 0.09788
v 0.20240 -0.28318 0.11245
v 0.21708 -0.28460 0.09728
v 0.20287 -0.28053 0.08271
v 0.20865 -0.23267 0.10773
v 0.22266 -0.23719 0.12220
v 0.23727 -0.23876 0.10700
v 0.22325 -0.23424 0.09253
v 0.23150 -0.18623 0.11874
v 0.24530 -0.19119 0.13310
v 0.25983 -0.19291 0.11786
v 0.24603 -0.18795 0.10349
v 0.25675 -0.13980 0.13090
v 0.27032 -0.14519 0.14516
v 0.28477 -0.14705 0.12987
v 0.27120 -0.14167 0.11562
v 0.28440 -0.09339 0.14422
v 0.29774 -0.09918 0.15836
v 0.31210 -0.10118 0.14302
v 0.29876 -0.09539 0.12889
v 0.31445 -0.04699 0.15870
v 0.32754 -0.05316 0.17270
v 0.34181 -0.05530 0.15733
v 0.32872 -0.04912 0.14332
v 0.34689 -0.00060 0.17432
v 0.35972 -0.00714 0.18820
v 0.37391 -0.00941 0.17278
v 0.36107 -0.00286 0.15890
v 0.38173 0.04578 0.19110
v 0.39430 0.03889 0.20485
v 0.40839 0.03650 0.18939
v 0.39582 0.04340 0.17564
v 0.41896 0.09215 0.20903
v 0.43127 0.08492 0.22265
v 0.44526 0.08242 0.20714
v 0.43295 0.08965 0.19352
v 0.45858 0.13851 0.22812
v 0.47062 0.13096 0.24160
v 0.48452 0.12835 0.22604
v 0.47248 0.13590 0.21256
v 0.50059 0.18485 0.24835
v 0.51236 0.17700 0.26171
v 0.52617 0.17429 0.24610
v 0.51440 0.18214 0.23274
v 0.54500 0.23118 0.26974
v 0.55650 0.22305 0.28296
v 0.57020 0.22024 0.26730
v 0.55871 0.22838 0.25408
v 0.59179 0.27751 0.29227
v 0.60302 0.26911 0.30536
v 0.61663 0.26621 0.28966
v 0.60540 0.27461 0.27657
v 0.64097 0.32382 0.31596
v 0.65194 0.31517 0.32892
v 0.66545 0.31218 0.31317
v 0.65449 0.32083 0.30021
v 0.69255 0.37012 0.34080
v 0.70324 0.36123 0.35363
v 0.71667 0.35816 0.33783
v 0.70597 0.36706 0.32500
v 0.74650 0.41642 0.36678
v 0.75694 0.40730 0.37948
v 0.77027 0.40415 0.36365
v 0.75984 0.41327 0.35095
v 0.80285 0.46270 0.39392
v 0.81303 0.45337 0.40649
v 0.82627 0.45015 0.39061
v 0.81609 0.45949 0.37804
v 0.86159 0.50898 0.42221
v 0.87151 0.49945 0.43466
v 0.88466 0.49616 0.41873
v 0.87474 0.50570 0.40628
v 0.92271 0.55525 0.45164
v 0.93238 0.54553 0.46397
v 0.94545 0.54218 0.44800
v 0.93577 0.55190 0.43567
v 0.98621 0.60151 0.48223
v 0.99564 0.59161 0.49444
v 1.00863 0.58820 0.47843
v 0.99920 0.59810 0.46622
v 1.05203 0.64771 0.51392
v 1.06134 0.63773 0.52607
v 1.07428 0.63429 0.51004
v 1.06497 0.64427 0.49789
v 0.12615 -0.65100 0.06074
v 1.06316 0.64100 0.51198
v 0.12501 -0.65080 0.00000
v 0.14001 -0.65100 0.01500
v 0.15501 -0.65120 0.00000
v 0.14001 -0.65100 -0.01500
v 0.12635 -0.60446 0.00000
v 0.14134 -0.60486 0.01500
v 0.15633 -0.60526 0.00000
v 0.14134 -0.60486 -0.01500
v 0.13036 -0.55792 0.00000
v 0.14532 -0.55871 0.01500
v 0.16027 -0.55951 0.00000
v 0.14532 -0.55871 -0.01500
v 0.13705 -0.51138 0.00000
v 0.15195 -0.51257 0.01500
v 0.16685 -0.51376 0.00000
v 0.15195 -0.51257 -0.01500
v 0.14642 -0.46485 0.00000
v 0.16124 -0.46643 0.01500
v 0.17606 -0.46800 0.00000
v 0.16124 -0.46643 -0.01500
v 0.15845 -0.41833 0.00000
v 0.17318 -0.42029 0.01500
v 0.18790 -0.42224 0.00000
v 0.17318 -0.42029 -0.01500
v 0.17316 -0.37181 0.00000
v 0.18777 -0.37414 0.01500
v 0.20237 -0.37647 0.00000
v 0.18777 -0.37414 -0.01500
v 0.19054 -0.32531 0.00000
v 0.20501 -0.32800 0.01500
v 0.21948 -0.33069 0.00000
v 0.20501 -0.32800 -0.01500
v 0.21059 -0.27881 0.00000
v 0.22491 -0.28186 0.01500
v 0.23923 -0.28490 0.00000
v 0.22491 -0.28186 -0.01500
v 0.23331 -0.23233 0.00000
v 0.24746 -0.23571 0.01500
v 0.26161 -0.23910 0.00000
v 0.24746 -0.23571 -0.01500
v 0.25869 -0.18586 0.00000
v 0.27266 -0.18957 0.01500
v 0.28664 -0.19329 0.00000
v 0.27266 -0.18957 -0.01500
v 0.28674 -0.13940 0.00000
v 0.30052 -0.14343 0.01500
v 0.31430 -0.14746 0.00000
v 0.30052 -0.14343 -0.01500
v 0.31745 -0.09295 0.00000
v 0.33103 -0.09729 0.01500
v 0.34461 -0.10162 0.00000
v 0.33103 -0.09729 -0.01500
v 0.35082 -0.04652 0.00000
v 0.36420 -0.05114 0.01500
v 0.37757 -0.05576 0.00000
v 0.36420 -0.05114 -0.01500
v 0.38685 -0.00010 0.00000
v 0.40001 -0.00500 0.01500
v 0.41317 -0.00990 0.00000
v 0.40001 -0.00500 -0.01500
v 0.42554 0.04630 0.00000
v 0.43848 0.04114 0.01500
v 0.45142 0.03598 0.00000
v 0.43848 0.04114 -0.01500
v 0.46689 0.09270 0.00000
v 0.47960 0.08729 0.01500
v 0.49232 0.08188 0.00000
v 0.47960 0.08729 -0.01500
v 0.51089 0.13907 0.00000
v 0.52338 0.13343 0.01500
v 0.53587 0.12778 0.00000
v 0.52338 0.13343 -0.01500
v 0.55754 0.18544 0.00000
v 0.56981 0.17957 0.01500
v 0.58207 0.17370 0.00000
v 0.56981 0.17957 -0.01500
v 0.60685 0.23180 0.00000
v 0.61889 0.22571 0.01500
v 0.63093 0.21963 0.00000
v 0.61889 0.22571 -0.01500
v 0.65881 0.27814 0.00000
v 0.67062 0.27186 0.01500
v 0.68244 0.26557 0.00000
v 0.67062 0.27186 -0.01500
v 0.71342 0.32447 0.00000
v 0.72501 0.31800 0.01500
v 0.73660 0.31153 0.00000
v 0.72501 0.31800 -0.01500
v 0.77068 0.37079 0.00000
v 0.78205 0.36414 0.01500
v 0.79342 0.35749 0.00000
v 0.78205 0.36414 -0.01500
v 0.83059 0.41711 0.00000
v 0.84175 0.41029 0.01500
v 0.85290 0.40347 0.00000
v 0.84175 0.41029 -0.01500
v 0.89315 0.46341 0.00000
v 0.90409 0.45643 0.01500
v 0.91503 0.44945 0.00000
v 0.90409 0.45643 -0.01500
v 0.95837 0.50970 0.00000
v 0.96909 0.50257 0.01500
v 0.97982 0.49544 0.00000
v 0.96909 0.50257 -0.01500
v 1.02623 0.55599 0.00000
v 1.03675 0.54871 0.01500
v 1.04727 0.54144 0.00000
v 1.03675 0.54871 -0.01500
v 1.09674 0.60226 0.00000
v 1.10705 0.59486 0.01500
v 1.11737 0.58745 0.00000
v 1.10705 0.59486 -0.01500
v 1.16980 0.64847 0.00000
v 1.18001 0.64100 0.01500
v 1.19023 0.63353 0.00000
v 1.18001 0.64100 -0.01500
v 0.14001 -0.65100 0.00000
v 1.18001 0.64100 0.00000
v 0.11115 -0.65082 -0.06075
v 0.12615 -0.65091 -0.04574
v 0.14115 -0.65118 -0.06074
v 0.12615 -0.65109 -0.07574
v 0.11235 -0.60450 -0.06133
v 0.12734 -0.60468 -0.04632
v 0.14233 -0.60522 -0.06131
v 0.12734 -0.60503 -0.07632
v 0.11597 -0.55800 -0.06307
v 0.13094 -0.55837 -0.04805
v 0.14589 -0.55943 -0.06302
v 0.13092 -0.55906 -0.07804
v 0.12199 -0.51150 -0.06597
v 0.13693 -0.51206 -0.05094
v 0.15182 -0.51364 -0.06587
v 0.13688 -0.51309 -0.08090
v 0.13042 -0.46501 -0.07004
v 0.14533 -0.46574 -0.05499
v 0.16012 -0.46785 -0.06987
v 0.14521 -0.46711 -0.08492
v 0.14125 -0.41852 -0.07526
v 0.15612 -0.41943 -0.06019
v 0.17080 -0.42205 -0.07500
v 0.15594 -0.42114 -0.09008
v 0.15449 -0.37205 -0.08164
v 0.16931 -0.37313 -0.06654
v 0.18385 -0.37624 -0.08129
v 0.16904 -0.37516 -0.09639
v 0.17014 -0.32558 -0.08918
v 0.18489 -0.32683 -0.07405
v 0.19928 -0.33042 -0.08871
v 0.18453 -0.32917 -0.10385
v 0.18819 -0.27912 -0.09788
v 0.20287 -0.28053 -0.08271
v 0.21708 -0.28460 -0.09728
v 0.20240 -0.28318 -0.11245
v 0.20865 -0.23267 -0.10773
v 0.22325 -0.23424 -0.09253
v 0.23727 -0.23876 -0.10700
v 0.22266 -0.23719 -0.12220
v 0.23150 -0.18623 -0.11874
v 0.24603 -0.18795 -0.10349
v 0.25983 -0.19291 -0.11786
v 0.24530 -0.19119 -0.13310
v 0.25675 -0.13980 -0.13090
v 0.27120 -0.14167 -0.11562
v 0.28477 -0.14705 -0.12987
v 0.27032 -0.14519 -0.14516
v 0.28440 -0.09339 -0.14422
v 0.29876 -0.09539 -0.12889
v 0.31210 -0.10118 -0.14302
v 0.29774 -0.09918 -0.15836
v 0.31445 -0.04699 -0.15870
v 0.32872 -0.04912 -0.14332
v 0.34181 -0.05530 -0.15733
v 0.32754 -0.05316 -0.17270
v 0.34689 -0.00060 -0.17432
v 0.36107 -0.00286 -0.15890
v 0.37391 -0.00941 -0.17278
v 0.35972 -0.00714 -0.18820
v 0.38173 0.04578 -0.19110
v 0.39582 0.04340 -0.17564
v 0.40839 0.03650 -0.18939
v 0.39430 0.03889 -0.20485
v 0.41896 0.09215 -0.20903
v 0.43295 0.08965 -0.19352
v 0.44526 0.08242 -0.20714
v 0.43127 0.08492 -0.22265
v 0.45858 0.13851 -0.22812
v 0.47248 0.13590 -0.21256
v 0.48452 0.12835 -0.22604
v 0.47062 0.13096 -0.24160
v 0.50059 0.18485 -0.24835
v 0.51440 0.18214 -0.23274
v 0.52617 0.17429 -0.24610
v 0.51236 0.17700 -0.26171
v 0.54500 0.23118 -0.26974
v 0.55871 0.22838 -0.25408
v 0.57020 0.22024 -0.26730
v 0.55650 0.22305 -0.28296
v 0.59179 0.27751 -0.29227
v 0.60540 0.27461 -0.27657
v 0.61663 0.26621 -0.28966
v 0.60302 0.26911 -0.30536
v 0.64097 0.32382 -0.31596
v 0.65449 0.32083 -0.30021
v 0.66545 0.31218 -0.31317
v 0.65194 0.31517 -0.32892
v 0.69255 0.37012 -0.34080
v 0.70597 0.36706 -0.32500
v 0.71667 0.35816 -0.33783
v 0.70324 0.36123 -0.35363
v 0.74650 0.41642 -0.36678
v 0.75984 0.41327 -0.35095
v 0.77027 0.40415 -0.36365
v 0.75694 0.40730 -0.37948
v 0.80285 0.46270 -0.39392
v 0.81609 0.45949 -0.37804
v 0.82627 0.45015 -0.39061
v 0.81303 0.45337 -0.40649
v 0.86159 0.50898 -0.42221
v 0.87474 0.50570 -0.40628
v 0.88466 0.49616 -0.41873
v 0.87151 0.49945 -0.43466
v 0.92271 0.55525 -0.45164
v 0.93577 0.55190 -0.43567
v 0.94545 0.54218 -0.44800
v 0.93238 0.54553 -0.46397
v 0.98621 0.60151 -0.48223
v 0.99920 0.59810 -0.46622
v 1.00863 0.58820 -0.47843
v 0.99564 0.59161 -0.49444
v 1.05203 0.64771 -0.51392
v 1.06497 0.64427 -0.49789
v 1.07428 0.63429 -0.51004
v 1.06134 0.63773 -0.52607
v 0.12615 -0.65100 -0.06074
v 1.06316 0.64100 -0.51198
v 0.07230 -0.65088 -0.10946
v 0.08730 -0.65084 -0.09446
v 0.10230 -0.65112 -0.10945
v 0.08730 -0.65116 -0.12445
v 0.07313 -0.60461 -0.11050
v 0.08813 -0.60455 -0.09550
v 0.10312 -0.60511 -0.11049
v 0.08812 -0.60517 -0.12549
v 0.07563 -0.55822 -0.11364
v 0.09062 -0.55809 -0.09863
v 0.10559 -0.55921 -0.11357
v 0.09059 -0.55934 -0.12858
v 0.07978 -0.51183 -0.11885
v 0.09478 -0.51164 -0.10385
v 0.10970 -0.51331 -0.11873
v 0.09471 -0.51350 -0.13373
v 0.08560 -0.46545 -0.12616
v 0.10060 -0.46520 -0.11116
v 0.11546 -0.46741 -0.12594
v 0.10046 -0.46766 -0.14094
v 0.09309 -0.41907 -0.13554
v 0.10809 -0.41875 -0.12056
v 0.12287 -0.42150 -0.13522
v 0.10787 -0.42182 -0.15021
v 0.10223 -0.37269 -0.14702
v 0.11724 -0.37232 -0.13204
v 0.13192 -0.37559 -0.14657
v 0.11691 -0.37597 -0.16155
v 0.11303 -0.32633 -0.16057
v 0.12805 -0.32589 -0.14560
v 0.14262 -0.32967 -0.15998
v 0.12760 -0.33011 -0.17495
v 0.12550 -0.27997 -0.17620
v 0.14053 -0.27947 -0.16125
v 0.15497 -0.28375 -0.17546
v 0.13994 -0.28424 -0.19041
v 0.13962 -0.23361 -0.19392
v 0.15467 -0.23306 -0.17898
v 0.16896 -0.23782 -0.19301
v 0.15392 -0.23837 -0.20794
v 0.15541 -0.18727 -0.21372
v 0.17046 -0.18666 -0.19880
v 0.18461 -0.19188 -0.21262
v 0.16955 -0.19248 -0.22754
v 0.17285 -0.14093 -0.23559
v 0.18792 -0.14027 -0.22070
v 0.20190 -0.14593 -0.23430
v 0.18683 -0.14659 -0.24920
v 0.19195 -0.09460 -0.25955
v 0.20704 -0.09389 -0.24467
v 0.22085 -0.09997 -0.25806
v 0.20576 -0.10068 -0.27293
v 0.21271 -0.04828 -0.28558
v 0.22781 -0.04752 -0.27073
v 0.24145 -0.05401 -0.28388
v 0.22634 -0.05477 -0.29873
v 0.23512 -0.00196 -0.31369
v 0.25025 -0.00116 -0.29886
v 0.26370 -0.00804 -0.31178
v 0.24857 -0.00884 -0.32660
v 0.25919 0.04434 -0.34387
v 0.27433 0.04519 -0.32907
v 0.28760 0.03794 -0.34174
v 0.27245 0.03709 -0.35654
v 0.28492 0.09064 -0.37614
v 0.30008 0.09153 -0.36136
v 0.31315 0.08393 -0.37378
v 0.29798 0.08304 -0.38856
v 0.31230 0.13693 -0.41047
v 0.32748 0.13786 -0.39572
v 0.34036 0.12993 -0.40790
v 0.32517 0.12900 -0.42265
v 0.34133 0.18321 -0.44688
v 0.35654 0.18418 -0.43216
v 0.36922 0.17593 -0.44409
v 0.35401 0.17496 -0.45881
v 0.37202 0.22948 -0.48537
v 0.38725 0.23049 -0.47067
v 0.39973 0.22195 -0.48235
v 0.38450 0.22094 -0.49704
v 0.40436 0.27575 -0.52593
v 0.41961 0.27679 -0.51126
v 0.43190 0.26797 -0.52268
v 0.41665 0.26692 -0.53735
v 0.43836 0.32201 -0.56856
v 0.45363 0.32308 -0.55392
v 0.46573 0.31399 -0.56510
v 0.45046 0.31292 -0.57974
v 0.47401 0.36826 -0.61326
v 0.48930 0.36937 -0.59865
v 0.50121 0.36002 -0.60958
v 0.48591 0.35892 -0.62420
v 0.51131 0.41451 -0.66004
v 0.52662 0.41564 -0.64546
v 0.53834 0.40606 -0.65615
v 0.52303 0.40493 -0.67073
v 0.55027 0.46075 -0.70889
v 0.56560 0.46191 -0.69433
v 0.57713 0.45211 -0.70479
v 0.56180 0.45095 -0.71935
v 0.59087 0.50698 -0.75981
v 0.60623 0.50817 -0.74528
v 0.61758 0.49816 -0.75550
v 0.60222 0.49697 -0.77003
v 0.63313 0.55321 -0.81281
v 0.64851 0.55443 -0.79830
v 0.65968 0.54421 -0.80829
v 0.64430 0.54300 -0.82280
v 0.67705 0.59944 -0.86788
v 0.69244 0.60067 -0.85340
v 0.70343 0.59028 -0.86316
v 0.68804 0.58904 -0.87764
v 0.72258 0.64562 -0.92497
v 0.73798 0.64687 -0.91050
v 0.74888 0.63638 -0.92016
v 0.73348 0.63513 -0.93462
v 0.08730 -0.65100 -0.10946
v 0.73573 0.64100 -0.92256
v 0.01616 -0.65096 -0.13649
v 0.03116 -0.65081 -0.12149
v 0.04616 -0.65104 -0.13649
v 0.03116 -0.65119 -0.15149
v 0.01646 -0.60477 -0.13779
v 0.03146 -0.60447 -0.12279
v 0.04646 -0.60495 -0.13778
v 0.03146 -0.60525 -0.15277
v 0.01735 -0.55854 -0.14168
v 0.03235 -0.55794 -0.12671
v 0.04734 -0.55889 -0.14165
v 0.03234 -0.55949 -0.15662
v 0.01883 -0.51231 -0.14816
v 0.03384 -0.51141 -0.13323
v 0.04882 -0.51284 -0.14810
v 0.03381 -0.51373 -0.16303
v 0.02090 -0.46608 -0.15723
v 0.03592 -0.46489 -0.14235
v 0.05088 -0.46678 -0.15713
v 0.03586 -0.46797 -0.17201
v 0.02356 -0.41985 -0.16889
v 0.03859 -0.41838 -0.15409
v 0.05353 -0.42072 -0.16875
v 0.03849 -0.42219 -0.18356
v 0.02681 -0.37363 -0.18315
v 0.04186 -0.37187 -0.16842
v 0.05677 -0.37466 -0.18295
v 0.04172 -0.37641 -0.19767
v 0.03065 -0.32740 -0.19999
v 0.04573 -0.32537 -0.18537
v 0.06060 -0.32860 -0.19973
v 0.04553 -0.33063 -0.21435
v 0.03509 -0.28118 -0.21942
v 0.05019 -0.27889 -0.20491
v 0.06502 -0.28253 -0.21909
v 0.04993 -0.28483 -0.23361
v 0.04012 -0.23497 -0.24145
v 0.05524 -0.23241 -0.22705
v 0.07003 -0.23646 -0.24104
v 0.05491 -0.23902 -0.25544
v 0.04573 -0.18875 -0.26606
v 0.06088 -0.18595 -0.25180
v 0.07563 -0.19039 -0.26557
v 0.06048 -0.19319 -0.27984
v 0.05194 -0.14254 -0.29326
v 0.06712 -0.13950 -0.27914
v 0.08182 -0.14432 -0.29269
v 0.06664 -0.14736 -0.30682
v 0.05874 -0.09633 -0.32305
v 0.07395 -0.09306 -0.30907
v 0.08860 -0.09824 -0.32239
v 0.07339 -0.10151 -0.33637
v 0.06613 -0.05012 -0.35543
v 0.08138 -0.04664 -0.34160
v 0.09597 -0.05216 -0.35468
v 0.08072 -0.05565 -0.36850
v 0.07411 -0.00392 -0.39040
v 0.08939 -0.00022 -0.37672
v 0.10393 -0.00608 -0.38955
v 0.08865 -0.00978 -0.40322
v 0.08268 0.04228 -0.42795
v 0.09800 0.04618 -0.41444
v 0.11248 0.04000 -0.42700
v 0.09716 0.03611 -0.44052
v 0.09184 0.08848 -0.46809
v 0.10720 0.09256 -0.45474
v 0.12162 0.08609 -0.46705
v 0.10627 0.08201 -0.48040
v 0.10160 0.13467 -0.51082
v 0.11698 0.13894 -0.49763
v 0.13135 0.13218 -0.50967
v 0.11596 0.12792 -0.52286
v 0.11194 0.18086 -0.55613
v 0.12736 0.18530 -0.54311
v 0.14167 0.17828 -0.55489
v 0.12624 0.17385 -0.56791
v 0.12287 0.22705 -0.60403
v 0.13833 0.23165 -0.59117
v 0.15258 0.22437 -0.60269
v 0.13712 0.21978 -0.61555
v 0.13439 0.27324 -0.65452
v 0.14989 0.27799 -0.64183
v 0.16408 0.27047 -0.65308
v 0.14858 0.26573 -0.66577
v 0.14651 0.31942 -0.70759
v 0.16204 0.32431 -0.69506
v 0.17617 0.31657 -0.70606
v 0.16064 0.31169 -0.71858
v 0.15921 0.36561 -0.76325
v 0.17478 0.37063 -0.75088
v 0.18885 0.36268 -0.76162
v 0.17328 0.35765 -0.77398
v 0.17250 0.41179 -0.82149
v 0.18811 0.41694 -0.80929
v 0.20213 0.40878 -0.81977
v 0.18652 0.40363 -0.83197
v 0.18639 0.45796 -0.88232
v 0.20203 0.46324 -0.87028
v 0.21599 0.45489 -0.88050
v 0.20035 0.44962 -0.89255
v 0.20086 0.50414 -0.94574
v 0.21654 0.50953 -0.93385
v 0.23044 0.50100 -0.94383
v 0.21476 0.49562 -0.95572
v 0.21593 0.55031 -1.01174
v 0.23164 0.55581 -1.00000
v 0.24549 0.54711 -1.00974
v 0.22977 0.54162 -1.02148
v 0.23158 0.59649 -1.08033
v 0.24733 0.60208 -1.06874
v 0.26112 0.59323 -1.07824
v 0.24537 0.58763 -1.08983
v 0.24782 0.64264 -1.15148
v 0.26358 0.64829 -1.13997
v 0.27735 0.63936 -1.14935
v 0.26159 0.63371 -1.16086
v 0.03116 -0.65100 -0.13649
v 0.26259 0.64100 -1.15041
v -0.04614 -0.65104 -0.13649
v -0.03114 -0.65081 -0.12149
v -0.01614 -0.65096 -0.13649
v -0.03114 -0.65119 -0.15149
v -0.04644 -0.60495 -0.13778
v -0.03144 -0.60447 -0.12279
v -0.01644 -0.60477 -0.13779
v -0.03144 -0.60525 -0.15277
v -0.04732 -0.55889 -0.14165
v -0.03233 -0.55794 -0.12671
v -0.01732 -0.55854 -0.14168
v -0.03232 -0.55949 -0.15662
v -0.04879 -0.51284 -0.14810
v -0.03381 -0.51141 -0.13323
v -0.01880 -0.51231 -0.14816
v -0.03378 -0.51373 -0.16303
v -0.05086 -0.46678 -0.15713
v -0.03589 -0.46489 -0.14235
v -0.02087 -0.46608 -0.15723
v -0.03583 -0.46797 -0.17201
v -0.05351 -0.42072 -0.16875
v -0.03857 -0.41838 -0.15409
v -0.02353 -0.41985 -0.16889
v -0.03847 -0.42219 -0.18356
v -0.05675 -0.37466 -0.18295
v -0.04184 -0.37187 -0.16842
v -0.02679 -0.37363 -0.18315
v -0.04169 -0.37641 -0.19767
v -0.06058 -0.32860 -0.19973
v -0.04571 -0.32537 -0.18537
v -0.03063 -0.32740 -0.19999
v -0.04550 -0.33063 -0.21435
v -0.06500 -0.28253 -0.21909
v -0.05016 -0.27889 -0.20491
v -0.03507 -0.28118 -0.21942
v -0.04990 -0.28483 -0.23361
v -0.07001 -0.23646 -0.24104
v -0.05522 -0.23241 -0.22705
v -0.04009 -0.23497 -0.24145
v -0.05489 -0.23902 -0.25544
v -0.07561 -0.19039 -0.26557
v -0.06086 -0.18595 -0.25180
v -0.04571 -0.18875 -0.26606
v -0.06046 -0.19319 -0.27984
v -0.08180 -0.14432 -0.29269
v -0.06710 -0.13950 -0.27914
v -0.05192 -0.14254 -0.29326
v -0.06662 -0.14736 -0.30682
v -0.08858 -0.09824 -0.32239
v -0.07393 -0.09306 -0.30907
v -0.05872 -0.09633 -0.32305
v -0.07336 -0.10151 -0.33637
v -0.09595 -0.05216 -0.35468
v -0.08135 -0.04664 -0.34160
v -0.06611 -0.05012 -0.35543
v -0.08070 -0.05565 -0.36850
v -0.10391 -0.00608 -0.38955
v -0.08937 -0.00022 -0.37672
v -0.07409 -0.00392 -0.39040
v -0.08862 -0.00978 -0.40322
v -0.11246 0.04000 -0.42700
v -0.09797 0.04618 -0.41444
v -0.08266 0.04228 -0.42795
v -0.09714 0.03611 -0.44052
v -0.12160 0.08609 -0.46705
v -0.10717 0.09256 -0.45474
v -0.09182 0.08848 -0.46809
v -0.10624 0.08201 -0.48040
v -0.13133 0.13218 -0.50967
v -0.11696 0.13894 -0.49763
v -0.10157 0.13467 -0.51082
v -0.11594 0.12792 -0.52286
v -0.14165 0.17828 -0.55489
v -0.12734 0.18530 -0.54311
v -0.11191 0.18086 -0.55613
v -0.12622 0.17385 -0.56791
v -0.15256 0.22437 -0.60269
v -0.13831 0.23165 -0.59117
v -0.12285 0.22705 -0.60403
v -0.13709 0.21978 -0.61555
v -0.16406 0.27047 -0.65308
v -0.14987 0.27799 -0.64183
v -0.13437 0.27324 -0.65452
v -0.14856 0.26573 -0.66577
v -0.17615 0.31657 -0.70606
v -0.16202 0.32431 -0.69506
v -0.14648 0.31942 -0.70759
v -0.16061 0.31169 -0.71858
v -0.18883 0.36268 -0.76162
v -0.17476 0.37063 -0.75088
v -0.15919 0.36561 -0.76325
v -0.17326 0.35765 -0.77398
v -0.20210 0.40878 -0.81977
v -0.18809 0.41694 -0.80929
v -0.17248 0.41179 -0.82149
v -0.18649 0.40363 -0.83197
v -0.21597 0.45489 -0.88050
v -0.20201 0.46324 -0.87028
v -0.18636 0.45796 -0.88232
v -0.20032 0.44962 -0.89255
v -0.23042 0.50100 -0.94383
v -0.21652 0.50953 -0.93385
v -0.20084 0.50414 -0.94574
v -0.21474 0.49562 -0.95572
v -0.24546 0.54711 -1.00974
v -0.23162 0.55581 -1.00000
v -0.21590 0.55031 -1.01174
v -0.22975 0.54162 -1.02148
v -0.26110 0.59323 -1.07824
v -0.24730 0.60208 -1.06874
v -0.23156 0.59649 -1.08033
v -0.24535 0.58763 -1.08983
v -0.27733 0.63936 -1.14935
v -0.26356 0.64829 -1.13997
v -0.24780 0.64264 -1.15148
v -0.26156 0.63371 -1.16086
v -0.03114 -0.65100 -0.13649
v -0.26256 0.64100 -1.15041
v -0.10228 -0.65112 -0.10945
v -0.08728 -0.65084 -0.09446
v -0.07228 -0.65088 -0.10946
v -0.08728 -0.65116 -0.12445
v -0.10310 -0.60511 -0.11049
v -0.08811 -0.60455 -0.09550
v -0.07311 -0.60461 -0.11050
v -0.08810 -0.60517 -0.12549
v -0.10557 -0.55921 -0.11357
v -0.09060 -0.55809 -0.09863
v -0.07560 -0.55822 -0.11364
v -0.09057 -0.55934 -0.12858
v -0.10968 -0.51331 -0.11873
v -0.09476 -0.51164 -0.10385
v -0.07976 -0.51183 -0.11885
v -0.09468 -0.51350 -0.13373
v -0.11544 -0.46741 -0.12594
v -0.10058 -0.46520 -0.11116
v -0.08558 -0.46545 -0.12616
v -0.10044 -0.46766 -0.14094
v -0.12285 -0.42150 -0.13522
v -0.10807 -0.41875 -0.12056
v -0.09306 -0.41907 -0.13554
v -0.10784 -0.42182 -0.15021
v -0.13190 -0.37559 -0.14657
v -0.11722 -0.37232 -0.13204
v -0.10221 -0.37269 -0.14702
v -0.11689 -0.37597 -0.16155
v -0.14260 -0.32967 -0.15998
v -0.12803 -0.32589 -0.14560
v -0.11301 -0.32633 -0.16057
v -0.12758 -0.33011 -0.17495
v -0.15494 -0.28375 -0.17546
v -0.14050 -0.27947 -0.16125
v -0.12547 -0.27997 -0.17620
v -0.13991 -0.28424 -0.19041
v -0.16894 -0.23782 -0.19301
v -0.15464 -0.23306 -0.17898
v -0.13960 -0.23361 -0.19392
v -0.15390 -0.23837 -0.20794
v -0.18459 -0.19188 -0.21262
v -0.17044 -0.18666 -0.19880
v -0.15538 -0.18727 -0.21372
v -0.16953 -0.19248 -0.22754
v -0.20188 -0.14593 -0.23430
v -0.18790 -0.14027 -0.22070
v -0.17283 -0.14093 -0.23559
v -0.18681 -0.14659 -0.24920
v -0.22083 -0.09997 -0.25806
v -0.20701 -0.09389 -0.24467
v -0.19193 -0.09460 -0.25955
v -0.20574 -0.10068 -0.27293
v -0.24142 -0.05401 -0.28388
v -0.22779 -0.04752 -0.27073
v -0.21268 -0.04828 -0.28558
v -0.22632 -0.05477 -0.29873
v -0.26367 -0.00804 -0.31178
v -0.25022 -0.00116 -0.29886
v -0.23510 -0.00196 -0.31369
v -0.24855 -0.00884 -0.32660
v -0.28757 0.03794 -0.34174
v -0.27431 0.04519 -0.32907
v -0.25917 0.04434 -0.34387
v -0.27243 0.03709 -0.35654
v -0.31313 0.08393 -0.37378
v -0.30006 0.09153 -0.36136
v -0.28489 0.09064 -0.37614
v -0.29796 0.08304 -0.38856
v -0.34033 0.12993 -0.40790
v -0.32746 0.13786 -0.39572
v -0.31227 0.13693 -0.41047
v -0.32515 0.12900 -0.42265
v -0.36919 0.17593 -0.44409
v -0.35651 0.18418 -0.43216
v -0.34131 0.18321 -0.44688
v -0.35399 0.17496 -0.45881
v -0.39971 0.22195 -0.48235
v -0.38722 0.23049 -0.47067
v -0.37200 0.22948 -0.48537
v -0.38448 0.22094 -0.49704
v -0.43188 0.26797 -0.52268
v -0.41959 0.27679 -0.51126
v -0.40434 0.27575 -0.52593
v -0.41663 0.26692 -0.53735
v -0.46570 0.31399 -0.56510
v -0.45360 0.32308 -0.55392
v -0.43833 0.32201 -0.56856
v -0.45043 0.31292 -0.57974
v -0.50118 0.36002 -0.60958
v -0.48928 0.36937 -0.59865
v -0.47398 0.36826 -0.61326
v -0.48589 0.35892 -0.62420
v -0.53832 0.40606 -0.65615
v -0.52660 0.41564 -0.64546
v -0.51129 0.41451 -0.66004
v -0.52300 0.40493 -0.67073
v -0.57711 0.45211 -0.70479
v -0.56558 0.46191 -0.69433
v -0.55024 0.46075 -0.70889
v -0.56177 0.45095 -0.71935
v -0.61755 0.49816 -0.75550
v -0.60621 0.50817 -0.74528
v -0.59085 0.50698 -0.75981
v -0.60220 0.49697 -0.77003
v -0.65965 0.54421 -0.80829
v -0.64849 0.55443 -0.79830
v -0.63311 0.55321 -0.81281
v -0.64428 0.54300 -0.82280
v -0.70341 0.59028 -0.86316
v -0.69242 0.60067 -0.85340
v -0.67702 0.59944 -0.86788
v -0.68801 0.58904 -0.87764
v -0.74886 0.63638 -0.92016
v -0.73796 0.64687 -0.91050
v -0.72255 0.64562 -0.92497
v -0.73345 0.63513 -0.93462
v -0.08728 -0.65100 -0.10946
v -0.73571 0.64100 -0.92256
v -0.14112 -0.65118 -0.06074
v -0.12612 -0.65091 -0.04574
v -0.11113 -0.65082 -0.06075
v -0.12612 -0.65109 -0.07574
v -0.14231 -0.60522 -0.06131
v -0.12732 -0.60468 -0.04632
v -0.11233 -0.60450 -0.06133
v -0.12732 -0.60503 -0.07632
v -0.14587 -0.55943 -0.06302
v -0.13092 -0.55837 -0.04805
v -0.11594 -0.55800 -0.06307
v -0.13089 -0.55906 -0.07804
v -0.15180 -0.51364 -0.06587
v -0.13691 -0.51206 -0.05094
v -0.12196 -0.51150 -0.06597
v -0.13685 -0.51309 -0.08090
v -0.16010 -0.46785 -0.06987
v -0.14530 -0.46574 -0.05499
v -0.13039 -0.46501 -0.07004
v -0.14519 -0.46711 -0.08492
v -0.17078 -0.42205 -0.07500
v -0.15609 -0.41943 -0.06019
v -0.14123 -0.41852 -0.07526
v -0.15591 -0.42114 -0.09008
v -0.18383 -0.37624 -0.08129
v -0.16928 -0.37313 -0.06654
v -0.15447 -0.37205 -0.08164
v -0.16902 -0.37516 -0.09639
v -0.19926 -0.33042 -0.08871
v -0.18487 -0.32683 -0.07405
v -0.17012 -0.32558 -0.08918
v -0.18451 -0.32917 -0.10385
v -0.21706 -0.28460 -0.09728
v -0.20285 -0.28053 -0.08271
v -0.18817 -0.27912 -0.09788
v -0.20238 -0.28318 -0.11245
v -0.23724 -0.23876 -0.10700
v -0.22323 -0.23424 -0.09253
v -0.20862 -0.23267 -0.10773
v -0.22263 -0.23719 -0.12220
v -0.25981 -0.19291 -0.11786
v -0.24601 -0.18795 -0.10349
v -0.23148 -0.18623 -0.11874
v -0.24527 -0.19119 -0.13310
v -0.28475 -0.14705 -0.12987
v -0.27118 -0.14167 -0.11562
v -0.25673 -0.13980 -0.13090
v -0.27030 -0.14519 -0.14516
v -0.31208 -0.10118 -0.14302
v -0.29874 -0.09539 -0.12889
v -0.28438 -0.09339 -0.14422
v -0.29771 -0.09918 -0.15836
v -0.34179 -0.05530 -0.15733
v -0.32870 -0.04912 -0.14332
v -0.31443 -0.04699 -0.15870
v -0.32751 -0.05316 -0.17270
v -0.37388 -0.00941 -0.17278
v -0.36105 -0.00286 -0.15890
v -0.34687 -0.00060 -0.17432
v -0.35970 -0.00714 -0.18820
v -0.40837 0.03650 -0.18939
v -0.39579 0.04340 -0.17564
v -0.38171 0.04578 -0.19110
v -0.39428 0.03889 -0.20485
v -0.44524 0.08242 -0.20714
v -0.43293 0.08965 -0.19352
v -0.41894 0.09215 -0.20903
v -0.43124 0.08492 -0.22265
v -0.48449 0.12835 -0.22604
v -0.47246 0.13590 -0.21256
v -0.45856 0.13851 -0.22812
v -0.47060 0.13096 -0.24160
v -0.52614 0.17429 -0.24610
v -0.51437 0.18214 -0.23274
v -0.50057 0.18485 -0.24835
v -0.51234 0.17700 -0.26171
v -0.57018 0.22024 -0.26730
v -0.55868 0.22838 -0.25408
v -0.54497 0.23118 -0.26974
v -0.55647 0.22305 -0.28296
v -0.61661 0.26621 -0.28966
v -0.60538 0.27461 -0.27657
v -0.59177 0.27751 -0.29227
v -0.60300 0.26911 -0.30536
v -0.66543 0.31218 -0.31317
v -0.65447 0.32083 -0.30021
v -0.64095 0.32382 -0.31596
v -0.65191 0.31517 -0.32892
v -0.71664 0.35816 -0.33783
v -0.70595 0.36706 -0.32500
v -0.69252 0.37012 -0.34080
v -0.70322 0.36123 -0.35363
v -0.77025 0.40415 -0.36365
v -0.75981 0.41327 -0.35095
v -0.74648 0.41642 -0.36678
v -0.75692 0.40730 -0.37948
v -0.82625 0.45015 -0.39061
v -0.81607 0.45949 -0.37804
v -0.80283 0.46270 -0.39392
v -0.81300 0.45337 -0.40649
v -0.88464 0.49616 -0.41873
v -0.87472 0.50570 -0.40628
v -0.86156 0.50898 -0.42221
v -0.87148 0.49945 -0.43466
v -0.94542 0.54218 -0.44800
v -0.93575 0.55190 -0.43567
v -0.92268 0.55525 -0.45164
v -0.93236 0.54553 -0.46397
v -1.00860 0.58820 -0.47843
v -0.99917 0.59810 -0.46622
v -0.98619 0.60151 -0.48223
v -0.99562 0.59161 -0.49444
v -1.07426 0.63429 -0.51004
v -1.06495 0.64427 -0.49789
v -1.05201 0.64771 -0.51392
v -1.06132 0.63773 -0.52607
v -0.12612 -0.65100 -0.06074
v -1.06313 0.64100 -0.51198
v 0.14416 -0.55920 0.00000
v 0.15914 -0.56940 -0.00084
v 0.14416 -0.57960 -0.00000
v 0.12918 -0.56940 0.00084
v 0.14325 -0.55920 -0.01614
v 0.15816 -0.56940 -0.01782
v 0.14325 -0.57960 -0.01614
v 0.12835 -0.56940 -0.01446
v 0.14055 -0.55920 -0.03208
v 0.15517 -0.56940 -0.03541
v 0.14055 -0.57960 -0.03208
v 0.12592 -0.56940 -0.02874
v 0.13607 -0.55920 -0.04761
v 0.15023 -0.56940 -0.05256
v 0.13607 -0.57960 -0.04761
v 0.12191 -0.56940 -0.04266
v 0.12989 -0.55920 -0.06254
v 0.14340 -0.56940 -0.06905
v 0.12989 -0.57960 -0.06254
v 0.11637 -0.56940 -0.05604
v 0.12207 -0.55920 -0.07669
v 0.13477 -0.56940 -0.08467
v 0.12207 -0.57960 -0.07669
v 0.10936 -0.56940 -0.06871
v 0.11271 -0.55920 -0.08988
v 0.12444 -0.56940 -0.09923
v 0.11271 -0.57960 -0.08988
v 0.10098 -0.56940 -0.08052
v 0.10194 -0.55920 -0.10193
v 0.11255 -0.56940 -0.11253
v 0.10194 -0.57960 -0.10193
v 0.09133 -0.56940 -0.09132
v 0.08989 -0.55920 -0.11270
v 0.09924 -0.56940 -0.12443
v 0.08989 -0.57960 -0.11270
v 0.08053 -0.56940 -0.10097
v 0.07670 -0.55920 -0.12205
v 0.08468 -0.56940 -0.13475
v 0.07670 -0.57960 -0.12205
v 0.06872 -0.56940 -0.10935
v 0.06256 -0.55920 -0.12987
v 0.06906 -0.56940 -0.14339
v 0.06256 -0.57960 -0.12987
v 0.05605 -0.56940 -0.11636
v 0.04762 -0.55920 -0.13606
v 0.05258 -0.56940 -0.15022
v 0.04762 -0.57960 -0.13606
v 0.04267 -0.56940 -0.12190
v 0.03209 -0.55920 -0.14053
v 0.03543 -0.56940 -0.15516
v 0.03209 -0.57960 -0.14053
v 0.02875 -0.56940 -0.12591
v 0.01615 -0.55920 -0.14324
v 0.01783 -0.56940 -0.15815
v 0.01615 -0.57960 -0.14324
v 0.01447 -0.56940 -0.12834
v 0.00001 -0.55920 -0.14415
v 0.00001 -0.56940 -0.15915
v 0.00001 -0.57960 -0.14415
v 0.00001 -0.56940 -0.12915
v -0.01613 -0.55920 -0.14324
v -0.01781 -0.56940 -0.15815
v -0.01613 -0.57960 -0.14324
v -0.01445 -0.56940 -0.12834
v -0.03206 -0.55920 -0.14053
v -0.03540 -0.56940 -0.15516
v -0.03206 -0.57960 -0.14053
v -0.02873 -0.56940 -0.12591
v -0.04760 -0.55920 -0.13606
v -0.05255 -0.56940 -0.15022
v -0.04760 -0.57960 -0.13606
v -0.04264 -0.56940 -0.12190
v -0.06253 -0.55920 -0.12987
v -0.06904 -0.56940 -0.14339
v -0.06253 -0.57960 -0.12987
v -0.05602 -0.56940 -0.11636
v -0.07668 -0.55920 -0.12205
v -0.08466 -0.56940 -0.13475
v -0.07668 -0.57960 -0.12205
v -0.06870 -0.56940 -0.10935
v -0.08986 -0.55920 -0.11270
v -0.09922 -0.56940 -0.12443
v -0.08986 -0.57960 -0.11270
v -0.08051 -0.56940 -0.10097
v -0.10192 -0.55920 -0.10193
v -0.11252 -0.56940 -0.11253
v -0.10192 -0.57960 -0.10193
v -0.09131 -0.56940 -0.09132
v -0.11269 -0.55920 -0.08988
v -0.12442 -0.56940 -0.09923
v -0.11269 -0.57960 -0.08988
v -0.10096 -0.56940 -0.08052
v -0.12204 -0.55920 -0.07669
v -0.13474 -0.56940 -0.08467
v -0.12204 -0.57960 -0.07669
v -0.10934 -0.56940 -0.06871
v -0.12986 -0.55920 -0.06254
v -0.14338 -0.56940 -0.06905
v -0.12986 -0.57960 -0.06254
v -0.11635 -0.56940 -0.05604
v -0.13605 -0.55920 -0.04761
v -0.15021 -0.56940 -0.05256
v -0.13605 -0.57960 -0.04761
v -0.12189 -0.56940 -0.04266
v -0.14052 -0.55920 -0.03208
v -0.15515 -0.56940 -0.03541
v -0.14052 -0.57960 -0.03208
v -0.12590 -0.56940 -0.02874
v -0.14323 -0.55920 -0.01614
v -0.15814 -0.56940 -0.01782
v -0.14323 -0.57960 -0.01614
v -0.12832 -0.56940 -0.01446
v -0.14414 -0.55920 -0.00000
v -0.15914 -0.56940 -0.00000
v -0.14414 -0.57960 -0.00000
v -0.12914 -0.56940 -0.00000
v -0.14323 -0.55920 0.01614
v -0.15814 -0.56940 0.01782
v -0.14323 -0.57960 0.01614
v -0.12832 -0.56940 0.01446
v -0.14052 -0.55920 0.03208
v -0.15515 -0.56940 0.03541
v -0.14052 -0.57960 0.03208
v -0.12590 -0.56940 0.02874
v -0.13605 -0.55920 0.04761
v -0.15021 -0.56940 0.05256
v -0.13605 -0.57960 0.04761
v -0.12189 -0.56940 0.04266
v -0.12986 -0.55920 0.06254
v -0.14338 -0.56940 0.06905
v -0.12986 -0.57960 0.06254
v -0.11635 -0.56940 0.05604
v -0.12204 -0.55920 0.07669
v -0.13474 -0.56940 0.08467
v -0.12204 -0.57960 0.07669
v -0.10934 -0.56940 0.06871
v -0.11269 -0.55920 0.08988
v -0.12442 -0.56940 0.09923
v -0.11269 -0.57960 0.08988
v -0.10096 -0.56940 0.08052
v -0.10192 -0.55920 0.10193
v -0.11252 -0.56940 0.11253
v -0.10192 -0.57960 0.10193
v -0.09131 -0.56940 0.09132
v -0.08986 -0.55920 0.11270
v -0.09922 -0.56940 0.12443
v -0.08986 -0.57960 0.11270
v -0.08051 -0.56940 0.10097
v -0.07668 -0.55920 0.12205
v -0.08466 -0.56940 0.13475
v -0.07668 -0.57960 0.12205
v -0.06870 -0.56940 0.10935
v -0.06253 -0.55920 0.12987
v -0.06904 -0.56940 0.14339
v -0.06253 -0.57960 0.12987
v -0.05602 -0.56940 0.11636
v -0.04760 -0.55920 0.13606
v -0.05255 -0.56940 0.15022
v -0.04760 -0.57960 0.13606
v -0.04264 -0.56940 0.12190
v -0.03206 -0.55920 0.14053
v -0.03540 -0.56940 0.15516
v -0.03206 -0.57960 0.14053
v -0.02873 -0.56940 0.12591
v -0.01613 -0.55920 0.14324
v -0.01781 -0.56940 0.15815
v -0.01613 -0.57960 0.14324
v -0.01445 -0.56940 0.12834
v 0.00001 -0.55920 0.14415
v 0.00001 -0.56940 0.15915
v 0.00001 -0.57960 0.14415
v 0.00001 -0.56940 0.12915
v 0.01615 -0.55920 0.14324
v 0.01783 -0.56940 0.15815
v 0.01615 -0.57960 0.14324
v 0.01447 -0.56940 0.12834
v 0.03209 -0.55920 0.14053
v 0.03543 -0.56940 0.15516
v 0.03209 -0.57960 0.14053
v 0.02875 -0.56940 0.12591
v 0.04762 -0.55920 0.13606
v 0.05258 -0.56940 0.15022
v 0.04762 -0.57960 0.13606
v 0.04267 -0.56940 0.12190
v 0.06256 -0.55920 0.12987
v 0.06906 -0.56940 0.14339
v 0.06256 -0.57960 0.12987
v 0.05605 -0.56940 0.11636
v 0.07670 -0.55920 0.12205
v 0.08468 -0.56940 0.13475
v 0.07670 -0.57960 0.12205
v 0.06872 -0.56940 0.10935
v 0.08989 -0.55920 0.11270
v 0.09924 -0.56940 0.12443
v 0.08989 -0.57960 0.11270
v 0.08053 -0.56940 0.10097
v 0.10194 -0.55920 0.10193
v 0.11255 -0.56940 0.11253
v 0.10194 -0.57960 0.10193
v 0.09133 -0.56940 0.09132
v 0.11271 -0.55920 0.08988
v 0.12444 -0.56940 0.09923
v 0.11271 -0.57960 0.08988
v 0.10098 -0.56940 0.08052
v 0.12207 -0.55920 0.07669
v 0.13477 -0.56940 0.08467
v 0.12207 -0.57960 0.07669
v 0.10936 -0.56940 0.06871
v 0.12989 -0.55920 0.06254
v 0.14340 -0.56940 0.06905
v 0.12989 -0.57960 0.06254
v 0.11637 -0.56940 0.05604
v 0.13607 -0.55920 0.04761
v 0.15023 -0.56940 0.05256
v 0.13607 -0.57960 0.04761
v 0.12191 -0.56940 0.04266
v 0.14055 -0.55920 0.03208
v 0.15517 -0.56940 0.03541
v 0.14055 -0.57960 0.03208
v 0.12592 -0.56940 0.02874
v 0.14325 -0.55920 0.01614
v 0.15816 -0.56940 0.01782
v 0.14325 -0.57960 0.01614
v 0.12835 -0.56940 0.01446
v 0.14416 -0.55920 0.00000
v 0.15914 -0.56940 0.00084
v 0.14416 -0.57960 0.00000
v 0.12918 -0.56940 -0.00084
v 0.14416 -0.56940 0.00000
v 0.14416 -0.56940 0.00000
v 0.19835 -0.33480 0.00000
v 0.21333 -0.34500 -0.00084
v 0.19835 -0.35520 -0.00000
v 0.18337 -0.34500 0.00084
v 0.19710 -0.33480 -0.02221
v 0.21201 -0.34500 -0.02389
v 0.19710 -0.35520 -0.02221
v 0.18220 -0.34500 -0.02053
v 0.19338 -0.33480 -0.04413
v 0.20800 -0.34500 -0.04747
v 0.19338 -0.35520 -0.04413
v 0.17875 -0.34500 -0.04080
v 0.18722 -0.33480 -0.06551
v 0.20138 -0.34500 -0.07046
v 0.18722 -0.35520 -0.06551
v 0.17306 -0.34500 -0.06055
v 0.17871 -0.33480 -0.08606
v 0.19222 -0.34500 -0.09256
v 0.17871 -0.35520 -0.08606
v 0.16519 -0.34500 -0.07955
v 0.16795 -0.33480 -0.10552
v 0.18065 -0.34500 -0.11350
v 0.16795 -0.35520 -0.10552
v 0.15525 -0.34500 -0.09754
v 0.15508 -0.33480 -0.12366
v 0.16681 -0.34500 -0.13301
v 0.15508 -0.35520 -0.12366
v 0.14335 -0.34500 -0.11431
v 0.14026 -0.33480 -0.14025
v 0.15086 -0.34500 -0.15085
v 0.14026 -0.35520 -0.14025
v 0.12965 -0.34500 -0.12964
v 0.12367 -0.33480 -0.15507
v 0.13303 -0.34500 -0.16679
v 0.12367 -0.35520 -0.15507
v 0.11432 -0.34500 -0.14334
v 0.10553 -0.33480 -0.16794
v 0.11351 -0.34500 -0.18064
v 0.10553 -0.35520 -0.16794
v 0.09755 -0.34500 -0.15524
v 0.08607 -0.33480 -0.17870
v 0.09258 -0.34500 -0.19221
v 0.08607 -0.35520 -0.17870
v 0.07956 -0.34500 -0.16518
v 0.06552 -0.33480 -0.18721
v 0.07047 -0.34500 -0.20137
v 0.06552 -0.35520 -0.18721
v 0.06056 -0.34500 -0.17305
v 0.04415 -0.33480 -0.19337
v 0.04748 -0.34500 -0.20799
v 0.04415 -0.35520 -0.19337
v 0.04081 -0.34500 -0.17874
v 0.02222 -0.33480 -0.19709
v 0.02390 -0.34500 -0.21200
v 0.02222 -0.35520 -0.19709
v 0.02054 -0.34500 -0.18219
v 0.00001 -0.33480 -0.19834
v 0.00001 -0.34500 -0.21334
v 0.00001 -0.35520 -0.19834
v 0.00001 -0.34500 -0.18334
v -0.02220 -0.33480 -0.19709
v -0.02387 -0.34500 -0.21200
v -0.02220 -0.35520 -0.19709
v -0.02052 -0.34500 -0.18219
v -0.04412 -0.33480 -0.19337
v -0.04746 -0.34500 -0.20799
v -0.04412 -0.35520 -0.19337
v -0.04078 -0.34500 -0.17874
v -0.06550 -0.33480 -0.18721
v -0.07045 -0.34500 -0.20137
v -0.06550 -0.35520 -0.18721
v -0.06054 -0.34500 -0.17305
v -0.08604 -0.33480 -0.17870
v -0.09255 -0.34500 -0.19221
v -0.08604 -0.35520 -0.17870
v -0.07954 -0.34500 -0.16518
v -0.10551 -0.33480 -0.16794
v -0.11349 -0.34500 -0.18064
v -0.10551 -0.35520 -0.16794
v -0.09753 -0.34500 -0.15524
v -0.12365 -0.33480 -0.15507
v -0.13300 -0.34500 -0.16679
v -0.12365 -0.35520 -0.15507
v -0.11430 -0.34500 -0.14334
v -0.14023 -0.33480 -0.14025
v -0.15084 -0.34500 -0.15085
v -0.14023 -0.35520 -0.14025
v -0.12963 -0.34500 -0.12964
v -0.15506 -0.33480 -0.12366
v -0.16678 -0.34500 -0.13301
v -0.15506 -0.35520 -0.12366
v -0.14333 -0.34500 -0.11431
v -0.16793 -0.33480 -0.10552
v -0.18063 -0.34500 -0.11350
v -0.16793 -0.35520 -0.10552
v -0.15522 -0.34500 -0.09754
v -0.17868 -0.33480 -0.08606
v -0.19220 -0.34500 -0.09256
v -0.17868 -0.35520 -0.08606
v -0.16517 -0.34500 -0.07955
v -0.18720 -0.33480 -0.06551
v -0.20135 -0.34500 -0.07046
v -0.18720 -0.35520 -0.06551
v -0.17304 -0.34500 -0.06055
v -0.19335 -0.33480 -0.04413
v -0.20798 -0.34500 -0.04747
v -0.19335 -0.35520 -0.04413
v -0.17873 -0.34500 -0.04080
v -0.19708 -0.33480 -0.02221
v -0.21198 -0.34500 -0.02389
v -0.19708 -0.35520 -0.02221
v -0.18217 -0.34500 -0.02053
v -0.19833 -0.33480 -0.00000
v -0.21333 -0.34500 -0.00000
v -0.19833 -0.35520 -0.00000
v -0.18333 -0.34500 -0.00000
v -0.19708 -0.33480 0.02221
v -0.21198 -0.34500 0.02389
v -0.19708 -0.35520 0.02221
v -0.18217 -0.34500 0.02053
v -0.19335 -0.33480 0.04413
v -0.20798 -0.34500 0.04747
v -0.19335 -0.35520 0.04413
v -0.17873 -0.34500 0.04080
v -0.18720 -0.33480 0.06551
v -0.20135 -0.34500 0.07046
v -0.18720 -0.35520 0.06551
v -0.17304 -0.34500 0.06055
v -0.17868 -0.33480 0.08606
v -0.19220 -0.34500 0.09256
v -0.17868 -0.35520 0.08606
v -0.16517 -0.34500 0.07955
v -0.16793 -0.33480 0.10552
v -0.18063 -0.34500 0.11350
v -0.16793 -0.35520 0.10552
v -0.15522 -0.34500 0.09754
v -0.15506 -0.33480 0.12366
v -0.16678 -0.34500 0.13301
v -0.15506 -0.35520 0.12366
v -0.14333 -0.34500 0.11431
v -0.14023 -0.33480 0.14025
v -0.15084 -0.34500 0.15085
v -0.14023 -0.35520 0.14025
v -0.12963 -0.34500 0.12964
v -0.12365 -0.33480 0.15507
v -0.13300 -0.34500 0.16679
v -0.12365 -0.35520 0.15507
v -0.11430 -0.34500 0.14334
v -0.10551 -0.33480 0.16794
v -0.11349 -0.34500 0.18064
v -0.10551 -0.35520 0.16794
v -0.09753 -0.34500 0.15524
v -0.08604 -0.33480 0.17870
v -0.09255 -0.34500 0.19221
v -0.08604 -0.35520 0.17870
v -0.07954 -0.34500 0.16518
v -0.06550 -0.33480 0.18721
v -0.07045 -0.34500 0.20137
v -0.06550 -0.35520 0.18721
v -0.06054 -0.34500 0.17305
v -0.04412 -0.33480 0.19337
v -0.04746 -0.34500 0.20799
v -0.04412 -0.35520 0.19337
v -0.04078 -0.34500 0.17874
v -0.02220 -0.33480 0.19709
v -0.02387 -0.34500 0.21200
v -0.02220 -0.35520 0.19709
v -0.02052 -0.34500 0.18219
v 0.00001 -0.33480 0.19834
v 0.00001 -0.34500 0.21334
v 0.00001 -0.35520 0.19834
v 0.00001 -0.34500 0.18334
v 0.02222 -0.33480 0.19709
v 0.02390 -0.34500 0.21200
v 0.02222 -0.35520 0.19709
v 0.02054 -0.34500 0.18219
v 0.04415 -0.33480 0.19337
v 0.04748 -0.34500 0.20799
v 0.04415 -0.35520 0.19337
v 0.04081 -0.34500 0.17874
v 0.06552 -0.33480 0.18721
v 0.07047 -0.34500 0.20137
v 0.06552 -0.35520 0.18721
v 0.06056 -0.34500 0.17305
v 0.08607 -0.33480 0.17870
v 0.09258 -0.34500 0.19221
v 0.08607 -0.35520 0.17870
v 0.07956 -0.34500 0.16518
v 0.10553 -0.33480 0.16794
v 0.11351 -0.34500 0.18064
v 0.10553 -0.35520 0.16794
v 0.09755 -0.34500 0.15524
v 0.12367 -0.33480 0.15507
v 0.13303 -0.34500 0.16679
v 0.12367 -0.35520 0.15507
v 0.11432 -0.34500 0.14334
v 0.14026 -0.33480 0.14025
v 0.15086 -0.34500 0.15085
v 0.14026 -0.35520 0.14025
v 0.12965 -0.34500 0.12964
v 0.15508 -0.33480 0.12366
v 0.16681 -0.34500 0.13301
v 0.15508 -0.35520 0.12366
v 0.14335 -0.34500 0.11431
v 0.16795 -0.33480 0.10552
v 0.18065 -0.34500 0.11350
v 0.16795 -0.35520 0.10552
v 0.15525 -0.34500 0.09754
v 0.17871 -0.33480 0.08606
v 0.19222 -0.34500 0.09256
v 0.17871 -0.35520 0.08606
v 0.16519 -0.34500 0.07955
v 0.18722 -0.33480 0.06551
v 0.20138 -0.34500 0.07046
v 0.18722 -0.35520 0.06551
v 0.17306 -0.34500 0.06055
v 0.19338 -0.33480 0.04413
v 0.20800 -0.34500 0.04747
v 0.19338 -0.35520 0.04413
v 0.17875 -0.34500 0.04080
v 0.19710 -0.33480 0.02221
v 0.21201 -0.34500 0.02389
v 0.19710 -0.35520 0.02221
v 0.18220 -0.34500 0.02053
v 0.19835 -0.33480 0.00000
v 0.21333 -0.34500 0.00084
v 0.19835 -0.35520 0.00000
v 0.18337 -0.34500 -0.00084
v 0.19835 -0.34500 0.00000
v 0.19835 -0.34500 0.00000
v 0.33372 -0.08320 0.00000
v 0.34870 -0.09340 -0.00084
v 0.33372 -0.10360 -0.00000
v 0.31875 -0.09340 0.00084
v 0.33162 -0.08320 -0.03736
v 0.34653 -0.09340 -0.03904
v 0.33162 -0.10360 -0.03736
v 0.31672 -0.09340 -0.03568
v 0.32536 -0.08320 -0.07426
v 0.33998 -0.09340 -0.07760
v 0.32536 -0.10360 -0.07426
v 0.31073 -0.09340 -0.07092
v 0.31500 -0.08320 -0.11022
v 0.32915 -0.09340 -0.11517
v 0.31500 -0.10360 -0.11022
v 0.30084 -0.09340 -0.10526
v 0.30067 -0.08320 -0.14479
v 0.31419 -0.09340 -0.15130
v 0.30067 -0.10360 -0.14479
v 0.28716 -0.09340 -0.13828
v 0.28257 -0.08320 -0.17754
v 0.29527 -0.09340 -0.18553
v 0.28257 -0.10360 -0.17754
v 0.26987 -0.09340 -0.16956
v 0.26092 -0.08320 -0.20807
v 0.27264 -0.09340 -0.21742
v 0.26092 -0.10360 -0.20807
v 0.24919 -0.09340 -0.19871
v 0.23598 -0.08320 -0.23597
v 0.24659 -0.09340 -0.24658
v 0.23598 -0.10360 -0.23597
v 0.22537 -0.09340 -0.22536
v 0.20808 -0.08320 -0.26091
v 0.21743 -0.09340 -0.27263
v 0.20808 -0.10360 -0.26091
v 0.19872 -0.09340 -0.24918
v 0.17756 -0.08320 -0.28256
v 0.18554 -0.09340 -0.29526
v 0.17756 -0.10360 -0.28256
v 0.16958 -0.09340 -0.26986
v 0.14480 -0.08320 -0.30066
v 0.15131 -0.09340 -0.31418
v 0.14480 -0.10360 -0.30066
v 0.13830 -0.09340 -0.28715
v 0.11023 -0.08320 -0.31498
v 0.11518 -0.09340 -0.32914
v 0.11023 -0.10360 -0.31498
v 0.10528 -0.09340 -0.30083
v 0.07427 -0.08320 -0.32534
v 0.07761 -0.09340 -0.33997
v 0.07427 -0.10360 -0.32534
v 0.07093 -0.09340 -0.31072
v 0.03738 -0.08320 -0.33161
v 0.03906 -0.09340 -0.34652
v 0.03738 -0.10360 -0.33161
v 0.03570 -0.09340 -0.31671
v 0.00001 -0.08320 -0.33371
v 0.00001 -0.09340 -0.34871
v 0.00001 -0.10360 -0.33371
v 0.00001 -0.09340 -0.31871
v -0.03735 -0.08320 -0.33161
v -0.03903 -0.09340 -0.34652
v -0.03735 -0.10360 -0.33161
v -0.03567 -0.09340 -0.31671
v -0.07425 -0.08320 -0.32534
v -0.07758 -0.09340 -0.33997
v -0.07425 -0.10360 -0.32534
v -0.07091 -0.09340 -0.31072
v -0.11021 -0.08320 -0.31498
v -0.11516 -0.09340 -0.32914
v -0.11021 -0.10360 -0.31498
v -0.10525 -0.09340 -0.30083
v -0.14478 -0.08320 -0.30066
v -0.15129 -0.09340 -0.31418
v -0.14478 -0.10360 -0.30066
v -0.13827 -0.09340 -0.28715
v -0.17753 -0.08320 -0.28256
v -0.18551 -0.09340 -0.29526
v -0.17753 -0.10360 -0.28256
v -0.16955 -0.09340 -0.26986
v -0.20805 -0.08320 -0.26091
v -0.21741 -0.09340 -0.27263
v -0.20805 -0.10360 -0.26091
v -0.19870 -0.09340 -0.24918
v -0.23596 -0.08320 -0.23597
v -0.24656 -0.09340 -0.24658
v -0.23596 -0.10360 -0.23597
v -0.22535 -0.09340 -0.22536
v -0.26089 -0.08320 -0.20807
v -0.27262 -0.09340 -0.21742
v -0.26089 -0.10360 -0.20807
v -0.24917 -0.09340 -0.19871
v -0.28255 -0.08320 -0.17754
v -0.29525 -0.09340 -0.18553
v -0.28255 -0.10360 -0.17754
v -0.26985 -0.09340 -0.16956
v -0.30065 -0.08320 -0.14479
v -0.31417 -0.09340 -0.15130
v -0.30065 -0.10360 -0.14479
v -0.28714 -0.09340 -0.13828
v -0.31497 -0.08320 -0.11022
v -0.32913 -0.09340 -0.11517
v -0.31497 -0.10360 -0.11022
v -0.30081 -0.09340 -0.10526
v -0.32533 -0.08320 -0.07426
v -0.33996 -0.09340 -0.07760
v -0.32533 -0.10360 -0.07426
v -0.31071 -0.09340 -0.07092
v -0.33160 -0.08320 -0.03736
v -0.34651 -0.09340 -0.03904
v -0.33160 -0.10360 -0.03736
v -0.31669 -0.09340 -0.03568
v -0.33370 -0.08320 -0.00000
v -0.34870 -0.09340 -0.00000
v -0.33370 -0.10360 -0.00000
v -0.31870 -0.09340 -0.00000
v -0.33160 -0.08320 0.03736
v -0.34651 -0.09340 0.03904
v -0.33160 -0.10360 0.03736
v -0.31669 -0.09340 0.03568
v -0.32533 -0.08320 0.07426
v -0.33996 -0.09340 0.07760
v -0.32533 -0.10360 0.07426
v -0.31071 -0.09340 0.07092
v -0.31497 -0.08320 0.11022
v -0.32913 -0.09340 0.11517
v -0.31497 -0.10360 0.11022
v -0.30081 -0.09340 0.10526
v -0.30065 -0.08320 0.14479
v -0.31417 -0.09340 0.15130
v -0.30065 -0.10360 0.14479
v -0.28714 -0.09340 0.13828
v -0.28255 -0.08320 0.17754
v -0.29525 -0.09340 0.18553
v -0.28255 -0.10360 0.17754
v -0.26985 -0.09340 0.16956
v -0.26089 -0.08320 0.20807
v -0.27262 -0.09340 0.21742
v -0.26089 -0.10360 0.20807
v -0.24917 -0.09340 0.19871
v -0.23596 -0.08320 0.23597
v -0.24656 -0.09340 0.24658
v -0.23596 -0.10360 0.23597
v -0.22535 -0.09340 0.22536
v -0.20805 -0.08320 0.26091
v -0.21741 -0.09340 0.27263
v -0.20805 -0.10360 0.26091
v -0.19870 -0.09340 0.24918
v -0.17753 -0.08320 0.28256
v -0.18551 -0.09340 0.29526
v -0.17753 -0.10360 0.28256
v -0.16955 -0.09340 0.26986
v -0.14478 -0.08320 0.30066
v -0.15129 -0.09340 0.31418
v -0.14478 -0.10360 0.30066
v -0.13827 -0.09340 0.28715
v -0.11021 -0.08320 0.31498
v -0.11516 -0.09340 0.32914
v -0.11021 -0.10360 0.31498
v -0.10525 -0.09340 0.30083
v -0.07425 -0.08320 0.32534
v -0.07758 -0.09340 0.33997
v -0.07425 -0.10360 0.32534
v -0.07091 -0.09340 0.31072
v -0.03735 -0.08320 0.33161
v -0.03903 -0.09340 0.34652
v -0.03735 -0.10360 0.33161
v -0.03567 -0.09340 0.31671
v 0.00001 -0.08320 0.33371
v 0.00001 -0.09340 0.34871
v 0.00001 -0.10360 0.33371
v 0.00001 -0.09340 0.31871
v 0.03738 -0.08320 0.33161
v 0.03906 -0.09340 0.34652
v 0.03738 -0.10360 0.33161
v 0.03570 -0.09340 0.31671
v 0.07427 -0.08320 0.32534
v 0.07761 -0.09340 0.33997
v 0.07427 -0.10360 0.32534
v 0.07093 -0.09340 0.31072
v 0.11023 -0.08320 0.31498
v 0.11518 -0.09340 0.32914
v 0.11023 -0.10360 0.31498
v 0.10528 -0.09340 0.30083
v 0.14480 -0.08320 0.30066
v 0.15131 -0.09340 0.31418
v 0.14480 -0.10360 0.30066
v 0.13830 -0.09340 0.28715
v 0.17756 -0.08320 0.28256
v 0.18554 -0.09340 0.29526
v 0.17756 -0.10360 0.28256
v 0.16958 -0.09340 0.26986
v 0.20808 -0.08320 0.26091
v 0.21743 -0.09340 0.27263
v 0.20808 -0.10360 0.26091
v 0.19872 -0.09340 0.24918
v 0.23598 -0.08320 0.23597
v 0.24659 -0.09340 0.24658
v 0.23598 -0.10360 0.23597
v 0.22537 -0.09340 0.22536
v 0.26092 -0.08320 0.20807
v 0.27264 -0.09340 0.21742
v 0.26092 -0.10360 0.20807
v 0.24919 -0.09340 0.19871
v 0.28257 -0.08320 0.17754
v 0.29527 -0.09340 0.18553
v 0.28257 -0.10360 0.17754
v 0.26987 -0.09340 0.16956
v 0.30067 -0.08320 0.14479
v 0.31419 -0.09340 0.15130
v 0.30067 -0.10360 0.14479
v 0.28716 -0.09340 0.13828
v 0.31500 -0.08320 0.11022
v 0.32915 -0.09340 0.11517
v 0.31500 -0.10360 0.11022
v 0.30084 -0.09340 0.10526
v 0.32536 -0.08320 0.07426
v 0.33998 -0.09340 0.07760
v 0.32536 -0.10360 0.07426
v 0.31073 -0.09340 0.07092
v 0.33162 -0.08320 0.03736
v 0.34653 -0.09340 0.03904
v 0.33162 -0.10360 0.03736
v 0.31672 -0.09340 0.03568
v 0.33372 -0.08320 0.00000
v 0.34870 -0.09340 0.00084
v 0.33372 -0.10360 0.00000
v 0.31875 -0.09340 -0.00084
v 0.33372 -0.09340 0.00000
v 0.33372 -0.09340 0.00000
v 0.54115 0.16160 0.00000
v 0.55612 0.15140 -0.00084
v 0.54115 0.14120 -0.00000
v 0.52617 0.15140 0.00084
v 0.53774 0.16160 -0.06059
v 0.55265 0.15140 -0.06227
v 0.53774 0.14120 -0.06059
v 0.52284 0.15140 -0.05891
v 0.52758 0.16160 -0.12041
v 0.54220 0.15140 -0.12375
v 0.52758 0.14120 -0.12041
v 0.51296 0.15140 -0.11708
v 0.51078 0.16160 -0.17873
v 0.52494 0.15140 -0.18368
v 0.51078 0.14120 -0.17873
v 0.49662 0.15140 -0.17377
v 0.48756 0.16160 -0.23479
v 0.50107 0.15140 -0.24130
v 0.48756 0.14120 -0.23479
v 0.47404 0.15140 -0.22828
v 0.45820 0.16160 -0.28790
v 0.47090 0.15140 -0.29588
v 0.45820 0.14120 -0.28790
v 0.44550 0.15140 -0.27992
v 0.42309 0.16160 -0.33739
v 0.43482 0.15140 -0.34674
v 0.42309 0.14120 -0.33739
v 0.41136 0.15140 -0.32804
v 0.38265 0.16160 -0.38264
v 0.39326 0.15140 -0.39325
v 0.38265 0.14120 -0.38264
v 0.37205 0.15140 -0.37203
v 0.33740 0.16160 -0.42308
v 0.34676 0.15140 -0.43480
v 0.33740 0.14120 -0.42308
v 0.32805 0.15140 -0.41135
v 0.28791 0.16160 -0.45819
v 0.29589 0.15140 -0.47089
v 0.28791 0.14120 -0.45819
v 0.27993 0.15140 -0.44549
v 0.23480 0.16160 -0.48755
v 0.24131 0.15140 -0.50106
v 0.23480 0.14120 -0.48755
v 0.22829 0.15140 -0.47403
v 0.17874 0.16160 -0.51077
v 0.18369 0.15140 -0.52493
v 0.17874 0.14120 -0.51077
v 0.17378 0.15140 -0.49661
v 0.12043 0.16160 -0.52757
v 0.12376 0.15140 -0.54219
v 0.12043 0.14120 -0.52757
v 0.11709 0.15140 -0.51294
v 0.06060 0.16160 -0.53773
v 0.06228 0.15140 -0.55264
v 0.06060 0.14120 -0.53773
v 0.05892 0.15140 -0.52283
v 0.00001 0.16160 -0.54113
v 0.00001 0.15140 -0.55613
v 0.00001 0.14120 -0.54113
v 0.00001 0.15140 -0.52613
v -0.06058 0.16160 -0.53773
v -0.06226 0.15140 -0.55264
v -0.06058 0.14120 -0.53773
v -0.05890 0.15140 -0.52283
v -0.12040 0.16160 -0.52757
v -0.12374 0.15140 -0.54219
v -0.12040 0.14120 -0.52757
v -0.11706 0.15140 -0.51294
v -0.17871 0.16160 -0.51077
v -0.18367 0.15140 -0.52493
v -0.17871 0.14120 -0.51077
v -0.17376 0.15140 -0.49661
v -0.23478 0.16160 -0.48755
v -0.24129 0.15140 -0.50106
v -0.23478 0.14120 -0.48755
v -0.22827 0.15140 -0.47403
v -0.28789 0.16160 -0.45819
v -0.29587 0.15140 -0.47089
v -0.28789 0.14120 -0.45819
v -0.27991 0.15140 -0.44549
v -0.33738 0.16160 -0.42308
v -0.34673 0.15140 -0.43480
v -0.33738 0.14120 -0.42308
v -0.32803 0.15140 -0.41135
v -0.38263 0.16160 -0.38264
v -0.39323 0.15140 -0.39325
v -0.38263 0.14120 -0.38264
v -0.37202 0.15140 -0.37203
v -0.42306 0.16160 -0.33739
v -0.43479 0.15140 -0.34674
v -0.42306 0.14120 -0.33739
v -0.41134 0.15140 -0.32804
v -0.45818 0.16160 -0.28790
v -0.47088 0.15140 -0.29588
v -0.45818 0.14120 -0.28790
v -0.44548 0.15140 -0.27992
v -0.48753 0.16160 -0.23479
v -0.50105 0.15140 -0.24130
v -0.48753 0.14120 -0.23479
v -0.47402 0.15140 -0.22828
v -0.51076 0.16160 -0.17873
v -0.52491 0.15140 -0.18368
v -0.51076 0.14120 -0.17873
v -0.49660 0.15140 -0.17377
v -0.52756 0.16160 -0.12041
v -0.54218 0.15140 -0.12375
v -0.52756 0.14120 -0.12041
v -0.51293 0.15140 -0.11708
v -0.53772 0.16160 -0.06059
v -0.55263 0.15140 -0.06227
v -0.53772 0.14120 -0.06059
v -0.52281 0.15140 -0.05891
v -0.54112 0.16160 -0.00000
v -0.55612 0.15140 -0.00000
v -0.54112 0.14120 -0.00000
v -0.52612 0.15140 -0.00000
v -0.53772 0.16160 0.06059
v -0.55263 0.15140 0.06227
v -0.53772 0.14120 0.06059
v -0.52281 0.15140 0.05891
v -0.52756 0.16160 0.12041
v -0.54218 0.15140 0.12375
v -0.52756 0.14120 0.12041
v -0.51293 0.15140 0.11708
v -0.51076 0.16160 0.17873
v -0.52491 0.15140 0.18368
v -0.51076 0.14120 0.17873
v -0.49660 0.15140 0.17377
v -0.48753 0.16160 0.23479
v -0.50105 0.15140 0.24130
v -0.48753 0.14120 0.23479
v -0.47402 0.15140 0.22828
v -0.45818 0.16160 0.28790
v -0.47088 0.15140 0.29588
v -0.45818 0.14120 0.28790
v -0.44548 0.15140 0.27992
v -0.42306 0.16160 0.33739
v -0.43479 0.15140 0.34674
v -0.42306 0.14120 0.33739
v -0.41134 0.15140 0.32804
v -0.38263 0.16160 0.38264
v -0.39323 0.15140 0.39325
v -0.38263 0.14120 0.38264
v -0.37202 0.15140 0.37203
v -0.33738 0.16160 0.42308
v -0.34673 0.15140 0.43480
v -0.33738 0.14120 0.42308
v -0.32803 0.15140 0.41135
v -0.28789 0.16160 0.45819
v -0.29587 0.15140 0.47089
v -0.28789 0.14120 0.45819
v -0.27991 0.15140 0.44549
v -0.23478 0.16160 0.48755
v -0.24129 0.15140 0.50106
v -0.23478 0.14120 0.48755
v -0.22827 0.15140 0.47403
v -0.17871 0.16160 0.51077
v -0.18367 0.15140 0.52493
v -0.17871 0.14120 0.51077
v -0.17376 0.15140 0.49661
v -0.12040 0.16160 0.52757
v -0.12374 0.15140 0.54219
v -0.12040 0.14120 0.52757
v -0.11706 0.15140 0.51294
v -0.06058 0.16160 0.53773
v -0.06226 0.15140 0.55264
v -0.06058 0.14120 0.53773
v -0.05890 0.15140 0.52283
v 0.00001 0.16160 0.54113
v 0.00001 0.15140 0.55613
v 0.00001 0.14120 0.54113
v 0.00001 0.15140 0.52613
v 0.06060 0.16160 0.53773
v 0.06228 0.15140 0.55264
v 0.06060 0.14120 0.53773
v 0.05892 0.15140 0.52283
v 0.12043 0.16160 0.52757
v 0.12376 0.15140 0.54219
v 0.12043 0.14120 0.52757
v 0.11709 0.15140 0.51294
v 0.17874 0.16160 0.51077
v 0.18369 0.15140 0.52493
v 0.17874 0.14120 0.51077
v 0.17378 0.15140 0.49661
v 0.23480 0.16160 0.48755
v 0.24131 0.15140 0.50106
v 0.23480 0.14120 0.48755
v 0.22829 0.15140 0.47403
v 0.28791 0.16160 0.45819
v 0.29589 0.15140 0.47089
v 0.28791 0.14120 0.45819
v 0.27993 0.15140 0.44549
v 0.33740 0.16160 0.42308
v 0.34676 0.15140 0.43480
v 0.33740 0.14120 0.42308
v 0.32805 0.15140 0.41135
v 0.38265 0.16160 0.38264
v 0.39326 0.15140 0.39325
v 0.38265 0.14120 0.38264
v 0.37205 0.15140 0.37203
v 0.42309 0.16160 0.33739
v 0.43482 0.15140 0.34674
v 0.42309 0.14120 0.33739
v 0.41136 0.15140 0.32804
v 0.45820 0.16160 0.28790
v 0.47090 0.15140 0.29588
v 0.45820 0.14120 0.28790
v 0.44550 0.15140 0.27992
v 0.48756 0.16160 0.23479
v 0.50107 0.15140 0.24130
v 0.48756 0.14120 0.23479
v 0.47404 0.15140 0.22828
v 0.51078 0.16160 0.17873
v 0.52494 0.15140 0.18368
v 0.51078 0.14120 0.17873
v 0.49662 0.15140 0.17377
v 0.52758 0.16160 0.12041
v 0.54220 0.15140 0.12375
v 0.52758 0.14120 0.12041
v 0.51296 0.15140 0.11708
v 0.53774 0.16160 0.06059
v 0.55265 0.15140 0.06227
v 0.53774 0.14120 0.06059
v 0.52284 0.15140 0.05891
v 0.54115 0.16160 0.00000
v 0.55612 0.15140 0.00084
v 0.54115 0.14120 0.00000
v 0.52617 0.15140 -0.00084
v 0.54115 0.15140 0.00000
v 0.54115 0.15140 0.00000
v 0.81440 0.39960 0.00000
v 0.82937 0.38940 -0.00084
v 0.81440 0.37920 -0.00000
v 0.79942 0.38940 0.00084
v 0.80928 0.39960 -0.09118
v 0.82418 0.38940 -0.09286
v 0.80928 0.37920 -0.09118
v 0.79437 0.38940 -0.08950
v 0.79398 0.39960 -0.18122
v 0.80860 0.38940 -0.18456
v 0.79398 0.37920 -0.18122
v 0.77936 0.38940 -0.17788
v 0.76870 0.39960 -0.26897
v 0.78286 0.38940 -0.27393
v 0.76870 0.37920 -0.26897
v 0.75454 0.38940 -0.26402
v 0.73375 0.39960 -0.35335
v 0.74726 0.38940 -0.35986
v 0.73375 0.37920 -0.35335
v 0.72023 0.38940 -0.34684
v 0.68957 0.39960 -0.43328
v 0.70227 0.38940 -0.44126
v 0.68957 0.37920 -0.43328
v 0.67687 0.38940 -0.42530
v 0.63673 0.39960 -0.50776
v 0.64845 0.38940 -0.51711
v 0.63673 0.37920 -0.50776
v 0.62500 0.38940 -0.49841
v 0.57587 0.39960 -0.57586
v 0.58648 0.38940 -0.58646
v 0.57587 0.37920 -0.57586
v 0.56526 0.38940 -0.56525
v 0.50777 0.39960 -0.63671
v 0.51713 0.38940 -0.64844
v 0.50777 0.37920 -0.63671
v 0.49842 0.38940 -0.62499
v 0.43329 0.39960 -0.68956
v 0.44127 0.38940 -0.70226
v 0.43329 0.37920 -0.68956
v 0.42531 0.38940 -0.67686
v 0.35336 0.39960 -0.73374
v 0.35987 0.38940 -0.74725
v 0.35336 0.37920 -0.73374
v 0.34685 0.38940 -0.72022
v 0.26899 0.39960 -0.76869
v 0.27394 0.38940 -0.78284
v 0.26899 0.37920 -0.76869
v 0.26403 0.38940 -0.75453
v 0.18123 0.39960 -0.79397
v 0.18457 0.38940 -0.80859
v 0.18123 0.37920 -0.79397
v 0.17789 0.38940 -0.77934
v 0.09119 0.39960 -0.80927
v 0.09287 0.38940 -0.82417
v 0.09119 0.37920 -0.80927
v 0.08951 0.38940 -0.79436
v 0.00001 0.39960 -0.81439
v 0.00001 0.38940 -0.82939
v 0.00001 0.37920 -0.81439
v 0.00001 0.38940 -0.79939
v -0.09117 0.39960 -0.80927
v -0.09285 0.38940 -0.82417
v -0.09117 0.37920 -0.80927
v -0.08949 0.38940 -0.79436
v -0.18121 0.39960 -0.79397
v -0.18454 0.38940 -0.80859
v -0.18121 0.37920 -0.79397
v -0.17787 0.38940 -0.77934
v -0.26896 0.39960 -0.76869
v -0.27392 0.38940 -0.78284
v -0.26896 0.37920 -0.76869
v -0.26401 0.38940 -0.75453
v -0.35334 0.39960 -0.73374
v -0.35985 0.38940 -0.74725
v -0.35334 0.37920 -0.73374
v -0.34683 0.38940 -0.72022
v -0.43327 0.39960 -0.68956
v -0.44125 0.38940 -0.70226
v -0.43327 0.37920 -0.68956
v -0.42529 0.38940 -0.67686
v -0.50775 0.39960 -0.63671
v -0.51710 0.38940 -0.64844
v -0.50775 0.37920 -0.63671
v -0.49840 0.38940 -0.62499
v -0.57585 0.39960 -0.57586
v -0.58645 0.38940 -0.58646
v -0.57585 0.37920 -0.57586
v -0.56524 0.38940 -0.56525
v -0.63670 0.39960 -0.50776
v -0.64843 0.38940 -0.51711
v -0.63670 0.37920 -0.50776
v -0.62497 0.38940 -0.49841
v -0.68955 0.39960 -0.43328
v -0.70225 0.38940 -0.44126
v -0.68955 0.37920 -0.43328
v -0.67685 0.38940 -0.42530
v -0.73373 0.39960 -0.35335
v -0.74724 0.38940 -0.35986
v -0.73373 0.37920 -0.35335
v -0.72021 0.38940 -0.34684
v -0.76867 0.39960 -0.26897
v -0.78283 0.38940 -0.27393
v -0.76867 0.37920 -0.26897
v -0.75452 0.38940 -0.26402
v -0.79396 0.39960 -0.18122
v -0.80858 0.38940 -0.18456
v -0.79396 0.37920 -0.18122
v -0.77933 0.38940 -0.17788
v -0.80925 0.39960 -0.09118
v -0.82416 0.38940 -0.09286
v -0.80925 0.37920 -0.09118
v -0.79435 0.38940 -0.08950
v -0.81437 0.39960 -0.00000
v -0.82937 0.38940 -0.00000
v -0.81437 0.37920 -0.00000
v -0.79937 0.38940 -0.00000
v -0.80925 0.39960 0.09118
v -0.82416 0.38940 0.09286
v -0.80925 0.37920 0.09118
v -0.79435 0.38940 0.08950
v -0.79396 0.39960 0.18122
v -0.80858 0.38940 0.18456
v -0.79396 0.37920 0.18122
v -0.77933 0.38940 0.17788
v -0.76867 0.39960 0.26897
v -0.78283 0.38940 0.27393
v -0.76867 0.37920 0.26897
v -0.75452 0.38940 0.26402
v -0.73373 0.39960 0.35335
v -0.74724 0.38940 0.35986
v -0.73373 0.37920 0.35335
v -0.72021 0.38940 0.34684
v -0.68955 0.39960 0.43328
v -0.70225 0.38940 0.44126
v -0.68955 0.37920 0.43328
v -0.67685 0.38940 0.42530
v -0.63670 0.39960 0.50776
v -0.64843 0.38940 0.51711
v -0.63670 0.37920 0.50776
v -0.62497 0.38940 0.49841
v -0.57585 0.39960 0.57586
v -0.58645 0.38940 0.58646
v -0.57585 0.37920 0.57586
v -0.56524 0.38940 0.56525
v -0.50775 0.39960 0.63671
v -0.51710 0.38940 0.64844
v -0.50775 0.37920 0.63671
v -0.49840 0.38940 0.62499
v -0.43327 0.39960 0.68956
v -0.44125 0.38940 0.70226
v -0.43327 0.37920 0.68956
v -0.42529 0.38940 0.67686
v -0.35334 0.39960 0.73374
v -0.35985 0.38940 0.74725
v -0.35334 0.37920 0.73374
v -0.34683 0.38940 0.72022
v -0.26896 0.39960 0.76869
v -0.27392 0.38940 0.78284
v -0.26896 0.37920 0.76869
v -0.26401 0.38940 0.75453
v -0.18121 0.39960 0.79397
v -0.18454 0.38940 0.80859
v -0.18121 0.37920 0.79397
v -0.17787 0.38940 0.77934
v -0.09117 0.39960 0.80927
v -0.09285 0.38940 0.82417
v -0.09117 0.37920 0.80927
v -0.08949 0.38940 0.79436
v 0.00001 0.39960 0.81439
v 0.00001 0.38940 0.82939
v 0.00001 0.37920 0.81439
v 0.00001 0.38940 0.79939
v 0.09119 0.39960 0.80927
v 0.09287 0.38940 0.82417
v 0.09119 0.37920 0.80927
v 0.08951 0.38940 0.79436
v 0.18123 0.39960 0.79397
v 0.18457 0.38940 0.80859
v 0.18123 0.37920 0.79397
v 0.17789 0.38940 0.77934
v 0.26899 0.39960 0.76869
v 0.27394 0.38940 0.78284
v 0.26899 0.37920 0.76869
v 0.26403 0.38940 0.75453
v 0.35336 0.39960 0.73374
v 0.35987 0.38940 0.74725
v 0.35336 0.37920 0.73374
v 0.34685 0.38940 0.72022
v 0.43329 0.39960 0.68956
v 0.44127 0.38940 0.70226
v 0.43329 0.37920 0.68956
v 0.42531 0.38940 0.67686
v 0.50777 0.39960 0.63671
v 0.51713 0.38940 0.64844
v 0.50777 0.37920 0.63671
v 0.49842 0.38940 0.62499
v 0.57587 0.39960 0.57586
v 0.58648 0.38940 0.58646
v 0.57587 0.37920 0.57586
v 0.56526 0.38940 0.56525
v 0.63673 0.39960 0.50776
v 0.64845 0.38940 0.51711
v 0.63673 0.37920 0.50776
v 0.62500 0.38940 0.49841
v 0.68957 0.39960 0.43328
v 0.70227 0.38940 0.44126
v 0.68957 0.37920 0.43328
v 0.67687 0.38940 0.42530
v 0.73375 0.39960 0.35335
v 0.74726 0.38940 0.35986
v 0.73375 0.37920 0.35335
v 0.72023 0.38940 0.34684
v 0.76870 0.39960 0.26897
v 0.78286 0.38940 0.27393
v 0.76870 0.37920 0.26897
v 0.75454 0.38940 0.26402
v 0.79398 0.39960 0.18122
v 0.80860 0.38940 0.18456
v 0.79398 0.37920 0.18122
v 0.77936 0.38940 0.17788
v 0.80928 0.39960 0.09118
v 0.82418 0.38940 0.09286
v 0.80928 0.37920 0.09118
v 0.79437 0.38940 0.08950
v 0.81440 0.39960 0.00000
v 0.82937 0.38940 0.00084
v 0.81440 0.37920 0.00000
v 0.79942 0.38940 -0.00084
v 0.81440 0.38940 0.00000
v 0.81440 0.38940 0.00000
v 1.18001 0.65120 0.00000
v 1.19499 0.64100 -0.00084
v 1.18001 0.63080 -0.00000
v 1.16504 0.64100 0.00084
v 1.17259 0.65120 -0.13212
v 1.18750 0.64100 -0.13380
v 1.17259 0.63080 -0.13212
v 1.15769 0.64100 -0.13044
v 1.15043 0.65120 -0.26257
v 1.16505 0.64100 -0.26591
v 1.15043 0.63080 -0.26257
v 1.13580 0.64100 -0.25924
v 1.11379 0.65120 -0.38973
v 1.12795 0.64100 -0.39468
v 1.11379 0.63080 -0.38973
v 1.09964 0.64100 -0.38478
v 1.06316 0.65120 -0.51198
v 1.07667 0.64100 -0.51849
v 1.06316 0.63080 -0.51198
v 1.04964 0.64100 -0.50547
v 0.99915 0.65120 -0.62780
v 1.01185 0.64100 -0.63578
v 0.99915 0.63080 -0.62780
v 0.98645 0.64100 -0.61982
v 0.92257 0.65120 -0.73572
v 0.93430 0.64100 -0.74507
v 0.92257 0.63080 -0.73572
v 0.91085 0.64100 -0.72637
v 0.83440 0.65120 -0.83439
v 0.84500 0.64100 -0.84499
v 0.83440 0.63080 -0.83439
v 0.82379 0.64100 -0.82378
v 0.73573 0.65120 -0.92256
v 0.74508 0.64100 -0.93429
v 0.73573 0.63080 -0.92256
v 0.72638 0.64100 -0.91083
v 0.62781 0.65120 -0.99913
v 0.63579 0.64100 -1.01184
v 0.62781 0.63080 -0.99913
v 0.61983 0.64100 -0.98643
v 0.51199 0.65120 -1.06314
v 0.51850 0.64100 -1.07666
v 0.51199 0.63080 -1.06314
v 0.50549 0.64100 -1.04963
v 0.38974 0.65120 -1.11378
v 0.39470 0.64100 -1.12794
v 0.38974 0.63080 -1.11378
v 0.38479 0.64100 -1.09962
v 0.26259 0.65120 -1.15041
v 0.26592 0.64100 -1.16504
v 0.26259 0.63080 -1.15041
v 0.25925 0.64100 -1.13579
v 0.13213 0.65120 -1.17258
v 0.13381 0.64100 -1.18749
v 0.13213 0.63080 -1.17258
v 0.13045 0.64100 -1.15767
v 0.00001 0.65120 -1.18000
v 0.00001 0.64100 -1.19500
v 0.00001 0.63080 -1.18000
v 0.00001 0.64100 -1.16500
v -0.13211 0.65120 -1.17258
v -0.13379 0.64100 -1.18749
v -0.13211 0.63080 -1.17258
v -0.13043 0.64100 -1.15767
v -0.26256 0.65120 -1.15041
v -0.26590 0.64100 -1.16504
v -0.26256 0.63080 -1.15041
v -0.25923 0.64100 -1.13579
v -0.38972 0.65120 -1.11378
v -0.39467 0.64100 -1.12794
v -0.38972 0.63080 -1.11378
v -0.38476 0.64100 -1.09962
v -0.51197 0.65120 -1.06314
v -0.51848 0.64100 -1.07666
v -0.51197 0.63080 -1.06314
v -0.50546 0.64100 -1.04963
v -0.62779 0.65120 -0.99913
v -0.63577 0.64100 -1.01184
v -0.62779 0.63080 -0.99913
v -0.61981 0.64100 -0.98643
v -0.73571 0.65120 -0.92256
v -0.74506 0.64100 -0.93429
v -0.73571 0.63080 -0.92256
v -0.72635 0.64100 -0.91083
v -0.83437 0.65120 -0.83439
v -0.84498 0.64100 -0.84499
v -0.83437 0.63080 -0.83439
v -0.82377 0.64100 -0.82378
v -0.92255 0.65120 -0.73572
v -0.93428 0.64100 -0.74507
v -0.92255 0.63080 -0.73572
v -0.91082 0.64100 -0.72637
v -0.99912 0.65120 -0.62780
v -1.01182 0.64100 -0.63578
v -0.99912 0.63080 -0.62780
v -0.98642 0.64100 -0.61982
v -1.06313 0.65120 -0.51198
v -1.07665 0.64100 -0.51849
v -1.06313 0.63080 -0.51198
v -1.04962 0.64100 -0.50547
v -1.11377 0.65120 -0.38973
v -1.12793 0.64100 -0.39468
v -1.11377 0.63080 -0.38973
v -1.09961 0.64100 -0.38478
v -1.15040 0.65120 -0.26257
v -1.16503 0.64100 -0.26591
v -1.15040 0.63080 -0.26257
v -1.13578 0.64100 -0.25924
v -1.17257 0.65120 -0.13212
v -1.18747 0.64100 -0.13380
v -1.17257 0.63080 -0.13212
v -1.15766 0.64100 -0.13044
v -1.17999 0.65120 -0.00000
v -1.19499 0.64100 -0.00000
v -1.17999 0.63080 -0.00000
v -1.16499 0.64100 -0.00000
v -1.17257 0.65120 0.13212
v -1.18747 0.64100 0.13380
v -1.17257 0.63080 0.13212
v -1.15766 0.64100 0.13044
v -1.15040 0.65120 0.26257
v -1.16503 0.64100 0.26591
v -1.15040 0.63080 0.26257
v -1.13578 0.64100 0.25924
v -1.11377 0.65120 0.38973
v -1.12793 0.64100 0.39468
v -1.11377 0.63080 0.38973
v -1.09961 0.64100 0.38478
v -1.06313 0.65120 0.51198
v -1.07665 0.64100 0.51849
v -1.06313 0.63080 0.51198
v -1.04962 0.64100 0.50547
v -0.99912 0.65120 0.62780
v -1.01182 0.64100 0.63578
v -0.99912 0.63080 0.62780
v -0.98642 0.64100 0.61982
v -0.92255 0.65120 0.73572
v -0.93428 0.64100 0.74507
v -0.92255 0.63080 0.73572
v -0.91082 0.64100 0.72637
v -0.83437 0.65120 0.83439
v -0.84498 0.64100 0.84499
v -0.83437 0.63080 0.83439
v -0.82377 0.64100 0.82378
v -0.73571 0.65120 0.92256
v -0.74506 0.64100 0.93429
v -0.73571 0.63080 0.92256
v -0.72635 0.64100 0.91083
v -0.62779 0.65120 0.99913
v -0.63577 0.64100 1.01184
v -0.62779 0.63080 0.99913
v -0.61981 0.64100 0.98643
v -0.51197 0.65120 1.06314
v -0.51848 0.64100 1.07666
v -0.51197 0.63080 1.06314
v -0.50546 0.64100 1.04963
v -0.38972 0.65120 1.11378
v -0.39467 0.64100 1.12794
v -0.38972 0.63080 1.11378
v -0.38476 0.64100 1.09962
v -0.26256 0.65120 1.15041
v -0.26590 0.64100 1.16504
v -0.26256 0.63080 1.15041
v -0.25923 0.64100 1.13579
v -0.13211 0.65120 1.17258
v -0.13379 0.64100 1.18749
v -0.13211 0.63080 1.17258
v -0.13043 0.64100 1.15767
v 0.00001 0.65120 1.18000
v 0.00001 0.64100 1.19500
v 0.00001 0.63080 1.18000
v 0.00001 0.64100 1.16500
v 0.13213 0.65120 1.17258
v 0.13381 0.64100 1.18749
v 0.13213 0.63080 1.17258
v 0.13045 0.64100 1.15767
v 0.26259 0.65120 1.15041
v 0.26592 0.64100 1.16504
v 0.26259 0.63080 1.15041
v 0.25925 0.64100 1.13579
v 0.38974 0.65120 1.11378
v 0.39470 0.64100 1.12794
v 0.38974 0.63080 1.11378
v 0.38479 0.64100 1.09962
v 0.51199 0.65120 1.06314
v 0.51850 0.64100 1.07666
v 0.51199 0.63080 1.06314
v 0.50549 0.64100 1.04963
v 0.62781 0.65120 0.99913
v 0.63579 0.64100 1.01184
v 0.62781 0.63080 0.99913
v 0.61983 0.64100 0.98643
v 0.73573 0.65120 0.92256
v 0.74508 0.64100 0.93429
v 0.73573 0.63080 0.92256
v 0.72638 0.64100 0.91083
v 0.83440 0.65120 0.83439
v 0.84500 0.64100 0.84499
v 0.83440 0.63080 0.83439
v 0.82379 0.64100 0.82378
v 0.92257 0.65120 0.73572
v 0.93430 0.64100 0.74507
v 0.92257 0.63080 0.73572
v 0.91085 0.64100 0.72637
v 0.99915 0.65120 0.62780
v 1.01185 0.64100 0.63578
v 0.99915 0.63080 0.62780
v 0.98645 0.64100 0.61982
v 1.06316 0.65120 0.51198
v 1.07667 0.64100 0.51849
v 1.06316 0.63080 0.51198
v 1.04964 0.64100 0.50547
v 1.11379 0.65120 0.38973
v 1.12795 0.64100 0.39468
v 1.11379 0.63080 0.38973
v 1.09964 0.64100 0.38478
v 1.15043 0.65120 0.26257
v 1.16505 0.64100 0.26591
v 1.15043 0.63080 0.26257
v 1.13580 0.64100 0.25924
v 1.17259 0.65120 0.13212
v 1.18750 0.64100 0.13380
v 1.17259 0.63080 0.13212
v 1.15769 0.64100 0.13044
v 1.18001 0.65120 0.00000
v 1.19499 0.64100 0.00084
v 1.18001 0.63080 0.00000
v 1.16504 0.64100 -0.00084
v 1.18001 0.64100 0.00000
v 1.18001 0.64100 0.00000
s 1
f 1 6 5
s 1
f 2 7 6
s 1
f 4 7 3
s 1
f 1 8 4
s 1
f 5 10 9
s 1
f 6 11 10
s 1
f 8 11 7
s 1
f 5 12 8
s 1
f 9 14 13
s 1
f 10 15 14
s 1
f 12 15 11
s 1
f 9 16 12
s 1
f 13 18 17
s 1
f 14 19 18
s 1
f 16 19 15
s 1
f 13 20 16
s 1
f 17 22 21
s 1
f 18 23 22
s 1
f 20 23 19
s 1
f 17 24 20
s 1
f 21 26 25
s 1
f 22 27 26
s 1
f 24 27 23
s 1
f 21 28 24
s 1
f 25 30 29
s 1
f 26 31 30
s 1
f 28 31 27
s 1
f 25 32 28
s 1
f 29 34 33
s 1
f 30 35 34
s 1
f 32 35 31
s 1
f 29 36 32
s 1
f 33 38 37
s 1
f 34 39 38
s 1
f 36 39 35
s 1
f 33 40 36
s 1
f 37 42 41
s 1
f 38 43 42
s 1
f 40 43 39
s 1
f 37 44 40
s 1
f 41 46 45
s 1
f 42 47 46
s 1
f 44 47 43
s 1
f 41 48 44
s 1
f 45 50 49
s 1
f 46 51 50
s 1
f 48 51 47
s 1
f 45 52 48
s 1
f 49 54 53
s 1
f 50 55 54
s 1
f 52 55 51
s 1
f 49 56 52
s 1
f 53 58 57
s 1
f 54 59 58
s 1
f 56 59 55
s 1
f 53 60 56
s 1
f 57 62 61
s 1
f 58 63 62
s 1
f 60 63 59
s 1
f 57 64 60
s 1
f 61 66 65
s 1
f 62 67 66
s 1
f 64 67 63
s 1
f 61 68 64
s 1
f 65 70 69
s 1
f 66 71 70
s 1
f 68 71 67
s 1
f 65 72 68
s 1
f 69 74 73
s 1
f 70 75 74
s 1
f 72 75 71
s 1
f 69 76 72
s 1
f 73 78 77
s 1
f 74 79 78
s 1
f 76 79 75
s 1
f 73 80 76
s 1
f 77 82 81
s 1
f 78 83 82
s 1
f 80 83 79
s 1
f 77 84 80
s 1
f 81 86 85
s 1
f 82 87 86
s 1
f 84 87 83
s 1
f 81 88 84
s 1
f 85 90 89
s 1
f 86 91 90
s 1
f 88 91 87
s 1
f 85 92 88
s 1
f 89 94 93
s 1
f 90 95 94
s 1
f 92 95 91
s 1
f 89 96 92
s 1
f 93 98 97
s 1
f 94 99 98
s 1
f 96 99 95
s 1
f 93 100 96
s 1
f 97 102 101
s 1
f 98 103 102
s 1
f 100 103 99
s 1
f 97 104 100
s 1
f 101 106 105
s 1
f 102 107 106
s 1
f 104 107 103
s 1
f 101 108 104
s 1
f 105 110 109
s 1
f 106 111 110
s 1
f 108 111 107
s 1
f 105 112 108
s 1
f 109 114 113
s 1
f 110 115 114
s 1
f 112 115 111
s 1
f 109 116 112
s 1
f 117 2 1
s 1
f 117 3 2
s 1
f 117 4 3
s 1
f 117 1 4
s 1
f 113 114 118
s 1
f 114 115 118
s 1
f 115 116 118
s 1
f 116 113 118
s 1
f 119 124 123
s 1
f 120 125 124
s 1
f 122 125 121
s 1
f 119 126 122
s 1
f 123 128 127
s 1
f 124 129 128
s 1
f 126 129 125
s 1
f 123 130 126
s 1
f 127 132 131
s 1
f 128 133 132
s 1
f 130 133 129
s 1
f 127 134 130
s 1
f 131 136 135
s 1
f 132 137 136
s 1
f 134 137 133
s 1
f 131 138 134
s 1
f 135 140 139
s 1
f 136 141 140
s 1
f 138 141 137
s 1
f 135 142 138
s 1
f 139 144 143
s 1
f 140 145 144
s 1
f 142 145 141
s 1
f 139 146 142
s 1
f 143 148 147
s 1
f 144 149 148
s 1
f 146 149 145
s 1
f 143 150 146
s 1
f 147 152 151
s 1
f 148 153 152
s 1
f 150 153 149
s 1
f 147 154 150
s 1
f 151 156 155
s 1
f 152 157 156
s 1
f 154 157 153
s 1
f 151 158 154
s 1
f 155 160 159
s 1
f 156 161 160
s 1
f 158 161 157
s 1
f 155 162 158
s 1
f 159 164 163
s 1
f 160 165 164
s 1
f 162 165 161
s 1
f 159 166 162
s 1
f 163 168 167
s 1
f 164 169 168
s 1
f 166 169 165
s 1
f 163 170 166
s 1
f 167 172 171
s 1
f 168 173 172
s 1
f 170 173 169
s 1
f 167 174 170
s 1
f 171 176 175
s 1
f 172 177 176
s 1
f 174 177 173
s 1
f 171 178 174
s 1
f 175 180 179
s 1
f 176 181 180
s 1
f 178 181 177
s 1
f 175 182 178
s 1
f 179 184 183
s 1
f 180 185 184
s 1
f 182 185 181
s 1
f 179 186 182
s 1
f 183 188 187
s 1
f 184 189 188
s 1
f 186 189 185
s 1
f 183 190 186
s 1
f 187 192 191
s 1
f 188 193 192
s 1
f 190 193 189
s 1
f 187 194 190
s 1
f 191 196 195
s 1
f 192 197 196
s 1
f 194 197 193
s 1
f 191 198 194
s 1
f 195 200 199
s 1
f 196 201 200
s 1
f 198 201 197
s 1
f 195 202 198
s 1
f 199 204 203
s 1
f 200 205 204
s 1
f 202 205 201
s 1
f 199 206 202
s 1
f 203 208 207
s 1
f 204 209 208
s 1
f 206 209 205
s 1
f 203 210 206
s 1
f 207 212 211
s 1
f 208 213 212
s 1
f 210 213 209
s 1
f 207 214 210
s 1
f 211 216 215
s 1
f 212 217 216
s 1
f 214 217 213
s 1
f 211 218 214
s 1
f 215 220 219
s 1
f 216 221 220
s 1
f 218 221 217
s 1
f 215 222 218
s 1
f 219 224 223
s 1
f 220 225 224
s 1
f 222 225 221
s 1
f 219 226 222
s 1
f 223 228 227
s 1
f 224 229 228
s 1
f 226 229 225
s 1
f 223 230 226
s 1
f 227 232 231
s 1
f 228 233 232
s 1
f 230 233 229
s 1
f 227 234 230
s 1
f 235 120 119
s 1
f 235 121 120
s 1
f 235 122 121
s 1
f 235 119 122
s 1
f 231 232 236
s 1
f 232 233 236
s 1
f 233 234 236
s 1
f 234 231 236
s 1
f 238 241 237
s 1
f 238 243 242
s 1
f 239 244 243
s 1
f 237 244 240
s 1
f 242 245 241
s 1
f 242 247 246
s 1
f 243 248 247
s 1
f 241 248 244
s 1
f 246 249 245
s 1
f 246 251 250
s 1
f 247 252 251
s 1
f 245 252 248
s 1
f 250 253 249
s 1
f 250 255 254
s 1
f 251 256 255
s 1
f 249 256 252
s 1
f 254 257 253
s 1
f 254 259 258
s 1
f 255 260 259
s 1
f 253 260 256
s 1
f 258 261 257
s 1
f 258 263 262
s 1
f 259 264 263
s 1
f 257 264 260
s 1
f 262 265 261
s 1
f 262 267 266
s 1
f 263 268 267
s 1
f 261 268 264
s 1
f 266 269 265
s 1
f 266 271 270
s 1
f 267 272 271
s 1
f 265 272 268
s 1
f 270 273 269
s 1
f 270 275 274
s 1
f 271 276 275
s 1
f 269 276 272
s 1
f 274 277 273
s 1
f 274 279 278
s 1
f 275 280 279
s 1
f 273 280 276
s 1
f 278 281 277
s 1
f 278 283 282
s 1
f 279 284 283
s 1
f 277 284 280
s 1
f 282 285 281
s 1
f 282 287 286
s 1
f 283 288 287
s 1
f 281 288 284
s 1
f 286 289 285
s 1
f 286 291 290
s 1
f 287 292 291
s 1
f 285 292 288
s 1
f 290 293 289
s 1
f 290 295 294
s 1
f 291 296 295
s 1
f 289 296 292
s 1
f 294 297 293
s 1
f 294 299 298
s 1
f 295 300 299
s 1
f 293 300 296
s 1
f 298 301 297
s 1
f 298 303 302
s 1
f 299 304 303
s 1
f 297 304 300
s 1
f 302 305 301
s 1
f 302 307 306
s 1
f 303 308 307
s 1
f 301 308 304
s 1
f 306 309 305
s 1
f 306 311 310
s 1
f 307 312 311
s 1
f 305 312 308
s 1
f 310 313 309
s 1
f 310 315 314
s 1
f 311 316 315
s 1
f 309 316 312
s 1
f 314 317 313
s 1
f 314 319 318
s 1
f 315 320 319
s 1
f 313 320 316
s 1
f 318 321 317
s 1
f 318 323 322
s 1
f 319 324 323
s 1
f 317 324 320
s 1
f 322 325 321
s 1
f 322 327 326
s 1
f 323 328 327
s 1
f 321 328 324
s 1
f 326 329 325
s 1
f 326 331 330
s 1
f 327 332 331
s 1
f 325 332 328
s 1
f 330 333 329
s 1
f 330 335 334
s 1
f 331 336 335
s 1
f 329 336 332
s 1
f 334 337 333
s 1
f 334 339 338
s 1
f 335 340 339
s 1
f 333 340 336
s 1
f 338 341 337
s 1
f 338 343 342
s 1
f 339 344 343
s 1
f 337 344 340
s 1
f 342 345 341
s 1
f 342 347 346
s 1
f 343 348 347
s 1
f 341 348 344
s 1
f 346 349 345
s 1
f 346 351 350
s 1
f 347 352 351
s 1
f 345 352 348
s 1
f 353 238 237
s 1
f 353 239 238
s 1
f 353 240 239
s 1
f 353 237 240
s 1
f 349 350 354
s 1
f 350 351 354
s 1
f 351 352 354
s 1
f 352 349 354
s 1
f 356 359 355
s 1
f 356 361 360
s 1
f 357 362 361
s 1
f 355 362 358
s 1
f 360 363 359
s 1
f 360 365 364
s 1
f 361 366 365
s 1
f 359 366 362
s 1
f 364 367 363
s 1
f 364 369 368
s 1
f 365 370 369
s 1
f 363 370 366
s 1
f 368 371 367
s 1
f 368 373 372
s 1
f 369 374 373
s 1
f 367 374 370
s 1
f 372 375 371
s 1
f 372 377 376
s 1
f 373 378 377
s 1
f 371 378 374
s 1
f 376 379 375
s 1
f 376 381 380
s 1
f 377 382 381
s 1
f 375 382 378
s 1
f 380 383 379
s 1
f 380 385 384
s 1
f 381 386 385
s 1
f 379 386 382
s 1
f 384 387 383
s 1
f 384 389 388
s 1
f 385 390 389
s 1
f 383 390 386
s 1
f 388 391 387
s 1
f 388 393 392
s 1
f 389 394 393
s 1
f 387 394 390
s 1
f 392 395 391
s 1
f 392 397 396
s 1
f 393 398 397
s 1
f 391 398 394
s 1
f 396 399 395
s 1
f 396 401 400
s 1
f 397 402 401
s 1
f 395 402 398
s 1
f 400 403 399
s 1
f 400 405 404
s 1
f 401 406 405
s 1
f 399 406 402
s 1
f 404 407 403
s 1
f 404 409 408
s 1
f 405 410 409
s 1
f 403 410 406
s 1
f 408 411 407
s 1
f 408 413 412
s 1
f 409 414 413
s 1
f 407 414 410
s 1
f 412 415 411
s 1
f 412 417 416
s 1
f 413 418 417
s 1
f 411 418 414
s 1
f 416 419 415
s 1
f 416 421 420
s 1
f 417 422 421
s 1
f 415 422 418
s 1
f 420 423 419
s 1
f 420 425 424
s 1
f 421 426 425
s 1
f 419 426 422
s 1
f 424 427 423
s 1
f 424 429 428
s 1
f 425 430 429
s 1
f 423 430 426
s 1
f 428 431 427
s 1
f 428 433 432
s 1
f 429 434 433
s 1
f 427 434 430
s 1
f 432 435 431
s 1
f 432 437 436
s 1
f 433 438 437
s 1
f 431 438 434
s 1
f 436 439 435
s 1
f 436 441 440
s 1
f 437 442 441
s 1
f 435 442 438
s 1
f 440 443 439
s 1
f 440 445 444
s 1
f 441 446 445
s 1
f 439 446 442
s 1
f 444 447 443
s 1
f 444 449 448
s 1
f 445 450 449
s 1
f 443 450 446
s 1
f 448 451 447
s 1
f 448 453 452
s 1
f 449 454 453
s 1
f 447 454 450
s 1
f 452 455 451
s 1
f 452 457 456
s 1
f 453 458 457
s 1
f 451 458 454
s 1
f 456 459 455
s 1
f 456 461 460
s 1
f 457 462 461
s 1
f 455 462 458
s 1
f 460 463 459
s 1
f 460 465 464
s 1
f 461 466 465
s 1
f 459 466 462
s 1
f 464 467 463
s 1
f 464 469 468
s 1
f 465 470 469
s 1
f 463 470 466
s 1
f 471 356 355
s 1
f 471 357 356
s 1
f 471 358 357
s 1
f 471 355 358
s 1
f 467 468 472
s 1
f 468 469 472
s 1
f 469 470 472
s 1
f 470 467 472
s 1
f 474 477 473
s 1
f 474 479 478
s 1
f 475 480 479
s 1
f 473 480 476
s 1
f 478 481 477
s 1
f 478 483 482
s 1
f 479 484 483
s 1
f 477 484 480
s 1
f 482 485 481
s 1
f 482 487 486
s 1
f 483 488 487
s 1
f 481 488 484
s 1
f 486 489 485
s 1
f 486 491 490
s 1
f 487 492 491
s 1
f 485 492 488
s 1
f 490 493 489
s 1
f 490 495 494
s 1
f 491 496 495
s 1
f 489 496 492
s 1
f 494 497 493
s 1
f 494 499 498
s 1
f 495 500 499
s 1
f 493 500 496
s 1
f 498 501 497
s 1
f 498 503 502
s 1
f 499 504 503
s 1
f 497 504 500
s 1
f 502 505 501
s 1
f 502 507 506
s 1
f 503 508 507
s 1
f 501 508 504
s 1
f 506 509 505
s 1
f 506 511 510
s 1
f 507 512 511
s 1
f 505 512 508
s 1
f 510 513 509
s 1
f 510 515 514
s 1
f 511 516 515
s 1
f 509 516 512
s 1
f 514 517 513
s 1
f 514 519 518
s 1
f 515 520 519
s 1
f 513 520 516
s 1
f 518 521 517
s 1
f 518 523 522
s 1
f 519 524 523
s 1
f 517 524 520
s 1
f 522 525 521
s 1
f 522 527 526
s 1
f 523 528 527
s 1
f 521 528 524
s 1
f 526 529 525
s 1
f 526 531 530
s 1
f 527 532 531
s 1
f 525 532 528
s 1
f 530 533 529
s 1
f 530 535 534
s 1
f 531 536 535
s 1
f 529 536 532
s 1
f 534 537 533
s 1
f 534 539 538
s 1
f 535 540 539
s 1
f 533 540 536
s 1
f 538 541 537
s 1
f 538 543 542
s 1
f 539 544 543
s 1
f 537 544 540
s 1
f 542 545 541
s 1
f 542 547 546
s 1
f 543 548 547
s 1
f 541 548 544
s 1
f 546 549 545
s 1
f 546 551 550
s 1
f 547 552 551
s 1
f 545 552 548
s 1
f 550 553 549
s 1
f 550 555 554
s 1
f 551 556 555
s 1
f 549 556 552
s 1
f 554 557 553
s 1
f 554 559 558
s 1
f 555 560 559
s 1
f 553 560 556
s 1
f 558 561 557
s 1
f 558 563 562
s 1
f 559 564 563
s 1
f 557 564 560
s 1
f 562 565 561
s 1
f 562 567 566
s 1
f 563 568 567
s 1
f 561 568 564
s 1
f 566 569 565
s 1
f 566 571 570
s 1
f 567 572 571
s 1
f 565 572 568
s 1
f 570 573 569
s 1
f 570 575 574
s 1
f 571 576 575
s 1
f 569 576 572
s 1
f 574 577 573
s 1
f 574 579 578
s 1
f 575 580 579
s 1
f 573 580 576
s 1
f 578 581 577
s 1
f 578 583 582
s 1
f 579 584 583
s 1
f 577 584 580
s 1
f 582 585 581
s 1
f 582 587 586
s 1
f 583 588 587
s 1
f 581 588 584
s 1
f 589 474 473
s 1
f 589 475 474
s 1
f 589 476 475
s 1
f 589 473 476
s 1
f 585 586 590
s 1
f 586 587 590
s 1
f 587 588 590
s 1
f 588 585 590
s 1
f 592 595 591
s 1
f 592 597 596
s 1
f 593 598 597
s 1
f 591 598 594
s 1
f 596 599 595
s 1
f 596 601 600
s 1
f 597 602 601
s 1
f 595 602 598
s 1
f 600 603 599
s 1
f 600 605 604
s 1
f 601 606 605
s 1
f 599 606 602
s 1
f 604 607 603
s 1
f 604 609 608
s 1
f 605 610 609
s 1
f 603 610 606
s 1
f 608 611 607
s 1
f 608 613 612
s 1
f 609 614 613
s 1
f 607 614 610
s 1
f 612 615 611
s 1
f 612 617 616
s 1
f 613 618 617
s 1
f 611 618 614
s 1
f 616 619 615
s 1
f 616 621 620
s 1
f 617 622 621
s 1
f 615 622 618
s 1
f 620 623 619
s 1
f 620 625 624
s 1
f 621 626 625
s 1
f 619 626 622
s 1
f 624 627 623
s 1
f 624 629 628
s 1
f 625 630 629
s 1
f 623 630 626
s 1
f 628 631 627
s 1
f 628 633 632
s 1
f 629 634 633
s 1
f 627 634 630
s 1
f 632 635 631
s 1
f 632 637 636
s 1
f 633 638 637
s 1
f 631 638 634
s 1
f 636 639 635
s 1
f 636 641 640
s 1
f 637 642 641
s 1
f 635 642 638
s 1
f 640 643 639
s 1
f 640 645 644
s 1
f 641 646 645
s 1
f 639 646 642
s 1
f 644 647 643
s 1
f 644 649 648
s 1
f 645 650 649
s 1
f 643 650 646
s 1
f 648 651 647
s 1
f 648 653 652
s 1
f 649 654 653
s 1
f 647 654 650
s 1
f 652 655 651
s 1
f 652 657 656
s 1
f 653 658 657
s 1
f 651 658 654
s 1
f 656 659 655
s 1
f 656 661 660
s 1
f 657 662 661
s 1
f 655 662 658
s 1
f 660 663 659
s 1
f 660 665 664
s 1
f 661 666 665
s 1
f 659 666 662
s 1
f 664 667 663
s 1
f 664 669 668
s 1
f 665 670 669
s 1
f 663 670 666
s 1
f 668 671 667
s 1
f 668 673 672
s 1
f 669 674 673
s 1
f 667 674 670
s 1
f 672 675 671
s 1
f 672 677 676
s 1
f 673 678 677
s 1
f 671 678 674
s 1
f 676 679 675
s 1
f 676 681 680
s 1
f 677 682 681
s 1
f 675 682 678
s 1
f 680 683 679
s 1
f 680 685 684
s 1
f 681 686 685
s 1
f 679 686 682
s 1
f 684 687 683
s 1
f 684 689 688
s 1
f 685 690 689
s 1
f 683 690 686
s 1
f 688 691 687
s 1
f 688 693 692
s 1
f 689 694 693
s 1
f 687 694 690
s 1
f 692 695 691
s 1
f 692 697 696
s 1
f 693 698 697
s 1
f 691 698 694
s 1
f 696 699 695
s 1
f 696 701 700
s 1
f 697 702 701
s 1
f 695 702 698
s 1
f 700 703 699
s 1
f 700 705 704
s 1
f 701 706 705
s 1
f 699 706 702
s 1
f 707 592 591
s 1
f 707 593 592
s 1
f 707 594 593
s 1
f 707 591 594
s 1
f 703 704 708
s 1
f 704 705 708
s 1
f 705 706 708
s 1
f 706 703 708
s 1
f 710 713 709
s 1
f 711 714 710
s 1
f 711 716 715
s 1
f 712 713 716
s 1
f 714 717 713
s 1
f 715 718 714
s 1
f 715 720 719
s 1
f 716 717 720
s 1
f 718 721 717
s 1
f 719 722 718
s 1
f 719 724 723
s 1
f 720 721 724
s 1
f 722 725 721
s 1
f 723 726 722
s 1
f 723 728 727
s 1
f 724 725 728
s 1
f 726 729 725
s 1
f 727 730 726
s 1
f 727 732 731
s 1
f 728 729 732
s 1
f 730 733 729
s 1
f 731 734 730
s 1
f 731 736 735
s 1
f 732 733 736
s 1
f 734 737 733
s 1
f 735 738 734
s 1
f 735 740 739
s 1
f 736 737 740
s 1
f 738 741 737
s 1
f 739 742 738
s 1
f 739 744 743
s 1
f 740 741 744
s 1
f 742 745 741
s 1
f 743 746 742
s 1
f 743 748 747
s 1
f 744 745 748
s 1
f 746 749 745
s 1
f 747 750 746
s 1
f 747 752 751
s 1
f 748 749 752
s 1
f 750 753 749
s 1
f 751 754 750
s 1
f 751 756 755
s 1
f 752 753 756
s 1
f 754 757 753
s 1
f 755 758 754
s 1
f 755 760 759
s 1
f 756 757 760
s 1
f 758 761 757
s 1
f 759 762 758
s 1
f 759 764 763
s 1
f 760 761 764
s 1
f 762 765 761
s 1
f 763 766 762
s 1
f 763 768 767
s 1
f 764 765 768
s 1
f 766 769 765
s 1
f 767 770 766
s 1
f 767 772 771
s 1
f 768 769 772
s 1
f 770 773 769
s 1
f 771 774 770
s 1
f 771 776 775
s 1
f 772 773 776
s 1
f 774 777 773
s 1
f 775 778 774
s 1
f 775 780 779
s 1
f 776 777 780
s 1
f 778 781 777
s 1
f 779 782 778
s 1
f 779 784 783
s 1
f 780 781 784
s 1
f 782 785 781
s 1
f 783 786 782
s 1
f 783 788 787
s 1
f 784 785 788
s 1
f 786 789 785
s 1
f 787 790 786
s 1
f 787 792 791
s 1
f 788 789 792
s 1
f 790 793 789
s 1
f 791 794 790
s 1
f 791 796 795
s 1
f 792 793 796
s 1
f 794 797 793
s 1
f 795 798 794
s 1
f 795 800 799
s 1
f 796 797 800
s 1
f 798 801 797
s 1
f 799 802 798
s 1
f 799 804 803
s 1
f 800 801 804
s 1
f 802 805 801
s 1
f 803 806 802
s 1
f 803 808 807
s 1
f 804 805 808
s 1
f 806 809 805
s 1
f 807 810 806
s 1
f 807 812 811
s 1
f 808 809 812
s 1
f 810 813 809
s 1
f 811 814 810
s 1
f 811 816 815
s 1
f 812 813 816
s 1
f 814 817 813
s 1
f 815 818 814
s 1
f 815 820 819
s 1
f 816 817 820
s 1
f 818 821 817
s 1
f 819 822 818
s 1
f 819 824 823
s 1
f 820 821 824
s 1
f 825 710 709
s 1
f 825 711 710
s 1
f 825 712 711
s 1
f 825 709 712
s 1
f 821 822 826
s 1
f 822 823 826
s 1
f 823 824 826
s 1
f 824 821 826
s 1
f 828 831 827
s 1
f 829 832 828
s 1
f 829 834 833
s 1
f 830 831 834
s 1
f 832 835 831
s 1
f 833 836 832
s 1
f 833 838 837
s 1
f 834 835 838
s 1
f 836 839 835
s 1
f 837 840 836
s 1
f 837 842 841
s 1
f 838 839 842
s 1
f 840 843 839
s 1
f 841 844 840
s 1
f 841 846 845
s 1
f 842 843 846
s 1
f 844 847 843
s 1
f 845 848 844
s 1
f 845 850 849
s 1
f 846 847 850
s 1
f 848 851 847
s 1
f 849 852 848
s 1
f 849 854 853
s 1
f 850 851 854
s 1
f 852 855 851
s 1
f 853 856 852
s 1
f 853 858 857
s 1
f 854 855 858
s 1
f 856 859 855
s 1
f 857 860 856
s 1
f 857 862 861
s 1
f 858 859 862
s 1
f 860 863 859
s 1
f 861 864 860
s 1
f 861 866 865
s 1
f 862 863 866
s 1
f 864 867 863
s 1
f 865 868 864
s 1
f 865 870 869
s 1
f 866 867 870
s 1
f 868 871 867
s 1
f 869 872 868
s 1
f 869 874 873
s 1
f 870 871 874
s 1
f 872 875 871
s 1
f 873 876 872
s 1
f 873 878 877
s 1
f 874 875 878
s 1
f 876 879 875
s 1
f 877 880 876
s 1
f 877 882 881
s 1
f 878 879 882
s 1
f 880 883 879
s 1
f 881 884 880
s 1
f 881 886 885
s 1
f 882 883 886
s 1
f 884 887 883
s 1
f 885 888 884
s 1
f 885 890 889
s 1
f 886 887 890
s 1
f 888 891 887
s 1
f 889 892 888
s 1
f 889 894 893
s 1
f 890 891 894
s 1
f 892 895 891
s 1
f 893 896 892
s 1
f 893 898 897
s 1
f 894 895 898
s 1
f 896 899 895
s 1
f 897 900 896
s 1
f 897 902 901
s 1
f 898 899 902
s 1
f 900 903 899
s 1
f 901 904 900
s 1
f 901 906 905
s 1
f 902 903 906
s 1
f 904 907 903
s 1
f 905 908 904
s 1
f 905 910 909
s 1
f 906 907 910
s 1
f 908 911 907
s 1
f 909 912 908
s 1
f 909 914 913
s 1
f 910 911 914
s 1
f 912 915 911
s 1
f 913 916 912
s 1
f 913 918 917
s 1
f 914 915 918
s 1
f 916 919 915
s 1
f 917 920 916
s 1
f 917 922 921
s 1
f 918 919 922
s 1
f 920 923 919
s 1
f 921 924 920
s 1
f 921 926 925
s 1
f 922 923 926
s 1
f 924 927 923
s 1
f 925 928 924
s 1
f 925 930 929
s 1
f 926 927 930
s 1
f 928 931 927
s 1
f 929 932 928
s 1
f 929 934 933
s 1
f 930 931 934
s 1
f 932 935 931
s 1
f 933 936 932
s 1
f 933 938 937
s 1
f 934 935 938
s 1
f 936 939 935
s 1
f 937 940 936
s 1
f 937 942 941
s 1
f 938 939 942
s 1
f 943 828 827
s 1
f 943 829 828
s 1
f 943 830 829
s 1
f 943 827 830
s 1
f 939 940 944
s 1
f 940 941 944
s 1
f 941 942 944
s 1
f 942 939 944
s 1
f 946 949 945
s 1
f 947 950 946
s 1
f 947 952 951
s 1
f 948 949 952
s 1
f 950 953 949
s 1
f 951 954 950
s 1
f 951 956 955
s 1
f 952 953 956
s 1
f 954 957 953
s 1
f 955 958 954
s 1
f 955 960 959
s 1
f 956 957 960
s 1
f 958 961 957
s 1
f 959 962 958
s 1
f 959 964 963
s 1
f 960 961 964
s 1
f 962 965 961
s 1
f 963 966 962
s 1
f 963 968 967
s 1
f 964 965 968
s 1
f 966 969 965
s 1
f 967 970 966
s 1
f 967 972 971
s 1
f 968 969 972
s 1
f 970 973 969
s 1
f 971 974 970
s 1
f 971 976 975
s 1
f 972 973 976
s 1
f 974 977 973
s 1
f 975 978 974
s 1
f 975 980 979
s 1
f 976 977 980
s 1
f 978 981 977
s 1
f 979 982 978
s 1
f 979 984 983
s 1
f 980 981 984
s 1
f 982 985 981
s 1
f 983 986 982
s 1
f 983 988 987
s 1
f 984 985 988
s 1
f 986 989 985
s 1
f 987 990 986
s 1
f 987 992 991
s 1
f 988 989 992
s 1
f 990 993 989
s 1
f 991 994 990
s 1
f 991 996 995
s 1
f 992 993 996
s 1
f 994 997 993
s 1
f 995 998 994
s 1
f 995 1000 999
s 1
f 996 997 1000
s 1
f 998 1001 997
s 1
f 999 1002 998
s 1
f 999 1004 1003
s 1
f 1000 1001 1004
s 1
f 1002 1005 1001
s 1
f 1003 1006 1002
s 1
f 1003 1008 1007
s 1
f 1004 1005 1008
s 1
f 1006 1009 1005
s 1
f 1007 1010 1006
s 1
f 1007 1012 1011
s 1
f 1008 1009 1012
s 1
f 1010 1013 1009
s 1
f 1011 1014 1010
s 1
f 1011 1016 1015
s 1
f 1012 1013 1016
s 1
f 1014 1017 1013
s 1
f 1015 1018 1014
s 1
f 1015 1020 1019
s 1
f 1016 1017 1020
s 1
f 1018 1021 1017
s 1
f 1019 1022 1018
s 1
f 1019 1024 1023
s 1
f 1020 1021 1024
s 1
f 1022 1025 1021
s 1
f 1023 1026 1022
s 1
f 1023 1028 1027
s 1
f 1024 1025 1028
s 1
f 1026 1029 1025
s 1
f 1027 1030 1026
s 1
f 1027 1032 1031
s 1
f 1028 1029 1032
s 1
f 1030 1033 1029
s 1
f 1031 1034 1030
s 1
f 1031 1036 1035
s 1
f 1032 1033 1036
s 1
f 1034 1037 1033
s 1
f 1035 1038 1034
s 1
f 1035 1040 1039
s 1
f 1036 1037 1040
s 1
f 1038 1041 1037
s 1
f 1039 1042 1038
s 1
f 1039 1044 1043
s 1
f 1040 1041 1044
s 1
f 1042 1045 1041
s 1
f 1043 1046 1042
s 1
f 1043 1048 1047
s 1
f 1044 1045 1048
s 1
f 1046 1049 1045
s 1
f 1047 1050 1046
s 1
f 1047 1052 1051
s 1
f 1048 1049 1052
s 1
f 1050 1053 1049
s 1
f 1051 1054 1050
s 1
f 1051 1056 1055
s 1
f 1052 1053 1056
s 1
f 1054 1057 1053
s 1
f 1055 1058 1054
s 1
f 1055 1060 1059
s 1
f 1056 1057 1060
s 1
f 1061 946 945
s 1
f 1061 947 946
s 1
f 1061 948 947
s 1
f 1061 945 948
s 1
f 1057 1058 1062
s 1
f 1058 1059 1062
s 1
f 1059 1060 1062
s 1
f 1060 1057 1062
s 1
f 1063 1068 1067
s 1
f 1065 1068 1064
s 1
f 1066 1069 1065
s 1
f 1066 1067 1070
s 1
f 1067 1072 1071
s 1
f 1069 1072 1068
s 1
f 1070 1073 1069
s 1
f 1070 1071 1074
s 1
f 1071 1076 1075
s 1
f 1073 1076 1072
s 1
f 1074 1077 1073
s 1
f 1074 1075 1078
s 1
f 1075 1080 1079
s 1
f 1077 1080 1076
s 1
f 1078 1081 1077
s 1
f 1078 1079 1082
s 1
f 1079 1084 1083
s 1
f 1081 1084 1080
s 1
f 1082 1085 1081
s 1
f 1082 1083 1086
s 1
f 1083 1088 1087
s 1
f 1085 1088 1084
s 1
f 1086 1089 1085
s 1
f 1086 1087 1090
s 1
f 1087 1092 1091
s 1
f 1089 1092 1088
s 1
f 1090 1093 1089
s 1
f 1090 1091 1094
s 1
f 1091 1096 1095
s 1
f 1093 1096 1092
s 1
f 1094 1097 1093
s 1
f 1094 1095 1098
s 1
f 1095 1100 1099
s 1
f 1097 1100 1096
s 1
f 1098 1101 1097
s 1
f 1098 1099 1102
s 1
f 1099 1104 1103
s 1
f 1101 1104 1100
s 1
f 1102 1105 1101
s 1
f 1102 1103 1106
s 1
f 1103 1108 1107
s 1
f 1105 1108 1104
s 1
f 1106 1109 1105
s 1
f 1106 1107 1110
s 1
f 1107 1112 1111
s 1
f 1109 1112 1108
s 1
f 1110 1113 1109
s 1
f 1110 1111 1114
s 1
f 1111 1116 1115
s 1
f 1113 1116 1112
s 1
f 1114 1117 1113
s 1
f 1114 1115 1118
s 1
f 1115 1120 1119
s 1
f 1117 1120 1116
s 1
f 1118 1121 1117
s 1
f 1118 1119 1122
s 1
f 1119 1124 1123
s 1
f 1121 1124 1120
s 1
f 1122 1125 1121
s 1
f 1122 1123 1126
s 1
f 1123 1128 1127
s 1
f 1125 1128 1124
s 1
f 1126 1129 1125
s 1
f 1126 1127 1130
s 1
f 1127 1132 1131
s 1
f 1129 1132 1128
s 1
f 1130 1133 1129
s 1
f 1130 1131 1134
s 1
f 1131 1136 1135
s 1
f 1133 1136 1132
s 1
f 1134 1137 1133
s 1
f 1134 1135 1138
s 1
f 1135 1140 1139
s 1
f 1137 1140 1136
s 1
f 1138 1141 1137
s 1
f 1138 1139 1142
s 1
f 1139 1144 1143
s 1
f 1141 1144 1140
s 1
f 1142 1145 1141
s 1
f 1142 1143 1146
s 1
f 1143 1148 1147
s 1
f 1145 1148 1144
s 1
f 1146 1149 1145
s 1
f 1146 1147 1150
s 1
f 1147 1152 1151
s 1
f 1149 1152 1148
s 1
f 1150 1153 1149
s 1
f 1150 1151 1154
s 1
f 1151 1156 1155
s 1
f 1153 1156 1152
s 1
f 1154 1157 1153
s 1
f 1154 1155 1158
s 1
f 1155 1160 1159
s 1
f 1157 1160 1156
s 1
f 1158 1161 1157
s 1
f 1158 1159 1162
s 1
f 1159 1164 1163
s 1
f 1161 1164 1160
s 1
f 1162 1165 1161
s 1
f 1162 1163 1166
s 1
f 1163 1168 1167
s 1
f 1165 1168 1164
s 1
f 1166 1169 1165
s 1
f 1166 1167 1170
s 1
f 1167 1172 1171
s 1
f 1169 1172 1168
s 1
f 1170 1173 1169
s 1
f 1170 1171 1174
s 1
f 1171 1176 1175
s 1
f 1173 1176 1172
s 1
f 1174 1177 1173
s 1
f 1174 1175 1178
s 1
f 1179 1064 1063
s 1
f 1179 1065 1064
s 1
f 1179 1066 1065
s 1
f 1179 1063 1066
s 1
f 1175 1176 1180
s 1
f 1176 1177 1180
s 1
f 1177 1178 1180
s 1
f 1178 1175 1180
s 1
f 1181 1186 1185
s 1
f 1183 1186 1182
s 1
f 1184 1187 1183
s 1
f 1184 1185 1188
s 1
f 1185 1190 1189
s 1
f 1187 1190 1186
s 1
f 1188 1191 1187
s 1
f 1188 1189 1192
s 1
f 1189 1194 1193
s 1
f 1191 1194 1190
s 1
f 1192 1195 1191
s 1
f 1192 1193 1196
s 1
f 1193 1198 1197
s 1
f 1195 1198 1194
s 1
f 1196 1199 1195
s 1
f 1196 1197 1200
s 1
f 1197 1202 1201
s 1
f 1199 1202 1198
s 1
f 1200 1203 1199
s 1
f 1200 1201 1204
s 1
f 1201 1206 1205
s 1
f 1203 1206 1202
s 1
f 1204 1207 1203
s 1
f 1204 1205 1208
s 1
f 1205 1210 1209
s 1
f 1207 1210 1206
s 1
f 1208 1211 1207
s 1
f 1208 1209 1212
s 1
f 1209 1214 1213
s 1
f 1211 1214 1210
s 1
f 1212 1215 1211
s 1
f 1212 1213 1216
s 1
f 1213 1218 1217
s 1
f 1215 1218 1214
s 1
f 1216 1219 1215
s 1
f 1216 1217 1220
s 1
f 1217 1222 1221
s 1
f 1219 1222 1218
s 1
f 1220 1223 1219
s 1
f 1220 1221 1224
s 1
f 1221 1226 1225
s 1
f 1223 1226 1222
s 1
f 1224 1227 1223
s 1
f 1224 1225 1228
s 1
f 1225 1230 1229
s 1
f 1227 1230 1226
s 1
f 1228 1231 1227
s 1
f 1228 1229 1232
s 1
f 1229 1234 1233
s 1
f 1231 1234 1230
s 1
f 1232 1235 1231
s 1
f 1232 1233 1236
s 1
f 1233 1238 1237
s 1
f 1235 1238 1234
s 1
f 1236 1239 1235
s 1
f 1236 1237 1240
s 1
f 1237 1242 1241
s 1
f 1239 1242 1238
s 1
f 1240 1243 1239
s 1
f 1240 1241 1244
s 1
f 1241 1246 1245
s 1
f 1243 1246 1242
s 1
f 1244 1247 1243
s 1
f 1244 1245 1248
s 1
f 1245 1250 1249
s 1
f 1247 1250 1246
s 1
f 1248 1251 1247
s 1
f 1248 1249 1252
s 1
f 1249 1254 1253
s 1
f 1251 1254 1250
s 1
f 1252 1255 1251
s 1
f 1252 1253 1256
s 1
f 1253 1258 1257
s 1
f 1255 1258 1254
s 1
f 1256 1259 1255
s 1
f 1256 1257 1260
s 1
f 1257 1262 1261
s 1
f 1259 1262 1258
s 1
f 1260 1263 1259
s 1
f 1260 1261 1264
s 1
f 1261 1266 1265
s 1
f 1263 1266 1262
s 1
f 1264 1267 1263
s 1
f 1264 1265 1268
s 1
f 1265 1270 1269
s 1
f 1267 1270 1266
s 1
f 1268 1271 1267
s 1
f 1268 1269 1272
s 1
f 1269 1274 1273
s 1
f 1271 1274 1270
s 1
f 1272 1275 1271
s 1
f 1272 1273 1276
s 1
f 1273 1278 1277
s 1
f 1275 1278 1274
s 1
f 1276 1279 1275
s 1
f 1276 1277 1280
s 1
f 1277 1282 1281
s 1
f 1279 1282 1278
s 1
f 1280 1283 1279
s 1
f 1280 1281 1284
s 1
f 1281 1286 1285
s 1
f 1283 1286 1282
s 1
f 1284 1287 1283
s 1
f 1284 1285 1288
s 1
f 1285 1290 1289
s 1
f 1287 1290 1286
s 1
f 1288 1291 1287
s 1
f 1288 1289 1292
s 1
f 1289 1294 1293
s 1
f 1291 1294 1290
s 1
f 1292 1295 1291
s 1
f 1292 1293 1296
s 1
f 1297 1182 1181
s 1
f 1297 1183 1182
s 1
f 1297 1184 1183
s 1
f 1297 1181 1184
s 1
f 1293 1294 1298
s 1
f 1294 1295 1298
s 1
f 1295 1296 1298
s 1
f 1296 1293 1298
s 1
f 1299 1304 1303
s 1
f 1301 1304 1300
s 1
f 1302 1305 1301
s 1
f 1302 1303 1306
s 1
f 1303 1308 1307
s 1
f 1305 1308 1304
s 1
f 1306 1309 1305
s 1
f 1306 1307 1310
s 1
f 1307 1312 1311
s 1
f 1309 1312 1308
s 1
f 1310 1313 1309
s 1
f 1310 1311 1314
s 1
f 1311 1316 1315
s 1
f 1313 1316 1312
s 1
f 1314 1317 1313
s 1
f 1314 1315 1318
s 1
f 1315 1320 1319
s 1
f 1317 1320 1316
s 1
f 1318 1321 1317
s 1
f 1318 1319 1322
s 1
f 1319 1324 1323
s 1
f 1321 1324 1320
s 1
f 1322 1325 1321
s 1
f 1322 1323 1326
s 1
f 1323 1328 1327
s 1
f 1325 1328 1324
s 1
f 1326 1329 1325
s 1
f 1326 1327 1330
s 1
f 1327 1332 1331
s 1
f 1329 1332 1328
s 1
f 1330 1333 1329
s 1
f 1330 1331 1334
s 1
f 1331 1336 1335
s 1
f 1333 1336 1332
s 1
f 1334 1337 1333
s 1
f 1334 1335 1338
s 1
f 1335 1340 1339
s 1
f 1337 1340 1336
s 1
f 1338 1341 1337
s 1
f 1338 1339 1342
s 1
f 1339 1344 1343
s 1
f 1341 1344 1340
s 1
f 1342 1345 1341
s 1
f 1342 1343 1346
s 1
f 1343 1348 1347
s 1
f 1345 1348 1344
s 1
f 1346 1349 1345
s 1
f 1346 1347 1350
s 1
f 1347 1352 1351
s 1
f 1349 1352 1348
s 1
f 1350 1353 1349
s 1
f 1350 1351 1354
s 1
f 1351 1356 1355
s 1
f 1353 1356 1352
s 1
f 1354 1357 1353
s 1
f 1354 1355 1358
s 1
f 1355 1360 1359
s 1
f 1357 1360 1356
s 1
f 1358 1361 1357
s 1
f 1358 1359 1362
s 1
f 1359 1364 1363
s 1
f 1361 1364 1360
s 1
f 1362 1365 1361
s 1
f 1362 1363 1366
s 1
f 1363 1368 1367
s 1
f 1365 1368 1364
s 1
f 1366 1369 1365
s 1
f 1366 1367 1370
s 1
f 1367 1372 1371
s 1
f 1369 1372 1368
s 1
f 1370 1373 1369
s 1
f 1370 1371 1374
s 1
f 1371 1376 1375
s 1
f 1373 1376 1372
s 1
f 1374 1377 1373
s 1
f 1374 1375 1378
s 1
f 1375 1380 1379
s 1
f 1377 1380 1376
s 1
f 1378 1381 1377
s 1
f 1378 1379 1382
s 1
f 1379 1384 1383
s 1
f 1381 1384 1380
s 1
f 1382 1385 1381
s 1
f 1382 1383 1386
s 1
f 1383 1388 1387
s 1
f 1385 1388 1384
s 1
f 1386 1389 1385
s 1
f 1386 1387 1390
s 1
f 1387 1392 1391
s 1
f 1389 1392 1388
s 1
f 1390 1393 1389
s 1
f 1390 1391 1394
s 1
f 1391 1396 1395
s 1
f 1393 1396 1392
s 1
f 1394 1397 1393
s 1
f 1394 1395 1398
s 1
f 1395 1400 1399
s 1
f 1397 1400 1396
s 1
f 1398 1401 1397
s 1
f 1398 1399 1402
s 1
f 1399 1404 1403
s 1
f 1401 1404 1400
s 1
f 1402 1405 1401
s 1
f 1402 1403 1406
s 1
f 1403 1408 1407
s 1
f 1405 1408 1404
s 1
f 1406 1409 1405
s 1
f 1406 1407 1410
s 1
f 1407 1412 1411
s 1
f 1409 1412 1408
s 1
f 1410 1413 1409
s 1
f 1410 1411 1414
s 1
f 1415 1300 1299
s 1
f 1415 1301 1300
s 1
f 1415 1302 1301
s 1
f 1415 1299 1302
s 1
f 1411 1412 1416
s 1
f 1412 1413 1416
s 1
f 1413 1414 1416
s 1
f 1414 1411 1416
s 1
f 1417 1422 1421
s 1
f 1419 1422 1418
s 1
f 1420 1423 1419
s 1
f 1420 1421 1424
s 1
f 1421 1426 1425
s 1
f 1423 1426 1422
s 1
f 1424 1427 1423
s 1
f 1424 1425 1428
s 1
f 1425 1430 1429
s 1
f 1427 1430 1426
s 1
f 1428 1431 1427
s 1
f 1428 1429 1432
s 1
f 1429 1434 1433
s 1
f 1431 1434 1430
s 1
f 1432 1435 1431
s 1
f 1432 1433 1436
s 1
f 1433 1438 1437
s 1
f 1435 1438 1434
s 1
f 1436 1439 1435
s 1
f 1436 1437 1440
s 1
f 1437 1442 1441
s 1
f 1439 1442 1438
s 1
f 1440 1443 1439
s 1
f 1440 1441 1444
s 1
f 1441 1446 1445
s 1
f 1443 1446 1442
s 1
f 1444 1447 1443
s 1
f 1444 1445 1448
s 1
f 1445 1450 1449
s 1
f 1447 1450 1446
s 1
f 1448 1451 1447
s 1
f 1448 1449 1452
s 1
f 1449 1454 1453
s 1
f 1451 1454 1450
s 1
f 1452 1455 1451
s 1
f 1452 1453 1456
s 1
f 1453 1458 1457
s 1
f 1455 1458 1454
s 1
f 1456 1459 1455
s 1
f 1456 1457 1460
s 1
f 1457 1462 1461
s 1
f 1459 1462 1458
s 1
f 1460 1463 1459
s 1
f 1460 1461 1464
s 1
f 1461 1466 1465
s 1
f 1463 1466 1462
s 1
f 1464 1467 1463
s 1
f 1464 1465 1468
s 1
f 1465 1470 1469
s 1
f 1467 1470 1466
s 1
f 1468 1471 1467
s 1
f 1468 1469 1472
s 1
f 1469 1474 1473
s 1
f 1471 1474 1470
s 1
f 1472 1475 1471
s 1
f 1472 1473 1476
s 1
f 1473 1478 1477
s 1
f 1475 1478 1474
s 1
f 1476 1479 1475
s 1
f 1476 1477 1480
s 1
f 1477 1482 1481
s 1
f 1479 1482 1478
s 1
f 1480 1483 1479
s 1
f 1480 1481 1484
s 1
f 1481 1486 1485
s 1
f 1483 1486 1482
s 1
f 1484 1487 1483
s 1
f 1484 1485 1488
s 1
f 1485 1490 1489
s 1
f 1487 1490 1486
s 1
f 1488 1491 1487
s 1
f 1488 1489 1492
s 1
f 1489 1494 1493
s 1
f 1491 1494 1490
s 1
f 1492 1495 1491
s 1
f 1492 1493 1496
s 1
f 1493 1498 1497
s 1
f 1495 1498 1494
s 1
f 1496 1499 1495
s 1
f 1496 1497 1500
s 1
f 1497 1502 1501
s 1
f 1499 1502 1498
s 1
f 1500 1503 1499
s 1
f 1500 1501 1504
s 1
f 1501 1506 1505
s 1
f 1503 1506 1502
s 1
f 1504 1507 1503
s 1
f 1504 1505 1508
s 1
f 1505 1510 1509
s 1
f 1507 1510 1506
s 1
f 1508 1511 1507
s 1
f 1508 1509 1512
s 1
f 1509 1514 1513
s 1
f 1511 1514 1510
s 1
f 1512 1515 1511
s 1
f 1512 1513 1516
s 1
f 1513 1518 1517
s 1
f 1515 1518 1514
s 1
f 1516 1519 1515
s 1
f 1516 1517 1520
s 1
f 1517 1522 1521
s 1
f 1519 1522 1518
s 1
f 1520 1523 1519
s 1
f 1520 1521 1524
s 1
f 1521 1526 1525
s 1
f 1523 1526 1522
s 1
f 1524 1527 1523
s 1
f 1524 1525 1528
s 1
f 1525 1530 1529
s 1
f 1527 1530 1526
s 1
f 1528 1531 1527
s 1
f 1528 1529 1532
s 1
f 1533 1418 1417
s 1
f 1533 1419 1418
s 1
f 1533 1420 1419
s 1
f 1533 1417 1420
s 1
f 1529 1530 1534
s 1
f 1530 1531 1534
s 1
f 1531 1532 1534
s 1
f 1532 1529 1534
s 1
f 1535 1540 1539
s 1
f 1536 1541 1540
s 1
f 1538 1541 1537
s 1
f 1535 1542 1538
s 1
f 1539 1544 1543
s 1
f 1540 1545 1544
s 1
f 1542 1545 1541
s 1
f 1539 1546 1542
s 1
f 1543 1548 1547
s 1
f 1544 1549 1548
s 1
f 1546 1549 1545
s 1
f 1543 1550 1546
s 1
f 1547 1552 1551
s 1
f 1548 1553 1552
s 1
f 1550 1553 1549
s 1
f 1547 1554 1550
s 1
f 1551 1556 1555
s 1
f 1552 1557 1556
s 1
f 1554 1557 1553
s 1
f 1551 1558 1554
s 1
f 1555 1560 1559
s 1
f 1556 1561 1560
s 1
f 1558 1561 1557
s 1
f 1555 1562 1558
s 1
f 1559 1564 1563
s 1
f 1560 1565 1564
s 1
f 1562 1565 1561
s 1
f 1559 1566 1562
s 1
f 1563 1568 1567
s 1
f 1564 1569 1568
s 1
f 1566 1569 1565
s 1
f 1563 1570 1566
s 1
f 1567 1572 1571
s 1
f 1568 1573 1572
s 1
f 1570 1573 1569
s 1
f 1567 1574 1570
s 1
f 1571 1576 1575
s 1
f 1572 1577 1576
s 1
f 1574 1577 1573
s 1
f 1571 1578 1574
s 1
f 1575 1580 1579
s 1
f 1576 1581 1580
s 1
f 1578 1581 1577
s 1
f 1575 1582 1578
s 1
f 1579 1584 1583
s 1
f 1580 1585 1584
s 1
f 1582 1585 1581
s 1
f 1579 1586 1582
s 1
f 1583 1588 1587
s 1
f 1584 1589 1588
s 1
f 1586 1589 1585
s 1
f 1583 1590 1586
s 1
f 1587 1592 1591
s 1
f 1588 1593 1592
s 1
f 1590 1593 1589
s 1
f 1587 1594 1590
s 1
f 1591 1596 1595
s 1
f 1592 1597 1596
s 1
f 1594 1597 1593
s 1
f 1591 1598 1594
s 1
f 1595 1600 1599
s 1
f 1596 1601 1600
s 1
f 1598 1601 1597
s 1
f 1595 1602 1598
s 1
f 1599 1604 1603
s 1
f 1600 1605 1604
s 1
f 1602 1605 1601
s 1
f 1599 1606 1602
s 1
f 1603 1608 1607
s 1
f 1604 1609 1608
s 1
f 1606 1609 1605
s 1
f 1603 1610 1606
s 1
f 1607 1612 1611
s 1
f 1608 1613 1612
s 1
f 1610 1613 1609
s 1
f 1607 1614 1610
s 1
f 1611 1616 1615
s 1
f 1612 1617 1616
s 1
f 1614 1617 1613
s 1
f 1611 1618 1614
s 1
f 1615 1620 1619
s 1
f 1616 1621 1620
s 1
f 1618 1621 1617
s 1
f 1615 1622 1618
s 1
f 1619 1624 1623
s 1
f 1620 1625 1624
s 1
f 1622 1625 1621
s 1
f 1619 1626 1622
s 1
f 1623 1628 1627
s 1
f 1624 1629 1628
s 1
f 1626 1629 1625
s 1
f 1623 1630 1626
s 1
f 1627 1632 1631
s 1
f 1628 1633 1632
s 1
f 1630 1633 1629
s 1
f 1627 1634 1630
s 1
f 1631 1636 1635
s 1
f 1632 1637 1636
s 1
f 1634 1637 1633
s 1
f 1631 1638 1634
s 1
f 1635 1640 1639
s 1
f 1636 1641 1640
s 1
f 1638 1641 1637
s 1
f 1635 1642 1638
s 1
f 1639 1644 1643
s 1
f 1640 1645 1644
s 1
f 1642 1645 1641
s 1
f 1639 1646 1642
s 1
f 1643 1648 1647
s 1
f 1644 1649 1648
s 1
f 1646 1649 1645
s 1
f 1643 1650 1646
s 1
f 1651 1536 1535
s 1
f 1651 1537 1536
s 1
f 1651 1538 1537
s 1
f 1651 1535 1538
s 1
f 1647 1648 1652
s 1
f 1648 1649 1652
s 1
f 1649 1650 1652
s 1
f 1650 1647 1652
s 1
f 1654 1657 1653
s 1
f 1654 1659 1658
s 1
f 1655 1660 1659
s 1
f 1653 1660 1656
s 1
f 1658 1661 1657
s 1
f 1658 1663 1662
s 1
f 1660 1663 1659
s 1
f 1657 1664 1660
s 1
f 1662 1665 1661
s 1
f 1663 1666 1662
s 1
f 1664 1667 1663
s 1
f 1661 1668 1664
s 1
f 1665 1670 1669
s 1
f 1667 1670 1666
s 1
f 1668 1671 1667
s 1
f 1668 1669 1672
s 1
f 1670 1673 1669
s 1
f 1671 1674 1670
s 1
f 1671 1676 1675
s 1
f 1669 1676 1672
s 1
f 1673 1678 1677
s 1
f 1675 1678 1674
s 1
f 1676 1679 1675
s 1
f 1673 1680 1676
s 1
f 1678 1681 1677
s 1
f 1678 1683 1682
s 1
f 1679 1684 1683
s 1
f 1680 1681 1684
s 1
f 1682 1685 1681
s 1
f 1683 1686 1682
s 1
f 1683 1688 1687
s 1
f 1681 1688 1684
s 1
f 1686 1689 1685
s 1
f 1686 1691 1690
s 1
f 1687 1692 1691
s 1
f 1685 1692 1688
s 1
f 1690 1693 1689
s 1
f 1691 1694 1690
s 1
f 1692 1695 1691
s 1
f 1692 1693 1696
s 1
f 1694 1697 1693
s 1
f 1694 1699 1698
s 1
f 1695 1700 1699
s 1
f 1693 1700 1696
s 1
f 1698 1701 1697
s 1
f 1698 1703 1702
s 1
f 1699 1704 1703
s 1
f 1700 1701 1704
s 1
f 1701 1706 1705
s 1
f 1703 1706 1702
s 1
f 1704 1707 1703
s 1
f 1701 1708 1704
s 1
f 1706 1709 1705
s 1
f 1706 1711 1710
s 1
f 1708 1711 1707
s 1
f 1705 1712 1708
s 1
f 1710 1713 1709
s 1
f 1711 1714 1710
s 1
f 1711 1716 1715
s 1
f 1709 1716 1712
s 1
f 1714 1717 1713
s 1
f 1714 1719 1718
s 1
f 1716 1719 1715
s 1
f 1713 1720 1716
s 1
f 1718 1721 1717
s 1
f 1719 1722 1718
s 1
f 1720 1723 1719
s 1
f 1717 1724 1720
s 1
f 1721 1726 1725
s 1
f 1723 1726 1722
s 1
f 1724 1727 1723
s 1
f 1724 1725 1728
s 1
f 1726 1729 1725
s 1
f 1727 1730 1726
s 1
f 1727 1732 1731
s 1
f 1725 1732 1728
s 1
f 1729 1734 1733
s 1
f 1731 1734 1730
s 1
f 1732 1735 1731
s 1
f 1729 1736 1732
s 1
f 1734 1737 1733
s 1
f 1734 1739 1738
s 1
f 1735 1740 1739
s 1
f 1736 1737 1740
s 1
f 1738 1741 1737
s 1
f 1739 1742 1738
s 1
f 1739 1744 1743
s 1
f 1737 1744 1740
s 1
f 1742 1745 1741
s 1
f 1742 1747 1746
s 1
f 1743 1748 1747
s 1
f 1741 1748 1744
s 1
f 1746 1749 1745
s 1
f 1747 1750 1746
s 1
f 1748 1751 1747
s 1
f 1748 1749 1752
s 1
f 1750 1753 1749
s 1
f 1750 1755 1754
s 1
f 1751 1756 1755
s 1
f 1749 1756 1752
s 1
f 1754 1757 1753
s 1
f 1754 1759 1758
s 1
f 1755 1760 1759
s 1
f 1756 1757 1760
s 1
f 1757 1762 1761
s 1
f 1759 1762 1758
s 1
f 1760 1763 1759
s 1
f 1757 1764 1760
s 1
f 1762 1765 1761
s 1
f 1762 1767 1766
s 1
f 1764 1767 1763
s 1
f 1761 1768 1764
s 1
f 1766 1769 1765
s 1
f 1767 1770 1766
s 1
f 1767 1772 1771
s 1
f 1765 1772 1768
s 1
f 1770 1773 1769
s 1
f 1770 1775 1774
s 1
f 1772 1775 1771
s 1
f 1769 1776 1772
s 1
f 1774 1777 1773
s 1
f 1775 1778 1774
s 1
f 1776 1779 1775
s 1
f 1773 1780 1776
s 1
f 1777 1782 1781
s 1
f 1779 1782 1778
s 1
f 1780 1783 1779
s 1
f 1780 1781 1784
s 1
f 1782 1785 1781
s 1
f 1783 1786 1782
s 1
f 1783 1788 1787
s 1
f 1781 1788 1784
s 1
f 1785 1790 1789
s 1
f 1787 1790 1786
s 1
f 1788 1791 1787
s 1
f 1785 1792 1788
s 1
f 1790 1793 1789
s 1
f 1790 1795 1794
s 1
f 1791 1796 1795
s 1
f 1792 1793 1796
s 1
f 1794 1797 1793
s 1
f 1795 1798 1794
s 1
f 1795 1800 1799
s 1
f 1793 1800 1796
s 1
f 1798 1801 1797
s 1
f 1798 1803 1802
s 1
f 1799 1804 1803
s 1
f 1797 1804 1800
s 1
f 1802 1805 1801
s 1
f 1803 1806 1802
s 1
f 1804 1807 1803
s 1
f 1804 1805 1808
s 1
f 1806 1809 1805
s 1
f 1806 1811 1810
s 1
f 1807 1812 1811
s 1
f 1805 1812 1808
s 1
f 1810 1813 1809
s 1
f 1810 1815 1814
s 1
f 1811 1816 1815
s 1
f 1812 1813 1816
s 1
f 1813 1818 1817
s 1
f 1815 1818 1814
s 1
f 1816 1819 1815
s 1
f 1813 1820 1816
s 1
f 1818 1821 1817
s 1
f 1818 1823 1822
s 1
f 1820 1823 1819
s 1
f 1817 1824 1820
s 1
f 1822 1825 1821
s 1
f 1823 1826 1822
s 1
f 1823 1828 1827
s 1
f 1821 1828 1824
s 1
f 1826 1829 1825
s 1
f 1826 1831 1830
s 1
f 1828 1831 1827
s 1
f 1825 1832 1828
s 1
f 1830 1833 1829
s 1
f 1831 1834 1830
s 1
f 1832 1835 1831
s 1
f 1829 1836 1832
s 1
f 1833 1838 1837
s 1
f 1835 1838 1834
s 1
f 1836 1839 1835
s 1
f 1836 1837 1840
s 1
f 1838 1841 1837
s 1
f 1839 1842 1838
s 1
f 1839 1844 1843
s 1
f 1837 1844 1840
s 1
f 1841 1846 1845
s 1
f 1843 1846 1842
s 1
f 1844 1847 1843
s 1
f 1841 1848 1844
s 1
f 1846 1849 1845
s 1
f 1846 1851 1850
s 1
f 1847 1852 1851
s 1
f 1848 1849 1852
s 1
f 1850 1853 1849
s 1
f 1851 1854 1850
s 1
f 1851 1856 1855
s 1
f 1849 1856 1852
s 1
f 1854 1857 1853
s 1
f 1854 1859 1858
s 1
f 1855 1860 1859
s 1
f 1853 1860 1856
s 1
f 1858 1861 1857
s 1
f 1859 1862 1858
s 1
f 1860 1863 1859
s 1
f 1860 1861 1864
s 1
f 1862 1865 1861
s 1
f 1862 1867 1866
s 1
f 1863 1868 1867
s 1
f 1861 1868 1864
s 1
f 1866 1869 1865
s 1
f 1866 1871 1870
s 1
f 1867 1872 1871
s 1
f 1868 1869 1872
s 1
f 1869 1874 1873
s 1
f 1871 1874 1870
s 1
f 1872 1875 1871
s 1
f 1869 1876 1872
s 1
f 1873 1878 1877
s 1
f 1875 1878 1874
s 1
f 1876 1879 1875
s 1
f 1876 1877 1880
s 1
f 1881 1654 1653
s 1
f 1881 1655 1654
s 1
f 1881 1656 1655
s 1
f 1881 1653 1656
s 1
f 1877 1878 1882
s 1
f 1878 1879 1882
s 1
f 1879 1880 1882
s 1
f 1880 1877 1882
s 1
f 1884 1887 1883
s 1
f 1884 1889 1888
s 1
f 1885 1890 1889
s 1
f 1883 1890 1886
s 1
f 1887 1892 1891
s 1
f 1889 1892 1888
s 1
f 1890 1893 1889
s 1
f 1890 1891 1894
s 1
f 1892 1895 1891
s 1
f 1893 1896 1892
s 1
f 1893 1898 1897
s 1
f 1891 1898 1894
s 1
f 1895 1900 1899
s 1
f 1897 1900 1896
s 1
f 1898 1901 1897
s 1
f 1898 1899 1902
s 1
f 1900 1903 1899
s 1
f 1901 1904 1900
s 1
f 1901 1906 1905
s 1
f 1899 1906 1902
s 1
f 1904 1907 1903
s 1
f 1904 1909 1908
s 1
f 1906 1909 1905
s 1
f 1903 1910 1906
s 1
f 1907 1912 1911
s 1
f 1909 1912 1908
s 1
f 1910 1913 1909
s 1
f 1910 1911 1914
s 1
f 1912 1915 1911
s 1
f 1912 1917 1916
s 1
f 1913 1918 1917
s 1
f 1911 1918 1914
s 1
f 1915 1920 1919
s 1
f 1917 1920 1916
s 1
f 1918 1921 1917
s 1
f 1918 1919 1922
s 1
f 1920 1923 1919
s 1
f 1921 1924 1920
s 1
f 1922 1925 1921
s 1
f 1922 1923 1926
s 1
f 1924 1927 1923
s 1
f 1925 1928 1924
s 1
f 1925 1930 1929
s 1
f 1923 1930 1926
s 1
f 1928 1931 1927
s 1
f 1929 1932 1928
s 1
f 1930 1933 1929
s 1
f 1930 1931 1934
s 1
f 1932 1935 1931
s 1
f 1933 1936 1932
s 1
f 1933 1938 1937
s 1
f 1931 1938 1934
s 1
f 1936 1939 1935
s 1
f 1937 1940 1936
s 1
f 1938 1941 1937
s 1
f 1938 1939 1942
s 1
f 1939 1944 1943
s 1
f 1941 1944 1940
s 1
f 1941 1946 1945
s 1
f 1939 1946 1942
s 1
f 1943 1948 1947
s 1
f 1945 1948 1944
s 1
f 1946 1949 1945
s 1
f 1946 1947 1950
s 1
f 1948 1951 1947
s 1
f 1949 1952 1948
s 1
f 1949 1954 1953
s 1
f 1947 1954 1950
s 1
f 1951 1956 1955
s 1
f 1953 1956 1952
s 1
f 1954 1957 1953
s 1
f 1954 1955 1958
s 1
f 1956 1959 1955
s 1
f 1957 1960 1956
s 1
f 1957 1962 1961
s 1
f 1955 1962 1958
s 1
f 1960 1963 1959
s 1
f 1960 1965 1964
s 1
f 1962 1965 1961
s 1
f 1959 1966 1962
s 1
f 1963 1968 1967
s 1
f 1965 1968 1964
s 1
f 1966 1969 1965
s 1
f 1966 1967 1970
s 1
f 1968 1971 1967
s 1
f 1968 1973 1972
s 1
f 1969 1974 1973
s 1
f 1967 1974 1970
s 1
f 1971 1976 1975
s 1
f 1973 1976 1972
s 1
f 1974 1977 1973
s 1
f 1974 1975 1978
s 1
f 1976 1979 1975
s 1
f 1977 1980 1976
s 1
f 1978 1981 1977
s 1
f 1978 1979 1982
s 1
f 1980 1983 1979
s 1
f 1981 1984 1980
s 1
f 1981 1986 1985
s 1
f 1979 1986 1982
s 1
f 1984 1987 1983
s 1
f 1985 1988 1984
s 1
f 1986 1989 1985
s 1
f 1986 1987 1990
s 1
f 1988 1991 1987
s 1
f 1989 1992 1988
s 1
f 1989 1994 1993
s 1
f 1987 1994 1990
s 1
f 1992 1995 1991
s 1
f 1993 1996 1992
s 1
f 1994 1997 1993
s 1
f 1994 1995 1998
s 1
f 1995 2000 1999
s 1
f 1997 2000 1996
s 1
f 1997 2002 2001
s 1
f 1995 2002 1998
s 1
f 1999 2004 2003
s 1
f 2001 2004 2000
s 1
f 2002 2005 2001
s 1
f 2002 2003 2006
s 1
f 2004 2007 2003
s 1
f 2005 2008 2004
s 1
f 2005 2010 2009
s 1
f 2003 2010 2006
s 1
f 2007 2012 2011
s 1
f 2009 2012 2008
s 1
f 2010 2013 2009
s 1
f 2010 2011 2014
s 1
f 2012 2015 2011
s 1
f 2013 2016 2012
s 1
f 2013 2018 2017
s 1
f 2011 2018 2014
s 1
f 2016 2019 2015
s 1
f 2016 2021 2020
s 1
f 2018 2021 2017
s 1
f 2015 2022 2018
s 1
f 2019 2024 2023
s 1
f 2021 2024 2020
s 1
f 2022 2025 2021
s 1
f 2022 2023 2026
s 1
f 2024 2027 2023
s 1
f 2024 2029 2028
s 1
f 2025 2030 2029
s 1
f 2023 2030 2026
s 1
f 2027 2032 2031
s 1
f 2029 2032 2028
s 1
f 2030 2033 2029
s 1
f 2030 2031 2034
s 1
f 2032 2035 2031
s 1
f 2033 2036 2032
s 1
f 2034 2037 2033
s 1
f 2034 2035 2038
s 1
f 2036 2039 2035
s 1
f 2037 2040 2036
s 1
f 2037 2042 2041
s 1
f 2035 2042 2038
s 1
f 2040 2043 2039
s 1
f 2041 2044 2040
s 1
f 2042 2045 2041
s 1
f 2042 2043 2046
s 1
f 2044 2047 2043
s 1
f 2045 2048 2044
s 1
f 2045 2050 2049
s 1
f 2043 2050 2046
s 1
f 2048 2051 2047
s 1
f 2049 2052 2048
s 1
f 2050 2053 2049
s 1
f 2050 2051 2054
s 1
f 2051 2056 2055
s 1
f 2053 2056 2052
s 1
f 2053 2058 2057
s 1
f 2051 2058 2054
s 1
f 2055 2060 2059
s 1
f 2057 2060 2056
s 1
f 2058 2061 2057
s 1
f 2058 2059 2062
s 1
f 2060 2063 2059
s 1
f 2061 2064 2060
s 1
f 2061 2066 2065
s 1
f 2059 2066 2062
s 1
f 2063 2068 2067
s 1
f 2065 2068 2064
s 1
f 2066 2069 2065
s 1
f 2066 2067 2070
s 1
f 2068 2071 2067
s 1
f 2069 2072 2068
s 1
f 2069 2074 2073
s 1
f 2067 2074 2070
s 1
f 2072 2075 2071
s 1
f 2072 2077 2076
s 1
f 2074 2077 2073
s 1
f 2071 2078 2074
s 1
f 2075 2080 2079
s 1
f 2077 2080 2076
s 1
f 2078 2081 2077
s 1
f 2078 2079 2082
s 1
f 2080 2083 2079
s 1
f 2080 2085 2084
s 1
f 2081 2086 2085
s 1
f 2079 2086 2082
s 1
f 2083 2088 2087
s 1
f 2085 2088 2084
s 1
f 2086 2089 2085
s 1
f 2086 2087 2090
s 1
f 2088 2091 2087
s 1
f 2089 2092 2088
s 1
f 2090 2093 2089
s 1
f 2090 2091 2094
s 1
f 2092 2095 2091
s 1
f 2093 2096 2092
s 1
f 2093 2098 2097
s 1
f 2091 2098 2094
s 1
f 2096 2099 2095
s 1
f 2097 2100 2096
s 1
f 2098 2101 2097
s 1
f 2098 2099 2102
s 1
f 2100 2103 2099
s 1
f 2101 2104 2100
s 1
f 2101 2106 2105
s 1
f 2099 2106 2102
s 1
f 2103 2108 2107
s 1
f 2105 2108 2104
s 1
f 2106 2109 2105
s 1
f 2106 2107 2110
s 1
f 2111 1884 1883
s 1
f 2111 1885 1884
s 1
f 2111 1886 1885
s 1
f 2111 1883 1886
s 1
f 2107 2108 2112
s 1
f 2108 2109 2112
s 1
f 2109 2110 2112
s 1
f 2110 2107 2112
s 1
f 2114 2117 2113
s 1
f 2114 2119 2118
s 1
f 2115 2120 2119
s 1
f 2113 2120 2116
s 1
f 2117 2122 2121
s 1
f 2118 2123 2122
s 1
f 2120 2123 2119
s 1
f 2117 2124 2120
s 1
f 2121 2126 2125
s 1
f 2122 2127 2126
s 1
f 2124 2127 2123
s 1
f 2121 2128 2124
s 1
f 2125 2130 2129
s 1
f 2127 2130 2126
s 1
f 2128 2131 2127
s 1
f 2125 2132 2128
s 1
f 2129 2134 2133
s 1
f 2130 2135 2134
s 1
f 2131 2136 2135
s 1
f 2132 2133 2136
s 1
f 2134 2137 2133
s 1
f 2135 2138 2134
s 1
f 2136 2139 2135
s 1
f 2136 2137 2140
s 1
f 2138 2141 2137
s 1
f 2139 2142 2138
s 1
f 2139 2144 2143
s 1
f 2137 2144 2140
s 1
f 2142 2145 2141
s 1
f 2143 2146 2142
s 1
f 2144 2147 2143
s 1
f 2144 2145 2148
s 1
f 2146 2149 2145
s 1
f 2147 2150 2146
s 1
f 2148 2151 2147
s 1
f 2145 2152 2148
s 1
f 2150 2153 2149
s 1
f 2151 2154 2150
s 1
f 2152 2155 2151
s 1
f 2149 2156 2152
s 1
f 2154 2157 2153
s 1
f 2154 2159 2158
s 1
f 2155 2160 2159
s 1
f 2153 2160 2156
s 1
f 2157 2162 2161
s 1
f 2159 2162 2158
s 1
f 2160 2163 2159
s 1
f 2157 2164 2160
s 1
f 2162 2165 2161
s 1
f 2163 2166 2162
s 1
f 2163 2168 2167
s 1
f 2164 2165 2168
s 1
f 2166 2169 2165
s 1
f 2166 2171 2170
s 1
f 2167 2172 2171
s 1
f 2165 2172 2168
s 1
f 2169 2174 2173
s 1
f 2171 2174 2170
s 1
f 2172 2175 2171
s 1
f 2172 2173 2176
s 1
f 2173 2178 2177
s 1
f 2174 2179 2178
s 1
f 2176 2179 2175
s 1
f 2173 2180 2176
s 1
f 2177 2182 2181
s 1
f 2178 2183 2182
s 1
f 2180 2183 2179
s 1
f 2177 2184 2180
s 1
f 2181 2186 2185
s 1
f 2183 2186 2182
s 1
f 2184 2187 2183
s 1
f 2181 2188 2184
s 1
f 2185 2190 2189
s 1
f 2186 2191 2190
s 1
f 2187 2192 2191
s 1
f 2188 2189 2192
s 1
f 2190 2193 2189
s 1
f 2191 2194 2190
s 1
f 2192 2195 2191
s 1
f 2192 2193 2196
s 1
f 2194 2197 2193
s 1
f 2195 2198 2194
s 1
f 2195 2200 2199
s 1
f 2193 2200 2196
s 1
f 2198 2201 2197
s 1
f 2199 2202 2198
s 1
f 2200 2203 2199
s 1
f 2200 2201 2204
s 1
f 2202 2205 2201
s 1
f 2203 2206 2202
s 1
f 2204 2207 2203
s 1
f 2201 2208 2204
s 1
f 2206 2209 2205
s 1
f 2207 2210 2206
s 1
f 2208 2211 2207
s 1
f 2205 2212 2208
s 1
f 2210 2213 2209
s 1
f 2210 2215 2214
s 1
f 2211 2216 2215
s 1
f 2209 2216 2212
s 1
f 2213 2218 2217
s 1
f 2215 2218 2214
s 1
f 2216 2219 2215
s 1
f 2213 2220 2216
s 1
f 2218 2221 2217
s 1
f 2219 2222 2218
s 1
f 2219 2224 2223
s 1
f 2220 2221 2224
s 1
f 2222 2225 2221
s 1
f 2222 2227 2226
s 1
f 2223 2228 2227
s 1
f 2221 2228 2224
s 1
f 2225 2230 2229
s 1
f 2227 2230 2226
s 1
f 2228 2231 2227
s 1
f 2228 2229 2232
s 1
f 2229 2234 2233
s 1
f 2230 2235 2234
s 1
f 2232 2235 2231
s 1
f 2229 2236 2232
s 1
f 2233 2238 2237
s 1
f 2234 2239 2238
s 1
f 2236 2239 2235
s 1
f 2233 2240 2236
s 1
f 2237 2242 2241
s 1
f 2239 2242 2238
s 1
f 2240 2243 2239
s 1
f 2237 2244 2240
s 1
f 2241 2246 2245
s 1
f 2242 2247 2246
s 1
f 2243 2248 2247
s 1
f 2244 2245 2248
s 1
f 2246 2249 2245
s 1
f 2247 2250 2246
s 1
f 2248 2251 2247
s 1
f 2248 2249 2252
s 1
f 2250 2253 2249
s 1
f 2251 2254 2250
s 1
f 2251 2256 2255
s 1
f 2249 2256 2252
s 1
f 2254 2257 2253
s 1
f 2255 2258 2254
s 1
f 2256 2259 2255
s 1
f 2256 2257 2260
s 1
f 2258 2261 2257
s 1
f 2259 2262 2258
s 1
f 2260 2263 2259
s 1
f 2257 2264 2260
s 1
f 2262 2265 2261
s 1
f 2263 2266 2262
s 1
f 2264 2267 2263
s 1
f 2261 2268 2264
s 1
f 2266 2269 2265
s 1
f 2266 2271 2270
s 1
f 2267 2272 2271
s 1
f 2265 2272 2268
s 1
f 2269 2274 2273
s 1
f 2271 2274 2270
s 1
f 2272 2275 2271
s 1
f 2269 2276 2272
s 1
f 2274 2277 2273
s 1
f 2275 2278 2274
s 1
f 2275 2280 2279
s 1
f 2276 2277 2280
s 1
f 2278 2281 2277
s 1
f 2278 2283 2282
s 1
f 2279 2284 2283
s 1
f 2277 2284 2280
s 1
f 2281 2286 2285
s 1
f 2283 2286 2282
s 1
f 2284 2287 2283
s 1
f 2284 2285 2288
s 1
f 2285 2290 2289
s 1
f 2286 2291 2290
s 1
f 2288 2291 2287
s 1
f 2285 2292 2288
s 1
f 2289 2294 2293
s 1
f 2290 2295 2294
s 1
f 2292 2295 2291
s 1
f 2289 2296 2292
s 1
f 2293 2298 2297
s 1
f 2295 2298 2294
s 1
f 2296 2299 2295
s 1
f 2293 2300 2296
s 1
f 2297 2302 2301
s 1
f 2298 2303 2302
s 1
f 2299 2304 2303
s 1
f 2300 2301 2304
s 1
f 2302 2305 2301
s 1
f 2303 2306 2302
s 1
f 2304 2307 2303
s 1
f 2304 2305 2308
s 1
f 2306 2309 2305
s 1
f 2307 2310 2306
s 1
f 2307 2312 2311
s 1
f 2305 2312 2308
s 1
f 2310 2313 2309
s 1
f 2311 2314 2310
s 1
f 2312 2315 2311
s 1
f 2312 2313 2316
s 1
f 2314 2317 2313
s 1
f 2315 2318 2314
s 1
f 2316 2319 2315
s 1
f 2313 2320 2316
s 1
f 2318 2321 2317
s 1
f 2319 2322 2318
s 1
f 2320 2323 2319
s 1
f 2317 2324 2320
s 1
f 2322 2325 2321
s 1
f 2322 2327 2326
s 1
f 2323 2328 2327
s 1
f 2321 2328 2324
s 1
f 2325 2330 2329
s 1
f 2327 2330 2326
s 1
f 2328 2331 2327
s 1
f 2325 2332 2328
s 1
f 2330 2333 2329
s 1
f 2331 2334 2330
s 1
f 2331 2336 2335
s 1
f 2332 2333 2336
s 1
f 2333 2338 2337
s 1
f 2335 2338 2334
s 1
f 2336 2339 2335
s 1
f 2336 2337 2340
s 1
f 2341 2114 2113
s 1
f 2341 2115 2114
s 1
f 2341 2116 2115
s 1
f 2341 2113 2116
s 1
f 2337 2338 2342
s 1
f 2338 2339 2342
s 1
f 2339 2340 2342
s 1
f 2340 2337 2342
s 1
f 2344 2347 2343
s 1
f 2344 2349 2348
s 1
f 2345 2350 2349
s 1
f 2343 2350 2346
s 1
f 2347 2352 2351
s 1
f 2349 2352 2348
s 1
f 2350 2353 2349
s 1
f 2350 2351 2354
s 1
f 2352 2355 2351
s 1
f 2352 2357 2356
s 1
f 2354 2357 2353
s 1
f 2351 2358 2354
s 1
f 2355 2360 2359
s 1
f 2357 2360 2356
s 1
f 2358 2361 2357
s 1
f 2355 2362 2358
s 1
f 2360 2363 2359
s 1
f 2361 2364 2360
s 1
f 2362 2365 2361
s 1
f 2359 2366 2362
s 1
f 2364 2367 2363
s 1
f 2364 2369 2368
s 1
f 2366 2369 2365
s 1
f 2363 2370 2366
s 1
f 2367 2372 2371
s 1
f 2369 2372 2368
s 1
f 2370 2373 2369
s 1
f 2367 2374 2370
s 1
f 2371 2376 2375
s 1
f 2372 2377 2376
s 1
f 2374 2377 2373
s 1
f 2371 2378 2374
s 1
f 2375 2380 2379
s 1
f 2377 2380 2376
s 1
f 2378 2381 2377
s 1
f 2378 2379 2382
s 1
f 2379 2384 2383
s 1
f 2381 2384 2380
s 1
f 2381 2386 2385
s 1
f 2382 2383 2386
s 1
f 2384 2387 2383
s 1
f 2384 2389 2388
s 1
f 2386 2389 2385
s 1
f 2386 2387 2390
s 1
f 2387 2392 2391
s 1
f 2389 2392 2388
s 1
f 2389 2394 2393
s 1
f 2390 2391 2394
s 1
f 2392 2395 2391
s 1
f 2392 2397 2396
s 1
f 2393 2398 2397
s 1
f 2391 2398 2394
s 1
f 2395 2400 2399
s 1
f 2397 2400 2396
s 1
f 2397 2402 2401
s 1
f 2395 2402 2398
s 1
f 2400 2403 2399
s 1
f 2400 2405 2404
s 1
f 2402 2405 2401
s 1
f 2399 2406 2402
s 1
f 2403 2408 2407
s 1
f 2405 2408 2404
s 1
f 2406 2409 2405
s 1
f 2406 2407 2410
s 1
f 2408 2411 2407
s 1
f 2408 2413 2412
s 1
f 2410 2413 2409
s 1
f 2407 2414 2410
s 1
f 2411 2416 2415
s 1
f 2413 2416 2412
s 1
f 2414 2417 2413
s 1
f 2411 2418 2414
s 1
f 2416 2419 2415
s 1
f 2417 2420 2416
s 1
f 2418 2421 2417
s 1
f 2415 2422 2418
s 1
f 2420 2423 2419
s 1
f 2420 2425 2424
s 1
f 2422 2425 2421
s 1
f 2419 2426 2422
s 1
f 2423 2428 2427
s 1
f 2425 2428 2424
s 1
f 2426 2429 2425
s 1
f 2423 2430 2426
s 1
f 2427 2432 2431
s 1
f 2428 2433 2432
s 1
f 2430 2433 2429
s 1
f 2427 2434 2430
s 1
f 2431 2436 2435
s 1
f 2433 2436 2432
s 1
f 2434 2437 2433
s 1
f 2434 2435 2438
s 1
f 2435 2440 2439
s 1
f 2437 2440 2436
s 1
f 2437 2442 2441
s 1
f 2438 2439 2442
s 1
f 2440 2443 2439
s 1
f 2440 2445 2444
s 1
f 2442 2445 2441
s 1
f 2442 2443 2446
s 1
f 2443 2448 2447
s 1
f 2445 2448 2444
s 1
f 2445 2450 2449
s 1
f 2446 2447 2450
s 1
f 2448 2451 2447
s 1
f 2448 2453 2452
s 1
f 2449 2454 2453
s 1
f 2447 2454 2450
s 1
f 2451 2456 2455
s 1
f 2453 2456 2452
s 1
f 2453 2458 2457
s 1
f 2451 2458 2454
s 1
f 2456 2459 2455
s 1
f 2456 2461 2460
s 1
f 2458 2461 2457
s 1
f 2455 2462 2458
s 1
f 2459 2464 2463
s 1
f 2461 2464 2460
s 1
f 2462 2465 2461
s 1
f 2462 2463 2466
s 1
f 2464 2467 2463
s 1
f 2464 2469 2468
s 1
f 2466 2469 2465
s 1
f 2463 2470 2466
s 1
f 2467 2472 2471
s 1
f 2469 2472 2468
s 1
f 2470 2473 2469
s 1
f 2467 2474 2470
s 1
f 2472 2475 2471
s 1
f 2473 2476 2472
s 1
f 2474 2477 2473
s 1
f 2471 2478 2474
s 1
f 2476 2479 2475
s 1
f 2476 2481 2480
s 1
f 2478 2481 2477
s 1
f 2475 2482 2478
s 1
f 2479 2484 2483
s 1
f 2481 2484 2480
s 1
f 2482 2485 2481
s 1
f 2479 2486 2482
s 1
f 2483 2488 2487
s 1
f 2484 2489 2488
s 1
f 2486 2489 2485
s 1
f 2483 2490 2486
s 1
f 2487 2492 2491
s 1
f 2489 2492 2488
s 1
f 2490 2493 2489
s 1
f 2490 2491 2494
s 1
f 2491 2496 2495
s 1
f 2493 2496 2492
s 1
f 2493 2498 2497
s 1
f 2494 2495 2498
s 1
f 2496 2499 2495
s 1
f 2496 2501 2500
s 1
f 2498 2501 2497
s 1
f 2498 2499 2502
s 1
f 2499 2504 2503
s 1
f 2501 2504 2500
s 1
f 2501 2506 2505
s 1
f 2502 2503 2506
s 1
f 2504 2507 2503
s 1
f 2504 2509 2508
s 1
f 2505 2510 2509
s 1
f 2503 2510 2506
s 1
f 2507 2512 2511
s 1
f 2509 2512 2508
s 1
f 2509 2514 2513
s 1
f 2507 2514 2510
s 1
f 2512 2515 2511
s 1
f 2512 2517 2516
s 1
f 2514 2517 2513
s 1
f 2511 2518 2514
s 1
f 2515 2520 2519
s 1
f 2517 2520 2516
s 1
f 2518 2521 2517
s 1
f 2518 2519 2522
s 1
f 2520 2523 2519
s 1
f 2520 2525 2524
s 1
f 2522 2525 2521
s 1
f 2519 2526 2522
s 1
f 2523 2528 2527
s 1
f 2525 2528 2524
s 1
f 2526 2529 2525
s 1
f 2523 2530 2526
s 1
f 2528 2531 2527
s 1
f 2529 2532 2528
s 1
f 2530 2533 2529
s 1
f 2527 2534 2530
s 1
f 2532 2535 2531
s 1
f 2532 2537 2536
s 1
f 2534 2537 2533
s 1
f 2531 2538 2534
s 1
f 2535 2540 2539
s 1
f 2537 2540 2536
s 1
f 2538 2541 2537
s 1
f 2535 2542 2538
s 1
f 2539 2544 2543
s 1
f 2540 2545 2544
s 1
f 2542 2545 2541
s 1
f 2539 2546 2542
s 1
f 2543 2548 2547
s 1
f 2545 2548 2544
s 1
f 2546 2549 2545
s 1
f 2546 2547 2550
s 1
f 2547 2552 2551
s 1
f 2549 2552 2548
s 1
f 2549 2554 2553
s 1
f 2550 2551 2554
s 1
f 2552 2555 2551
s 1
f 2552 2557 2556
s 1
f 2554 2557 2553
s 1
f 2554 2555 2558
s 1
f 2555 2560 2559
s 1
f 2557 2560 2556
s 1
f 2557 2562 2561
s 1
f 2558 2559 2562
s 1
f 2560 2563 2559
s 1
f 2560 2565 2564
s 1
f 2561 2566 2565
s 1
f 2559 2566 2562
s 1
f 2563 2568 2567
s 1
f 2565 2568 2564
s 1
f 2566 2569 2565
s 1
f 2566 2567 2570
s 1
f 2571 2344 2343
s 1
f 2571 2345 2344
s 1
f 2571 2346 2345
s 1
f 2571 2343 2346
s 1
f 2567 2568 2572
s 1
f 2568 2569 2572
s 1
f 2569 2570 2572
s 1
f 2570 2567 2572
s 1
f 2574 2577 2573
s 1
f 2574 2579 2578
s 1
f 2575 2580 2579
s 1
f 2573 2580 2576
s 1
f 2578 2581 2577
s 1
f 2579 2582 2578
s 1
f 2580 2583 2579
s 1
f 2577 2584 2580
s 1
f 2582 2585 2581
s 1
f 2583 2586 2582
s 1
f 2583 2588 2587
s 1
f 2581 2588 2584
s 1
f 2585 2590 2589
s 1
f 2587 2590 2586
s 1
f 2588 2591 2587
s 1
f 2585 2592 2588
s 1
f 2590 2593 2589
s 1
f 2591 2594 2590
s 1
f 2591 2596 2595
s 1
f 2589 2596 2592
s 1
f 2594 2597 2593
s 1
f 2595 2598 2594
s 1
f 2596 2599 2595
s 1
f 2593 2600 2596
s 1
f 2597 2602 2601
s 1
f 2599 2602 2598
s 1
f 2600 2603 2599
s 1
f 2600 2601 2604
s 1
f 2602 2605 2601
s 1
f 2602 2607 2606
s 1
f 2604 2607 2603
s 1
f 2601 2608 2604
s 1
f 2606 2609 2605
s 1
f 2607 2610 2606
s 1
f 2608 2611 2607
s 1
f 2608 2609 2612
s 1
f 2610 2613 2609
s 1
f 2611 2614 2610
s 1
f 2612 2615 2611
s 1
f 2609 2616 2612
s 1
f 2614 2617 2613
s 1
f 2615 2618 2614
s 1
f 2615 2620 2619
s 1
f 2616 2617 2620
s 1
f 2617 2622 2621
s 1
f 2619 2622 2618
s 1
f 2620 2623 2619
s 1
f 2620 2621 2624
s 1
f 2622 2625 2621
s 1
f 2623 2626 2622
s 1
f 2624 2627 2623
s 1
f 2621 2628 2624
s 1
f 2626 2629 2625
s 1
f 2627 2630 2626
s 1
f 2628 2631 2627
s 1
f 2628 2629 2632
s 1
f 2630 2633 2629
s 1
f 2631 2634 2630
s 1
f 2632 2635 2631
s 1
f 2629 2636 2632
s 1
f 2634 2637 2633
s 1
f 2635 2638 2634
s 1
f 2636 2639 2635
s 1
f 2633 2640 2636
s 1
f 2638 2641 2637
s 1
f 2639 2642 2638
s 1
f 2639 2644 2643
s 1
f 2637 2644 2640
s 1
f 2641 2646 2645
s 1
f 2643 2646 2642
s 1
f 2644 2647 2643
s 1
f 2641 2648 2644
s 1
f 2646 2649 2645
s 1
f 2647 2650 2646
s 1
f 2647 2652 2651
s 1
f 2645 2652 2648
s 1
f 2650 2653 2649
s 1
f 2651 2654 2650
s 1
f 2652 2655 2651
s 1
f 2649 2656 2652
s 1
f 2653 2658 2657
s 1
f 2655 2658 2654
s 1
f 2656 2659 2655
s 1
f 2656 2657 2660
s 1
f 2658 2661 2657
s 1
f 2658 2663 2662
s 1
f 2660 2663 2659
s 1
f 2657 2664 2660
s 1
f 2662 2665 2661
s 1
f 2663 2666 2662
s 1
f 2664 2667 2663
s 1
f 2664 2665 2668
s 1
f 2666 2669 2665
s 1
f 2667 2670 2666
s 1
f 2668 2671 2667
s 1
f 2665 2672 2668
s 1
f 2670 2673 2669
s 1
f 2671 2674 2670
s 1
f 2671 2676 2675
s 1
f 2672 2673 2676
s 1
f 2673 2678 2677
s 1
f 2675 2678 2674
s 1
f 2676 2679 2675
s 1
f 2676 2677 2680
s 1
f 2678 2681 2677
s 1
f 2679 2682 2678
s 1
f 2680 2683 2679
s 1
f 2677 2684 2680
s 1
f 2682 2685 2681
s 1
f 2683 2686 2682
s 1
f 2684 2687 2683
s 1
f 2684 2685 2688
s 1
f 2686 2689 2685
s 1
f 2687 2690 2686
s 1
f 2688 2691 2687
s 1
f 2685 2692 2688
s 1
f 2690 2693 2689
s 1
f 2691 2694 2690
s 1
f 2692 2695 2691
s 1
f 2689 2696 2692
s 1
f 2694 2697 2693
s 1
f 2695 2698 2694
s 1
f 2695 2700 2699
s 1
f 2693 2700 2696
s 1
f 2697 2702 2701
s 1
f 2699 2702 2698
s 1
f 2700 2703 2699
s 1
f 2697 2704 2700
s 1
f 2702 2705 2701
s 1
f 2703 2706 2702
s 1
f 2703 2708 2707
s 1
f 2701 2708 2704
s 1
f 2706 2709 2705
s 1
f 2707 2710 2706
s 1
f 2708 2711 2707
s 1
f 2705 2712 2708
s 1
f 2709 2714 2713
s 1
f 2711 2714 2710
s 1
f 2712 2715 2711
s 1
f 2712 2713 2716
s 1
f 2714 2717 2713
s 1
f 2714 2719 2718
s 1
f 2716 2719 2715
s 1
f 2713 2720 2716
s 1
f 2718 2721 2717
s 1
f 2719 2722 2718
s 1
f 2720 2723 2719
s 1
f 2720 2721 2724
s 1
f 2722 2725 2721
s 1
f 2723 2726 2722
s 1
f 2724 2727 2723
s 1
f 2721 2728 2724
s 1
f 2726 2729 2725
s 1
f 2727 2730 2726
s 1
f 2727 2732 2731
s 1
f 2728 2729 2732
s 1
f 2729 2734 2733
s 1
f 2731 2734 2730
s 1
f 2732 2735 2731
s 1
f 2732 2733 2736
s 1
f 2734 2737 2733
s 1
f 2735 2738 2734
s 1
f 2736 2739 2735
s 1
f 2733 2740 2736
s 1
f 2738 2741 2737
s 1
f 2739 2742 2738
s 1
f 2740 2743 2739
s 1
f 2740 2741 2744
s 1
f 2742 2745 2741
s 1
f 2743 2746 2742
s 1
f 2744 2747 2743
s 1
f 2741 2748 2744
s 1
f 2746 2749 2745
s 1
f 2747 2750 2746
s 1
f 2748 2751 2747
s 1
f 2745 2752 2748
s 1
f 2750 2753 2749
s 1
f 2751 2754 2750
s 1
f 2751 2756 2755
s 1
f 2749 2756 2752
s 1
f 2753 2758 2757
s 1
f 2755 2758 2754
s 1
f 2756 2759 2755
s 1
f 2753 2760 2756
s 1
f 2758 2761 2757
s 1
f 2759 2762 2758
s 1
f 2759 2764 2763
s 1
f 2757 2764 2760
s 1
f 2762 2765 2761
s 1
f 2763 2766 2762
s 1
f 2764 2767 2763
s 1
f 2761 2768 2764
s 1
f 2765 2770 2769
s 1
f 2767 2770 2766
s 1
f 2768 2771 2767
s 1
f 2768 2769 2772
s 1
f 2770 2773 2769
s 1
f 2770 2775 2774
s 1
f 2772 2775 2771
s 1
f 2769 2776 2772
s 1
f 2774 2777 2773
s 1
f 2775 2778 2774
s 1
f 2776 2779 2775
s 1
f 2776 2777 2780
s 1
f 2778 2781 2777
s 1
f 2779 2782 2778
s 1
f 2780 2783 2779
s 1
f 2777 2784 2780
s 1
f 2782 2785 2781
s 1
f 2783 2786 2782
s 1
f 2783 2788 2787
s 1
f 2784 2785 2788
s 1
f 2785 2790 2789
s 1
f 2787 2790 2786
s 1
f 2788 2791 2787
s 1
f 2788 2789 2792
s 1
f 2790 2793 2789
s 1
f 2791 2794 2790
s 1
f 2792 2795 2791
s 1
f 2789 2796 2792
s 1
f 2793 2798 2797
s 1
f 2795 2798 2794
s 1
f 2796 2799 2795
s 1
f 2796 2797 2800
s 1
f 2801 2574 2573
s 1
f 2801 2575 2574
s 1
f 2801 2576 2575
s 1
f 2801 2573 2576
s 1
f 2797 2798 2802
s 1
f 2798 2799 2802
s 1
f 2799 2800 2802
s 1
f 2800 2797 2802
s 1
f 2804 2807 2803
s 1
f 2804 2809 2808
s 1
f 2805 2810 2809
s 1
f 2803 2810 2806
s 1
f 2807 2812 2811
s 1
f 2808 2813 2812
s 1
f 2810 2813 2809
s 1
f 2810 2811 2814
s 1
f 2811 2816 2815
s 1
f 2813 2816 2812
s 1
f 2814 2817 2813
s 1
f 2811 2818 2814
s 1
f 2816 2819 2815
s 1
f 2817 2820 2816
s 1
f 2818 2821 2817
s 1
f 2815 2822 2818
s 1
f 2820 2823 2819
s 1
f 2821 2824 2820
s 1
f 2822 2825 2821
s 1
f 2822 2823 2826
s 1
f 2823 2828 2827
s 1
f 2825 2828 2824
s 1
f 2826 2829 2825
s 1
f 2826 2827 2830
s 1
f 2827 2832 2831
s 1
f 2829 2832 2828
s 1
f 2829 2834 2833
s 1
f 2827 2834 2830
s 1
f 2832 2835 2831
s 1
f 2832 2837 2836
s 1
f 2834 2837 2833
s 1
f 2834 2835 2838
s 1
f 2836 2839 2835
s 1
f 2836 2841 2840
s 1
f 2837 2842 2841
s 1
f 2835 2842 2838
s 1
f 2839 2844 2843
s 1
f 2840 2845 2844
s 1
f 2841 2846 2845
s 1
f 2839 2846 2842
s 1
f 2844 2847 2843
s 1
f 2845 2848 2844
s 1
f 2846 2849 2845
s 1
f 2843 2850 2846
s 1
f 2848 2851 2847
s 1
f 2848 2853 2852
s 1
f 2850 2853 2849
s 1
f 2847 2854 2850
s 1
f 2852 2855 2851
s 1
f 2853 2856 2852
s 1
f 2854 2857 2853
s 1
f 2851 2858 2854
s 1
f 2856 2859 2855
s 1
f 2857 2860 2856
s 1
f 2858 2861 2857
s 1
f 2855 2862 2858
s 1
f 2859 2864 2863
s 1
f 2861 2864 2860
s 1
f 2862 2865 2861
s 1
f 2862 2863 2866
s 1
f 2863 2868 2867
s 1
f 2864 2869 2868
s 1
f 2866 2869 2865
s 1
f 2866 2867 2870
s 1
f 2867 2872 2871
s 1
f 2869 2872 2868
s 1
f 2870 2873 2869
s 1
f 2867 2874 2870
s 1
f 2872 2875 2871
s 1
f 2873 2876 2872
s 1
f 2874 2877 2873
s 1
f 2871 2878 2874
s 1
f 2876 2879 2875
s 1
f 2877 2880 2876
s 1
f 2878 2881 2877
s 1
f 2878 2879 2882
s 1
f 2879 2884 2883
s 1
f 2881 2884 2880
s 1
f 2882 2885 2881
s 1
f 2882 2883 2886
s 1
f 2883 2888 2887
s 1
f 2885 2888 2884
s 1
f 2885 2890 2889
s 1
f 2883 2890 2886
s 1
f 2888 2891 2887
s 1
f 2888 2893 2892
s 1
f 2890 2893 2889
s 1
f 2890 2891 2894
s 1
f 2892 2895 2891
s 1
f 2892 2897 2896
s 1
f 2893 2898 2897
s 1
f 2891 2898 2894
s 1
f 2895 2900 2899
s 1
f 2896 2901 2900
s 1
f 2897 2902 2901
s 1
f 2895 2902 2898
s 1
f 2900 2903 2899
s 1
f 2901 2904 2900
s 1
f 2902 2905 2901
s 1
f 2899 2906 2902
s 1
f 2904 2907 2903
s 1
f 2904 2909 2908
s 1
f 2906 2909 2905
s 1
f 2903 2910 2906
s 1
f 2908 2911 2907
s 1
f 2909 2912 2908
s 1
f 2910 2913 2909
s 1
f 2907 2914 2910
s 1
f 2912 2915 2911
s 1
f 2913 2916 2912
s 1
f 2914 2917 2913
s 1
f 2911 2918 2914
s 1
f 2915 2920 2919
s 1
f 2917 2920 2916
s 1
f 2918 2921 2917
s 1
f 2918 2919 2922
s 1
f 2919 2924 2923
s 1
f 2920 2925 2924
s 1
f 2922 2925 2921
s 1
f 2922 2923 2926
s 1
f 2923 2928 2927
s 1
f 2925 2928 2924
s 1
f 2926 2929 2925
s 1
f 2923 2930 2926
s 1
f 2928 2931 2927
s 1
f 2929 2932 2928
s 1
f 2930 2933 2929
s 1
f 2927 2934 2930
s 1
f 2932 2935 2931
s 1
f 2933 2936 2932
s 1
f 2934 2937 2933
s 1
f 2934 2935 2938
s 1
f 2935 2940 2939
s 1
f 2937 2940 2936
s 1
f 2938 2941 2937
s 1
f 2938 2939 2942
s 1
f 2939 2944 2943
s 1
f 2941 2944 2940
s 1
f 2941 2946 2945
s 1
f 2939 2946 2942
s 1
f 2944 2947 2943
s 1
f 2944 2949 2948
s 1
f 2946 2949 2945
s 1
f 2946 2947 2950
s 1
f 2948 2951 2947
s 1
f 2948 2953 2952
s 1
f 2949 2954 2953
s 1
f 2947 2954 2950
s 1
f 2951 2956 2955
s 1
f 2952 2957 2956
s 1
f 2953 2958 2957
s 1
f 2951 2958 2954
s 1
f 2956 2959 2955
s 1
f 2957 2960 2956
s 1
f 2958 2961 2957
s 1
f 2955 2962 2958
s 1
f 2960 2963 2959
s 1
f 2960 2965 2964
s 1
f 2962 2965 2961
s 1
f 2959 2966 2962
s 1
f 2964 2967 2963
s 1
f 2965 2968 2964
s 1
f 2966 2969 2965
s 1
f 2963 2970 2966
s 1
f 2968 2971 2967
s 1
f 2969 2972 2968
s 1
f 2970 2973 2969
s 1
f 2967 2974 2970
s 1
f 2971 2976 2975
s 1
f 2973 2976 2972
s 1
f 2974 2977 2973
s 1
f 2974 2975 2978
s 1
f 2975 2980 2979
s 1
f 2976 2981 2980
s 1
f 2978 2981 2977
s 1
f 2978 2979 2982
s 1
f 2979 2984 2983
s 1
f 2981 2984 2980
s 1
f 2982 2985 2981
s 1
f 2979 2986 2982
s 1
f 2984 2987 2983
s 1
f 2985 2988 2984
s 1
f 2986 2989 2985
s 1
f 2983 2990 2986
s 1
f 2988 2991 2987
s 1
f 2989 2992 2988
s 1
f 2990 2993 2989
s 1
f 2990 2991 2994
s 1
f 2991 2996 2995
s 1
f 2993 2996 2992
s 1
f 2994 2997 2993
s 1
f 2994 2995 2998
s 1
f 2995 3000 2999
s 1
f 2997 3000 2996
s 1
f 2997 3002 3001
s 1
f 2995 3002 2998
s 1
f 3000 3003 2999
s 1
f 3000 3005 3004
s 1
f 3002 3005 3001
s 1
f 3002 3003 3006
s 1
f 3004 3007 3003
s 1
f 3004 3009 3008
s 1
f 3005 3010 3009
s 1
f 3003 3010 3006
s 1
f 3007 3012 3011
s 1
f 3008 3013 3012
s 1
f 3009 3014 3013
s 1
f 3007 3014 3010
s 1
f 3012 3015 3011
s 1
f 3013 3016 3012
s 1
f 3014 3017 3013
s 1
f 3011 3018 3014
s 1
f 3016 3019 3015
s 1
f 3016 3021 3020
s 1
f 3018 3021 3017
s 1
f 3015 3022 3018
s 1
f 3020 3023 3019
s 1
f 3021 3024 3020
s 1
f 3022 3025 3021
s 1
f 3019 3026 3022
s 1
f 3023 3028 3027
s 1
f 3025 3028 3024
s 1
f 3026 3029 3025
s 1
f 3026 3027 3030
s 1
f 3031 2804 2803
s 1
f 3031 2805 2804
s 1
f 3031 2806 2805
s 1
f 3031 2803 2806
s 1
f 3027 3028 3032
s 1
f 3028 3029 3032
s 1
f 3029 3030 3032
s 1
f 3030 3027 3032
s 1
f 1 2 6
s 1
f 2 3 7
s 1
f 4 8 7
s 1
f 1 5 8
s 1
f 5 6 10
s 1
f 6 7 11
s 1
f 8 12 11
s 1
f 5 9 12
s 1
f 9 10 14
s 1
f 10 11 15
s 1
f 12 16 15
s 1
f 9 13 16
s 1
f 13 14 18
s 1
f 14 15 19
s 1
f 16 20 19
s 1
f 13 17 20
s 1
f 17 18 22
s 1
f 18 19 23
s 1
f 20 24 23
s 1
f 17 21 24
s 1
f 21 22 26
s 1
f 22 23 27
s 1
f 24 28 27
s 1
f 21 25 28
s 1
f 25 26 30
s 1
f 26 27 31
s 1
f 28 32 31
s 1
f 25 29 32
s 1
f 29 30 34
s 1
f 30 31 35
s 1
f 32 36 35
s 1
f 29 33 36
s 1
f 33 34 38
s 1
f 34 35 39
s 1
f 36 40 39
s 1
f 33 37 40
s 1
f 37 38 42
s 1
f 38 39 43
s 1
f 40 44 43
s 1
f 37 41 44
s 1
f 41 42 46
s 1
f 42 43 47
s 1
f 44 48 47
s 1
f 41 45 48
s 1
f 45 46 50
s 1
f 46 47 51
s 1
f 48 52 51
s 1
f 45 49 52
s 1
f 49 50 54
s 1
f 50 51 55
s 1
f 52 56 55
s 1
f 49 53 56
s 1
f 53 54 58
s 1
f 54 55 59
s 1
f 56 60 59
s 1
f 53 57 60
s 1
f 57 58 62
s 1
f 58 59 63
s 1
f 60 64 63
s 1
f 57 61 64
s 1
f 61 62 66
s 1
f 62 63 67
s 1
f 64 68 67
s 1
f 61 65 68
s 1
f 65 66 70
s 1
f 66 67 71
s 1
f 68 72 71
s 1
f 65 69 72
s 1
f 69 70 74
s 1
f 70 71 75
s 1
f 72 76 75
s 1
f 69 73 76
s 1
f 73 74 78
s 1
f 74 75 79
s 1
f 76 80 79
s 1
f 73 77 80
s 1
f 77 78 82
s 1
f 78 79 83
s 1
f 80 84 83
s 1
f 77 81 84
s 1
f 81 82 86
s 1
f 82 83 87
s 1
f 84 88 87
s 1
f 81 85 88
s 1
f 85 86 90
s 1
f 86 87 91
s 1
f 88 92 91
s 1
f 85 89 92
s 1
f 89 90 94
s 1
f 90 91 95
s 1
f 92 96 95
s 1
f 89 93 96
s 1
f 93 94 98
s 1
f 94 95 99
s 1
f 96 100 99
s 1
f 93 97 100
s 1
f 97 98 102
s 1
f 98 99 103
s 1
f 100 104 103
s 1
f 97 101 104
s 1
f 101 102 106
s 1
f 102 103 107
s 1
f 104 108 107
s 1
f 101 105 108
s 1
f 105 106 110
s 1
f 106 107 111
s 1
f 108 112 111
s 1
f 105 109 112
s 1
f 109 110 114
s 1
f 110 111 115
s 1
f 112 116 115
s 1
f 109 113 116
s 1
f 119 120 124
s 1
f 120 121 125
s 1
f 122 126 125
s 1
f 119 123 126
s 1
f 123 124 128
s 1
f 124 125 129
s 1
f 126 130 129
s 1
f 123 127 130
s 1
f 127 128 132
s 1
f 128 129 133
s 1
f 130 134 133
s 1
f 127 131 134
s 1
f 131 132 136
s 1
f 132 133 137
s 1
f 134 138 137
s 1
f 131 135 138
s 1
f 135 136 140
s 1
f 136 137 141
s 1
f 138 142 141
s 1
f 135 139 142
s 1
f 139 140 144
s 1
f 140 141 145
s 1
f 142 146 145
s 1
f 139 143 146
s 1
f 143 144 148
s 1
f 144 145 149
s 1
f 146 150 149
s 1
f 143 147 150
s 1
f 147 148 152
s 1
f 148 149 153
s 1
f 150 154 153
s 1
f 147 151 154
s 1
f 151 152 156
s 1
f 152 153 157
s 1
f 154 158 157
s 1
f 151 155 158
s 1
f 155 156 160
s 1
f 156 157 161
s 1
f 158 162 161
s 1
f 155 159 162
s 1
f 159 160 164
s 1
f 160 161 165
s 1
f 162 166 165
s 1
f 159 163 166
s 1
f 163 164 168
s 1
f 164 165 169
s 1
f 166 170 169
s 1
f 163 167 170
s 1
f 167 168 172
s 1
f 168 169 173
s 1
f 170 174 173
s 1
f 167 171 174
s 1
f 171 172 176
s 1
f 172 173 177
s 1
f 174 178 177
s 1
f 171 175 178
s 1
f 175 176 180
s 1
f 176 177 181
s 1
f 178 182 181
s 1
f 175 179 182
s 1
f 179 180 184
s 1
f 180 181 185
s 1
f 182 186 185
s 1
f 179 183 186
s 1
f 183 184 188
s 1
f 184 185 189
s 1
f 186 190 189
s 1
f 183 187 190
s 1
f 187 188 192
s 1
f 188 189 193
s 1
f 190 194 193
s 1
f 187 191 194
s 1
f 191 192 196
s 1
f 192 193 197
s 1
f 194 198 197
s 1
f 191 195 198
s 1
f 195 196 200
s 1
f 196 197 201
s 1
f 198 202 201
s 1
f 195 199 202
s 1
f 199 200 204
s 1
f 200 201 205
s 1
f 202 206 205
s 1
f 199 203 206
s 1
f 203 204 208
s 1
f 204 205 209
s 1
f 206 210 209
s 1
f 203 207 210
s 1
f 207 208 212
s 1
f 208 209 213
s 1
f 210 214 213
s 1
f 207 211 214
s 1
f 211 212 216
s 1
f 212 213 217
s 1
f 214 218 217
s 1
f 211 215 218
s 1
f 215 216 220
s 1
f 216 217 221
s 1
f 218 222 221
s 1
f 215 219 222
s 1
f 219 220 224
s 1
f 220 221 225
s 1
f 222 226 225
s 1
f 219 223 226
s 1
f 223 224 228
s 1
f 224 225 229
s 1
f 226 230 229
s 1
f 223 227 230
s 1
f 227 228 232
s 1
f 228 229 233
s 1
f 230 234 233
s 1
f 227 231 234
s 1
f 238 242 241
s 1
f 238 239 243
s 1
f 239 240 244
s 1
f 237 241 244
s 1
f 242 246 245
s 1
f 242 243 247
s 1
f 243 244 248
s 1
f 241 245 248
s 1
f 246 250 249
s 1
f 246 247 251
s 1
f 247 248 252
s 1
f 245 249 252
s 1
f 250 254 253
s 1
f 250 251 255
s 1
f 251 252 256
s 1
f 249 253 256
s 1
f 254 258 257
s 1
f 254 255 259
s 1
f 255 256 260
s 1
f 253 257 260
s 1
f 258 262 261
s 1
f 258 259 263
s 1
f 259 260 264
s 1
f 257 261 264
s 1
f 262 266 265
s 1
f 262 263 267
s 1
f 263 264 268
s 1
f 261 265 268
s 1
f 266 270 269
s 1
f 266 267 271
s 1
f 267 268 272
s 1
f 265 269 272
s 1
f 270 274 273
s 1
f 270 271 275
s 1
f 271 272 276
s 1
f 269 273 276
s 1
f 274 278 277
s 1
f 274 275 279
s 1
f 275 276 280
s 1
f 273 277 280
s 1
f 278 282 281
s 1
f 278 279 283
s 1
f 279 280 284
s 1
f 277 281 284
s 1
f 282 286 285
s 1
f 282 283 287
s 1
f 283 284 288
s 1
f 281 285 288
s 1
f 286 290 289
s 1
f 286 287 291
s 1
f 287 288 292
s 1
f 285 289 292
s 1
f 290 294 293
s 1
f 290 291 295
s 1
f 291 292 296
s 1
f 289 293 296
s 1
f 294 298 297
s 1
f 294 295 299
s 1
f 295 296 300
s 1
f 293 297 300
s 1
f 298 302 301
s 1
f 298 299 303
s 1
f 299 300 304
s 1
f 297 301 304
s 1
f 302 306 305
s 1
f 302 303 307
s 1
f 303 304 308
s 1
f 301 305 308
s 1
f 306 310 309
s 1
f 306 307 311
s 1
f 307 308 312
s 1
f 305 309 312
s 1
f 310 314 313
s 1
f 310 311 315
s 1
f 311 312 316
s 1
f 309 313 316
s 1
f 314 318 317
s 1
f 314 315 319
s 1
f 315 316 320
s 1
f 313 317 320
s 1
f 318 322 321
s 1
f 318 319 323
s 1
f 319 320 324
s 1
f 317 321 324
s 1
f 322 326 325
s 1
f 322 323 327
s 1
f 323 324 328
s 1
f 321 325 328
s 1
f 326 330 329
s 1
f 326 327 331
s 1
f 327 328 332
s 1
f 325 329 332
s 1
f 330 334 333
s 1
f 330 331 335
s 1
f 331 332 336
s 1
f 329 333 336
s 1
f 334 338 337
s 1
f 334 335 339
s 1
f 335 336 340
s 1
f 333 337 340
s 1
f 338 342 341
s 1
f 338 339 343
s 1
f 339 340 344
s 1
f 337 341 344
s 1
f 342 346 345
s 1
f 342 343 347
s 1
f 343 344 348
s 1
f 341 345 348
s 1
f 346 350 349
s 1
f 346 347 351
s 1
f 347 348 352
s 1
f 345 349 352
s 1
f 356 360 359
s 1
f 356 357 361
s 1
f 357 358 362
s 1
f 355 359 362
s 1
f 360 364 363
s 1
f 360 361 365
s 1
f 361 362 366
s 1
f 359 363 366
s 1
f 364 368 367
s 1
f 364 365 369
s 1
f 365 366 370
s 1
f 363 367 370
s 1
f 368 372 371
s 1
f 368 369 373
s 1
f 369 370 374
s 1
f 367 371 374
s 1
f 372 376 375
s 1
f 372 373 377
s 1
f 373 374 378
s 1
f 371 375 378
s 1
f 376 380 379
s 1
f 376 377 381
s 1
f 377 378 382
s 1
f 375 379 382
s 1
f 380 384 383
s 1
f 380 381 385
s 1
f 381 382 386
s 1
f 379 383 386
s 1
f 384 388 387
s 1
f 384 385 389
s 1
f 385 386 390
s 1
f 383 387 390
s 1
f 388 392 391
s 1
f 388 389 393
s 1
f 389 390 394
s 1
f 387 391 394
s 1
f 392 396 395
s 1
f 392 393 397
s 1
f 393 394 398
s 1
f 391 395 398
s 1
f 396 400 399
s 1
f 396 397 401
s 1
f 397 398 402
s 1
f 395 399 402
s 1
f 400 404 403
s 1
f 400 401 405
s 1
f 401 402 406
s 1
f 399 403 406
s 1
f 404 408 407
s 1
f 404 405 409
s 1
f 405 406 410
s 1
f 403 407 410
s 1
f 408 412 411
s 1
f 408 409 413
s 1
f 409 410 414
s 1
f 407 411 414
s 1
f 412 416 415
s 1
f 412 413 417
s 1
f 413 414 418
s 1
f 411 415 418
s 1
f 416 420 419
s 1
f 416 417 421
s 1
f 417 418 422
s 1
f 415 419 422
s 1
f 420 424 423
s 1
f 420 421 425
s 1
f 421 422 426
s 1
f 419 423 426
s 1
f 424 428 427
s 1
f 424 425 429
s 1
f 425 426 430
s 1
f 423 427 430
s 1
f 428 432 431
s 1
f 428 429 433
s 1
f 429 430 434
s 1
f 427 431 434
s 1
f 432 436 435
s 1
f 432 433 437
s 1
f 433 434 438
s 1
f 431 435 438
s 1
f 436 440 439
s 1
f 436 437 441
s 1
f 437 438 442
s 1
f 435 439 442
s 1
f 440 444 443
s 1
f 440 441 445
s 1
f 441 442 446
s 1
f 439 443 446
s 1
f 444 448 447
s 1
f 444 445 449
s 1
f 445 446 450
s 1
f 443 447 450
s 1
f 448 452 451
s 1
f 448 449 453
s 1
f 449 450 454
s 1
f 447 451 454
s 1
f 452 456 455
s 1
f 452 453 457
s 1
f 453 454 458
s 1
f 451 455 458
s 1
f 456 460 459
s 1
f 456 457 461
s 1
f 457 458 462
s 1
f 455 459 462
s 1
f 460 464 463
s 1
f 460 461 465
s 1
f 461 462 466
s 1
f 459 463 466
s 1
f 464 468 467
s 1
f 464 465 469
s 1
f 465 466 470
s 1
f 463 467 470
s 1
f 474 478 477
s 1
f 474 475 479
s 1
f 475 476 480
s 1
f 473 477 480
s 1
f 478 482 481
s 1
f 478 479 483
s 1
f 479 480 484
s 1
f 477 481 484
s 1
f 482 486 485
s 1
f 482 483 487
s 1
f 483 484 488
s 1
f 481 485 488
s 1
f 486 490 489
s 1
f 486 487 491
s 1
f 487 488 492
s 1
f 485 489 492
s 1
f 490 494 493
s 1
f 490 491 495
s 1
f 491 492 496
s 1
f 489 493 496
s 1
f 494 498 497
s 1
f 494 495 499
s 1
f 495 496 500
s 1
f 493 497 500
s 1
f 498 502 501
s 1
f 498 499 503
s 1
f 499 500 504
s 1
f 497 501 504
s 1
f 502 506 505
s 1
f 502 503 507
s 1
f 503 504 508
s 1
f 501 505 508
s 1
f 506 510 509
s 1
f 506 507 511
s 1
f 507 508 512
s 1
f 505 509 512
s 1
f 510 514 513
s 1
f 510 511 515
s 1
f 511 512 516
s 1
f 509 513 516
s 1
f 514 518 517
s 1
f 514 515 519
s 1
f 515 516 520
s 1
f 513 517 520
s 1
f 518 522 521
s 1
f 518 519 523
s 1
f 519 520 524
s 1
f 517 521 524
s 1
f 522 526 525
s 1
f 522 523 527
s 1
f 523 524 528
s 1
f 521 525 528
s 1
f 526 530 529
s 1
f 526 527 531
s 1
f 527 528 532
s 1
f 525 529 532
s 1
f 530 534 533
s 1
f 530 531 535
s 1
f 531 532 536
s 1
f 529 533 536
s 1
f 534 538 537
s 1
f 534 535 539
s 1
f 535 536 540
s 1
f 533 537 540
s 1
f 538 542 541
s 1
f 538 539 543
s 1
f 539 540 544
s 1
f 537 541 544
s 1
f 542 546 545
s 1
f 542 543 547
s 1
f 543 544 548
s 1
f 541 545 548
s 1
f 546 550 549
s 1
f 546 547 551
s 1
f 547 548 552
s 1
f 545 549 552
s 1
f 550 554 553
s 1
f 550 551 555
s 1
f 551 552 556
s 1
f 549 553 556
s 1
f 554 558 557
s 1
f 554 555 559
s 1
f 555 556 560
s 1
f 553 557 560
s 1
f 558 562 561
s 1
f 558 559 563
s 1
f 559 560 564
s 1
f 557 561 564
s 1
f 562 566 565
s 1
f 562 563 567
s 1
f 563 564 568
s 1
f 561 565 568
s 1
f 566 570 569
s 1
f 566 567 571
s 1
f 567 568 572
s 1
f 565 569 572
s 1
f 570 574 573
s 1
f 570 571 575
s 1
f 571 572 576
s 1
f 569 573 576
s 1
f 574 578 577
s 1
f 574 575 579
s 1
f 575 576 580
s 1
f 573 577 580
s 1
f 578 582 581
s 1
f 578 579 583
s 1
f 579 580 584
s 1
f 577 581 584
s 1
f 582 586 585
s 1
f 582 583 587
s 1
f 583 584 588
s 1
f 581 585 588
s 1
f 592 596 595
s 1
f 592 593 597
s 1
f 593 594 598
s 1
f 591 595 598
s 1
f 596 600 599
s 1
f 596 597 601
s 1
f 597 598 602
s 1
f 595 599 602
s 1
f 600 604 603
s 1
f 600 601 605
s 1
f 601 602 606
s 1
f 599 603 606
s 1
f 604 608 607
s 1
f 604 605 609
s 1
f 605 606 610
s 1
f 603 607 610
s 1
f 608 612 611
s 1
f 608 609 613
s 1
f 609 610 614
s 1
f 607 611 614
s 1
f 612 616 615
s 1
f 612 613 617
s 1
f 613 614 618
s 1
f 611 615 618
s 1
f 616 620 619
s 1
f 616 617 621
s 1
f 617 618 622
s 1
f 615 619 622
s 1
f 620 624 623
s 1
f 620 621 625
s 1
f 621 622 626
s 1
f 619 623 626
s 1
f 624 628 627
s 1
f 624 625 629
s 1
f 625 626 630
s 1
f 623 627 630
s 1
f 628 632 631
s 1
f 628 629 633
s 1
f 629 630 634
s 1
f 627 631 634
s 1
f 632 636 635
s 1
f 632 633 637
s 1
f 633 634 638
s 1
f 631 635 638
s 1
f 636 640 639
s 1
f 636 637 641
s 1
f 637 638 642
s 1
f 635 639 642
s 1
f 640 644 643
s 1
f 640 641 645
s 1
f 641 642 646
s 1
f 639 643 646
s 1
f 644 648 647
s 1
f 644 645 649
s 1
f 645 646 650
s 1
f 643 647 650
s 1
f 648 652 651
s 1
f 648 649 653
s 1
f 649 650 654
s 1
f 647 651 654
s 1
f 652 656 655
s 1
f 652 653 657
s 1
f 653 654 658
s 1
f 651 655 658
s 1
f 656 660 659
s 1
f 656 657 661
s 1
f 657 658 662
s 1
f 655 659 662
s 1
f 660 664 663
s 1
f 660 661 665
s 1
f 661 662 666
s 1
f 659 663 666
s 1
f 664 668 667
s 1
f 664 665 669
s 1
f 665 666 670
s 1
f 663 667 670
s 1
f 668 672 671
s 1
f 668 669 673
s 1
f 669 670 674
s 1
f 667 671 674
s 1
f 672 676 675
s 1
f 672 673 677
s 1
f 673 674 678
s 1
f 671 675 678
s 1
f 676 680 679
s 1
f 676 677 681
s 1
f 677 678 682
s 1
f 675 679 682
s 1
f 680 684 683
s 1
f 680 681 685
s 1
f 681 682 686
s 1
f 679 683 686
s 1
f 684 688 687
s 1
f 684 685 689
s 1
f 685 686 690
s 1
f 683 687 690
s 1
f 688 692 691
s 1
f 688 689 693
s 1
f 689 690 694
s 1
f 687 691 694
s 1
f 692 696 695
s 1
f 692 693 697
s 1
f 693 694 698
s 1
f 691 695 698
s 1
f 696 700 699
s 1
f 696 697 701
s 1
f 697 698 702
s 1
f 695 699 702
s 1
f 700 704 703
s 1
f 700 701 705
s 1
f 701 702 706
s 1
f 699 703 706
s 1
f 710 714 713
s 1
f 711 715 714
s 1
f 711 712 716
s 1
f 712 709 713
s 1
f 714 718 717
s 1
f 715 719 718
s 1
f 715 716 720
s 1
f 716 713 717
s 1
f 718 722 721
s 1
f 719 723 722
s 1
f 719 720 724
s 1
f 720 717 721
s 1
f 722 726 725
s 1
f 723 727 726
s 1
f 723 724 728
s 1
f 724 721 725
s 1
f 726 730 729
s 1
f 727 731 730
s 1
f 727 728 732
s 1
f 728 725 729
s 1
f 730 734 733
s 1
f 731 735 734
s 1
f 731 732 736
s 1
f 732 729 733
s 1
f 734 738 737
s 1
f 735 739 738
s 1
f 735 736 740
s 1
f 736 733 737
s 1
f 738 742 741
s 1
f 739 743 742
s 1
f 739 740 744
s 1
f 740 737 741
s 1
f 742 746 745
s 1
f 743 747 746
s 1
f 743 744 748
s 1
f 744 741 745
s 1
f 746 750 749
s 1
f 747 751 750
s 1
f 747 748 752
s 1
f 748 745 749
s 1
f 750 754 753
s 1
f 751 755 754
s 1
f 751 752 756
s 1
f 752 749 753
s 1
f 754 758 757
s 1
f 755 759 758
s 1
f 755 756 760
s 1
f 756 753 757
s 1
f 758 762 761
s 1
f 759 763 762
s 1
f 759 760 764
s 1
f 760 757 761
s 1
f 762 766 765
s 1
f 763 767 766
s 1
f 763 764 768
s 1
f 764 761 765
s 1
f 766 770 769
s 1
f 767 771 770
s 1
f 767 768 772
s 1
f 768 765 769
s 1
f 770 774 773
s 1
f 771 775 774
s 1
f 771 772 776
s 1
f 772 769 773
s 1
f 774 778 777
s 1
f 775 779 778
s 1
f 775 776 780
s 1
f 776 773 777
s 1
f 778 782 781
s 1
f 779 783 782
s 1
f 779 780 784
s 1
f 780 777 781
s 1
f 782 786 785
s 1
f 783 787 786
s 1
f 783 784 788
s 1
f 784 781 785
s 1
f 786 790 789
s 1
f 787 791 790
s 1
f 787 788 792
s 1
f 788 785 789
s 1
f 790 794 793
s 1
f 791 795 794
s 1
f 791 792 796
s 1
f 792 789 793
s 1
f 794 798 797
s 1
f 795 799 798
s 1
f 795 796 800
s 1
f 796 793 797
s 1
f 798 802 801
s 1
f 799 803 802
s 1
f 799 800 804
s 1
f 800 797 801
s 1
f 802 806 805
s 1
f 803 807 806
s 1
f 803 804 808
s 1
f 804 801 805
s 1
f 806 810 809
s 1
f 807 811 810
s 1
f 807 808 812
s 1
f 808 805 809
s 1
f 810 814 813
s 1
f 811 815 814
s 1
f 811 812 816
s 1
f 812 809 813
s 1
f 814 818 817
s 1
f 815 819 818
s 1
f 815 816 820
s 1
f 816 813 817
s 1
f 818 822 821
s 1
f 819 823 822
s 1
f 819 820 824
s 1
f 820 817 821
s 1
f 828 832 831
s 1
f 829 833 832
s 1
f 829 830 834
s 1
f 830 827 831
s 1
f 832 836 835
s 1
f 833 837 836
s 1
f 833 834 838
s 1
f 834 831 835
s 1
f 836 840 839
s 1
f 837 841 840
s 1
f 837 838 842
s 1
f 838 835 839
s 1
f 840 844 843
s 1
f 841 845 844
s 1
f 841 842 846
s 1
f 842 839 843
s 1
f 844 848 847
s 1
f 845 849 848
s 1
f 845 846 850
s 1
f 846 843 847
s 1
f 848 852 851
s 1
f 849 853 852
s 1
f 849 850 854
s 1
f 850 847 851
s 1
f 852 856 855
s 1
f 853 857 856
s 1
f 853 854 858
s 1
f 854 851 855
s 1
f 856 860 859
s 1
f 857 861 860
s 1
f 857 858 862
s 1
f 858 855 859
s 1
f 860 864 863
s 1
f 861 865 864
s 1
f 861 862 866
s 1
f 862 859 863
s 1
f 864 868 867
s 1
f 865 869 868
s 1
f 865 866 870
s 1
f 866 863 867
s 1
f 868 872 871
s 1
f 869 873 872
s 1
f 869 870 874
s 1
f 870 867 871
s 1
f 872 876 875
s 1
f 873 877 876
s 1
f 873 874 878
s 1
f 874 871 875
s 1
f 876 880 879
s 1
f 877 881 880
s 1
f 877 878 882
s 1
f 878 875 879
s 1
f 880 884 883
s 1
f 881 885 884
s 1
f 881 882 886
s 1
f 882 879 883
s 1
f 884 888 887
s 1
f 885 889 888
s 1
f 885 886 890
s 1
f 886 883 887
s 1
f 888 892 891
s 1
f 889 893 892
s 1
f 889 890 894
s 1
f 890 887 891
s 1
f 892 896 895
s 1
f 893 897 896
s 1
f 893 894 898
s 1
f 894 891 895
s 1
f 896 900 899
s 1
f 897 901 900
s 1
f 897 898 902
s 1
f 898 895 899
s 1
f 900 904 903
s 1
f 901 905 904
s 1
f 901 902 906
s 1
f 902 899 903
s 1
f 904 908 907
s 1
f 905 909 908
s 1
f 905 906 910
s 1
f 906 903 907
s 1
f 908 912 911
s 1
f 909 913 912
s 1
f 909 910 914
s 1
f 910 907 911
s 1
f 912 916 915
s 1
f 913 917 916
s 1
f 913 914 918
s 1
f 914 911 915
s 1
f 916 920 919
s 1
f 917 921 920
s 1
f 917 918 922
s 1
f 918 915 919
s 1
f 920 924 923
s 1
f 921 925 924
s 1
f 921 922 926
s 1
f 922 919 923
s 1
f 924 928 927
s 1
f 925 929 928
s 1
f 925 926 930
s 1
f 926 923 927
s 1
f 928 932 931
s 1
f 929 933 932
s 1
f 929 930 934
s 1
f 930 927 931
s 1
f 932 936 935
s 1
f 933 937 936
s 1
f 933 934 938
s 1
f 934 931 935
s 1
f 936 940 939
s 1
f 937 941 940
s 1
f 937 938 942
s 1
f 938 935 939
s 1
f 946 950 949
s 1
f 947 951 950
s 1
f 947 948 952
s 1
f 948 945 949
s 1
f 950 954 953
s 1
f 951 955 954
s 1
f 951 952 956
s 1
f 952 949 953
s 1
f 954 958 957
s 1
f 955 959 958
s 1
f 955 956 960
s 1
f 956 953 957
s 1
f 958 962 961
s 1
f 959 963 962
s 1
f 959 960 964
s 1
f 960 957 961
s 1
f 962 966 965
s 1
f 963 967 966
s 1
f 963 964 968
s 1
f 964 961 965
s 1
f 966 970 969
s 1
f 967 971 970
s 1
f 967 968 972
s 1
f 968 965 969
s 1
f 970 974 973
s 1
f 971 975 974
s 1
f 971 972 976
s 1
f 972 969 973
s 1
f 974 978 977
s 1
f 975 979 978
s 1
f 975 976 980
s 1
f 976 973 977
s 1
f 978 982 981
s 1
f 979 983 982
s 1
f 979 980 984
s 1
f 980 977 981
s 1
f 982 986 985
s 1
f 983 987 986
s 1
f 983 984 988
s 1
f 984 981 985
s 1
f 986 990 989
s 1
f 987 991 990
s 1
f 987 988 992
s 1
f 988 985 989
s 1
f 990 994 993
s 1
f 991 995 994
s 1
f 991 992 996
s 1
f 992 989 993
s 1
f 994 998 997
s 1
f 995 999 998
s 1
f 995 996 1000
s 1
f 996 993 997
s 1
f 998 1002 1001
s 1
f 999 1003 1002
s 1
f 999 1000 1004
s 1
f 1000 997 1001
s 1
f 1002 1006 1005
s 1
f 1003 1007 1006
s 1
f 1003 1004 1008
s 1
f 1004 1001 1005
s 1
f 1006 1010 1009
s 1
f 1007 1011 1010
s 1
f 1007 1008 1012
s 1
f 1008 1005 1009
s 1
f 1010 1014 1013
s 1
f 1011 1015 1014
s 1
f 1011 1012 1016
s 1
f 1012 1009 1013
s 1
f 1014 1018 1017
s 1
f 1015 1019 1018
s 1
f 1015 1016 1020
s 1
f 1016 1013 1017
s 1
f 1018 1022 1021
s 1
f 1019 1023 1022
s 1
f 1019 1020 1024
s 1
f 1020 1017 1021
s 1
f 1022 1026 1025
s 1
f 1023 1027 1026
s 1
f 1023 1024 1028
s 1
f 1024 1021 1025
s 1
f 1026 1030 1029
s 1
f 1027 1031 1030
s 1
f 1027 1028 1032
s 1
f 1028 1025 1029
s 1
f 1030 1034 1033
s 1
f 1031 1035 1034
s 1
f 1031 1032 1036
s 1
f 1032 1029 1033
s 1
f 1034 1038 1037
s 1
f 1035 1039 1038
s 1
f 1035 1036 1040
s 1
f 1036 1033 1037
s 1
f 1038 1042 1041
s 1
f 1039 1043 1042
s 1
f 1039 1040 1044
s 1
f 1040 1037 1041
s 1
f 1042 1046 1045
s 1
f 1043 1047 1046
s 1
f 1043 1044 1048
s 1
f 1044 1041 1045
s 1
f 1046 1050 1049
s 1
f 1047 1051 1050
s 1
f 1047 1048 1052
s 1
f 1048 1045 1049
s 1
f 1050 1054 1053
s 1
f 1051 1055 1054
s 1
f 1051 1052 1056
s 1
f 1052 1049 1053
s 1
f 1054 1058 1057
s 1
f 1055 1059 1058
s 1
f 1055 1056 1060
s 1
f 1056 1053 1057
s 1
f 1063 1064 1068
s 1
f 1065 1069 1068
s 1
f 1066 1070 1069
s 1
f 1066 1063 1067
s 1
f 1067 1068 1072
s 1
f 1069 1073 1072
s 1
f 1070 1074 1073
s 1
f 1070 1067 1071
s 1
f 1071 1072 1076
s 1
f 1073 1077 1076
s 1
f 1074 1078 1077
s 1
f 1074 1071 1075
s 1
f 1075 1076 1080
s 1
f 1077 1081 1080
s 1
f 1078 1082 1081
s 1
f 1078 1075 1079
s 1
f 1079 1080 1084
s 1
f 1081 1085 1084
s 1
f 1082 1086 1085
s 1
f 1082 1079 1083
s 1
f 1083 1084 1088
s 1
f 1085 1089 1088
s 1
f 1086 1090 1089
s 1
f 1086 1083 1087
s 1
f 1087 1088 1092
s 1
f 1089 1093 1092
s 1
f 1090 1094 1093
s 1
f 1090 1087 1091
s 1
f 1091 1092 1096
s 1
f 1093 1097 1096
s 1
f 1094 1098 1097
s 1
f 1094 1091 1095
s 1
f 1095 1096 1100
s 1
f 1097 1101 1100
s 1
f 1098 1102 1101
s 1
f 1098 1095 1099
s 1
f 1099 1100 1104
s 1
f 1101 1105 1104
s 1
f 1102 1106 1105
s 1
f 1102 1099 1103
s 1
f 1103 1104 1108
s 1
f 1105 1109 1108
s 1
f 1106 1110 1109
s 1
f 1106 1103 1107
s 1
f 1107 1108 1112
s 1
f 1109 1113 1112
s 1
f 1110 1114 1113
s 1
f 1110 1107 1111
s 1
f 1111 1112 1116
s 1
f 1113 1117 1116
s 1
f 1114 1118 1117
s 1
f 1114 1111 1115
s 1
f 1115 1116 1120
s 1
f 1117 1121 1120
s 1
f 1118 1122 1121
s 1
f 1118 1115 1119
s 1
f 1119 1120 1124
s 1
f 1121 1125 1124
s 1
f 1122 1126 1125
s 1
f 1122 1119 1123
s 1
f 1123 1124 1128
s 1
f 1125 1129 1128
s 1
f 1126 1130 1129
s 1
f 1126 1123 1127
s 1
f 1127 1128 1132
s 1
f 1129 1133 1132
s 1
f 1130 1134 1133
s 1
f 1130 1127 1131
s 1
f 1131 1132 1136
s 1
f 1133 1137 1136
s 1
f 1134 1138 1137
s 1
f 1134 1131 1135
s 1
f 1135 1136 1140
s 1
f 1137 1141 1140
s 1
f 1138 1142 1141
s 1
f 1138 1135 1139
s 1
f 1139 1140 1144
s 1
f 1141 1145 1144
s 1
f 1142 1146 1145
s 1
f 1142 1139 1143
s 1
f 1143 1144 1148
s 1
f 1145 1149 1148
s 1
f 1146 1150 1149
s 1
f 1146 1143 1147
s 1
f 1147 1148 1152
s 1
f 1149 1153 1152
s 1
f 1150 1154 1153
s 1
f 1150 1147 1151
s 1
f 1151 1152 1156
s 1
f 1153 1157 1156
s 1
f 1154 1158 1157
s 1
f 1154 1151 1155
s 1
f 1155 1156 1160
s 1
f 1157 1161 1160
s 1
f 1158 1162 1161
s 1
f 1158 1155 1159
s 1
f 1159 1160 1164
s 1
f 1161 1165 1164
s 1
f 1162 1166 1165
s 1
f 1162 1159 1163
s 1
f 1163 1164 1168
s 1
f 1165 1169 1168
s 1
f 1166 1170 1169
s 1
f 1166 1163 1167
s 1
f 1167 1168 1172
s 1
f 1169 1173 1172
s 1
f 1170 1174 1173
s 1
f 1170 1167 1171
s 1
f 1171 1172 1176
s 1
f 1173 1177 1176
s 1
f 1174 1178 1177
s 1
f 1174 1171 1175
s 1
f 1181 1182 1186
s 1
f 1183 1187 1186
s 1
f 1184 1188 1187
s 1
f 1184 1181 1185
s 1
f 1185 1186 1190
s 1
f 1187 1191 1190
s 1
f 1188 1192 1191
s 1
f 1188 1185 1189
s 1
f 1189 1190 1194
s 1
f 1191 1195 1194
s 1
f 1192 1196 1195
s 1
f 1192 1189 1193
s 1
f 1193 1194 1198
s 1
f 1195 1199 1198
s 1
f 1196 1200 1199
s 1
f 1196 1193 1197
s 1
f 1197 1198 1202
s 1
f 1199 1203 1202
s 1
f 1200 1204 1203
s 1
f 1200 1197 1201
s 1
f 1201 1202 1206
s 1
f 1203 1207 1206
s 1
f 1204 1208 1207
s 1
f 1204 1201 1205
s 1
f 1205 1206 1210
s 1
f 1207 1211 1210
s 1
f 1208 1212 1211
s 1
f 1208 1205 1209
s 1
f 1209 1210 1214
s 1
f 1211 1215 1214
s 1
f 1212 1216 1215
s 1
f 1212 1209 1213
s 1
f 1213 1214 1218
s 1
f 1215 1219 1218
s 1
f 1216 1220 1219
s 1
f 1216 1213 1217
s 1
f 1217 1218 1222
s 1
f 1219 1223 1222
s 1
f 1220 1224 1223
s 1
f 1220 1217 1221
s 1
f 1221 1222 1226
s 1
f 1223 1227 1226
s 1
f 1224 1228 1227
s 1
f 1224 1221 1225
s 1
f 1225 1226 1230
s 1
f 1227 1231 1230
s 1
f 1228 1232 1231
s 1
f 1228 1225 1229
s 1
f 1229 1230 1234
s 1
f 1231 1235 1234
s 1
f 1232 1236 1235
s 1
f 1232 1229 1233
s 1
f 1233 1234 1238
s 1
f 1235 1239 1238
s 1
f 1236 1240 1239
s 1
f 1236 1233 1237
s 1
f 1237 1238 1242
s 1
f 1239 1243 1242
s 1
f 1240 1244 1243
s 1
f 1240 1237 1241
s 1
f 1241 1242 1246
s 1
f 1243 1247 1246
s 1
f 1244 1248 1247
s 1
f 1244 1241 1245
s 1
f 1245 1246 1250
s 1
f 1247 1251 1250
s 1
f 1248 1252 1251
s 1
f 1248 1245 1249
s 1
f 1249 1250 1254
s 1
f 1251 1255 1254
s 1
f 1252 1256 1255
s 1
f 1252 1249 1253
s 1
f 1253 1254 1258
s 1
f 1255 1259 1258
s 1
f 1256 1260 1259
s 1
f 1256 1253 1257
s 1
f 1257 1258 1262
s 1
f 1259 1263 1262
s 1
f 1260 1264 1263
s 1
f 1260 1257 1261
s 1
f 1261 1262 1266
s 1
f 1263 1267 1266
s 1
f 1264 1268 1267
s 1
f 1264 1261 1265
s 1
f 1265 1266 1270
s 1
f 1267 1271 1270
s 1
f 1268 1272 1271
s 1
f 1268 1265 1269
s 1
f 1269 1270 1274
s 1
f 1271 1275 1274
s 1
f 1272 1276 1275
s 1
f 1272 1269 1273
s 1
f 1273 1274 1278
s 1
f 1275 1279 1278
s 1
f 1276 1280 1279
s 1
f 1276 1273 1277
s 1
f 1277 1278 1282
s 1
f 1279 1283 1282
s 1
f 1280 1284 1283
s 1
f 1280 1277 1281
s 1
f 1281 1282 1286
s 1
f 1283 1287 1286
s 1
f 1284 1288 1287
s 1
f 1284 1281 1285
s 1
f 1285 1286 1290
s 1
f 1287 1291 1290
s 1
f 1288 1292 1291
s 1
f 1288 1285 1289
s 1
f 1289 1290 1294
s 1
f 1291 1295 1294
s 1
f 1292 1296 1295
s 1
f 1292 1289 1293
s 1
f 1299 1300 1304
s 1
f 1301 1305 1304
s 1
f 1302 1306 1305
s 1
f 1302 1299 1303
s 1
f 1303 1304 1308
s 1
f 1305 1309 1308
s 1
f 1306 1310 1309
s 1
f 1306 1303 1307
s 1
f 1307 1308 1312
s 1
f 1309 1313 1312
s 1
f 1310 1314 1313
s 1
f 1310 1307 1311
s 1
f 1311 1312 1316
s 1
f 1313 1317 1316
s 1
f 1314 1318 1317
s 1
f 1314 1311 1315
s 1
f 1315 1316 1320
s 1
f 1317 1321 1320
s 1
f 1318 1322 1321
s 1
f 1318 1315 1319
s 1
f 1319 1320 1324
s 1
f 1321 1325 1324
s 1
f 1322 1326 1325
s 1
f 1322 1319 1323
s 1
f 1323 1324 1328
s 1
f 1325 1329 1328
s 1
f 1326 1330 1329
s 1
f 1326 1323 1327
s 1
f 1327 1328 1332
s 1
f 1329 1333 1332
s 1
f 1330 1334 1333
s 1
f 1330 1327 1331
s 1
f 1331 1332 1336
s 1
f 1333 1337 1336
s 1
f 1334 1338 1337
s 1
f 1334 1331 1335
s 1
f 1335 1336 1340
s 1
f 1337 1341 1340
s 1
f 1338 1342 1341
s 1
f 1338 1335 1339
s 1
f 1339 1340 1344
s 1
f 1341 1345 1344
s 1
f 1342 1346 1345
s 1
f 1342 1339 1343
s 1
f 1343 1344 1348
s 1
f 1345 1349 1348
s 1
f 1346 1350 1349
s 1
f 1346 1343 1347
s 1
f 1347 1348 1352
s 1
f 1349 1353 1352
s 1
f 1350 1354 1353
s 1
f 1350 1347 1351
s 1
f 1351 1352 1356
s 1
f 1353 1357 1356
s 1
f 1354 1358 1357
s 1
f 1354 1351 1355
s 1
f 1355 1356 1360
s 1
f 1357 1361 1360
s 1
f 1358 1362 1361
s 1
f 1358 1355 1359
s 1
f 1359 1360 1364
s 1
f 1361 1365 1364
s 1
f 1362 1366 1365
s 1
f 1362 1359 1363
s 1
f 1363 1364 1368
s 1
f 1365 1369 1368
s 1
f 1366 1370 1369
s 1
f 1366 1363 1367
s 1
f 1367 1368 1372
s 1
f 1369 1373 1372
s 1
f 1370 1374 1373
s 1
f 1370 1367 1371
s 1
f 1371 1372 1376
s 1
f 1373 1377 1376
s 1
f 1374 1378 1377
s 1
f 1374 1371 1375
s 1
f 1375 1376 1380
s 1
f 1377 1381 1380
s 1
f 1378 1382 1381
s 1
f 1378 1375 1379
s 1
f 1379 1380 1384
s 1
f 1381 1385 1384
s 1
f 1382 1386 1385
s 1
f 1382 1379 1383
s 1
f 1383 1384 1388
s 1
f 1385 1389 1388
s 1
f 1386 1390 1389
s 1
f 1386 1383 1387
s 1
f 1387 1388 1392
s 1
f 1389 1393 1392
s 1
f 1390 1394 1393
s 1
f 1390 1387 1391
s 1
f 1391 1392 1396
s 1
f 1393 1397 1396
s 1
f 1394 1398 1397
s 1
f 1394 1391 1395
s 1
f 1395 1396 1400
s 1
f 1397 1401 1400
s 1
f 1398 1402 1401
s 1
f 1398 1395 1399
s 1
f 1399 1400 1404
s 1
f 1401 1405 1404
s 1
f 1402 1406 1405
s 1
f 1402 1399 1403
s 1
f 1403 1404 1408
s 1
f 1405 1409 1408
s 1
f 1406 1410 1409
s 1
f 1406 1403 1407
s 1
f 1407 1408 1412
s 1
f 1409 1413 1412
s 1
f 1410 1414 1413
s 1
f 1410 1407 1411
s 1
f 1417 1418 1422
s 1
f 1419 1423 1422
s 1
f 1420 1424 1423
s 1
f 1420 1417 1421
s 1
f 1421 1422 1426
s 1
f 1423 1427 1426
s 1
f 1424 1428 1427
s 1
f 1424 1421 1425
s 1
f 1425 1426 1430
s 1
f 1427 1431 1430
s 1
f 1428 1432 1431
s 1
f 1428 1425 1429
s 1
f 1429 1430 1434
s 1
f 1431 1435 1434
s 1
f 1432 1436 1435
s 1
f 1432 1429 1433
s 1
f 1433 1434 1438
s 1
f 1435 1439 1438
s 1
f 1436 1440 1439
s 1
f 1436 1433 1437
s 1
f 1437 1438 1442
s 1
f 1439 1443 1442
s 1
f 1440 1444 1443
s 1
f 1440 1437 1441
s 1
f 1441 1442 1446
s 1
f 1443 1447 1446
s 1
f 1444 1448 1447
s 1
f 1444 1441 1445
s 1
f 1445 1446 1450
s 1
f 1447 1451 1450
s 1
f 1448 1452 1451
s 1
f 1448 1445 1449
s 1
f 1449 1450 1454
s 1
f 1451 1455 1454
s 1
f 1452 1456 1455
s 1
f 1452 1449 1453
s 1
f 1453 1454 1458
s 1
f 1455 1459 1458
s 1
f 1456 1460 1459
s 1
f 1456 1453 1457
s 1
f 1457 1458 1462
s 1
f 1459 1463 1462
s 1
f 1460 1464 1463
s 1
f 1460 1457 1461
s 1
f 1461 1462 1466
s 1
f 1463 1467 1466
s 1
f 1464 1468 1467
s 1
f 1464 1461 1465
s 1
f 1465 1466 1470
s 1
f 1467 1471 1470
s 1
f 1468 1472 1471
s 1
f 1468 1465 1469
s 1
f 1469 1470 1474
s 1
f 1471 1475 1474
s 1
f 1472 1476 1475
s 1
f 1472 1469 1473
s 1
f 1473 1474 1478
s 1
f 1475 1479 1478
s 1
f 1476 1480 1479
s 1
f 1476 1473 1477
s 1
f 1477 1478 1482
s 1
f 1479 1483 1482
s 1
f 1480 1484 1483
s 1
f 1480 1477 1481
s 1
f 1481 1482 1486
s 1
f 1483 1487 1486
s 1
f 1484 1488 1487
s 1
f 1484 1481 1485
s 1
f 1485 1486 1490
s 1
f 1487 1491 1490
s 1
f 1488 1492 1491
s 1
f 1488 1485 1489
s 1
f 1489 1490 1494
s 1
f 1491 1495 1494
s 1
f 1492 1496 1495
s 1
f 1492 1489 1493
s 1
f 1493 1494 1498
s 1
f 1495 1499 1498
s 1
f 1496 1500 1499
s 1
f 1496 1493 1497
s 1
f 1497 1498 1502
s 1
f 1499 1503 1502
s 1
f 1500 1504 1503
s 1
f 1500 1497 1501
s 1
f 1501 1502 1506
s 1
f 1503 1507 1506
s 1
f 1504 1508 1507
s 1
f 1504 1501 1505
s 1
f 1505 1506 1510
s 1
f 1507 1511 1510
s 1
f 1508 1512 1511
s 1
f 1508 1505 1509
s 1
f 1509 1510 1514
s 1
f 1511 1515 1514
s 1
f 1512 1516 1515
s 1
f 1512 1509 1513
s 1
f 1513 1514 1518
s 1
f 1515 1519 1518
s 1
f 1516 1520 1519
s 1
f 1516 1513 1517
s 1
f 1517 1518 1522
s 1
f 1519 1523 1522
s 1
f 1520 1524 1523
s 1
f 1520 1517 1521
s 1
f 1521 1522 1526
s 1
f 1523 1527 1526
s 1
f 1524 1528 1527
s 1
f 1524 1521 1525
s 1
f 1525 1526 1530
s 1
f 1527 1531 1530
s 1
f 1528 1532 1531
s 1
f 1528 1525 1529
s 1
f 1535 1536 1540
s 1
f 1536 1537 1541
s 1
f 1538 1542 1541
s 1
f 1535 1539 1542
s 1
f 1539 1540 1544
s 1
f 1540 1541 1545
s 1
f 1542 1546 1545
s 1
f 1539 1543 1546
s 1
f 1543 1544 1548
s 1
f 1544 1545 1549
s 1
f 1546 1550 1549
s 1
f 1543 1547 1550
s 1
f 1547 1548 1552
s 1
f 1548 1549 1553
s 1
f 1550 1554 1553
s 1
f 1547 1551 1554
s 1
f 1551 1552 1556
s 1
f 1552 1553 1557
s 1
f 1554 1558 1557
s 1
f 1551 1555 1558
s 1
f 1555 1556 1560
s 1
f 1556 1557 1561
s 1
f 1558 1562 1561
s 1
f 1555 1559 1562
s 1
f 1559 1560 1564
s 1
f 1560 1561 1565
s 1
f 1562 1566 1565
s 1
f 1559 1563 1566
s 1
f 1563 1564 1568
s 1
f 1564 1565 1569
s 1
f 1566 1570 1569
s 1
f 1563 1567 1570
s 1
f 1567 1568 1572
s 1
f 1568 1569 1573
s 1
f 1570 1574 1573
s 1
f 1567 1571 1574
s 1
f 1571 1572 1576
s 1
f 1572 1573 1577
s 1
f 1574 1578 1577
s 1
f 1571 1575 1578
s 1
f 1575 1576 1580
s 1
f 1576 1577 1581
s 1
f 1578 1582 1581
s 1
f 1575 1579 1582
s 1
f 1579 1580 1584
s 1
f 1580 1581 1585
s 1
f 1582 1586 1585
s 1
f 1579 1583 1586
s 1
f 1583 1584 1588
s 1
f 1584 1585 1589
s 1
f 1586 1590 1589
s 1
f 1583 1587 1590
s 1
f 1587 1588 1592
s 1
f 1588 1589 1593
s 1
f 1590 1594 1593
s 1
f 1587 1591 1594
s 1
f 1591 1592 1596
s 1
f 1592 1593 1597
s 1
f 1594 1598 1597
s 1
f 1591 1595 1598
s 1
f 1595 1596 1600
s 1
f 1596 1597 1601
s 1
f 1598 1602 1601
s 1
f 1595 1599 1602
s 1
f 1599 1600 1604
s 1
f 1600 1601 1605
s 1
f 1602 1606 1605
s 1
f 1599 1603 1606
s 1
f 1603 1604 1608
s 1
f 1604 1605 1609
s 1
f 1606 1610 1609
s 1
f 1603 1607 1610
s 1
f 1607 1608 1612
s 1
f 1608 1609 1613
s 1
f 1610 1614 1613
s 1
f 1607 1611 1614
s 1
f 1611 1612 1616
s 1
f 1612 1613 1617
s 1
f 1614 1618 1617
s 1
f 1611 1615 1618
s 1
f 1615 1616 1620
s 1
f 1616 1617 1621
s 1
f 1618 1622 1621
s 1
f 1615 1619 1622
s 1
f 1619 1620 1624
s 1
f 1620 1621 1625
s 1
f 1622 1626 1625
s 1
f 1619 1623 1626
s 1
f 1623 1624 1628
s 1
f 1624 1625 1629
s 1
f 1626 1630 1629
s 1
f 1623 1627 1630
s 1
f 1627 1628 1632
s 1
f 1628 1629 1633
s 1
f 1630 1634 1633
s 1
f 1627 1631 1634
s 1
f 1631 1632 1636
s 1
f 1632 1633 1637
s 1
f 1634 1638 1637
s 1
f 1631 1635 1638
s 1
f 1635 1636 1640
s 1
f 1636 1637 1641
s 1
f 1638 1642 1641
s 1
f 1635 1639 1642
s 1
f 1639 1640 1644
s 1
f 1640 1641 1645
s 1
f 1642 1646 1645
s 1
f 1639 1643 1646
s 1
f 1643 1644 1648
s 1
f 1644 1645 1649
s 1
f 1646 1650 1649
s 1
f 1643 1647 1650
s 1
f 1654 1658 1657
s 1
f 1654 1655 1659
s 1
f 1655 1656 1660
s 1
f 1653 1657 1660
s 1
f 1658 1662 1661
s 1
f 1658 1659 1663
s 1
f 1660 1664 1663
s 1
f 1657 1661 1664
s 1
f 1662 1666 1665
s 1
f 1663 1667 1666
s 1
f 1664 1668 1667
s 1
f 1661 1665 1668
s 1
f 1665 1666 1670
s 1
f 1667 1671 1670
s 1
f 1668 1672 1671
s 1
f 1668 1665 1669
s 1
f 1670 1674 1673
s 1
f 1671 1675 1674
s 1
f 1671 1672 1676
s 1
f 1669 1673 1676
s 1
f 1673 1674 1678
s 1
f 1675 1679 1678
s 1
f 1676 1680 1679
s 1
f 1673 1677 1680
s 1
f 1678 1682 1681
s 1
f 1678 1679 1683
s 1
f 1679 1680 1684
s 1
f 1680 1677 1681
s 1
f 1682 1686 1685
s 1
f 1683 1687 1686
s 1
f 1683 1684 1688
s 1
f 1681 1685 1688
s 1
f 1686 1690 1689
s 1
f 1686 1687 1691
s 1
f 1687 1688 1692
s 1
f 1685 1689 1692
s 1
f 1690 1694 1693
s 1
f 1691 1695 1694
s 1
f 1692 1696 1695
s 1
f 1692 1689 1693
s 1
f 1694 1698 1697
s 1
f 1694 1695 1699
s 1
f 1695 1696 1700
s 1
f 1693 1697 1700
s 1
f 1698 1702 1701
s 1
f 1698 1699 1703
s 1
f 1699 1700 1704
s 1
f 1700 1697 1701
s 1
f 1701 1702 1706
s 1
f 1703 1707 1706
s 1
f 1704 1708 1707
s 1
f 1701 1705 1708
s 1
f 1706 1710 1709
s 1
f 1706 1707 1711
s 1
f 1708 1712 1711
s 1
f 1705 1709 1712
s 1
f 1710 1714 1713
s 1
f 1711 1715 1714
s 1
f 1711 1712 1716
s 1
f 1709 1713 1716
s 1
f 1714 1718 1717
s 1
f 1714 1715 1719
s 1
f 1716 1720 1719
s 1
f 1713 1717 1720
s 1
f 1718 1722 1721
s 1
f 1719 1723 1722
s 1
f 1720 1724 1723
s 1
f 1717 1721 1724
s 1
f 1721 1722 1726
s 1
f 1723 1727 1726
s 1
f 1724 1728 1727
s 1
f 1724 1721 1725
s 1
f 1726 1730 1729
s 1
f 1727 1731 1730
s 1
f 1727 1728 1732
s 1
f 1725 1729 1732
s 1
f 1729 1730 1734
s 1
f 1731 1735 1734
s 1
f 1732 1736 1735
s 1
f 1729 1733 1736
s 1
f 1734 1738 1737
s 1
f 1734 1735 1739
s 1
f 1735 1736 1740
s 1
f 1736 1733 1737
s 1
f 1738 1742 1741
s 1
f 1739 1743 1742
s 1
f 1739 1740 1744
s 1
f 1737 1741 1744
s 1
f 1742 1746 1745
s 1
f 1742 1743 1747
s 1
f 1743 1744 1748
s 1
f 1741 1745 1748
s 1
f 1746 1750 1749
s 1
f 1747 1751 1750
s 1
f 1748 1752 1751
s 1
f 1748 1745 1749
s 1
f 1750 1754 1753
s 1
f 1750 1751 1755
s 1
f 1751 1752 1756
s 1
f 1749 1753 1756
s 1
f 1754 1758 1757
s 1
f 1754 1755 1759
s 1
f 1755 1756 1760
s 1
f 1756 1753 1757
s 1
f 1757 1758 1762
s 1
f 1759 1763 1762
s 1
f 1760 1764 1763
s 1
f 1757 1761 1764
s 1
f 1762 1766 1765
s 1
f 1762 1763 1767
s 1
f 1764 1768 1767
s 1
f 1761 1765 1768
s 1
f 1766 1770 1769
s 1
f 1767 1771 1770
s 1
f 1767 1768 1772
s 1
f 1765 1769 1772
s 1
f 1770 1774 1773
s 1
f 1770 1771 1775
s 1
f 1772 1776 1775
s 1
f 1769 1773 1776
s 1
f 1774 1778 1777
s 1
f 1775 1779 1778
s 1
f 1776 1780 1779
s 1
f 1773 1777 1780
s 1
f 1777 1778 1782
s 1
f 1779 1783 1782
s 1
f 1780 1784 1783
s 1
f 1780 1777 1781
s 1
f 1782 1786 1785
s 1
f 1783 1787 1786
s 1
f 1783 1784 1788
s 1
f 1781 1785 1788
s 1
f 1785 1786 1790
s 1
f 1787 1791 1790
s 1
f 1788 1792 1791
s 1
f 1785 1789 1792
s 1
f 1790 1794 1793
s 1
f 1790 1791 1795
s 1
f 1791 1792 1796
s 1
f 1792 1789 1793
s 1
f 1794 1798 1797
s 1
f 1795 1799 1798
s 1
f 1795 1796 1800
s 1
f 1793 1797 1800
s 1
f 1798 1802 1801
s 1
f 1798 1799 1803
s 1
f 1799 1800 1804
s 1
f 1797 1801 1804
s 1
f 1802 1806 1805
s 1
f 1803 1807 1806
s 1
f 1804 1808 1807
s 1
f 1804 1801 1805
s 1
f 1806 1810 1809
s 1
f 1806 1807 1811
s 1
f 1807 1808 1812
s 1
f 1805 1809 1812
s 1
f 1810 1814 1813
s 1
f 1810 1811 1815
s 1
f 1811 1812 1816
s 1
f 1812 1809 1813
s 1
f 1813 1814 1818
s 1
f 1815 1819 1818
s 1
f 1816 1820 1819
s 1
f 1813 1817 1820
s 1
f 1818 1822 1821
s 1
f 1818 1819 1823
s 1
f 1820 1824 1823
s 1
f 1817 1821 1824
s 1
f 1822 1826 1825
s 1
f 1823 1827 1826
s 1
f 1823 1824 1828
s 1
f 1821 1825 1828
s 1
f 1826 1830 1829
s 1
f 1826 1827 1831
s 1
f 1828 1832 1831
s 1
f 1825 1829 1832
s 1
f 1830 1834 1833
s 1
f 1831 1835 1834
s 1
f 1832 1836 1835
s 1
f 1829 1833 1836
s 1
f 1833 1834 1838
s 1
f 1835 1839 1838
s 1
f 1836 1840 1839
s 1
f 1836 1833 1837
s 1
f 1838 1842 1841
s 1
f 1839 1843 1842
s 1
f 1839 1840 1844
s 1
f 1837 1841 1844
s 1
f 1841 1842 1846
s 1
f 1843 1847 1846
s 1
f 1844 1848 1847
s 1
f 1841 1845 1848
s 1
f 1846 1850 1849
s 1
f 1846 1847 1851
s 1
f 1847 1848 1852
s 1
f 1848 1845 1849
s 1
f 1850 1854 1853
s 1
f 1851 1855 1854
s 1
f 1851 1852 1856
s 1
f 1849 1853 1856
s 1
f 1854 1858 1857
s 1
f 1854 1855 1859
s 1
f 1855 1856 1860
s 1
f 1853 1857 1860
s 1
f 1858 1862 1861
s 1
f 1859 1863 1862
s 1
f 1860 1864 1863
s 1
f 1860 1857 1861
s 1
f 1862 1866 1865
s 1
f 1862 1863 1867
s 1
f 1863 1864 1868
s 1
f 1861 1865 1868
s 1
f 1866 1870 1869
s 1
f 1866 1867 1871
s 1
f 1867 1868 1872
s 1
f 1868 1865 1869
s 1
f 1869 1870 1874
s 1
f 1871 1875 1874
s 1
f 1872 1876 1875
s 1
f 1869 1873 1876
s 1
f 1873 1874 1878
s 1
f 1875 1879 1878
s 1
f 1876 1880 1879
s 1
f 1876 1873 1877
s 1
f 1884 1888 1887
s 1
f 1884 1885 1889
s 1
f 1885 1886 1890
s 1
f 1883 1887 1890
s 1
f 1887 1888 1892
s 1
f 1889 1893 1892
s 1
f 1890 1894 1893
s 1
f 1890 1887 1891
s 1
f 1892 1896 1895
s 1
f 1893 1897 1896
s 1
f 1893 1894 1898
s 1
f 1891 1895 1898
s 1
f 1895 1896 1900
s 1
f 1897 1901 1900
s 1
f 1898 1902 1901
s 1
f 1898 1895 1899
s 1
f 1900 1904 1903
s 1
f 1901 1905 1904
s 1
f 1901 1902 1906
s 1
f 1899 1903 1906
s 1
f 1904 1908 1907
s 1
f 1904 1905 1909
s 1
f 1906 1910 1909
s 1
f 1903 1907 1910
s 1
f 1907 1908 1912
s 1
f 1909 1913 1912
s 1
f 1910 1914 1913
s 1
f 1910 1907 1911
s 1
f 1912 1916 1915
s 1
f 1912 1913 1917
s 1
f 1913 1914 1918
s 1
f 1911 1915 1918
s 1
f 1915 1916 1920
s 1
f 1917 1921 1920
s 1
f 1918 1922 1921
s 1
f 1918 1915 1919
s 1
f 1920 1924 1923
s 1
f 1921 1925 1924
s 1
f 1922 1926 1925
s 1
f 1922 1919 1923
s 1
f 1924 1928 1927
s 1
f 1925 1929 1928
s 1
f 1925 1926 1930
s 1
f 1923 1927 1930
s 1
f 1928 1932 1931
s 1
f 1929 1933 1932
s 1
f 1930 1934 1933
s 1
f 1930 1927 1931
s 1
f 1932 1936 1935
s 1
f 1933 1937 1936
s 1
f 1933 1934 1938
s 1
f 1931 1935 1938
s 1
f 1936 1940 1939
s 1
f 1937 1941 1940
s 1
f 1938 1942 1941
s 1
f 1938 1935 1939
s 1
f 1939 1940 1944
s 1
f 1941 1945 1944
s 1
f 1941 1942 1946
s 1
f 1939 1943 1946
s 1
f 1943 1944 1948
s 1
f 1945 1949 1948
s 1
f 1946 1950 1949
s 1
f 1946 1943 1947
s 1
f 1948 1952 1951
s 1
f 1949 1953 1952
s 1
f 1949 1950 1954
s 1
f 1947 1951 1954
s 1
f 1951 1952 1956
s 1
f 1953 1957 1956
s 1
f 1954 1958 1957
s 1
f 1954 1951 1955
s 1
f 1956 1960 1959
s 1
f 1957 1961 1960
s 1
f 1957 1958 1962
s 1
f 1955 1959 1962
s 1
f 1960 1964 1963
s 1
f 1960 1961 1965
s 1
f 1962 1966 1965
s 1
f 1959 1963 1966
s 1
f 1963 1964 1968
s 1
f 1965 1969 1968
s 1
f 1966 1970 1969
s 1
f 1966 1963 1967
s 1
f 1968 1972 1971
s 1
f 1968 1969 1973
s 1
f 1969 1970 1974
s 1
f 1967 1971 1974
s 1
f 1971 1972 1976
s 1
f 1973 1977 1976
s 1
f 1974 1978 1977
s 1
f 1974 1971 1975
s 1
f 1976 1980 1979
s 1
f 1977 1981 1980
s 1
f 1978 1982 1981
s 1
f 1978 1975 1979
s 1
f 1980 1984 1983
s 1
f 1981 1985 1984
s 1
f 1981 1982 1986
s 1
f 1979 1983 1986
s 1
f 1984 1988 1987
s 1
f 1985 1989 1988
s 1
f 1986 1990 1989
s 1
f 1986 1983 1987
s 1
f 1988 1992 1991
s 1
f 1989 1993 1992
s 1
f 1989 1990 1994
s 1
f 1987 1991 1994
s 1
f 1992 1996 1995
s 1
f 1993 1997 1996
s 1
f 1994 1998 1997
s 1
f 1994 1991 1995
s 1
f 1995 1996 2000
s 1
f 1997 2001 2000
s 1
f 1997 1998 2002
s 1
f 1995 1999 2002
s 1
f 1999 2000 2004
s 1
f 2001 2005 2004
s 1
f 2002 2006 2005
s 1
f 2002 1999 2003
s 1
f 2004 2008 2007
s 1
f 2005 2009 2008
s 1
f 2005 2006 2010
s 1
f 2003 2007 2010
s 1
f 2007 2008 2012
s 1
f 2009 2013 2012
s 1
f 2010 2014 2013
s 1
f 2010 2007 2011
s 1
f 2012 2016 2015
s 1
f 2013 2017 2016
s 1
f 2013 2014 2018
s 1
f 2011 2015 2018
s 1
f 2016 2020 2019
s 1
f 2016 2017 2021
s 1
f 2018 2022 2021
s 1
f 2015 2019 2022
s 1
f 2019 2020 2024
s 1
f 2021 2025 2024
s 1
f 2022 2026 2025
s 1
f 2022 2019 2023
s 1
f 2024 2028 2027
s 1
f 2024 2025 2029
s 1
f 2025 2026 2030
s 1
f 2023 2027 2030
s 1
f 2027 2028 2032
s 1
f 2029 2033 2032
s 1
f 2030 2034 2033
s 1
f 2030 2027 2031
s 1
f 2032 2036 2035
s 1
f 2033 2037 2036
s 1
f 2034 2038 2037
s 1
f 2034 2031 2035
s 1
f 2036 2040 2039
s 1
f 2037 2041 2040
s 1
f 2037 2038 2042
s 1
f 2035 2039 2042
s 1
f 2040 2044 2043
s 1
f 2041 2045 2044
s 1
f 2042 2046 2045
s 1
f 2042 2039 2043
s 1
f 2044 2048 2047
s 1
f 2045 2049 2048
s 1
f 2045 2046 2050
s 1
f 2043 2047 2050
s 1
f 2048 2052 2051
s 1
f 2049 2053 2052
s 1
f 2050 2054 2053
s 1
f 2050 2047 2051
s 1
f 2051 2052 2056
s 1
f 2053 2057 2056
s 1
f 2053 2054 2058
s 1
f 2051 2055 2058
s 1
f 2055 2056 2060
s 1
f 2057 2061 2060
s 1
f 2058 2062 2061
s 1
f 2058 2055 2059
s 1
f 2060 2064 2063
s 1
f 2061 2065 2064
s 1
f 2061 2062 2066
s 1
f 2059 2063 2066
s 1
f 2063 2064 2068
s 1
f 2065 2069 2068
s 1
f 2066 2070 2069
s 1
f 2066 2063 2067
s 1
f 2068 2072 2071
s 1
f 2069 2073 2072
s 1
f 2069 2070 2074
s 1
f 2067 2071 2074
s 1
f 2072 2076 2075
s 1
f 2072 2073 2077
s 1
f 2074 2078 2077
s 1
f 2071 2075 2078
s 1
f 2075 2076 2080
s 1
f 2077 2081 2080
s 1
f 2078 2082 2081
s 1
f 2078 2075 2079
s 1
f 2080 2084 2083
s 1
f 2080 2081 2085
s 1
f 2081 2082 2086
s 1
f 2079 2083 2086
s 1
f 2083 2084 2088
s 1
f 2085 2089 2088
s 1
f 2086 2090 2089
s 1
f 2086 2083 2087
s 1
f 2088 2092 2091
s 1
f 2089 2093 2092
s 1
f 2090 2094 2093
s 1
f 2090 2087 2091
s 1
f 2092 2096 2095
s 1
f 2093 2097 2096
s 1
f 2093 2094 2098
s 1
f 2091 2095 2098
s 1
f 2096 2100 2099
s 1
f 2097 2101 2100
s 1
f 2098 2102 2101
s 1
f 2098 2095 2099
s 1
f 2100 2104 2103
s 1
f 2101 2105 2104
s 1
f 2101 2102 2106
s 1
f 2099 2103 2106
s 1
f 2103 2104 2108
s 1
f 2105 2109 2108
s 1
f 2106 2110 2109
s 1
f 2106 2103 2107
s 1
f 2114 2118 2117
s 1
f 2114 2115 2119
s 1
f 2115 2116 2120
s 1
f 2113 2117 2120
s 1
f 2117 2118 2122
s 1
f 2118 2119 2123
s 1
f 2120 2124 2123
s 1
f 2117 2121 2124
s 1
f 2121 2122 2126
s 1
f 2122 2123 2127
s 1
f 2124 2128 2127
s 1
f 2121 2125 2128
s 1
f 2125 2126 2130
s 1
f 2127 2131 2130
s 1
f 2128 2132 2131
s 1
f 2125 2129 2132
s 1
f 2129 2130 2134
s 1
f 2130 2131 2135
s 1
f 2131 2132 2136
s 1
f 2132 2129 2133
s 1
f 2134 2138 2137
s 1
f 2135 2139 2138
s 1
f 2136 2140 2139
s 1
f 2136 2133 2137
s 1
f 2138 2142 2141
s 1
f 2139 2143 2142
s 1
f 2139 2140 2144
s 1
f 2137 2141 2144
s 1
f 2142 2146 2145
s 1
f 2143 2147 2146
s 1
f 2144 2148 2147
s 1
f 2144 2141 2145
s 1
f 2146 2150 2149
s 1
f 2147 2151 2150
s 1
f 2148 2152 2151
s 1
f 2145 2149 2152
s 1
f 2150 2154 2153
s 1
f 2151 2155 2154
s 1
f 2152 2156 2155
s 1
f 2149 2153 2156
s 1
f 2154 2158 2157
s 1
f 2154 2155 2159
s 1
f 2155 2156 2160
s 1
f 2153 2157 2160
s 1
f 2157 2158 2162
s 1
f 2159 2163 2162
s 1
f 2160 2164 2163
s 1
f 2157 2161 2164
s 1
f 2162 2166 2165
s 1
f 2163 2167 2166
s 1
f 2163 2164 2168
s 1
f 2164 2161 2165
s 1
f 2166 2170 2169
s 1
f 2166 2167 2171
s 1
f 2167 2168 2172
s 1
f 2165 2169 2172
s 1
f 2169 2170 2174
s 1
f 2171 2175 2174
s 1
f 2172 2176 2175
s 1
f 2172 2169 2173
s 1
f 2173 2174 2178
s 1
f 2174 2175 2179
s 1
f 2176 2180 2179
s 1
f 2173 2177 2180
s 1
f 2177 2178 2182
s 1
f 2178 2179 2183
s 1
f 2180 2184 2183
s 1
f 2177 2181 2184
s 1
f 2181 2182 2186
s 1
f 2183 2187 2186
s 1
f 2184 2188 2187
s 1
f 2181 2185 2188
s 1
f 2185 2186 2190
s 1
f 2186 2187 2191
s 1
f 2187 2188 2192
s 1
f 2188 2185 2189
s 1
f 2190 2194 2193
s 1
f 2191 2195 2194
s 1
f 2192 2196 2195
s 1
f 2192 2189 2193
s 1
f 2194 2198 2197
s 1
f 2195 2199 2198
s 1
f 2195 2196 2200
s 1
f 2193 2197 2200
s 1
f 2198 2202 2201
s 1
f 2199 2203 2202
s 1
f 2200 2204 2203
s 1
f 2200 2197 2201
s 1
f 2202 2206 2205
s 1
f 2203 2207 2206
s 1
f 2204 2208 2207
s 1
f 2201 2205 2208
s 1
f 2206 2210 2209
s 1
f 2207 2211 2210
s 1
f 2208 2212 2211
s 1
f 2205 2209 2212
s 1
f 2210 2214 2213
s 1
f 2210 2211 2215
s 1
f 2211 2212 2216
s 1
f 2209 2213 2216
s 1
f 2213 2214 2218
s 1
f 2215 2219 2218
s 1
f 2216 2220 2219
s 1
f 2213 2217 2220
s 1
f 2218 2222 2221
s 1
f 2219 2223 2222
s 1
f 2219 2220 2224
s 1
f 2220 2217 2221
s 1
f 2222 2226 2225
s 1
f 2222 2223 2227
s 1
f 2223 2224 2228
s 1
f 2221 2225 2228
s 1
f 2225 2226 2230
s 1
f 2227 2231 2230
s 1
f 2228 2232 2231
s 1
f 2228 2225 2229
s 1
f 2229 2230 2234
s 1
f 2230 2231 2235
s 1
f 2232 2236 2235
s 1
f 2229 2233 2236
s 1
f 2233 2234 2238
s 1
f 2234 2235 2239
s 1
f 2236 2240 2239
s 1
f 2233 2237 2240
s 1
f 2237 2238 2242
s 1
f 2239 2243 2242
s 1
f 2240 2244 2243
s 1
f 2237 2241 2244
s 1
f 2241 2242 2246
s 1
f 2242 2243 2247
s 1
f 2243 2244 2248
s 1
f 2244 2241 2245
s 1
f 2246 2250 2249
s 1
f 2247 2251 2250
s 1
f 2248 2252 2251
s 1
f 2248 2245 2249
s 1
f 2250 2254 2253
s 1
f 2251 2255 2254
s 1
f 2251 2252 2256
s 1
f 2249 2253 2256
s 1
f 2254 2258 2257
s 1
f 2255 2259 2258
s 1
f 2256 2260 2259
s 1
f 2256 2253 2257
s 1
f 2258 2262 2261
s 1
f 2259 2263 2262
s 1
f 2260 2264 2263
s 1
f 2257 2261 2264
s 1
f 2262 2266 2265
s 1
f 2263 2267 2266
s 1
f 2264 2268 2267
s 1
f 2261 2265 2268
s 1
f 2266 2270 2269
s 1
f 2266 2267 2271
s 1
f 2267 2268 2272
s 1
f 2265 2269 2272
s 1
f 2269 2270 2274
s 1
f 2271 2275 2274
s 1
f 2272 2276 2275
s 1
f 2269 2273 2276
s 1
f 2274 2278 2277
s 1
f 2275 2279 2278
s 1
f 2275 2276 2280
s 1
f 2276 2273 2277
s 1
f 2278 2282 2281
s 1
f 2278 2279 2283
s 1
f 2279 2280 2284
s 1
f 2277 2281 2284
s 1
f 2281 2282 2286
s 1
f 2283 2287 2286
s 1
f 2284 2288 2287
s 1
f 2284 2281 2285
s 1
f 2285 2286 2290
s 1
f 2286 2287 2291
s 1
f 2288 2292 2291
s 1
f 2285 2289 2292
s 1
f 2289 2290 2294
s 1
f 2290 2291 2295
s 1
f 2292 2296 2295
s 1
f 2289 2293 2296
s 1
f 2293 2294 2298
s 1
f 2295 2299 2298
s 1
f 2296 2300 2299
s 1
f 2293 2297 2300
s 1
f 2297 2298 2302
s 1
f 2298 2299 2303
s 1
f 2299 2300 2304
s 1
f 2300 2297 2301
s 1
f 2302 2306 2305
s 1
f 2303 2307 2306
s 1
f 2304 2308 2307
s 1
f 2304 2301 2305
s 1
f 2306 2310 2309
s 1
f 2307 2311 2310
s 1
f 2307 2308 2312
s 1
f 2305 2309 2312
s 1
f 2310 2314 2313
s 1
f 2311 2315 2314
s 1
f 2312 2316 2315
s 1
f 2312 2309 2313
s 1
f 2314 2318 2317
s 1
f 2315 2319 2318
s 1
f 2316 2320 2319
s 1
f 2313 2317 2320
s 1
f 2318 2322 2321
s 1
f 2319 2323 2322
s 1
f 2320 2324 2323
s 1
f 2317 2321 2324
s 1
f 2322 2326 2325
s 1
f 2322 2323 2327
s 1
f 2323 2324 2328
s 1
f 2321 2325 2328
s 1
f 2325 2326 2330
s 1
f 2327 2331 2330
s 1
f 2328 2332 2331
s 1
f 2325 2329 2332
s 1
f 2330 2334 2333
s 1
f 2331 2335 2334
s 1
f 2331 2332 2336
s 1
f 2332 2329 2333
s 1
f 2333 2334 2338
s 1
f 2335 2339 2338
s 1
f 2336 2340 2339
s 1
f 2336 2333 2337
s 1
f 2344 2348 2347
s 1
f 2344 2345 2349
s 1
f 2345 2346 2350
s 1
f 2343 2347 2350
s 1
f 2347 2348 2352
s 1
f 2349 2353 2352
s 1
f 2350 2354 2353
s 1
f 2350 2347 2351
s 1
f 2352 2356 2355
s 1
f 2352 2353 2357
s 1
f 2354 2358 2357
s 1
f 2351 2355 2358
s 1
f 2355 2356 2360
s 1
f 2357 2361 2360
s 1
f 2358 2362 2361
s 1
f 2355 2359 2362
s 1
f 2360 2364 2363
s 1
f 2361 2365 2364
s 1
f 2362 2366 2365
s 1
f 2359 2363 2366
s 1
f 2364 2368 2367
s 1
f 2364 2365 2369
s 1
f 2366 2370 2369
s 1
f 2363 2367 2370
s 1
f 2367 2368 2372
s 1
f 2369 2373 2372
s 1
f 2370 2374 2373
s 1
f 2367 2371 2374
s 1
f 2371 2372 2376
s 1
f 2372 2373 2377
s 1
f 2374 2378 2377
s 1
f 2371 2375 2378
s 1
f 2375 2376 2380
s 1
f 2377 2381 2380
s 1
f 2378 2382 2381
s 1
f 2378 2375 2379
s 1
f 2379 2380 2384
s 1
f 2381 2385 2384
s 1
f 2381 2382 2386
s 1
f 2382 2379 2383
s 1
f 2384 2388 2387
s 1
f 2384 2385 2389
s 1
f 2386 2390 2389
s 1
f 2386 2383 2387
s 1
f 2387 2388 2392
s 1
f 2389 2393 2392
s 1
f 2389 2390 2394
s 1
f 2390 2387 2391
s 1
f 2392 2396 2395
s 1
f 2392 2393 2397
s 1
f 2393 2394 2398
s 1
f 2391 2395 2398
s 1
f 2395 2396 2400
s 1
f 2397 2401 2400
s 1
f 2397 2398 2402
s 1
f 2395 2399 2402
s 1
f 2400 2404 2403
s 1
f 2400 2401 2405
s 1
f 2402 2406 2405
s 1
f 2399 2403 2406
s 1
f 2403 2404 2408
s 1
f 2405 2409 2408
s 1
f 2406 2410 2409
s 1
f 2406 2403 2407
s 1
f 2408 2412 2411
s 1
f 2408 2409 2413
s 1
f 2410 2414 2413
s 1
f 2407 2411 2414
s 1
f 2411 2412 2416
s 1
f 2413 2417 2416
s 1
f 2414 2418 2417
s 1
f 2411 2415 2418
s 1
f 2416 2420 2419
s 1
f 2417 2421 2420
s 1
f 2418 2422 2421
s 1
f 2415 2419 2422
s 1
f 2420 2424 2423
s 1
f 2420 2421 2425
s 1
f 2422 2426 2425
s 1
f 2419 2423 2426
s 1
f 2423 2424 2428
s 1
f 2425 2429 2428
s 1
f 2426 2430 2429
s 1
f 2423 2427 2430
s 1
f 2427 2428 2432
s 1
f 2428 2429 2433
s 1
f 2430 2434 2433
s 1
f 2427 2431 2434
s 1
f 2431 2432 2436
s 1
f 2433 2437 2436
s 1
f 2434 2438 2437
s 1
f 2434 2431 2435
s 1
f 2435 2436 2440
s 1
f 2437 2441 2440
s 1
f 2437 2438 2442
s 1
f 2438 2435 2439
s 1
f 2440 2444 2443
s 1
f 2440 2441 2445
s 1
f 2442 2446 2445
s 1
f 2442 2439 2443
s 1
f 2443 2444 2448
s 1
f 2445 2449 2448
s 1
f 2445 2446 2450
s 1
f 2446 2443 2447
s 1
f 2448 2452 2451
s 1
f 2448 2449 2453
s 1
f 2449 2450 2454
s 1
f 2447 2451 2454
s 1
f 2451 2452 2456
s 1
f 2453 2457 2456
s 1
f 2453 2454 2458
s 1
f 2451 2455 2458
s 1
f 2456 2460 2459
s 1
f 2456 2457 2461
s 1
f 2458 2462 2461
s 1
f 2455 2459 2462
s 1
f 2459 2460 2464
s 1
f 2461 2465 2464
s 1
f 2462 2466 2465
s 1
f 2462 2459 2463
s 1
f 2464 2468 2467
s 1
f 2464 2465 2469
s 1
f 2466 2470 2469
s 1
f 2463 2467 2470
s 1
f 2467 2468 2472
s 1
f 2469 2473 2472
s 1
f 2470 2474 2473
s 1
f 2467 2471 2474
s 1
f 2472 2476 2475
s 1
f 2473 2477 2476
s 1
f 2474 2478 2477
s 1
f 2471 2475 2478
s 1
f 2476 2480 2479
s 1
f 2476 2477 2481
s 1
f 2478 2482 2481
s 1
f 2475 2479 2482
s 1
f 2479 2480 2484
s 1
f 2481 2485 2484
s 1
f 2482 2486 2485
s 1
f 2479 2483 2486
s 1
f 2483 2484 2488
s 1
f 2484 2485 2489
s 1
f 2486 2490 2489
s 1
f 2483 2487 2490
s 1
f 2487 2488 2492
s 1
f 2489 2493 2492
s 1
f 2490 2494 2493
s 1
f 2490 2487 2491
s 1
f 2491 2492 2496
s 1
f 2493 2497 2496
s 1
f 2493 2494 2498
s 1
f 2494 2491 2495
s 1
f 2496 2500 2499
s 1
f 2496 2497 2501
s 1
f 2498 2502 2501
s 1
f 2498 2495 2499
s 1
f 2499 2500 2504
s 1
f 2501 2505 2504
s 1
f 2501 2502 2506
s 1
f 2502 2499 2503
s 1
f 2504 2508 2507
s 1
f 2504 2505 2509
s 1
f 2505 2506 2510
s 1
f 2503 2507 2510
s 1
f 2507 2508 2512
s 1
f 2509 2513 2512
s 1
f 2509 2510 2514
s 1
f 2507 2511 2514
s 1
f 2512 2516 2515
s 1
f 2512 2513 2517
s 1
f 2514 2518 2517
s 1
f 2511 2515 2518
s 1
f 2515 2516 2520
s 1
f 2517 2521 2520
s 1
f 2518 2522 2521
s 1
f 2518 2515 2519
s 1
f 2520 2524 2523
s 1
f 2520 2521 2525
s 1
f 2522 2526 2525
s 1
f 2519 2523 2526
s 1
f 2523 2524 2528
s 1
f 2525 2529 2528
s 1
f 2526 2530 2529
s 1
f 2523 2527 2530
s 1
f 2528 2532 2531
s 1
f 2529 2533 2532
s 1
f 2530 2534 2533
s 1
f 2527 2531 2534
s 1
f 2532 2536 2535
s 1
f 2532 2533 2537
s 1
f 2534 2538 2537
s 1
f 2531 2535 2538
s 1
f 2535 2536 2540
s 1
f 2537 2541 2540
s 1
f 2538 2542 2541
s 1
f 2535 2539 2542
s 1
f 2539 2540 2544
s 1
f 2540 2541 2545
s 1
f 2542 2546 2545
s 1
f 2539 2543 2546
s 1
f 2543 2544 2548
s 1
f 2545 2549 2548
s 1
f 2546 2550 2549
s 1
f 2546 2543 2547
s 1
f 2547 2548 2552
s 1
f 2549 2553 2552
s 1
f 2549 2550 2554
s 1
f 2550 2547 2551
s 1
f 2552 2556 2555
s 1
f 2552 2553 2557
s 1
f 2554 2558 2557
s 1
f 2554 2551 2555
s 1
f 2555 2556 2560
s 1
f 2557 2561 2560
s 1
f 2557 2558 2562
s 1
f 2558 2555 2559
s 1
f 2560 2564 2563
s 1
f 2560 2561 2565
s 1
f 2561 2562 2566
s 1
f 2559 2563 2566
s 1
f 2563 2564 2568
s 1
f 2565 2569 2568
s 1
f 2566 2570 2569
s 1
f 2566 2563 2567
s 1
f 2574 2578 2577
s 1
f 2574 2575 2579
s 1
f 2575 2576 2580
s 1
f 2573 2577 2580
s 1
f 2578 2582 2581
s 1
f 2579 2583 2582
s 1
f 2580 2584 2583
s 1
f 2577 2581 2584
s 1
f 2582 2586 2585
s 1
f 2583 2587 2586
s 1
f 2583 2584 2588
s 1
f 2581 2585 2588
s 1
f 2585 2586 2590
s 1
f 2587 2591 2590
s 1
f 2588 2592 2591
s 1
f 2585 2589 2592
s 1
f 2590 2594 2593
s 1
f 2591 2595 2594
s 1
f 2591 2592 2596
s 1
f 2589 2593 2596
s 1
f 2594 2598 2597
s 1
f 2595 2599 2598
s 1
f 2596 2600 2599
s 1
f 2593 2597 2600
s 1
f 2597 2598 2602
s 1
f 2599 2603 2602
s 1
f 2600 2604 2603
s 1
f 2600 2597 2601
s 1
f 2602 2606 2605
s 1
f 2602 2603 2607
s 1
f 2604 2608 2607
s 1
f 2601 2605 2608
s 1
f 2606 2610 2609
s 1
f 2607 2611 2610
s 1
f 2608 2612 2611
s 1
f 2608 2605 2609
s 1
f 2610 2614 2613
s 1
f 2611 2615 2614
s 1
f 2612 2616 2615
s 1
f 2609 2613 2616
s 1
f 2614 2618 2617
s 1
f 2615 2619 2618
s 1
f 2615 2616 2620
s 1
f 2616 2613 2617
s 1
f 2617 2618 2622
s 1
f 2619 2623 2622
s 1
f 2620 2624 2623
s 1
f 2620 2617 2621
s 1
f 2622 2626 2625
s 1
f 2623 2627 2626
s 1
f 2624 2628 2627
s 1
f 2621 2625 2628
s 1
f 2626 2630 2629
s 1
f 2627 2631 2630
s 1
f 2628 2632 2631
s 1
f 2628 2625 2629
s 1
f 2630 2634 2633
s 1
f 2631 2635 2634
s 1
f 2632 2636 2635
s 1
f 2629 2633 2636
s 1
f 2634 2638 2637
s 1
f 2635 2639 2638
s 1
f 2636 2640 2639
s 1
f 2633 2637 2640
s 1
f 2638 2642 2641
s 1
f 2639 2643 2642
s 1
f 2639 2640 2644
s 1
f 2637 2641 2644
s 1
f 2641 2642 2646
s 1
f 2643 2647 2646
s 1
f 2644 2648 2647
s 1
f 2641 2645 2648
s 1
f 2646 2650 2649
s 1
f 2647 2651 2650
s 1
f 2647 2648 2652
s 1
f 2645 2649 2652
s 1
f 2650 2654 2653
s 1
f 2651 2655 2654
s 1
f 2652 2656 2655
s 1
f 2649 2653 2656
s 1
f 2653 2654 2658
s 1
f 2655 2659 2658
s 1
f 2656 2660 2659
s 1
f 2656 2653 2657
s 1
f 2658 2662 2661
s 1
f 2658 2659 2663
s 1
f 2660 2664 2663
s 1
f 2657 2661 2664
s 1
f 2662 2666 2665
s 1
f 2663 2667 2666
s 1
f 2664 2668 2667
s 1
f 2664 2661 2665
s 1
f 2666 2670 2669
s 1
f 2667 2671 2670
s 1
f 2668 2672 2671
s 1
f 2665 2669 2672
s 1
f 2670 2674 2673
s 1
f 2671 2675 2674
s 1
f 2671 2672 2676
s 1
f 2672 2669 2673
s 1
f 2673 2674 2678
s 1
f 2675 2679 2678
s 1
f 2676 2680 2679
s 1
f 2676 2673 2677
s 1
f 2678 2682 2681
s 1
f 2679 2683 2682
s 1
f 2680 2684 2683
s 1
f 2677 2681 2684
s 1
f 2682 2686 2685
s 1
f 2683 2687 2686
s 1
f 2684 2688 2687
s 1
f 2684 2681 2685
s 1
f 2686 2690 2689
s 1
f 2687 2691 2690
s 1
f 2688 2692 2691
s 1
f 2685 2689 2692
s 1
f 2690 2694 2693
s 1
f 2691 2695 2694
s 1
f 2692 2696 2695
s 1
f 2689 2693 2696
s 1
f 2694 2698 2697
s 1
f 2695 2699 2698
s 1
f 2695 2696 2700
s 1
f 2693 2697 2700
s 1
f 2697 2698 2702
s 1
f 2699 2703 2702
s 1
f 2700 2704 2703
s 1
f 2697 2701 2704
s 1
f 2702 2706 2705
s 1
f 2703 2707 2706
s 1
f 2703 2704 2708
s 1
f 2701 2705 2708
s 1
f 2706 2710 2709
s 1
f 2707 2711 2710
s 1
f 2708 2712 2711
s 1
f 2705 2709 2712
s 1
f 2709 2710 2714
s 1
f 2711 2715 2714
s 1
f 2712 2716 2715
s 1
f 2712 2709 2713
s 1
f 2714 2718 2717
s 1
f 2714 2715 2719
s 1
f 2716 2720 2719
s 1
f 2713 2717 2720
s 1
f 2718 2722 2721
s 1
f 2719 2723 2722
s 1
f 2720 2724 2723
s 1
f 2720 2717 2721
s 1
f 2722 2726 2725
s 1
f 2723 2727 2726
s 1
f 2724 2728 2727
s 1
f 2721 2725 2728
s 1
f 2726 2730 2729
s 1
f 2727 2731 2730
s 1
f 2727 2728 2732
s 1
f 2728 2725 2729
s 1
f 2729 2730 2734
s 1
f 2731 2735 2734
s 1
f 2732 2736 2735
s 1
f 2732 2729 2733
s 1
f 2734 2738 2737
s 1
f 2735 2739 2738
s 1
f 2736 2740 2739
s 1
f 2733 2737 2740
s 1
f 2738 2742 2741
s 1
f 2739 2743 2742
s 1
f 2740 2744 2743
s 1
f 2740 2737 2741
s 1
f 2742 2746 2745
s 1
f 2743 2747 2746
s 1
f 2744 2748 2747
s 1
f 2741 2745 2748
s 1
f 2746 2750 2749
s 1
f 2747 2751 2750
s 1
f 2748 2752 2751
s 1
f 2745 2749 2752
s 1
f 2750 2754 2753
s 1
f 2751 2755 2754
s 1
f 2751 2752 2756
s 1
f 2749 2753 2756
s 1
f 2753 2754 2758
s 1
f 2755 2759 2758
s 1
f 2756 2760 2759
s 1
f 2753 2757 2760
s 1
f 2758 2762 2761
s 1
f 2759 2763 2762
s 1
f 2759 2760 2764
s 1
f 2757 2761 2764
s 1
f 2762 2766 2765
s 1
f 2763 2767 2766
s 1
f 2764 2768 2767
s 1
f 2761 2765 2768
s 1
f 2765 2766 2770
s 1
f 2767 2771 2770
s 1
f 2768 2772 2771
s 1
f 2768 2765 2769
s 1
f 2770 2774 2773
s 1
f 2770 2771 2775
s 1
f 2772 2776 2775
s 1
f 2769 2773 2776
s 1
f 2774 2778 2777
s 1
f 2775 2779 2778
s 1
f 2776 2780 2779
s 1
f 2776 2773 2777
s 1
f 2778 2782 2781
s 1
f 2779 2783 2782
s 1
f 2780 2784 2783
s 1
f 2777 2781 2784
s 1
f 2782 2786 2785
s 1
f 2783 2787 2786
s 1
f 2783 2784 2788
s 1
f 2784 2781 2785
s 1
f 2785 2786 2790
s 1
f 2787 2791 2790
s 1
f 2788 2792 2791
s 1
f 2788 2785 2789
s 1
f 2790 2794 2793
s 1
f 2791 2795 2794
s 1
f 2792 2796 2795
s 1
f 2789 2793 2796
s 1
f 2793 2794 2798
s 1
f 2795 2799 2798
s 1
f 2796 2800 2799
s 1
f 2796 2793 2797
s 1
f 2804 2808 2807
s 1
f 2804 2805 2809
s 1
f 2805 2806 2810
s 1
f 2803 2807 2810
s 1
f 2807 2808 2812
s 1
f 2808 2809 2813
s 1
f 2810 2814 2813
s 1
f 2810 2807 2811
s 1
f 2811 2812 2816
s 1
f 2813 2817 2816
s 1
f 2814 2818 2817
s 1
f 2811 2815 2818
s 1
f 2816 2820 2819
s 1
f 2817 2821 2820
s 1
f 2818 2822 2821
s 1
f 2815 2819 2822
s 1
f 2820 2824 2823
s 1
f 2821 2825 2824
s 1
f 2822 2826 2825
s 1
f 2822 2819 2823
s 1
f 2823 2824 2828
s 1
f 2825 2829 2828
s 1
f 2826 2830 2829
s 1
f 2826 2823 2827
s 1
f 2827 2828 2832
s 1
f 2829 2833 2832
s 1
f 2829 2830 2834
s 1
f 2827 2831 2834
s 1
f 2832 2836 2835
s 1
f 2832 2833 2837
s 1
f 2834 2838 2837
s 1
f 2834 2831 2835
s 1
f 2836 2840 2839
s 1
f 2836 2837 2841
s 1
f 2837 2838 2842
s 1
f 2835 2839 2842
s 1
f 2839 2840 2844
s 1
f 2840 2841 2845
s 1
f 2841 2842 2846
s 1
f 2839 2843 2846
s 1
f 2844 2848 2847
s 1
f 2845 2849 2848
s 1
f 2846 2850 2849
s 1
f 2843 2847 2850
s 1
f 2848 2852 2851
s 1
f 2848 2849 2853
s 1
f 2850 2854 2853
s 1
f 2847 2851 2854
s 1
f 2852 2856 2855
s 1
f 2853 2857 2856
s 1
f 2854 2858 2857
s 1
f 2851 2855 2858
s 1
f 2856 2860 2859
s 1
f 2857 2861 2860
s 1
f 2858 2862 2861
s 1
f 2855 2859 2862
s 1
f 2859 2860 2864
s 1
f 2861 2865 2864
s 1
f 2862 2866 2865
s 1
f 2862 2859 2863
s 1
f 2863 2864 2868
s 1
f 2864 2865 2869
s 1
f 2866 2870 2869
s 1
f 2866 2863 2867
s 1
f 2867 2868 2872
s 1
f 2869 2873 2872
s 1
f 2870 2874 2873
s 1
f 2867 2871 2874
s 1
f 2872 2876 2875
s 1
f 2873 2877 2876
s 1
f 2874 2878 2877
s 1
f 2871 2875 2878
s 1
f 2876 2880 2879
s 1
f 2877 2881 2880
s 1
f 2878 2882 2881
s 1
f 2878 2875 2879
s 1
f 2879 2880 2884
s 1
f 2881 2885 2884
s 1
f 2882 2886 2885
s 1
f 2882 2879 2883
s 1
f 2883 2884 2888
s 1
f 2885 2889 2888
s 1
f 2885 2886 2890
s 1
f 2883 2887 2890
s 1
f 2888 2892 2891
s 1
f 2888 2889 2893
s 1
f 2890 2894 2893
s 1
f 2890 2887 2891
s 1
f 2892 2896 2895
s 1
f 2892 2893 2897
s 1
f 2893 2894 2898
s 1
f 2891 2895 2898
s 1
f 2895 2896 2900
s 1
f 2896 2897 2901
s 1
f 2897 2898 2902
s 1
f 2895 2899 2902
s 1
f 2900 2904 2903
s 1
f 2901 2905 2904
s 1
f 2902 2906 2905
s 1
f 2899 2903 2906
s 1
f 2904 2908 2907
s 1
f 2904 2905 2909
s 1
f 2906 2910 2909
s 1
f 2903 2907 2910
s 1
f 2908 2912 2911
s 1
f 2909 2913 2912
s 1
f 2910 2914 2913
s 1
f 2907 2911 2914
s 1
f 2912 2916 2915
s 1
f 2913 2917 2916
s 1
f 2914 2918 2917
s 1
f 2911 2915 2918
s 1
f 2915 2916 2920
s 1
f 2917 2921 2920
s 1
f 2918 2922 2921
s 1
f 2918 2915 2919
s 1
f 2919 2920 2924
s 1
f 2920 2921 2925
s 1
f 2922 2926 2925
s 1
f 2922 2919 2923
s 1
f 2923 2924 2928
s 1
f 2925 2929 2928
s 1
f 2926 2930 2929
s 1
f 2923 2927 2930
s 1
f 2928 2932 2931
s 1
f 2929 2933 2932
s 1
f 2930 2934 2933
s 1
f 2927 2931 2934
s 1
f 2932 2936 2935
s 1
f 2933 2937 2936
s 1
f 2934 2938 2937
s 1
f 2934 2931 2935
s 1
f 2935 2936 2940
s 1
f 2937 2941 2940
s 1
f 2938 2942 2941
s 1
f 2938 2935 2939
s 1
f 2939 2940 2944
s 1
f 2941 2945 2944
s 1
f 2941 2942 2946
s 1
f 2939 2943 2946
s 1
f 2944 2948 2947
s 1
f 2944 2945 2949
s 1
f 2946 2950 2949
s 1
f 2946 2943 2947
s 1
f 2948 2952 2951
s 1
f 2948 2949 2953
s 1
f 2949 2950 2954
s 1
f 2947 2951 2954
s 1
f 2951 2952 2956
s 1
f 2952 2953 2957
s 1
f 2953 2954 2958
s 1
f 2951 2955 2958
s 1
f 2956 2960 2959
s 1
f 2957 2961 2960
s 1
f 2958 2962 2961
s 1
f 2955 2959 2962
s 1
f 2960 2964 2963
s 1
f 2960 2961 2965
s 1
f 2962 2966 2965
s 1
f 2959 2963 2966
s 1
f 2964 2968 2967
s 1
f 2965 2969 2968
s 1
f 2966 2970 2969
s 1
f 2963 2967 2970
s 1
f 2968 2972 2971
s 1
f 2969 2973 2972
s 1
f 2970 2974 2973
s 1
f 2967 2971 2974
s 1
f 2971 2972 2976
s 1
f 2973 2977 2976
s 1
f 2974 2978 2977
s 1
f 2974 2971 2975
s 1
f 2975 2976 2980
s 1
f 2976 2977 2981
s 1
f 2978 2982 2981
s 1
f 2978 2975 2979
s 1
f 2979 2980 2984
s 1
f 2981 2985 2984
s 1
f 2982 2986 2985
s 1
f 2979 2983 2986
s 1
f 2984 2988 2987
s 1
f 2985 2989 2988
s 1
f 2986 2990 2989
s 1
f 2983 2987 2990
s 1
f 2988 2992 2991
s 1
f 2989 2993 2992
s 1
f 2990 2994 2993
s 1
f 2990 2987 2991
s 1
f 2991 2992 2996
s 1
f 2993 2997 2996
s 1
f 2994 2998 2997
s 1
f 2994 2991 2995
s 1
f 2995 2996 3000
s 1
f 2997 3001 3000
s 1
f 2997 2998 3002
s 1
f 2995 2999 3002
s 1
f 3000 3004 3003
s 1
f 3000 3001 3005
s 1
f 3002 3006 3005
s 1
f 3002 2999 3003
s 1
f 3004 3008 3007
s 1
f 3004 3005 3009
s 1
f 3005 3006 3010
s 1
f 3003 3007 3010
s 1
f 3007 3008 3012
s 1
f 3008 3009 3013
s 1
f 3009 3010 3014
s 1
f 3007 3011 3014
s 1
f 3012 3016 3015
s 1
f 3013 3017 3016
s 1
f 3014 3018 3017
s 1
f 3011 3015 3018
s 1
f 3016 3020 3019
s 1
f 3016 3017 3021
s 1
f 3018 3022 3021
s 1
f 3015 3019 3022
s 1
f 3020 3024 3023
s 1
f 3021 3025 3024
s 1
f 3022 3026 3025
s 1
f 3019 3023 3026
s 1
f 3023 3024 3028
s 1
f 3025 3029 3028
s 1
f 3026 3030 3029
s 1
f 3026 3023 3027
