# kitsune FoxHead_SpiritFoxHeadShell.obj: Roblox cue frame, recentred on its bounding box
v -0.46274 -0.49396 -0.43776
v -0.45609 -0.48806 -0.49316
v -0.46507 -0.49421 -0.47489
v -0.46002 -0.48520 -0.49144
v -0.45606 -0.47243 -0.45444
v -0.44726 -0.49172 -0.42046
v -0.45624 -0.48592 -0.46752
v -0.46396 -0.47707 -0.49003
v -0.45486 -0.47428 -0.54096
v -0.46951 -0.48409 -0.52273
v -0.47116 -0.50276 -0.52755
v -0.46390 -0.47623 -0.53087
v -0.45394 -0.48049 -0.57509
v -0.46630 -0.51642 -0.54844
v -0.45675 -0.50395 -0.56673
v -0.43039 -0.47178 -0.44910
v -0.46736 -0.48393 -0.54585
v -0.45218 -0.49445 -0.56426
v -0.44937 -0.48288 -0.57035
v -0.46105 -0.50124 -0.52855
v -0.46416 -0.49526 -0.52973
v -0.44788 -0.48394 -0.57321
v -0.45291 -0.48228 -0.57005
v -0.45812 -0.48010 -0.56579
v -0.44369 -0.48196 -0.57313
v -0.45399 -0.47187 -0.55809
v -0.44914 -0.48080 -0.57231
v -0.44837 -0.48036 -0.57025
v -0.45632 -0.49074 -0.55459
v -0.45363 -0.47008 -0.54813
v -0.44616 -0.51327 -0.58218
v -0.43322 -0.46945 -0.48590
v -0.44370 -0.51681 -0.55378
v -0.44679 -0.48704 -0.58647
v -0.45249 -0.47476 -0.56649
v -0.44950 -0.48228 -0.55199
v -0.44616 -0.47561 -0.46389
v -0.44797 -0.46619 -0.56106
v -0.45320 -0.46719 -0.54594
v -0.45716 -0.46392 -0.57500
v -0.44749 -0.45665 -0.53881
v -0.43782 -0.51814 -0.55537
v -0.45786 -0.47709 -0.56940
v -0.44602 -0.50202 -0.59479
v -0.44413 -0.50550 -0.59288
v -0.45810 -0.45549 -0.59045
v -0.43548 -0.52013 -0.57483
v -0.45618 -0.47412 -0.56582
v -0.44070 -0.44177 -0.57136
v -0.42274 -0.47802 -0.45831
v -0.44273 -0.51973 -0.57865
v -0.42410 -0.48183 -0.47353
v -0.44120 -0.50913 -0.58951
v -0.43538 -0.43572 -0.59455
v -0.43314 -0.42744 -0.59524
v -0.43305 -0.43276 -0.58429
v -0.41565 -0.50794 -0.59669
v -0.42719 -0.47371 -0.46315
v -0.41789 -0.52627 -0.58343
v -0.42309 -0.46248 -0.49326
v -0.41710 -0.50944 -0.59378
v -0.41423 -0.47572 -0.46264
v -0.40420 -0.46655 -0.64300
v -0.44679 -0.46644 -0.05762
v -0.43464 -0.42496 -0.60120
v -0.42844 -0.42472 -0.59994
v -0.40175 -0.47329 -0.46391
v -0.43118 -0.44873 -0.03309
v -0.42946 -0.52022 -0.58375
v -0.41668 -0.41674 -0.56725
v -0.43254 -0.45398 -0.05880
v -0.42506 -0.44169 -0.05177
v -0.40506 -0.44245 -0.08108
v -0.42250 -0.39020 -0.69651
v -0.41051 -0.45854 -0.12321
v -0.44332 -0.44558 -0.59729
v -0.42851 -0.42331 -0.59221
v -0.42042 -0.41595 -0.59570
v -0.35665 -0.46967 -0.04448
v -0.43707 -0.56675 -0.96585
v -0.42121 -0.52938 -0.94621
v -0.42607 -0.54247 -0.98078
v -0.41786 -0.45571 -0.12016
v -0.42486 -0.52570 -0.95893
v -0.41826 -0.52921 -0.98916
v -0.39093 -0.48257 -0.45787
v -0.39849 -0.53640 -0.93438
v -0.41832 -0.50875 -0.58016
v -0.39523 -0.53491 -0.99521
v -0.39989 -0.40751 -0.11731
v -0.40939 -0.51631 -0.58184
v -0.40526 -0.51903 -0.59019
v -0.41650 -0.55162 -1.00299
v -0.39126 -0.47832 -0.45868
v -0.40397 -0.51374 -0.91842
v -0.41131 -0.54804 -0.93397
v -0.39607 -0.44507 -0.00831
v -0.38433 -0.56677 -0.95264
v -0.42107 -0.41694 -0.58529
v -0.40339 -0.39922 -0.60230
v -0.40203 -0.52642 -0.75791
v -0.40327 -0.37499 -0.82560
v -0.37943 -0.54282 -0.95057
v -0.37572 -0.41503 -0.58644
v -0.37316 -0.47573 -0.04788
v -0.37111 -0.54552 -0.97239
v -0.37556 -0.42499 -0.56776
v -0.37437 -0.41030 -0.59757
v -0.37946 -0.40808 -0.59464
v -0.41907 -0.22937 -0.91895
v -0.41939 -0.20230 -0.92902
v -0.41462 -0.16668 -0.95729
v -0.42120 -0.22086 -0.90900
v -0.41042 -0.45583 -0.12882
v -0.42136 -0.51691 -0.60976
v -0.41012 -0.19797 -0.89727
v -0.34765 -0.48502 -0.96095
v -0.42200 -0.38330 -0.19660
v -0.42081 -0.38085 -0.18811
v -0.41465 -0.42150 -0.18988
v -0.40102 -0.49404 -0.61224
v -0.40013 -0.10542 -1.00983
v -0.41869 -0.40581 -0.18183
v -0.37793 -0.07851 -0.93367
v -0.41462 -0.15393 -0.94144
v -0.41635 -0.23565 -0.89439
v -0.36923 -0.14568 -0.88970
v -0.41018 -0.47159 -0.25202
v -0.39909 -0.55218 -0.93942
v -0.36541 -0.54044 -0.93882
v -0.37175 -0.49777 -0.28063
v -0.40125 -0.44963 -0.12817
v -0.41397 -0.47216 -0.29368
v -0.41279 -0.40667 -0.17617
v -0.40977 -0.31672 -0.09924
v -0.41479 -0.51200 -0.64512
v -0.41094 -0.14464 -0.97475
v -0.41007 -0.49953 -0.64047
v -0.40430 -0.44434 -0.17214
v -0.40513 -0.51645 -0.69526
v -0.39987 -0.35639 -0.23400
v -0.40386 -0.48860 -0.15730
v -0.41208 -0.12423 -0.96831
v -0.39508 -0.11352 -0.97882
v -0.39513 -0.43775 -0.94758
v -0.37643 -0.55079 -0.98722
v -0.41356 -0.50875 -0.64350
v -0.41092 -0.50452 -0.63934
v -0.41388 -0.42356 -0.19196
v -0.40883 -0.52831 -0.67969
v -0.40266 -0.52596 -0.60902
v -0.39915 -0.49765 -0.62510
v -0.41029 -0.50852 -0.59515
v -0.41605 -0.50966 -0.62135
v -0.40582 -0.46617 -0.27721
v -0.40285 -0.45929 -0.14377
v -0.36782 -0.49332 -0.44772
v -0.37890 -0.48976 -0.46117
v -0.40441 -0.45674 -0.18610
v -0.40618 -0.44133 -0.17449
v -0.41082 -0.49114 -0.24492
v -0.41108 -0.49902 -0.29221
v -0.40403 -0.25336 -0.91395
v -0.39165 -0.46426 -0.36891
v -0.34600 -0.45821 -0.53540
v -0.39933 -0.53401 -0.66121
v -0.37274 -0.49453 -0.67079
v -0.34781 -0.16631 -0.99625
v -0.40424 -0.49736 -0.60799
v -0.39023 -0.55406 -0.68951
v -0.40624 -0.51617 -0.74156
v -0.40928 -0.51602 -0.68696
v -0.33670 -0.41573 0.02368
v -0.40647 -0.34096 -0.20490
v -0.41028 -0.12129 -0.97192
v -0.38904 -0.35614 -0.24068
v -0.38887 -0.35643 -0.01097
v -0.41110 -0.50923 -0.61789
v -0.39200 -0.27399 -0.90110
v -0.39378 -0.31050 -0.17921
v -0.41156 -0.50712 -0.61707
v -0.37273 -0.47046 -0.47519
v -0.38155 0.18021 0.12486
v -0.41025 -0.52050 -0.68506
v -0.39381 -0.49702 -0.69518
v -0.41153 0.26946 0.08269
v -0.41043 -0.47064 -0.21480
v -0.36231 -0.47656 -0.46094
v -0.35619 -0.47691 -0.48196
v -0.40668 -0.48559 -0.21737
v -0.39448 -0.25156 -0.77752
v -0.40624 -0.49577 -0.21356
v -0.40358 -0.48855 -0.21118
v -0.39088 -0.27152 -0.90406
v -0.39926 -0.49621 -0.21140
v -0.36442 -0.39723 -0.65765
v -0.40757 -0.11968 -0.98690
v -0.40007 -0.53546 -0.70121
v -0.39757 -0.09222 -0.98983
v -0.41112 -0.48320 -0.20916
v -0.38913 -0.46322 -0.23476
v -0.40138 -0.45692 -0.18425
v -0.39765 -0.09509 -0.99228
v -0.39170 0.35587 0.09552
v -0.40223 -0.28335 -0.09251
v -0.39805 -0.48859 -0.34499
v -0.40887 -0.46646 -0.16056
v -0.38455 -0.50354 -0.34963
v -0.40092 -0.30047 -0.04971
v -0.39858 -0.47659 -0.19411
v -0.38172 -0.08503 -0.94467
v -0.36800 -0.41404 -0.59425
v -0.37012 0.26363 0.13426
v -0.40430 -0.46061 -0.18435
v -0.37555 -0.02008 -0.98789
v -0.39698 -0.29794 -0.08603
v -0.40113 -0.47085 -0.14141
v -0.39258 -0.26091 -0.10456
v -0.40493 -0.27783 -0.09178
v -0.37896 -0.24876 -0.10594
v -0.36051 -0.53222 -0.86062
v -0.33914 -0.44579 -0.00879
v -0.37833 -0.45523 -0.16701
v -0.40451 -0.47271 -0.18096
v -0.40286 -0.26716 -0.10288
v -0.40457 -0.52851 -0.71069
v -0.39408 0.17309 0.10124
v -0.39504 -0.45664 -0.13292
v -0.39873 -0.25679 -0.10526
v -0.39143 -0.53469 -0.78753
v -0.39649 -0.46855 -0.19258
v -0.38612 -0.52767 -0.90377
v -0.40081 -0.28809 -0.07584
v -0.39768 -0.28812 -0.06952
v -0.38253 -0.53523 -0.82041
v -0.40042 -0.22585 -0.04447
v -0.39520 -0.24472 -0.10660
v -0.39206 -0.32380 -0.21516
v -0.39104 -0.24520 -0.04228
v -0.38292 0.35526 0.05915
v -0.36020 -0.27059 -0.77513
v -0.37830 0.21101 -0.01102
v -0.34129 -0.44848 -0.58896
v -0.38693 -0.54446 -0.76808
v -0.37078 -0.50379 -0.82008
v -0.35333 -0.48489 -0.48073
v -0.39634 -0.52419 -0.76083
v -0.38346 -0.54661 -0.74883
v -0.38583 -0.35171 -0.23847
v -0.38682 -0.27915 -0.04478
v -0.39915 -0.49943 -0.34321
v -0.36988 -0.53970 -0.74527
v -0.37731 0.34213 0.13116
v -0.39449 0.17222 0.07156
v -0.35534 -0.48045 -0.48746
v -0.36899 0.37305 0.08816
v -0.37582 -0.24084 -0.14298
v -0.33588 -0.11187 -0.93758
v -0.39662 -0.55280 -0.68985
v -0.38890 -0.09527 -1.01209
v -0.34209 -0.25986 -0.80644
v -0.38987 -0.28101 -0.15116
v -0.40045 -0.48210 -0.35045
v -0.39522 0.16640 0.05266
v -0.35706 -0.41601 -0.36139
v -0.36032 -0.20835 0.03132
v -0.37602 -0.08714 -1.01206
v -0.39332 -0.53370 -0.77543
v -0.38653 0.36149 0.07917
v -0.38801 0.36149 0.09439
v -0.38773 0.35156 0.11025
v -0.39322 0.16620 0.07443
v -0.38784 0.16063 0.08003
v -0.36601 -0.28914 -0.89799
v -0.38753 -0.52846 -0.78826
v -0.37015 -0.41146 -0.58847
v -0.39022 0.16374 0.08551
v -0.37975 -0.48154 -0.47449
v -0.38898 0.16627 0.10945
v -0.37648 -0.29918 -0.19604
v -0.36593 -0.27205 -0.18640
v -0.35378 -0.36596 0.02942
v -0.37124 -0.44892 -0.36203
v -0.35533 -0.15388 0.01993
v -0.37348 -0.48793 -0.46392
v -0.38241 0.17762 0.06877
v -0.39758 0.15266 0.05258
v -0.38730 -0.46108 -0.36156
v -0.38911 -0.48894 -0.37071
v -0.36281 -0.29576 -0.88719
v -0.39400 -0.51542 -0.79446
v -0.38671 0.17868 0.00919
v -0.39038 0.16314 0.09279
v -0.39239 0.16652 0.08274
v -0.39153 0.17227 0.06867
v -0.38113 -0.43338 0.22366
v -0.34705 -0.43801 -0.58148
v -0.39833 0.16673 0.10253
v -0.38899 -0.40962 0.23439
v -0.34860 -0.09749 -1.01725
v -0.36973 -0.27477 -0.78010
v -0.35989 -0.28453 -0.79650
v -0.38741 -0.35429 -0.24124
v -0.38478 -0.33685 -0.23016
v -0.37716 -0.33558 -0.23737
v -0.39172 -0.42093 0.24554
v -0.36992 -0.33831 -0.24886
v -0.35878 -0.33976 -0.25946
v -0.36694 -0.19330 0.02783
v -0.37813 -0.54643 -0.81083
v -0.37629 -0.32763 -0.01068
v -0.39095 -0.28756 -0.06334
v -0.38015 -0.13735 -1.01057
v -0.36511 -0.45328 0.00146
v -0.39244 -0.42581 0.22787
v -0.38661 -0.40266 0.21874
v -0.38989 -0.42866 0.21487
v -0.37326 -0.41262 0.21415
v -0.37341 0.17362 0.13084
v -0.37790 0.17125 0.03172
v -0.36808 0.38004 0.04254
v -0.38139 -0.40772 0.25270
v -0.37834 -0.10267 -0.93250
v -0.38361 -0.28237 -0.81217
v -0.37374 0.10995 0.06462
v -0.38408 0.17817 0.02490
v -0.38431 0.17100 0.04124
v -0.37574 -0.26279 -0.75882
v -0.37535 -0.38840 0.25339
v -0.38841 -0.52567 -0.79347
v -0.35578 -0.29986 -0.81849
v -0.34806 -0.47341 -0.42257
v -0.37797 -0.33541 -0.23413
v -0.37878 -0.28703 -0.05911
v -0.35900 -0.30927 -0.84842
v -0.37725 0.15407 0.03952
v -0.32893 -0.07721 -0.99645
v -0.38818 0.16525 0.04760
v -0.38002 -0.04805 -0.98219
v -0.36654 -0.28665 -0.80687
v -0.35327 -0.52880 -0.87534
v -0.38632 -0.27796 -0.15852
v -0.37412 -0.41633 0.25149
v -0.38815 0.15953 0.03189
v -0.36332 -0.33718 0.22067
v -0.38456 -0.35739 0.25646
v -0.36950 -0.25573 -0.16987
v -0.38138 -0.30968 -0.17734
v -0.33239 -0.46516 -0.57815
v -0.38174 -0.54329 -0.81169
v -0.35129 0.35293 0.12917
v -0.38320 -0.30073 -0.01964
v -0.36622 -0.35609 0.26192
v -0.38528 -0.42938 0.19846
v -0.38536 -0.18008 0.18527
v -0.36491 -0.16825 0.15825
v -0.35193 -0.16995 0.18096
v -0.35838 -0.17974 -0.08627
v -0.38264 0.17553 0.03020
v -0.34631 -0.16463 -1.00202
v -0.37041 -0.39653 0.23245
v -0.34805 -0.43659 -0.58867
v -0.36955 -0.54886 -0.83570
v -0.37854 -0.21437 -0.10759
v -0.37115 -0.47052 -0.42665
v -0.37110 -0.15692 0.23599
v -0.37551 -0.19744 0.21243
v -0.36435 -0.28244 0.29290
v -0.38945 0.17344 0.04156
v -0.35452 -0.44676 -0.04277
v -0.34116 -0.18109 0.17116
v -0.36934 0.18234 0.04516
v -0.38528 0.16727 0.02458
v -0.37940 -0.43234 0.24021
v -0.36872 -0.23406 -0.73884
v -0.36540 0.10065 0.12460
v -0.37837 -0.33357 0.25895
v -0.36257 0.19673 0.12424
v -0.37379 -0.26164 -0.16382
v -0.33844 -0.45312 -0.59091
v -0.33771 -0.46313 -0.57756
v -0.37792 0.36411 0.06170
v -0.38626 -0.29527 -0.01448
v -0.37961 0.17464 -0.00921
v -0.38821 0.16575 0.01013
v -0.33622 -0.18957 -0.64671
v -0.35750 -0.43369 -0.37522
v -0.38238 0.17389 -0.02226
v -0.36542 -0.44738 -0.04401
v -0.36801 -0.15894 0.18999
v -0.37658 -0.41556 0.25784
v -0.36919 -0.16973 -0.05520
v -0.37849 -0.48722 -0.45880
v -0.36463 -0.25868 -0.74522
v -0.36368 0.34214 0.14150
v -0.34493 0.11291 0.13497
v -0.32616 -0.09371 -0.93769
v -0.38171 -0.31950 -0.22662
v -0.35027 -0.23923 0.03050
v -0.35498 -0.30974 0.04629
v -0.37548 -0.33200 0.26598
v -0.37349 -0.31908 0.26198
v -0.36514 -0.42965 0.18045
v -0.36500 -0.47790 -0.48272
v -0.33149 -0.18636 0.19480
v -0.32335 -0.08312 -0.98540
v -0.38617 0.16788 -0.01011
v -0.34419 -0.19757 0.27559
v -0.37093 0.23440 -0.02783
v -0.36515 -0.47781 -0.47589
v -0.36227 -0.29036 -0.04359
v -0.37204 -0.37272 0.26492
v -0.33759 -0.17817 -0.99112
v -0.36132 -0.32641 0.23255
v -0.38146 -0.34343 -0.23625
v -0.38581 -0.34172 -0.23195
v -0.34688 -0.21928 -0.75708
v -0.36223 -0.28104 -0.96153
v -0.34049 -0.03521 -0.94524
v -0.37060 -0.21092 -0.11697
v -0.36398 -0.31271 0.22920
v -0.37976 0.11604 0.04263
v -0.36645 0.04023 -0.02311
v -0.37278 -0.35499 0.26933
v -0.38454 -0.36677 -0.23434
v -0.33719 -0.27164 -0.20828
v -0.37652 -0.31539 -0.21841
v -0.36047 0.27737 -0.01118
v -0.37980 0.21515 -0.01383
v -0.34552 0.23518 -0.04950
v -0.38350 -0.54638 -0.82064
v -0.34654 -0.08694 -0.93323
v -0.37189 -0.05159 -1.00809
v -0.36829 -0.32390 0.23004
v -0.38035 0.11898 0.04719
v -0.37992 0.12680 0.06026
v -0.35723 0.32299 0.00777
v -0.35944 -0.37435 0.26579
v -0.37096 -0.29181 -0.19369
v -0.36304 -0.34240 -0.26482
v -0.36653 -0.48460 -0.47527
v -0.35397 -0.14529 -0.88505
v -0.36037 -0.47497 -0.47613
v -0.34504 -0.47390 -0.47686
v -0.35124 -0.27726 0.25380
v -0.36830 -0.47220 -0.00494
v -0.35155 -0.48218 -0.03089
v -0.34769 -0.39278 0.02815
v -0.35608 -0.25766 -0.74599
v -0.36477 -0.34420 0.26699
v -0.35358 -0.36890 0.19120
v -0.33524 -0.46072 -0.57357
v -0.33233 -0.46434 -0.57964
v -0.33764 -0.06257 -1.00690
v -0.38175 0.11053 0.04426
v -0.36679 -0.23584 -0.14658
v -0.35272 -0.54670 -0.83583
v -0.36328 0.14235 -0.04407
v -0.37025 -0.30121 0.24461
v -0.36187 -0.49131 -0.49117
v -0.35894 -0.48745 -0.48973
v -0.26418 -0.49306 -0.84553
v -0.34595 0.05917 0.11136
v -0.36514 -0.29351 0.03896
v -0.35346 -0.47331 -0.47173
v -0.32269 -0.08819 -0.95783
v -0.37816 -0.34174 0.24678
v -0.35761 0.27101 0.14421
v -0.33833 -0.01752 -0.99474
v -0.33275 -0.05943 -0.99380
v -0.34433 -0.45998 -0.56500
v -0.36381 -0.15831 -0.04129
v -0.32319 -0.09238 -0.96175
v -0.35175 -0.30071 -0.84584
v -0.32349 -0.48482 -0.55739
v -0.32654 -0.20322 -0.97541
v -0.36712 -0.43090 0.00192
v -0.34469 -0.27240 -0.21660
v -0.33002 -0.14998 -0.88952
v -0.34146 0.21920 0.13201
v -0.36764 0.17518 -0.05181
v -0.34979 -0.42832 -0.35009
v -0.35512 0.17198 -0.04088
v -0.31911 -0.15087 -0.88791
v -0.36357 -0.29504 -0.81657
v -0.36851 -0.40242 0.27901
v -0.37155 -0.39491 0.09943
v -0.34364 -0.15051 -0.88211
v -0.35428 -0.45117 0.05619
v -0.36077 0.10280 0.11338
v -0.34924 -0.47232 -0.47771
v -0.37039 -0.43128 0.11798
v -0.34755 0.22089 0.14729
v -0.36919 -0.34909 0.27629
v -0.35594 -0.43510 0.07028
v -0.32455 -0.34643 -0.27879
v -0.34795 -0.46876 0.00738
v -0.33280 -0.18533 -0.90487
v -0.35705 -0.43460 0.06094
v -0.36597 -0.39423 0.09668
v -0.37968 -0.43387 0.12024
v -0.30732 -0.14785 -0.78198
v -0.32555 -0.46772 -0.57191
v -0.37016 -0.28157 0.27280
v -0.36241 -0.27119 0.25083
v -0.36055 -0.38552 0.09331
v -0.36613 -0.37770 0.11206
v -0.32903 -0.54948 -0.83414
v -0.32438 -0.15661 0.21940
v -0.35353 0.19035 0.13295
v -0.36584 -0.00264 -0.93674
v -0.35443 -0.43671 0.07061
v -0.32602 -0.15565 0.22597
v -0.36936 -0.37703 0.12322
v -0.31903 -0.48350 -0.52428
v -0.35205 -0.43855 0.05495
v -0.35854 -0.17166 -0.08604
v -0.34191 -0.27183 0.24923
v -0.34096 -0.42939 0.01244
v -0.35417 0.09008 0.07433
v -0.34293 -0.16463 -0.98897
v -0.37598 -0.36850 0.14934
v -0.36043 -0.30919 0.05180
v -0.36596 0.29777 0.14179
v -0.35932 0.37409 0.05001
v -0.35396 -0.19054 -0.03541
v -0.35754 -0.30867 0.22607
v -0.35689 -0.38920 0.00880
v -0.32563 -0.43935 -0.00837
v -0.36114 -0.26904 0.29155
v -0.36745 0.31023 0.11520
v -0.36323 -0.18667 0.01090
v -0.34195 -0.24379 0.32951
v -0.35831 0.14112 -0.01431
v -0.34014 -0.09749 -0.99629
v -0.34979 -0.33517 -0.26170
v -0.31994 -0.48241 -0.58473
v -0.37213 -0.38721 0.27175
v -0.36680 -0.41184 0.29057
v -0.36383 -0.30190 -0.82704
v -0.31514 -0.31905 -0.80578
v -0.35294 -0.31312 -0.85053
v -0.36760 -0.36860 0.08090
v -0.35409 -0.40958 0.17729
v -0.36030 -0.32044 0.25943
v -0.31979 0.34875 0.10694
v -0.33027 -0.24714 -0.74281
v -0.36176 -0.54812 -0.82857
v -0.33404 0.16662 0.12512
v -0.36385 -0.35105 0.08821
v -0.31175 -0.28445 -0.75269
v -0.31587 -0.16315 -0.89037
v -0.33688 0.18946 0.13974
v -0.34534 -0.28162 0.23840
v -0.34603 -0.37639 -0.23796
v -0.34598 0.32929 0.11357
v -0.34471 0.15588 -0.05747
v -0.35954 -0.37272 0.30203
v -0.35200 -0.15473 0.28010
v -0.36403 0.03333 0.10168
v -0.36676 -0.22798 0.08761
v -0.36196 -0.22247 0.09867
v -0.34996 -0.29022 0.23798
v -0.36810 -0.20866 0.07792
v -0.35898 -0.23929 0.10846
v -0.35250 0.02004 -0.96311
v -0.32588 -0.01164 -0.93003
v -0.32711 -0.54234 -0.83684
v -0.34526 0.19704 0.09811
v -0.35069 -0.20154 0.05231
v -0.36916 -0.23746 0.08252
v -0.34821 -0.43483 0.06840
v -0.34745 -0.14605 0.26493
v -0.32045 -0.19677 0.23131
v -0.33217 -0.08298 0.28572
v -0.33490 0.02605 -0.02469
v -0.36529 0.31860 0.13614
v -0.34421 -0.20987 0.12287
v -0.36263 -0.36514 0.03592
v -0.32616 -0.37624 0.07086
v -0.33454 -0.39515 0.03119
v -0.34858 0.37384 0.03949
v -0.31159 0.00271 -0.94799
v -0.34110 -0.34540 0.18245
v -0.35167 -0.15278 0.09196
v -0.35605 -0.27563 0.04573
v -0.34682 0.17525 -0.05711
v -0.35180 -0.14811 -0.05004
v -0.36031 0.02812 0.06476
v -0.30929 -0.41538 0.08529
v -0.34554 -0.31619 -0.85378
v -0.33773 0.04191 -0.93254
v -0.32915 0.12410 0.14607
v -0.35410 0.18876 0.13104
v -0.34535 0.32916 0.11363
v -0.32227 -0.20056 -0.97286
v -0.35772 -0.37329 0.29698
v -0.34799 -0.23021 0.12071
v -0.34207 0.06909 0.13970
v -0.34519 0.57769 0.13608
v -0.33635 0.06958 0.09263
v -0.31256 -0.14212 0.10132
v -0.36336 -0.30775 0.24237
v -0.34808 -0.29587 0.22947
v -0.31311 -0.17771 0.23287
v -0.34185 0.32490 0.00218
v -0.35978 0.14657 -0.05080
v -0.33752 -0.26296 0.24868
v -0.33706 0.33396 0.00800
v -0.35253 0.17486 -0.04817
v -0.33310 0.31065 0.15192
v -0.31661 -0.48409 -0.52177
v -0.33875 0.10757 -0.05379
v -0.34604 -0.43553 0.06130
v -0.33292 -0.42346 0.13234
v -0.33833 0.46576 0.16871
v -0.33773 0.38114 0.03202
v -0.30822 -0.48117 -0.52938
v -0.30617 -0.49236 -0.56663
v -0.35185 -0.21409 0.04173
v -0.36092 -0.29052 0.04289
v -0.36154 -0.20369 0.04302
v -0.34867 0.01999 0.07618
v -0.35714 0.14239 -0.03366
v -0.33939 0.11772 -0.07887
v -0.34003 -0.12626 0.23756
v -0.32789 -0.41717 -0.34987
v -0.32968 -0.14507 0.21684
v -0.35114 -0.34968 0.05722
v -0.34507 0.08319 -0.00993
v -0.35073 -0.31026 0.06206
v -0.32802 -0.25699 -0.74216
v -0.36269 0.15312 -0.04193
v -0.36588 -0.31415 0.05315
v -0.35928 0.34854 0.13847
v -0.36084 0.16580 -0.04865
v -0.34504 -0.55651 -0.84227
v -0.31857 -0.27128 -0.74605
v -0.34969 0.20154 0.12737
v -0.36048 0.02195 0.06291
v -0.35243 0.19420 -0.05282
v -0.34978 0.02352 0.07674
v -0.35724 0.03546 0.07496
v -0.35396 0.10903 0.12093
v -0.32943 -0.16549 -0.87042
v -0.35170 0.10808 0.13705
v -0.35255 -0.12423 0.01812
v -0.35581 -0.17649 0.07273
v -0.33178 -0.10322 0.26751
v -0.34300 -0.41961 -0.34834
v -0.34023 -0.35906 0.07564
v -0.34742 -0.43281 0.16337
v -0.34227 0.19374 -0.05397
v -0.34055 0.18595 -0.05823
v -0.35930 -0.12459 0.28162
v -0.34857 -0.24044 0.12040
v -0.35754 0.05882 0.11418
v -0.33521 0.00875 0.08671
v -0.35321 0.02620 0.07604
v -0.35621 0.04164 0.09640
v -0.35755 0.06108 -0.03130
v -0.35495 0.08726 -0.03575
v -0.35224 0.02877 0.09942
v -0.34352 -0.29451 0.23297
v -0.33344 0.34054 0.15278
v -0.35005 -0.14406 0.02337
v -0.32913 -0.48013 -0.50517
v -0.34162 -0.35645 0.04909
v -0.34549 -0.35365 0.05059
v -0.32809 0.18521 0.13253
v -0.33063 0.18878 -0.06342
v -0.35127 -0.00107 0.03953
v -0.33762 -0.25934 0.04581
v -0.34967 -0.15895 0.29653
v -0.33208 -0.15711 0.30700
v -0.32304 -0.04224 0.18316
v -0.33728 0.05553 -0.05004
v -0.33709 0.05591 0.11972
v -0.35634 0.03297 0.10762
v -0.29365 0.34893 0.14319
v -0.30948 -0.50539 -0.58079
v -0.33649 -0.36422 0.05715
v -0.31331 -0.32395 -0.87037
v -0.32160 -0.10726 0.24538
v -0.33040 0.18123 0.14237
v -0.32467 -0.27295 -0.20984
v -0.33540 -0.36688 0.05954
v -0.31116 -0.47667 -0.53394
v -0.28531 -0.51127 -0.52036
v -0.31155 -0.47747 -0.56488
v -0.34314 0.45420 0.07004
v -0.33748 -0.10306 0.27578
v -0.34946 -0.01517 0.11259
v -0.33158 -0.19958 0.27834
v -0.30735 0.00307 -0.93465
v -0.35080 0.01339 0.08394
v -0.33740 -0.15743 0.06626
v -0.30787 -0.34703 -0.25021
v -0.31623 0.12531 0.14783
v -0.35359 -0.25583 -0.27458
v -0.34379 -0.13509 0.30299
v -0.35332 -0.22929 -0.29163
v -0.34884 0.02446 -0.92629
v -0.34583 -0.21646 0.04714
v -0.36990 -0.39021 0.27775
v -0.35720 -0.27804 0.32855
v -0.35073 0.04036 -0.03683
v -0.35420 -0.32310 0.05701
v -0.34381 0.08168 0.10752
v -0.34699 0.01764 0.09392
v -0.32089 -0.16876 0.22211
v -0.34280 0.18457 0.13866
v -0.32595 -0.23326 0.05807
v -0.34618 -0.24549 0.03430
v -0.33219 -0.33545 -0.27306
v -0.32399 -0.32307 -0.85224
v -0.34481 -0.01588 0.06174
v -0.31024 -0.14341 0.09216
v -0.34340 -0.36617 0.18676
v -0.34831 0.53553 0.11657
v -0.35584 -0.34449 0.05939
v -0.34701 -0.19157 0.27882
v -0.32045 -0.48173 0.01059
v -0.33648 0.06269 -0.03348
v -0.30612 -0.49744 -0.55202
v -0.29437 -0.24899 -0.91877
v -0.34967 -0.25854 0.03005
v -0.29206 -0.22872 -0.92791
v -0.34882 0.57455 0.12547
v -0.33842 -0.23420 0.13485
v -0.29164 0.27424 -0.04116
v -0.35548 -0.36687 0.20055
v -0.33502 -0.26737 0.24576
v -0.34348 -0.25991 -0.26912
v -0.34366 -0.22778 -0.33303
v -0.35553 -0.25246 0.33576
v -0.35386 -0.22134 -0.28348
v -0.35392 -0.00686 0.04522
v -0.35415 -0.30956 -0.33936
v -0.33908 -0.28125 0.23791
v -0.31807 -0.28860 0.35237
v -0.33113 0.00437 0.14393
v -0.34860 0.02884 0.01064
v -0.33209 0.00507 0.00675
v -0.34628 -0.42939 0.00287
v -0.34825 -0.32862 0.06160
v -0.33210 0.10926 0.14277
v -0.32736 0.19896 -0.05602
v -0.30160 -0.46892 -0.47168
v -0.35615 -0.40473 0.01023
v -0.34992 -0.11947 0.14439
v -0.33989 -0.22761 0.31861
v -0.26238 -0.42468 -0.73042
v -0.33584 -0.25084 0.04963
v -0.34826 -0.02275 0.10350
v -0.35692 -0.45251 -0.00322
v -0.32257 0.01863 0.16582
v -0.30336 -0.53460 -0.82863
v -0.31638 -0.28964 0.31783
v -0.34385 0.16815 0.13338
v -0.31639 0.45547 0.06867
v -0.31142 0.49386 0.08664
v -0.33599 0.19952 -0.06853
v -0.33825 0.02455 -0.03198
v -0.34332 -0.48676 -0.50943
v -0.33278 0.01487 0.02751
v -0.35386 -0.34943 0.18999
v -0.33315 -0.32930 0.33995
v -0.32925 -0.36119 0.18394
v -0.33725 -0.33013 0.15973
v -0.34432 -0.33053 0.16341
v -0.33333 -0.21709 -0.73611
v -0.33688 -0.42032 0.16323
v -0.33154 0.45683 0.06272
v -0.33930 -0.24465 0.35222
v -0.32932 -0.34574 -0.28714
v -0.32816 0.18671 0.13567
v -0.30721 0.18369 0.12861
v -0.34348 -0.25842 -0.27532
v -0.29956 -0.17587 0.06517
v -0.34037 -0.29829 0.15129
v -0.31434 -0.14733 -0.17736
v -0.33454 -0.27633 0.22847
v -0.32918 -0.20479 0.27631
v -0.35102 -0.32858 0.16378
v -0.33510 -0.13643 0.08105
v -0.33474 -0.24100 0.33336
v -0.32932 -0.20653 0.06618
v -0.30079 0.07562 0.11001
v -0.34398 -0.26518 0.36023
v -0.30224 -0.25660 -0.29002
v -0.34210 -0.32952 0.17519
v -0.25645 -0.45725 -0.65258
v -0.30852 -0.17368 0.05490
v -0.33847 0.04660 -0.05543
v -0.33476 -0.15652 0.32562
v -0.34355 -0.01974 0.11018
v -0.30017 0.07577 -0.04563
v -0.34122 -0.20747 -0.30428
v -0.33164 -0.10179 0.30211
v -0.33083 -0.42002 -0.35715
v -0.28937 -0.20796 -0.89193
v -0.32557 -0.38755 -0.27734
v -0.33016 -0.29156 -0.27409
v -0.33810 -0.11023 0.13461
v -0.33643 -0.12697 0.02518
v -0.34815 -0.13683 0.01414
v -0.34723 -0.01382 0.11759
v -0.28716 0.43264 0.16201
v -0.32171 -0.26125 -0.74674
v -0.32625 -0.09027 0.27821
v -0.32958 0.02021 0.02703
v -0.33054 0.02572 0.02055
v -0.33474 -0.48892 -0.58415
v -0.34260 -0.35208 0.19089
v -0.34457 0.00589 0.02259
v -0.34265 -0.23702 0.32332
v -0.34244 -0.20746 -0.31094
v -0.31557 -0.48194 -0.51970
v -0.34957 0.06813 0.13889
v -0.32697 -0.44226 0.01884
v -0.31454 -0.53624 -0.83639
v -0.34392 -0.24257 0.12643
v -0.33039 -0.10844 0.00104
v -0.32489 -0.28862 0.35420
v -0.30578 0.18163 0.13377
v -0.32735 0.37408 0.03350
v -0.31360 0.44690 0.06890
v -0.34099 -0.33964 0.20062
v -0.32140 0.02660 -0.05178
v -0.34274 -0.29282 0.08038
v -0.31247 -0.16388 -0.87491
v -0.34034 -0.31678 0.08539
v -0.34478 -0.20792 -0.29725
v -0.34625 -0.15952 0.07863
v -0.29571 0.57765 0.10995
v -0.33795 -0.31758 0.33312
v -0.32789 -0.10052 0.27211
v -0.29500 -0.18123 -0.88937
v -0.33668 -0.35232 0.09793
v -0.30424 -0.48370 -0.51592
v -0.33898 -0.47930 -0.52581
v -0.30859 0.33226 0.14774
v -0.33846 -0.23398 0.15109
v -0.34117 -0.01200 0.04033
v -0.33769 -0.27679 0.36777
v -0.32711 0.09606 0.15332
v -0.33050 -0.20942 0.26913
v -0.33808 -0.40397 -0.33330
v -0.32331 -0.35481 -0.29050
v -0.34484 -0.46040 0.03864
v -0.30466 -0.45723 -0.57476
v -0.32564 -0.44296 0.02019
v -0.31585 -0.04081 0.07216
v -0.33813 -0.09014 0.16849
v -0.31984 0.02610 0.04996
v -0.32142 -0.00776 0.00241
v -0.32220 -0.20957 0.26114
v -0.31126 -0.48349 -0.57689
v -0.30288 -0.25521 -0.74352
v -0.31965 0.01452 -0.02385
v -0.33540 -0.00237 0.00767
v -0.34066 -0.29072 -0.27505
v -0.34156 -0.02471 0.10709
v -0.29580 -0.39965 0.09870
v -0.32388 -0.08158 0.16089
v -0.32763 -0.20752 0.30238
v -0.29282 -0.38177 0.08182
v -0.34862 -0.39976 0.06133
v -0.31482 -0.48241 -0.56115
v -0.33854 -0.17618 -0.27724
v -0.32188 -0.05877 0.26086
v -0.33456 -0.46150 0.05353
v -0.30740 -0.34609 0.08249
v -0.32877 -0.19062 0.23559
v -0.29893 0.21092 0.12618
v -0.31318 0.03748 -0.05701
v -0.33651 -0.37150 -0.28476
v -0.31212 -0.25839 -0.20348
v -0.30684 0.19949 -0.06758
v -0.30359 0.47409 0.07416
v -0.33088 -0.27103 0.23390
v -0.33358 -0.03812 0.08302
v -0.32258 -0.22135 -0.94654
v -0.33152 -0.48244 -0.48374
v -0.32012 -0.23782 -0.65465
v -0.33240 0.07642 0.14148
v -0.33366 0.01686 0.02199
v -0.31769 -0.26973 -0.21501
v -0.33291 -0.21962 -0.30613
v -0.30050 -0.14161 -0.32281
v -0.31027 -0.28228 0.33061
v -0.32950 0.18207 -0.06821
v -0.33242 -0.03258 0.08998
v -0.33393 -0.07444 0.19951
v -0.33217 -0.36481 -0.29233
v -0.31302 -0.29826 -0.28284
v -0.34269 -0.27586 0.15410
v -0.32003 -0.17379 0.05417
v -0.32686 -0.12157 0.01215
v -0.33690 0.51231 0.18028
v -0.33145 -0.12604 0.31618
v -0.33388 -0.16550 0.32613
v -0.34134 -0.29778 0.14884
v -0.31013 -0.28207 -0.22806
v -0.34185 -0.27636 0.23994
v -0.26589 -0.38370 0.37694
v -0.29883 0.33933 0.14452
v -0.29685 -0.33005 -0.29315
v -0.32895 -0.41538 0.12846
v -0.30748 -0.10699 -0.00334
v -0.32598 -0.21829 0.06645
v -0.29934 -0.22601 0.36424
v -0.33579 -0.10807 0.26517
v -0.33079 -0.24470 0.14340
v -0.33128 0.00718 0.01742
v -0.33846 -0.24490 0.38066
v -0.30372 -0.36282 -0.40940
v -0.31986 -0.18392 -0.33658
v -0.32235 -0.21927 -0.34716
v -0.34560 -0.27766 0.13733
v -0.31849 -0.20543 0.24690
v -0.30742 -0.14893 0.06817
v -0.33187 -0.22399 0.30709
v -0.31783 -0.11060 0.00195
v -0.32824 -0.14550 0.33643
v -0.32472 -0.00070 -0.01525
v -0.32800 -0.19175 0.33783
v -0.33872 -0.36075 0.04656
v -0.29501 -0.30661 -0.83718
v -0.30604 -0.03925 0.07634
v -0.32513 -0.23245 0.04782
v -0.34137 -0.29094 0.15162
v -0.30829 -0.06734 0.29209
v -0.32867 -0.14505 -0.59821
v -0.26380 -0.41339 0.29652
v -0.29961 -0.48326 -0.47139
v -0.32610 -0.03027 0.07535
v -0.29975 0.18427 0.12918
v -0.31475 0.19213 0.13817
v -0.33206 -0.41965 -0.35560
v -0.32740 0.01721 -0.02588
v -0.34655 -0.37584 0.04360
v -0.34792 -0.36614 0.19344
v -0.34070 -0.39213 0.05641
v -0.33767 -0.41382 0.06379
v -0.31487 -0.15645 0.21856
v -0.33808 -0.23143 0.13916
v -0.34640 -0.38398 0.06208
v -0.33398 -0.37747 0.06203
v -0.32709 -0.10594 0.28880
v -0.33053 0.09192 0.14737
v -0.31686 -0.29139 0.38413
v -0.31908 -0.25779 -0.40063
v -0.30072 0.19904 0.12983
v -0.31770 -0.00621 0.07061
v -0.31496 -0.24366 -0.71537
v -0.34007 -0.18180 -0.30825
v -0.32280 -0.30342 -0.28043
v -0.33978 -0.21273 -0.34973
v -0.32193 -0.19688 0.34685
v -0.29542 -0.21404 -0.92199
v -0.34122 -0.36786 0.05835
v -0.30997 -0.31379 -0.28934
v -0.34323 0.47447 0.17701
v -0.32389 -0.27195 0.13531
v -0.31470 -0.11294 0.05960
v -0.32903 -0.26681 0.23136
v -0.31079 0.38457 0.02809
v -0.31422 0.17794 -0.07283
v -0.31144 0.01671 -0.04336
v -0.27590 0.47938 0.11459
v -0.32627 -0.20622 0.28290
v -0.34250 -0.12404 0.32095
v -0.33179 -0.18434 -0.29876
v -0.30612 0.50327 0.19950
v -0.29185 0.56565 0.13359
v -0.28680 0.10995 0.14263
v -0.31448 -0.05632 0.18315
v -0.29536 -0.18055 0.06344
v -0.32295 -0.21310 0.26517
v -0.31947 -0.44072 0.02238
v -0.29529 -0.27616 -0.21370
v -0.32170 -0.27935 -0.78594
v -0.30259 -0.24501 -0.79007
v -0.30945 -0.28267 -0.74751
v -0.30893 -0.26202 -0.74811
v -0.30947 0.03336 -0.04890
v -0.31457 0.45943 0.06860
v -0.32495 -0.17369 -0.60964
v -0.31856 -0.30209 0.35404
v -0.29823 -0.20737 -0.90021
v -0.33378 -0.17166 -0.63855
v -0.31898 0.08894 0.16004
v -0.32487 -0.20852 0.34797
v -0.32421 -0.05670 0.26553
v -0.29831 0.37408 0.15257
v -0.33052 -0.24417 0.38992
v -0.33897 -0.24295 0.02421
v -0.33822 -0.24230 0.03516
v -0.33231 -0.22599 0.05141
v -0.31563 -0.04973 0.30760
v -0.33123 -0.28014 -0.84788
v -0.30823 -0.32479 -0.45649
v -0.31080 0.09810 0.16086
v -0.31331 -0.29410 0.35776
v -0.31986 0.12563 0.14903
v -0.32289 0.35691 0.04210
v -0.26051 -0.24288 -0.86423
v -0.31452 -0.23448 0.36833
v -0.33453 -0.26351 0.38406
v -0.33233 -0.07292 0.12611
v -0.32098 -0.18571 -0.32424
v -0.32636 -0.07031 0.28597
v -0.33529 0.47002 0.18365
v -0.32772 -0.35889 0.11260
v -0.33020 -0.08932 0.27765
v -0.31377 -0.03891 0.07369
v -0.30913 0.38691 0.03619
v -0.30454 0.04403 -0.05686
v -0.30685 0.03111 -0.03297
v -0.30831 -0.21962 0.35040
v -0.31723 -0.18322 0.23657
v -0.32820 0.44867 0.18540
v -0.30742 -0.29130 0.39330
v -0.31029 -0.14383 -0.26799
v -0.29204 -0.17813 -0.89698
v -0.29521 -0.41174 0.07299
v -0.32452 -0.05506 0.12530
v -0.32664 -0.25415 0.39530
v -0.32884 -0.28145 0.38667
v -0.33056 0.42355 0.16081
v -0.32294 -0.12508 -0.62422
v -0.30536 -0.48265 -0.48225
v -0.33210 -0.24095 0.16045
v -0.28747 -0.23181 0.35702
v -0.32068 0.20192 -0.05279
v -0.31682 -0.22493 -0.66107
v -0.33532 -0.09288 0.29232
v -0.32910 -0.37352 -0.29403
v -0.30101 -0.53813 -0.84836
v -0.32156 -0.21278 0.26477
v -0.31014 -0.43256 0.07677
v -0.31500 -0.23990 0.36092
v -0.34634 -0.24520 0.03428
v -0.30730 -0.18975 -0.59189
v -0.31730 -0.24163 0.35787
v -0.33364 -0.24224 0.14573
v -0.31421 -0.03893 0.03401
v -0.33724 0.46127 0.15858
v -0.31511 -0.07074 0.34754
v -0.32525 0.42294 0.16558
v -0.31007 -0.16656 0.06387
v -0.30306 0.18318 -0.06622
v -0.29101 0.47308 0.08177
v -0.30167 -0.35042 -0.30048
v -0.30591 -0.25874 -0.73466
v -0.30575 -0.25822 -0.73495
v -0.31594 -0.23106 -0.71602
v -0.28963 -0.20601 -0.87337
v -0.33274 -0.17361 -0.62155
v -0.32932 -0.23697 0.16882
v -0.32395 -0.08993 0.29239
v -0.32033 -0.06131 0.16436
v -0.26176 0.53128 0.16493
v -0.32788 -0.18570 -0.32246
v -0.33122 -0.40176 -0.33363
v -0.33445 0.44935 0.17244
v -0.31765 -0.00992 0.10418
v -0.31472 -0.43948 0.02301
v -0.32595 0.37459 0.12784
v -0.30929 -0.43019 0.31011
v -0.29111 -0.19221 -0.88024
v -0.33525 -0.25070 -0.74780
v -0.29158 0.38461 0.03245
v -0.32880 -0.24342 0.18328
v -0.30605 -0.18760 -0.33932
v -0.32200 -0.21774 -0.34986
v -0.32752 -0.21467 0.06146
v -0.32944 -0.20770 0.06559
v -0.30778 -0.10867 -0.64127
v -0.32474 0.48597 0.19005
v -0.33458 -0.13496 -0.60719
v -0.30677 -0.06117 0.22958
v -0.32751 -0.18788 -0.62990
v -0.31310 -0.10227 0.02543
v -0.32524 -0.19275 0.34098
v -0.31454 -0.05566 0.23439
v -0.30842 0.49031 0.19299
v -0.29454 -0.22801 -0.38032
v -0.34253 0.44984 0.17413
v -0.33045 -0.39746 0.12894
v -0.31932 -0.18327 0.33727
v -0.29539 -0.17394 -0.35685
v -0.32607 -0.44466 0.13672
v -0.32239 -0.43290 0.06387
v -0.25457 -0.54646 -0.81694
v -0.29708 -0.47956 -0.47255
v -0.29101 -0.27164 -0.21386
v -0.31208 -0.08660 0.27262
v -0.31235 -0.09009 0.26651
v -0.31410 -0.09201 0.26624
v -0.31397 -0.08935 0.27114
v -0.31376 -0.21792 0.26571
v -0.28407 -0.30814 -0.82571
v -0.31680 -0.15491 0.07006
v -0.27540 0.23272 0.13342
v -0.29914 -0.54082 -0.79165
v -0.32025 -0.05468 0.18839
v -0.31488 -0.04212 0.20420
v -0.29576 -0.17526 -0.59335
v -0.31577 -0.23438 -0.38784
v -0.33255 0.00327 0.01247
v -0.33280 0.01508 -0.03173
v -0.32515 -0.15743 0.33532
v -0.32282 -0.40885 0.13119
v -0.32843 -0.24054 0.18151
v -0.30292 -0.16100 0.06741
v -0.30481 -0.30268 0.36504
v -0.31128 -0.25003 -0.71587
v -0.29658 0.12785 0.14992
v -0.33398 -0.04318 0.02069
v -0.28077 0.14465 0.11981
v -0.31213 -0.10096 0.10995
v -0.27213 -0.27303 -0.40949
v -0.31762 -0.21316 0.23728
v -0.32800 -0.23232 0.18852
v -0.32371 -0.44901 0.13398
v -0.33024 -0.42972 0.10610
v -0.31300 -0.05245 0.03864
v -0.32484 -0.44669 0.09651
v -0.31023 -0.19814 -0.61675
v -0.30516 -0.15423 -0.63809
v -0.32366 -0.13915 -0.27325
v -0.32404 -0.45140 0.09803
v -0.31144 -0.43139 0.09163
v -0.30588 -0.25890 -0.20366
v -0.33275 -0.44718 0.06791
v -0.31362 0.49772 0.20717
v -0.32290 -0.15480 -0.59465
v -0.31718 -0.04413 0.22570
v -0.32780 -0.02862 0.11643
v -0.31840 -0.04027 0.13742
v -0.33022 0.00851 0.00529
v -0.28363 0.17722 0.12193
v -0.29287 0.18944 -0.07640
v -0.29278 0.35154 0.13185
v -0.30622 -0.25945 -0.72284
v -0.29528 -0.22081 -0.65250
v -0.31008 -0.17232 0.31218
v -0.29707 -0.09039 0.01990
v -0.31444 -0.10514 0.01791
v -0.31037 -0.42649 0.06856
v -0.31025 -0.10072 0.13168
v -0.31870 -0.14282 -0.22467
v -0.32931 -0.16250 -0.25863
v -0.30322 -0.12504 -0.22517
v -0.30956 -0.36439 0.09315
v -0.28264 -0.37395 0.12160
v -0.28904 -0.27076 -0.21256
v -0.28510 -0.26157 -0.19645
v -0.28568 -0.27492 -0.19559
v -0.31321 -0.49628 -0.55463
v -0.28419 0.10178 0.15744
v -0.30873 -0.07104 0.15618
v -0.31916 -0.06605 0.14225
v -0.32751 -0.23362 0.19020
v -0.33168 0.48777 0.18871
v -0.32120 -0.05513 0.10709
v -0.29535 -0.28158 0.33727
v -0.28472 0.12884 0.13290
v -0.31816 -0.31072 0.36781
v -0.29956 -0.06718 0.14922
v -0.30162 -0.48967 -0.54544
v -0.30911 -0.29399 0.38587
v -0.31340 -0.03892 0.08320
v -0.32297 -0.05923 0.25623
v -0.31224 -0.04987 0.30376
v -0.31458 -0.06700 0.01395
v -0.30638 -0.03938 0.20312
v -0.31603 -0.00333 -0.03698
v -0.29593 -0.10180 -0.25490
v -0.28306 0.17357 0.13012
v -0.32259 -0.24152 0.26159
v -0.32042 0.34053 0.13248
v -0.30889 -0.30056 0.37822
v -0.28612 -0.33147 -0.29983
v -0.27183 -0.15412 -0.81746
v -0.29600 0.34144 0.14980
v -0.28644 0.38648 0.03423
v -0.32065 -0.20166 0.32426
v -0.30636 -0.42746 0.12369
v -0.31309 0.00803 -0.03520
v -0.30945 -0.03875 0.23065
v -0.31515 -0.46157 0.05310
v -0.30830 -0.19273 0.23861
v -0.31030 -0.43195 0.08020
v -0.32336 -0.16296 -0.59531
v -0.31537 -0.17466 -0.58818
v -0.32895 0.00559 -0.03412
v -0.32074 -0.20537 0.36167
v -0.30707 0.39773 0.04491
v -0.28463 -0.25133 0.34158
v -0.31258 0.03975 -0.02168
v -0.31242 -0.09531 0.13880
v -0.32296 -0.07467 0.13658
v -0.31269 -0.28773 0.36255
v -0.28837 -0.23555 0.34464
v -0.29455 -0.25912 -0.72345
v -0.21432 -0.26081 -0.74774
v -0.31052 -0.11217 -0.02032
v -0.32498 -0.21182 0.26560
v -0.30610 -0.42801 0.12178
v -0.29262 -0.28418 0.41217
v -0.30436 -0.43924 0.02940
v -0.32766 -0.44782 0.06535
v -0.29173 -0.00997 -0.03632
v -0.29869 -0.14111 0.07861
v -0.29034 0.51995 0.21451
v -0.31865 0.50519 0.20132
v -0.26604 -0.54619 -0.78682
v -0.29332 -0.29673 0.38046
v -0.29813 -0.21125 0.28838
v -0.28103 -0.28007 -0.77301
v -0.30310 -0.25493 0.41509
v -0.28052 0.49579 0.13337
v -0.29816 -0.14738 -0.55069
v -0.31525 -0.03814 0.25799
v -0.30767 -0.03326 0.21400
v -0.31351 0.47419 0.22415
v -0.31404 -0.26973 0.36178
v -0.30490 -0.11344 0.08349
v -0.23253 0.26111 0.13171
v -0.28433 0.17853 -0.07110
v -0.31229 -0.15197 -0.57122
v -0.27984 0.50936 0.12425
v -0.29597 -0.35600 -0.30699
v -0.30074 -0.35278 -0.30529
v -0.31333 0.03096 -0.05135
v -0.29943 -0.14640 0.10751
v -0.31908 -0.21955 0.36067
v -0.30005 -0.17703 -0.34780
v -0.32076 -0.23208 0.25177
v -0.32404 -0.22566 0.26646
v -0.30453 -0.18271 -0.34331
v -0.28709 0.48347 0.09450
v -0.30381 -0.26212 -0.42192
v -0.30810 -0.30195 -0.45600
v -0.30400 -0.03092 0.23847
v -0.30854 -0.09677 0.00204
v -0.26861 -0.26500 -0.87195
v -0.27844 0.33187 0.16230
v -0.30520 -0.21749 0.33944
v -0.31045 -0.23493 0.38474
v -0.31662 -0.20727 0.25127
v -0.27458 0.18360 0.11121
v -0.29489 -0.26253 0.27543
v -0.31360 -0.06630 0.15248
v -0.31554 -0.05697 0.13863
v -0.29494 -0.06596 0.00285
v -0.31264 -0.47810 -0.56279
v -0.31036 -0.46417 -0.56644
v -0.31523 -0.21234 0.35656
v -0.31314 -0.21188 0.35721
v -0.29318 -0.29526 0.37184
v -0.30209 -0.10759 0.13653
v -0.30492 -0.22962 0.34532
v -0.30259 -0.45616 -0.58308
v -0.28239 -0.32718 -0.30212
v -0.28653 -0.21631 -0.66434
v -0.30305 0.15202 0.13295
v -0.30220 -0.03562 0.23404
v -0.31683 -0.25025 0.36393
v -0.31770 -0.24271 0.36561
v -0.28494 -0.19434 0.26492
v -0.32311 -0.19071 -0.31767
v -0.25866 0.51123 0.12688
v -0.28898 -0.47297 -0.54918
v -0.30730 -0.51983 -0.55700
v -0.31605 -0.17459 0.07589
v -0.29294 -0.29156 0.39060
v -0.30654 -0.06451 0.15750
v -0.30883 -0.20429 0.25672
v -0.29969 0.34132 0.14147
v -0.26658 -0.36325 -0.28432
v -0.29413 0.51244 0.10894
v -0.28658 -0.30031 0.36712
v -0.31114 -0.24194 0.35486
v -0.30770 -0.06976 0.15871
v -0.31626 -0.20585 0.35479
v -0.29719 -0.22336 -0.74952
v -0.30725 -0.10547 0.05866
v -0.31424 -0.10999 0.05734
v -0.29143 0.40387 0.20061
v -0.28032 -0.47012 -0.60781
v -0.30188 0.40344 0.20850
v -0.19883 0.09470 -0.08243
v -0.28028 0.19528 -0.07019
v -0.28445 0.52521 0.19546
v -0.30291 -0.00768 -0.03387
v -0.31085 0.02860 -0.05631
v -0.31166 -0.09892 0.02558
v -0.28435 0.23273 0.10500
v -0.30703 -0.11642 0.07619
v -0.30260 -0.09910 0.06945
v -0.28994 -0.41294 0.32271
v -0.29443 -0.32370 -0.46059
v -0.27109 -0.23321 0.46495
v -0.31656 -0.47060 -0.57166
v -0.29594 -0.49293 -0.58875
v -0.27942 -0.23530 -0.66808
v -0.31290 -0.11895 -0.64491
v -0.30656 -0.48528 -0.55210
v -0.30182 -0.02810 0.23825
v -0.27490 -0.29396 -0.29641
v -0.27697 0.10027 0.16326
v -0.27351 0.20513 0.12331
v -0.27134 -0.33758 -0.31002
v -0.27110 0.18853 0.11804
v -0.28492 0.18002 0.12551
v -0.29338 -0.52056 -0.54558
v -0.31006 -0.11226 0.07782
v -0.30038 -0.17696 -0.56528
v -0.28701 -0.19311 0.39550
v -0.29743 -0.09221 0.13362
v -0.31508 -0.09812 0.10613
v -0.30578 -0.05876 0.17790
v -0.27873 -0.06460 -0.17471
v -0.30854 -0.14164 -0.16488
v -0.30651 -0.04446 0.34029
v -0.30343 -0.04879 0.18418
v -0.28246 -0.03874 0.17470
v -0.27115 0.50641 0.13829
v -0.31281 -0.21773 0.27022
v -0.27942 -0.21959 -0.64848
v -0.27660 -0.26882 -0.45433
v -0.29052 0.11010 0.16121
v -0.31029 -0.05266 0.01578
v -0.29955 -0.10672 0.10722
v -0.27537 0.53541 0.17012
v -0.27969 -0.23521 -0.68978
v -0.32312 0.36402 0.03652
v -0.27303 -0.30436 -0.82016
v -0.30550 -0.11330 0.11225
v -0.30187 -0.10367 -0.65855
v -0.29429 -0.20489 0.40047
v -0.28280 -0.36775 -0.32699
v -0.27986 -0.02625 0.24575
v -0.25964 -0.30272 0.40430
v -0.28575 -0.22485 -0.68972
v -0.27940 -0.47012 -0.49385
v -0.30798 -0.03214 0.24281
v -0.30076 -0.02717 0.24089
v -0.29889 -0.34362 -0.45961
v -0.28579 0.38629 0.28030
v -0.25631 0.03697 0.38328
v -0.26854 -0.02625 0.22607
v -0.28488 0.33899 0.14554
v -0.29000 -0.13724 -0.11259
v -0.28524 0.15922 0.08539
v -0.29002 -0.17532 -0.36012
v -0.27518 -0.29231 -0.79173
v -0.27039 -0.33532 -0.50878
v -0.30334 -0.32760 -0.45802
v -0.29271 -0.07572 -0.00562
v -0.30103 -0.09322 0.02041
v -0.30423 -0.16126 -0.56242
v -0.28274 -0.25069 -0.18907
v -0.28882 -0.35684 -0.31499
v -0.26334 0.16960 -0.07560
v -0.29139 -0.01275 0.26200
v -0.26569 0.25470 0.14936
v -0.29985 -0.10536 -0.64869
v -0.30241 -0.09472 -0.67592
v -0.25715 -0.53947 -0.82970
v -0.29280 -0.10514 -0.67005
v -0.30908 -0.10701 -0.64312
v -0.27326 -0.02060 -0.51602
v -0.27668 0.17797 0.12582
v -0.30562 -0.04278 0.33593
v -0.26962 0.38719 0.03751
v -0.24275 -0.24581 -0.67598
v -0.24839 -0.02391 0.19683
v -0.28385 0.17736 -0.07470
v -0.23916 -0.39569 0.35243
v -0.29618 -0.06939 -0.00881
v -0.28019 -0.05749 -0.00195
v -0.25321 0.48175 0.14642
v -0.29284 -0.12544 -0.57025
v -0.29425 -0.14249 -0.53740
v -0.27495 -0.29207 -0.79341
v -0.28618 -0.08561 0.00634
v -0.27683 -0.36861 -0.32904
v -0.28228 0.38601 0.04389
v -0.27059 -0.03516 -0.03790
v -0.29923 -0.32450 -0.46984
v -0.27361 -0.46507 -0.55361
v -0.29188 -0.14748 -0.10994
v -0.30197 -0.09615 0.00305
v -0.28225 -0.07519 -0.02679
v -0.27905 -0.23552 0.42302
v -0.29449 -0.50425 -0.52452
v -0.29456 -0.49026 -0.53482
v -0.26824 -0.35716 -0.46014
v -0.28015 -0.11970 -0.30438
v -0.25325 -0.14488 -0.27791
v -0.29275 -0.14050 -0.33264
v -0.28054 -0.37557 -0.33404
v -0.27273 -0.52707 -0.83323
v -0.30540 -0.03082 0.24194
v -0.28389 -0.01520 0.22235
v -0.29025 -0.06792 0.34768
v -0.27539 -0.28837 -0.79029
v -0.26556 -0.27364 -0.19961
v -0.27307 0.47905 0.14989
v -0.27684 -0.08742 0.02792
v -0.29734 0.34661 0.14005
v -0.27809 -0.07522 -0.69327
v -0.29069 -0.08285 -0.68843
v -0.25568 0.50105 0.17284
v -0.28023 -0.30878 0.38747
v -0.28422 -0.11607 -0.54943
v -0.28387 0.00038 -0.06394
v -0.25596 -0.37938 -0.35065
v -0.27877 -0.47530 -0.49033
v -0.27267 -0.45065 -0.58849
v -0.27795 -0.19283 -0.35885
v -0.23872 -0.10196 -0.21463
v -0.28421 0.19560 -0.06946
v -0.25971 0.18370 -0.07806
v -0.28138 -0.37685 -0.33555
v -0.21107 0.45013 0.21096
v -0.27273 0.21833 0.12830
v -0.25769 -0.16923 -0.83329
v -0.26055 0.02812 -0.06683
v -0.26054 0.18669 -0.06207
v -0.28383 0.38294 0.03469
v -0.27074 -0.09718 -0.26367
v -0.27888 -0.10519 -0.29613
v -0.28538 -0.13626 -0.33270
v -0.29669 -0.13291 -0.31824
v -0.28894 -0.09246 0.10125
v -0.29330 -0.08009 -0.67024
v -0.25476 -0.34770 -0.50062
v -0.28542 -0.34936 -0.45581
v -0.21863 -0.43021 -0.76156
v -0.25111 -0.13152 -0.30126
v -0.27001 -0.00098 0.27045
v -0.29070 -0.09036 -0.19657
v -0.27591 0.16034 -0.07012
v -0.25062 -0.23027 -0.66938
v -0.29378 0.39093 0.21009
v -0.29826 -0.08973 -0.66324
v -0.29741 -0.10117 -0.24872
v -0.27452 0.12367 0.14492
v -0.27217 0.00453 0.26550
v -0.26271 -0.22609 -0.56783
v -0.27931 0.39703 0.03943
v -0.28391 -0.48941 -0.52722
v -0.27451 -0.13458 -0.31942
v -0.27151 0.16245 0.11574
v -0.28198 -0.31699 0.40659
v -0.29063 0.33554 0.13758
v -0.30097 -0.05021 0.35801
v -0.27019 -0.07471 0.39442
v -0.27910 -0.01819 0.38968
v -0.25017 -0.15775 0.46746
v -0.26947 0.22592 0.13154
v -0.25342 -0.20614 -0.38156
v -0.27872 -0.16750 -0.51842
v -0.26235 -0.13143 -0.79493
v -0.26654 -0.21888 0.41971
v -0.27728 0.16436 -0.07543
v -0.26005 0.25396 0.13391
v -0.27847 0.22025 0.12977
v -0.27061 -0.21534 -0.60974
v -0.28664 -0.24178 0.44019
v -0.25633 0.18006 0.15409
v -0.30797 -0.15793 -0.09788
v -0.24856 -0.26422 -0.85056
v -0.25018 -0.53742 -0.82627
v -0.26910 -0.34015 -0.31796
v -0.26665 -0.15780 -0.35921
v -0.26624 -0.14615 -0.34075
v -0.25165 0.18486 -0.06925
v -0.25463 0.39168 0.05687
v -0.26763 -0.35260 -0.31839
v -0.28665 -0.08128 -0.69666
v -0.26836 -0.07863 -0.69662
v -0.28340 0.33865 0.14576
v -0.25726 0.00822 -0.06368
v -0.25596 0.48542 0.17166
v -0.28944 -0.21162 0.41654
v -0.27070 -0.44680 -0.57967
v -0.26119 -0.42249 0.27877
v -0.25421 0.48235 0.14506
v -0.25704 -0.30035 0.50913
v -0.24375 -0.36708 -0.34294
v -0.27778 0.36243 0.25043
v -0.28359 -0.00700 0.31634
v -0.26256 -0.47969 -0.48832
v -0.27454 -0.19464 -0.36436
v -0.28613 -0.09394 -0.22540
v -0.28341 0.22249 0.12396
v -0.27609 -0.49081 -0.52701
v -0.26911 -0.00415 -0.05779
v -0.25811 0.04061 0.16700
v -0.28102 -0.13638 -0.10328
v -0.26521 -0.07894 -0.72213
v -0.25293 -0.17069 -0.35202
v -0.27310 -0.47972 -0.48251
v -0.28449 0.22778 0.12969
v -0.25560 -0.27678 -0.19280
v -0.28338 -0.34951 -0.46509
v -0.24829 0.10040 0.14823
v -0.28190 -0.13544 -0.52053
v -0.26526 -0.24829 -0.19000
v -0.23466 -0.37558 -0.31312
v -0.26825 -0.21306 0.45891
v -0.25985 -0.40501 0.36473
v -0.24782 0.18868 -0.06218
v -0.20810 0.41943 0.26129
v -0.27159 0.36136 0.24776
v -0.24535 0.47593 0.16355
v -0.26586 -0.53021 -0.53809
v -0.26654 -0.03981 -0.03442
v -0.25487 -0.20293 -0.38159
v -0.27482 -0.23723 -0.65309
v -0.23595 0.19829 -0.06627
v -0.27128 -0.06460 -0.00020
v -0.24797 0.37874 0.06250
v -0.26438 -0.05945 -0.01861
v -0.26074 0.22587 0.13604
v -0.24653 -0.22817 -0.59885
v -0.25330 0.00341 -0.05734
v -0.27160 -0.04713 0.20355
v -0.25789 -0.06441 -0.20107
v -0.28471 -0.14852 -0.51981
v -0.25436 0.10163 0.14792
v -0.27539 -0.12815 -0.10761
v -0.26826 0.39572 0.29248
v -0.25256 -0.36327 -0.42398
v -0.27024 0.23955 0.14218
v -0.27079 0.25313 0.14507
v -0.27130 -0.35111 -0.32147
v -0.25304 0.40363 0.29726
v -0.28337 -0.48829 -0.51532
v -0.28922 -0.29663 0.39275
v -0.27434 -0.31928 0.40856
v -0.27178 -0.04517 0.42925
v -0.27141 0.35590 0.24580
v -0.27473 0.18217 0.12835
v -0.26450 -0.12479 -0.55412
v -0.26556 -0.12615 -0.55870
v -0.26121 -0.27628 -0.49960
v -0.26557 0.38289 0.09538
v -0.27441 -0.19027 0.41137
v -0.27862 -0.50977 -0.51288
v -0.23543 -0.55061 -0.81641
v -0.24609 -0.05294 -0.02890
v -0.28319 -0.12974 -0.50775
v -0.27948 -0.24644 0.47234
v -0.27638 0.33530 0.14797
v -0.27745 -0.20452 0.42915
v -0.26083 -0.08428 -0.71269
v -0.27485 -0.48229 -0.49732
v -0.23768 -0.33636 -0.45765
v -0.25617 -0.07434 -0.22007
v -0.26599 -0.07001 -0.21377
v -0.25767 -0.06876 -0.20919
v -0.25697 -0.02996 -0.04208
v -0.25861 -0.26669 -0.44815
v -0.27914 0.38040 0.27291
v -0.27983 -0.07038 0.01031
v -0.27921 -0.07000 0.00082
v -0.28020 -0.16416 -0.52524
v -0.27304 -0.12816 -0.08344
v -0.28845 0.35312 0.25297
v -0.21973 0.16124 -0.07176
v -0.26858 -0.44988 -0.58266
v -0.27401 -0.26565 -0.44739
v -0.20889 -0.27358 -0.43524
v -0.24661 0.15383 -0.08179
v -0.28347 -0.18614 0.41590
v -0.27349 0.40120 0.28823
v -0.24966 -0.22809 -0.83487
v -0.27103 0.00739 0.29425
v -0.26206 -0.18862 0.39871
v -0.26878 -0.06172 0.00446
v -0.27046 -0.20107 -0.64092
v -0.25726 -0.06745 -0.20944
v -0.25907 -0.33483 -0.29272
v -0.22767 0.17580 0.14497
v -0.26707 0.33173 0.15779
v -0.24981 -0.42751 -0.51776
v -0.25992 0.35897 0.27405
v -0.25719 -0.10704 -0.07665
v -0.27350 -0.29651 0.41384
v -0.25736 -0.27747 0.50850
v -0.26642 -0.21775 -0.62068
v -0.24928 -0.21381 -0.59681
v -0.25236 -0.34830 -0.33386
v -0.17867 0.20487 -0.04704
v -0.27885 -0.47965 -0.49810
v -0.23831 -0.03057 0.22409
v -0.24750 -0.36181 -0.45672
v -0.27908 -0.22554 -0.65925
v -0.26764 -0.03887 0.21275
v -0.26515 0.33816 0.23510
v -0.27867 -0.48694 -0.50354
v -0.24570 -0.27881 -0.16853
v -0.23728 -0.24949 -0.42999
v -0.24963 -0.17501 -0.36684
v -0.26614 -0.07513 -0.23520
v -0.25819 -0.05835 -0.18567
v -0.25433 -0.06263 -0.19568
v -0.26605 0.17597 -0.07541
v -0.27964 -0.28760 0.40289
v -0.24643 0.19154 -0.06523
v -0.27174 -0.05449 -0.02088
v -0.28079 -0.06414 -0.01137
v -0.26442 0.16027 0.11287
v -0.26863 0.16520 0.12046
v -0.26373 0.40797 0.28806
v -0.28290 0.01263 0.30286
v -0.27798 0.00173 0.28257
v -0.27497 -0.11459 -0.51523
v -0.26318 0.01726 0.28661
v -0.26380 0.01472 0.28014
v -0.24497 0.27393 0.15566
v -0.25673 -0.34189 -0.33115
v -0.24448 -0.19195 -0.36554
v -0.26660 -0.20073 -0.36804
v -0.26914 -0.37782 0.36726
v -0.25367 -0.28381 -0.51176
v -0.23911 -0.35339 -0.34762
v -0.28059 -0.48998 -0.50298
v -0.27302 -0.18272 0.42913
v -0.25249 -0.11848 0.46965
v -0.22758 0.37107 0.08375
v -0.24613 -0.35724 -0.42385
v -0.26996 -0.07134 -0.18962
v -0.24533 -0.06165 -0.19719
v -0.25978 -0.05365 -0.13758
v -0.26045 -0.35303 -0.51449
v -0.27976 -0.33411 -0.49183
v -0.25011 -0.03330 -0.04162
v -0.23882 0.42655 0.28703
v -0.27635 -0.22683 0.45440
v -0.25799 -0.24511 -0.19140
v -0.27430 -0.48922 -0.51478
v -0.26885 -0.22971 -0.66955
v -0.26971 -0.33068 -0.33730
v -0.27100 0.32032 0.13091
v -0.25964 -0.01115 0.32614
v -0.24557 -0.35262 -0.32957
v -0.24540 -0.22168 0.42280
v -0.25582 -0.25348 0.48948
v -0.27047 -0.17624 -0.51776
v -0.27202 -0.17974 -0.50658
v -0.27254 -0.49977 -0.50848
v -0.26671 -0.19708 0.43997
v -0.25950 -0.26617 0.38279
v -0.25918 -0.26657 0.38273
v -0.25836 0.00030 -0.04097
v -0.22826 -0.17385 -0.33059
v -0.24004 -0.04920 -0.02232
v -0.24048 -0.25200 -0.41885
v -0.26782 -0.48646 -0.52226
v -0.24922 0.03696 0.32434
v -0.27410 -0.31199 -0.30222
v -0.23154 -0.26402 -0.19340
v -0.24098 -0.29168 -0.26956
v -0.23691 -0.22014 -0.39585
v -0.23917 -0.15440 -0.05913
v -0.24815 -0.05011 -0.13784
v -0.24453 -0.07976 -0.71912
v -0.22550 0.25906 0.14079
v -0.26491 -0.33975 0.40986
v -0.27510 0.35502 0.23954
v -0.28203 -0.31597 -0.50675
v -0.26260 0.37268 0.30739
v -0.25754 0.33602 0.20093
v -0.24031 -0.05881 -0.18318
v -0.21718 -0.26369 -0.49920
v -0.24620 0.16232 0.13041
v -0.26889 -0.23172 -0.66574
v -0.26576 -0.23699 -0.67767
v -0.24531 -0.34033 -0.29887
v -0.27132 -0.44241 -0.58338
v -0.23657 -0.14263 -0.49015
v -0.20364 0.39959 0.14667
v -0.24683 -0.54866 -0.81366
v -0.25393 0.26757 0.15121
v -0.23561 0.39200 0.06511
v -0.26293 -0.35288 -0.48761
v -0.24150 0.19947 0.15194
v -0.24845 -0.35335 0.40967
v -0.25327 0.38673 0.30760
v -0.24362 -0.05536 -0.01698
v -0.21821 0.42716 0.15739
v -0.26088 -0.18360 0.44193
v -0.26428 0.04612 0.33070
v -0.24833 -0.24598 -0.66250
v -0.27262 0.33840 0.21739
v -0.25007 -0.45811 -0.53365
v -0.23947 -0.02698 0.45036
v -0.25488 -0.24170 -0.66249
v -0.25823 -0.20810 -0.39491
v -0.25676 -0.05553 0.43504
v -0.24173 -0.32374 0.43034
v -0.21734 0.37560 0.09824
v -0.26068 -0.43221 -0.57347
v -0.26240 0.03340 0.27903
v -0.24437 -0.36085 -0.42036
v -0.23490 0.05652 0.17607
v -0.24158 -0.02468 -0.04426
v -0.26817 -0.20944 0.45986
v -0.26085 0.19141 0.13999
v -0.25106 -0.21821 0.43928
v -0.23040 -0.26428 -0.80119
v -0.26345 0.02516 0.28061
v -0.25758 -0.31840 0.47345
v -0.22640 -0.35348 -0.49309
v -0.26431 -0.12648 -0.06509
v -0.27705 -0.13280 -0.08121
v -0.20838 -0.10453 -0.43054
v -0.27519 -0.19223 -0.51180
v -0.22183 -0.06848 -0.03333
v -0.25843 -0.42981 -0.56788
v -0.26523 -0.23662 -0.67952
v -0.27039 -0.44841 -0.58336
v -0.22861 -0.01008 -0.05328
v -0.21636 0.42186 0.26868
v -0.25989 -0.25917 -0.78322
v -0.25759 -0.04440 0.46261
v -0.26711 -0.28278 -0.50338
v -0.25042 0.20360 0.11405
v -0.26811 -0.20068 -0.51563
v -0.26595 -0.20263 -0.51064
v -0.22304 -0.14186 -0.80220
v -0.25000 -0.21088 -0.70825
v -0.21373 -0.34332 -0.49594
v -0.24441 -0.21577 0.44680
v -0.25875 -0.19085 -0.37296
v -0.27104 -0.03800 0.19981
v -0.25733 -0.02386 0.16747
v -0.23547 -0.22097 -0.39255
v -0.25472 -0.12365 0.46149
v -0.23417 -0.02744 -0.03810
v -0.26355 -0.09957 0.46638
v -0.25591 -0.34898 0.41907
v -0.25399 -0.24827 -0.67782
v -0.26217 -0.26404 -0.16872
v -0.24355 -0.55047 -0.80051
v -0.21402 -0.26494 -0.42839
v -0.26607 -0.06571 0.21298
v -0.24331 -0.05592 -0.17869
v -0.22657 -0.09090 -0.75296
v -0.25935 0.34569 0.21684
v -0.24495 -0.38485 0.40056
v -0.24573 0.20370 0.11397
v -0.25588 0.32124 0.17795
v -0.24030 0.14169 -0.06836
v -0.25616 -0.26659 0.51151
v -0.22210 -0.13564 -0.78040
v -0.20982 -0.27067 -0.48796
v -0.24382 -0.32023 0.48469
v -0.25948 -0.32859 0.38279
v -0.22397 -0.35867 -0.49045
v -0.23916 -0.19075 -0.35304
v -0.24386 -0.21922 -0.58566
v -0.23898 -0.04930 -0.03610
v -0.24838 0.29355 0.15646
v -0.23590 -0.01099 0.44722
v -0.22381 -0.12962 -0.11081
v -0.26643 -0.28210 -0.21034
v -0.24937 -0.32836 -0.24795
v -0.24634 -0.18210 -0.36432
v -0.22954 -0.33954 -0.48581
v -0.22124 -0.31774 -0.56291
v -0.24303 -0.01974 -0.04960
v -0.24694 0.09404 0.14956
v -0.22395 -0.26361 -0.19597
v -0.24477 -0.25189 -0.60957
v -0.23014 0.39891 0.30775
v -0.19456 0.36463 0.11641
v -0.26874 -0.21419 -0.50447
v -0.23036 -0.07798 -0.71464
v -0.24315 0.42176 0.29729
v -0.23455 0.19422 0.15307
v -0.24658 -0.39307 -0.35689
v -0.25013 0.04035 0.26860
v -0.23938 -0.33526 -0.27288
v -0.23956 -0.42454 -0.56996
v -0.25637 -0.23825 -0.50957
v -0.24833 0.04557 0.26439
v -0.22640 -0.26193 -0.61427
v -0.21230 -0.39547 -0.45258
v -0.24229 0.32766 0.22414
v -0.23176 -0.35891 -0.34187
v -0.24983 0.04581 0.37909
v -0.23472 -0.26781 -0.80510
v -0.22587 0.37569 0.08826
v -0.24282 -0.22490 -0.39078
v -0.24633 -0.04863 -0.15380
v -0.24745 -0.04876 -0.15029
v -0.24258 0.10840 0.14371
v -0.21560 0.15193 -0.07432
v -0.22163 0.19152 -0.07144
v -0.23611 0.17364 -0.07221
v -0.23940 -0.42982 -0.58114
v -0.25318 -0.42672 -0.55689
v -0.26149 -0.44818 -0.57417
v -0.25490 -0.30885 0.49987
v -0.25392 -0.18093 -0.35660
v -0.26816 0.11063 0.30524
v -0.25924 -0.34633 0.40356
v -0.24144 -0.43438 -0.58608
v -0.23795 -0.20795 -0.53629
v -0.23846 0.10890 0.15630
v -0.22989 -0.02827 -0.04559
v -0.20085 -0.11753 -0.76102
v -0.24032 -0.53321 -0.82409
v -0.21200 0.42060 0.28002
v -0.26114 -0.44091 -0.57904
v -0.16546 -0.13780 -0.76146
v -0.23231 -0.10077 -0.47264
v -0.26048 -0.43457 -0.56358
v -0.23613 -0.36589 0.41887
v -0.23538 -0.55105 -0.80876
v -0.24751 0.17969 0.15353
v -0.22039 0.19315 -0.06717
v -0.24460 -0.26767 -0.49148
v -0.25019 -0.10554 0.45487
v -0.25027 -0.06501 0.46006
v -0.22833 0.00452 0.19364
v -0.21514 -0.32952 0.47198
v -0.24706 -0.24268 -0.68619
v -0.22509 -0.36738 -0.33689
v -0.22540 -0.35519 -0.34723
v -0.23093 0.20471 0.14270
v -0.25691 0.32742 0.19365
v -0.22730 0.39757 0.30851
v -0.25888 -0.11390 0.46453
v -0.25810 -0.09107 0.45955
v -0.25796 0.34074 0.18823
v -0.22105 -0.34007 -0.49126
v -0.26086 -0.21103 -0.50012
v -0.24086 -0.19073 -0.37195
v -0.24415 0.00591 0.39528
v -0.23477 -0.35041 -0.34899
v -0.24781 -0.21897 -0.48325
v -0.21697 -0.33185 0.39655
v -0.25296 -0.23670 -0.38257
v -0.23630 -0.02590 -0.04738
v -0.24183 0.19593 -0.06617
v -0.24381 -0.32653 0.50685
v -0.23945 -0.44255 -0.61045
v -0.24887 -0.16961 0.46665
v -0.25430 0.15945 0.26251
v -0.25368 0.32852 0.15840
v -0.24739 0.05230 0.36495
v -0.24263 -0.42326 -0.54387
v -0.24242 -0.42129 -0.54703
v -0.16636 0.36585 0.17113
v -0.19957 -0.24258 -0.76345
v -0.19270 0.43561 0.24737
v -0.24113 -0.05434 -0.15861
v -0.26223 0.32838 0.19127
v -0.24978 0.18172 0.29010
v -0.24029 -0.42459 -0.53639
v -0.24123 0.29383 0.15910
v -0.24837 -0.01142 -0.43630
v -0.23365 0.01541 -0.45006
v -0.23221 -0.09276 -0.02003
v -0.24606 0.04708 0.34516
v -0.23438 -0.24857 -0.52231
v -0.25806 0.33061 0.20038
v -0.22133 0.29521 0.33554
v -0.23141 0.19929 0.14968
v -0.24301 0.18138 0.15825
v -0.20374 -0.35092 -0.35915
v -0.20029 -0.13613 -0.35121
v -0.23329 -0.07149 -0.20261
v -0.24341 0.24476 0.21446
v -0.23806 -0.34080 0.42115
v -0.25020 -0.42011 -0.58952
v -0.23484 -0.09893 -0.08921
v -0.24441 -0.26479 -0.64855
v -0.25544 -0.26583 0.51008
v -0.23173 -0.41439 -0.48605
v -0.24174 0.01248 0.16870
v -0.21639 0.04017 0.26262
v -0.21282 -0.34085 -0.35457
v -0.23970 -0.25068 -0.66919
v -0.21336 -0.00134 -0.05926
v -0.22821 -0.54932 -0.80933
v -0.23280 -0.25527 -0.74459
v -0.23766 0.19960 0.15002
v -0.23571 0.18859 -0.06428
v -0.17045 -0.16349 -0.36356
v -0.23037 -0.09315 -0.48458
v -0.23271 -0.04682 -0.42044
v -0.25727 0.29666 0.15317
v -0.24862 -0.26704 -0.15652
v -0.24339 -0.37382 0.39722
v -0.22873 0.42991 0.26329
v -0.21961 0.37736 0.09034
v -0.21654 0.38390 0.09785
v -0.22911 -0.26635 -0.48833
v -0.22773 -0.33131 -0.27032
v -0.22264 -0.01721 -0.05114
v -0.23629 -0.34432 -0.48932
v -0.21439 -0.08361 -0.23386
v -0.23139 0.19152 0.15386
v -0.26290 -0.18680 0.45971
v -0.24464 -0.26391 -0.49076
v -0.23412 0.17834 0.29935
v -0.23170 0.16588 0.30403
v -0.22903 -0.03357 -0.42442
v -0.22270 0.25378 0.33234
v -0.24200 -0.02276 0.45424
v -0.20751 -0.01148 -0.04131
v -0.22859 0.17939 0.16480
v -0.23867 0.28076 0.15411
v -0.20187 -0.25329 -0.41954
v -0.25084 -0.06237 -0.10780
v -0.24487 0.28764 0.14076
v -0.25064 0.01743 0.40031
v -0.24404 -0.29979 0.51076
v -0.24807 -0.09750 -0.05933
v -0.23177 0.11701 0.25620
v -0.22248 -0.41406 -0.47944
v -0.21241 0.11251 0.26278
v -0.24198 -0.02915 -0.44088
v -0.22954 0.00456 0.43484
v -0.22594 -0.26261 -0.75206
v -0.22472 0.21410 0.13197
v -0.19941 -0.07461 -0.02639
v -0.23267 0.19538 0.14550
v -0.22666 -0.55145 -0.79827
v -0.21904 0.18051 0.27786
v -0.24426 -0.04478 -0.11808
v -0.25185 -0.17568 0.47376
v -0.24431 -0.03755 0.45318
v -0.21775 -0.09030 -0.43832
v -0.24106 -0.04348 -0.42449
v -0.23465 -0.29200 -0.56178
v -0.24588 -0.24873 -0.50470
v -0.25011 0.03876 0.36751
v -0.25609 -0.41867 -0.57779
v -0.24887 -0.17813 0.47113
v -0.21756 -0.34258 -0.36824
v -0.24749 0.04667 0.36437
v -0.22395 0.14376 0.31391
v -0.22365 -0.54395 -0.81222
v -0.23584 -0.22420 -0.38883
v -0.25050 -0.42530 -0.59052
v -0.19909 0.14884 0.30495
v -0.21393 -0.08090 -0.74138
v -0.22154 0.00994 -0.61368
v -0.22085 -0.24224 -0.40987
v -0.24790 0.27444 0.14342
v -0.21134 0.41522 0.26843
v -0.22188 0.05974 0.27929
v -0.24505 -0.30126 -0.53991
v -0.20952 0.25249 0.16132
v -0.23730 -0.31330 -0.29978
v -0.20284 0.13919 -0.04189
v -0.24746 -0.16221 0.46322
v -0.22219 -0.34715 -0.37935
v -0.22220 -0.22322 -0.39083
v -0.24256 -0.03633 -0.10115
v -0.23849 -0.10867 -0.05534
v -0.21214 -0.19966 0.47538
v -0.21328 -0.25323 -0.56135
v -0.24841 -0.14551 0.46177
v -0.24692 -0.40666 -0.59333
v -0.24595 -0.38757 0.41871
v -0.24401 0.15641 0.15223
v -0.23049 0.04758 0.26445
v -0.21935 -0.20191 -0.38189
v -0.21520 -0.22842 -0.38894
v -0.24025 0.00199 -0.43194
v -0.24713 -0.04665 -0.11029
v -0.24334 -0.01809 -0.42998
v -0.22604 -0.15444 0.49876
v -0.23596 -0.41130 -0.51019
v -0.20614 -0.30827 -0.31048
v -0.24103 -0.40647 -0.59520
v -0.25407 -0.37594 0.39789
v -0.23332 -0.26752 -0.50285
v -0.24206 -0.25453 -0.52142
v -0.22821 -0.26223 -0.62127
v -0.22334 0.04066 0.24503
v -0.22534 0.05958 0.38768
v -0.21643 0.17441 0.16135
v -0.22811 -0.02948 0.43792
v -0.23449 -0.38696 -0.61537
v -0.20931 -0.37346 -0.63169
v -0.20000 -0.31221 -0.36387
v -0.24317 -0.03511 0.44298
v -0.24563 -0.24831 -0.60397
v -0.18717 0.20506 -0.05450
v -0.21132 0.17792 0.15894
v -0.22545 0.41920 0.25712
v -0.22069 0.00515 -0.05217
v -0.22964 0.20070 0.30907
v -0.24606 -0.39331 0.41183
v -0.23161 -0.30977 -0.30336
v -0.20458 -0.32037 -0.33650
v -0.23940 -0.31578 -0.29962
v -0.24099 -0.15898 0.46893
v -0.21153 -0.32775 -0.25791
v -0.24216 0.26625 0.14506
v -0.23302 0.23930 0.13891
v -0.23629 -0.38219 -0.36836
v -0.22822 0.15242 -0.07446
v -0.22402 -0.27542 -0.46696
v -0.24006 0.20316 -0.06303
v -0.24423 -0.37392 -0.34939
v -0.21397 -0.01897 0.43263
v -0.23869 -0.37623 -0.36365
v -0.23620 -0.42798 -0.52425
v -0.21255 -0.41129 -0.52080
v -0.24210 -0.03640 -0.02941
v -0.24436 -0.16486 0.49215
v -0.23322 0.16357 0.16485
v -0.22724 -0.04547 -0.13804
v -0.22081 -0.01400 -0.05269
v -0.23222 0.04147 0.25403
v -0.21448 0.00143 -0.05120
v -0.21674 -0.07351 -0.00242
v -0.22985 -0.40558 0.43562
v -0.23054 -0.38659 0.41601
v -0.24153 -0.40134 -0.58855
v -0.21971 -0.33368 -0.36963
v -0.24549 -0.39753 -0.58603
v -0.23398 -0.08921 -0.01995
v -0.22965 0.04214 0.24343
v -0.22454 -0.34998 -0.49131
v -0.22989 -0.33265 -0.32597
v -0.21978 -0.24023 -0.56706
v -0.18964 -0.06090 -0.70508
v -0.23138 0.16997 0.17241
v -0.19060 0.37205 0.11536
v -0.23517 -0.06495 -0.03244
v -0.24260 0.11226 0.15437
v -0.23817 0.00212 0.43722
v -0.20903 -0.35830 -0.47624
v -0.23164 -0.30895 -0.54949
v -0.24915 -0.03403 -0.07855
v -0.23599 -0.35845 -0.34444
v -0.20077 0.40350 0.15071
v -0.24098 -0.02923 -0.02769
v -0.23265 -0.36169 -0.34557
v -0.22471 -0.17955 0.50660
v -0.21979 -0.24898 -0.65536
v -0.22778 -0.33079 -0.32706
v -0.22963 0.06972 0.38936
v -0.21181 -0.23977 -0.57152
v -0.22599 -0.30522 -0.56190
v -0.21506 -0.35658 -0.35763
v -0.22742 0.13683 0.17958
v -0.22787 -0.09849 0.58099
v -0.20577 -0.09965 0.61077
v -0.24090 -0.08577 0.54881
v -0.23135 -0.12865 0.55879
v -0.21765 -0.08771 0.50264
v -0.23341 0.09529 0.34591
v -0.23546 -0.05265 -0.03389
v -0.24284 -0.41630 -0.52581
v -0.22470 -0.39998 -0.53309
v -0.23286 -0.12578 -0.45982
v -0.22847 -0.26159 -0.60788
v -0.24913 0.11396 0.15449
v -0.23527 -0.28219 -0.58322
v -0.22572 -0.06221 0.50111
v -0.23317 -0.08250 -0.08032
v -0.23524 -0.05273 0.53488
v -0.24027 0.12037 0.16648
v -0.21149 0.20698 0.19371
v -0.22695 0.18523 0.31752
v -0.19332 -0.39330 -0.64115
v -0.21803 0.14296 0.31896
v -0.21880 -0.29163 -0.59413
v -0.21634 -0.24876 -0.71512
v -0.23581 -0.37631 0.41854
v -0.15443 0.26283 0.02176
v -0.23295 -0.04529 -0.09003
v -0.22754 0.00998 -0.46917
v -0.23226 -0.08426 -0.24954
v -0.23210 -0.15109 0.49622
v -0.22568 -0.04380 0.52536
v -0.22070 0.20423 0.11157
v -0.22990 -0.30576 -0.30228
v -0.19331 0.14498 -0.06352
v -0.23508 -0.02076 0.45923
v -0.20120 -0.34425 -0.54681
v -0.23556 0.16843 0.35070
v -0.21932 0.11840 0.38265
v -0.22027 -0.38305 -0.55586
v -0.22161 0.21755 0.15513
v -0.22038 -0.35208 -0.49885
v -0.21405 -0.25233 -0.70273
v -0.18912 0.34531 0.33038
v -0.23842 0.06204 0.37160
v -0.23676 -0.06909 -0.20685
v -0.19301 0.17015 0.28431
v -0.21108 -0.33294 0.53183
v -0.19060 -0.39281 -0.68187
v -0.22259 -0.27891 -0.62012
v -0.24387 -0.03332 -0.03745
v -0.18601 0.40559 0.21275
v -0.20952 -0.14838 0.57970
v -0.22633 0.02997 0.21490
v -0.21598 -0.01863 -0.06846
v -0.22497 0.13400 0.32624
v -0.21940 -0.38765 -0.53601
v -0.21875 0.03656 0.19871
v -0.22622 -0.27551 -0.62107
v -0.21965 -0.09777 -0.02561
v -0.22739 0.24501 0.31128
v -0.20239 -0.38348 -0.42687
v -0.18957 0.14890 0.30413
v -0.22019 -0.37932 -0.37830
v -0.20863 -0.21397 -0.37606
v -0.21201 -0.06958 -0.03566
v -0.22068 0.03250 0.23013
v -0.19088 0.42014 0.25367
v -0.23246 -0.08503 -0.02913
v -0.22335 0.18906 0.32129
v -0.23305 0.05674 0.39476
v -0.22482 -0.24482 -0.60221
v -0.23426 -0.01975 -0.03343
v -0.22497 -0.24790 -0.56886
v -0.21058 -0.27122 -0.61601
v -0.20446 0.16705 0.13811
v -0.22904 0.12864 0.16148
v -0.20813 -0.14471 -0.42165
v -0.22025 -0.25668 -0.53892
v -0.21358 -0.33107 -0.57819
v -0.22889 0.06836 0.38068
v -0.22536 0.02372 -0.43517
v -0.19485 -0.11009 -0.74384
v -0.22359 0.08794 0.38862
v -0.23038 0.13511 0.16826
v -0.23700 -0.39601 0.43230
v -0.19309 -0.20689 -0.37713
v -0.21219 -0.15171 -0.42314
v -0.18559 -0.26933 -0.47590
v -0.20014 -0.34488 -0.52636
v -0.21879 -0.26146 -0.54212
v -0.19671 0.37922 0.30625
v -0.23472 -0.09743 -0.01592
v -0.22565 -0.01592 0.46775
v -0.21535 0.07237 0.18416
v -0.16166 0.36858 0.16051
v -0.20973 -0.00935 -0.10594
v -0.23418 -0.02127 -0.08306
v -0.21424 -0.04206 0.52733
v -0.18556 -0.39063 -0.71159
v -0.22375 0.00598 0.44502
v -0.23046 -0.00744 0.45563
v -0.22210 0.14041 0.15820
v -0.15804 0.30435 0.06724
v -0.20846 -0.25913 -0.55220
v -0.19729 -0.10131 -0.73987
v -0.22761 0.19760 0.32676
v -0.22638 0.19062 0.33599
v -0.20972 -0.04420 -0.23501
v -0.23429 -0.05323 -0.42253
v -0.20957 -0.05358 -0.22039
v -0.22523 -0.14126 0.56643
v -0.21560 -0.03316 -0.05442
v -0.20882 -0.06682 -0.45974
v -0.20587 -0.08928 -0.39398
v -0.22078 -0.22949 -0.41797
v -0.23169 0.07441 0.38915
v -0.22395 0.03261 0.25998
v -0.21605 0.08199 0.39475
v -0.20917 -0.07516 0.49838
v -0.08638 -0.04190 -0.62329
v -0.20416 -0.11746 -0.76649
v -0.20615 -0.23790 -0.41217
v -0.19003 -0.11050 -0.74975
v -0.20048 0.00170 -0.05977
v -0.20353 -0.01015 -0.05781
v -0.20092 0.02895 -0.06574
v -0.21874 0.01340 0.44108
v -0.21295 -0.23759 0.56982
v -0.21915 -0.25762 -0.68871
v -0.20988 0.18436 0.27804
v -0.19226 -0.32261 -0.35921
v -0.23539 -0.01969 -0.03101
v -0.23174 -0.41474 -0.49597
v -0.19101 -0.30781 -0.57349
v -0.21577 -0.15155 0.47882
v -0.21144 -0.01130 0.47950
v -0.21323 -0.03022 0.51691
v -0.20517 0.02337 -0.46602
v -0.21978 -0.22121 -0.40386
v -0.19766 0.38191 0.30538
v -0.19659 -0.10729 -0.74408
v -0.18991 -0.36939 0.53972
v -0.19828 -0.23071 -0.38183
v -0.21305 -0.23084 -0.38108
v -0.21126 0.06658 0.40508
v -0.20346 0.22527 0.24002
v -0.21521 -0.24490 -0.59120
v -0.21439 0.43003 0.23034
v -0.18901 0.19724 -0.05713
v -0.22337 0.17168 0.30488
v -0.22725 -0.03074 -0.07021
v -0.23507 -0.08497 -0.31755
v -0.23003 -0.17726 0.53906
v -0.22113 -0.19077 -0.41925
v -0.19945 -0.36687 -0.61905
v -0.21720 0.01971 0.42550
v -0.20428 -0.35790 -0.47073
v -0.20901 -0.35723 -0.48307
v -0.23201 -0.09103 -0.02552
v -0.22775 -0.00942 -0.02934
v -0.17512 0.35677 0.13902
v -0.21586 -0.33927 -0.37226
v -0.17583 -0.52322 -0.81838
v -0.20226 0.00108 -0.04978
v -0.19836 -0.14469 -0.35546
v -0.17524 -0.06266 -0.71572
v -0.22291 -0.10078 -0.74053
v -0.22158 -0.10216 -0.00848
v -0.19417 -0.36279 -0.38281
v -0.17405 0.38384 0.18335
v -0.22567 0.18025 0.32255
v -0.19960 0.03837 -0.06982
v -0.22841 0.20425 0.32101
v -0.19769 0.10714 -0.08164
v -0.18001 -0.54040 -0.80824
v -0.17029 -0.12942 -0.76995
v -0.21835 0.27001 0.34107
v -0.22096 0.04020 0.22647
v -0.23693 0.05834 0.25550
v -0.22640 0.10318 0.24438
v -0.21222 -0.07096 -0.04156
v -0.20224 0.07150 0.40648
v -0.22961 -0.05308 -0.31420
v -0.16551 0.30148 0.07539
v -0.22909 -0.08450 -0.42577
v -0.17790 0.13037 0.30739
v -0.22624 -0.19333 -0.41444
v -0.24377 -0.21859 -0.58648
v -0.17535 -0.08263 -0.71451
v -0.19211 0.03388 -0.45995
v -0.20318 0.13887 0.28827
v -0.20008 0.14101 0.28283
v -0.18134 0.12966 0.29579
v -0.22838 0.18874 0.21665
v -0.20773 -0.26024 -0.70333
v -0.21035 -0.10816 -0.42308
v -0.23079 0.19219 0.16121
v -0.21152 -0.14002 0.60065
v -0.22129 0.20028 0.28118
v -0.15131 0.35163 0.28000
v -0.21240 0.19817 0.24586
v -0.17765 0.13676 0.31350
v -0.22860 -0.22549 -0.40428
v -0.21471 0.14025 0.17805
v -0.22782 0.02944 0.21736
v -0.18713 -0.17872 0.52741
v -0.17490 0.37324 0.29670
v -0.22738 -0.18548 -0.41318
v -0.22812 -0.19371 -0.41825
v -0.20054 -0.17372 -0.33835
v -0.21469 -0.12749 -0.41729
v -0.17784 -0.30373 -0.55608
v -0.22104 -0.26219 -0.66275
v -0.22741 -0.41929 -0.47613
v -0.16355 0.32921 0.10880
v -0.22781 0.17811 0.13942
v -0.22188 -0.38031 -0.55808
v -0.18851 -0.28832 -0.56599
v -0.17330 -0.28405 -0.52684
v -0.15409 -0.11641 -0.32382
v -0.20834 0.14212 0.26251
v -0.18714 0.10800 -0.04453
v -0.19428 0.41122 0.23739
v -0.17842 0.40259 0.23055
v -0.18551 0.39813 0.23410
v -0.21443 0.05936 0.22053
v -0.21905 -0.37888 -0.38452
v -0.21258 -0.01888 -0.30264
v -0.22855 0.19448 0.15659
v -0.22204 -0.20207 -0.38885
v -0.21554 -0.25532 -0.38411
v -0.21588 -0.21375 -0.37491
v -0.22096 -0.20080 -0.40096
v -0.21765 -0.20173 -0.40430
v -0.21263 -0.08606 -0.31581
v -0.20664 0.25474 0.34602
v -0.21188 -0.09737 -0.43395
v -0.23081 -0.06386 -0.31567
v -0.23311 -0.16757 0.51611
v -0.20423 -0.24502 -0.42920
v -0.18981 0.03552 -0.06072
v -0.17737 0.08811 -0.06451
v -0.21212 -0.35282 -0.46739
v -0.18516 0.10428 -0.06692
v -0.18398 -0.10494 -0.31179
v -0.21198 0.13965 0.28867
v -0.18182 0.19804 0.14823
v -0.18877 -0.34552 -0.48866
v -0.22384 -0.20851 -0.39417
v -0.21980 -0.36932 -0.37324
v -0.21698 0.21378 0.22717
v -0.21316 -0.06664 -0.25141
v -0.17065 0.01144 -0.37287
v -0.21578 0.04935 0.21935
v -0.18290 0.35355 0.31717
v -0.22148 -0.21011 -0.37234
v -0.18483 0.00158 -0.06315
v -0.21162 0.30454 0.35053
v -0.21087 0.00970 -0.03498
v -0.22289 -0.16974 -0.40618
v -0.21292 -0.26026 -0.40811
v -0.22409 -0.00530 0.48858
v -0.22316 0.18970 0.17059
v -0.15931 0.24422 0.00120
v -0.18398 0.09367 -0.06739
v -0.18389 0.09037 -0.06645
v -0.17464 0.02690 -0.04935
v -0.18492 0.03660 -0.06155
v -0.20503 -0.36573 -0.39436
v -0.14939 -0.07332 0.65397
v -0.20624 0.19794 0.28753
v -0.22694 0.05521 0.23895
v -0.18708 0.14525 0.26232
v -0.21394 0.20534 0.36664
v -0.22325 -0.19147 -0.40170
v -0.22526 0.01056 0.44841
v -0.23173 0.01120 0.43716
v -0.22109 -0.18360 -0.40781
v -0.20523 -0.27075 -0.47647
v -0.18216 -0.22304 -0.37247
v -0.19174 -0.25325 -0.40467
v -0.16240 -0.27436 -0.46732
v -0.19837 -0.20159 -0.37667
v -0.20680 0.16566 0.17245
v -0.22085 0.02266 0.44168
v -0.21491 0.19538 0.20613
v -0.21781 0.20454 0.18806
v -0.22063 0.12150 0.25760
v -0.22185 0.18165 0.16386
v -0.21128 -0.14425 0.57570
v -0.21796 0.07703 0.24166
v -0.22629 0.19608 0.29938
v -0.20417 -0.06726 -0.45817
v -0.19901 0.10781 0.28970
v -0.21713 0.19898 0.22143
v -0.20522 0.00220 -0.04579
v -0.14016 -0.03432 -0.64563
v -0.22280 -0.16130 -0.41118
v -0.20160 -0.16121 -0.36245
v -0.20724 -0.01106 0.53293
v -0.21766 0.17379 0.16538
v -0.20089 -0.09598 -0.41340
v -0.21887 0.16661 0.28462
v -0.19196 0.20359 0.15335
v -0.21339 0.19042 0.15438
v -0.22467 0.16556 0.15506
v -0.21190 -0.19555 0.52658
v -0.15875 0.33635 0.11216
v -0.21455 0.16037 0.18469
v -0.20452 -0.09151 0.60699
v -0.20400 0.03668 0.43080
v -0.21169 0.10442 0.24197
v -0.20376 -0.35481 -0.38313
v -0.23372 -0.24655 -0.57266
v -0.20801 0.13329 0.32294
v -0.19282 0.15902 0.31072
v -0.19937 -0.26203 -0.40832
v -0.18579 -0.13183 0.60472
v -0.22418 -0.23651 -0.56088
v -0.20883 -0.35145 -0.46941
v -0.21380 0.18016 0.26805
v -0.20476 -0.01928 -0.05008
v -0.21600 -0.38431 -0.39015
v -0.22170 -0.37318 -0.56881
v -0.22296 -0.37893 -0.55353
v -0.21337 0.13882 0.16756
v -0.22747 0.19601 0.18641
v -0.22281 -0.04354 0.50856
v -0.21809 -0.15908 -0.41446
v -0.21137 0.09378 0.19424
v -0.21377 -0.30719 -0.53645
v -0.22186 -0.37234 -0.37170
v -0.21204 0.06787 0.23808
v -0.19684 0.06286 0.20105
v -0.17471 0.41608 0.23801
v -0.20113 -0.40240 -0.66548
v -0.22253 0.19557 0.20192
v -0.21969 0.16656 0.16433
v -0.17017 0.34870 0.13268
v -0.22500 0.22457 0.33197
v -0.14630 -0.45625 -0.82540
v -0.18769 -0.23364 -0.39782
v -0.21182 0.03481 0.43816
v -0.19806 0.04054 0.43143
v -0.19334 -0.09683 -0.32082
v -0.21570 -0.31299 -0.53955
v -0.23082 0.10423 0.26842
v -0.20926 -0.33771 -0.55374
v -0.18457 -0.38469 0.52200
v -0.21992 0.19271 0.35672
v -0.20873 0.08997 0.22938
v -0.21307 0.03028 0.43170
v -0.22520 0.15334 0.19765
v -0.19038 -0.09562 0.62240
v -0.21596 -0.12979 0.60119
v -0.22523 0.16051 0.18312
v -0.20238 -0.11375 -0.42909
v -0.21525 0.17689 0.16906
v -0.22123 0.14956 0.17583
v -0.22005 -0.36722 -0.38322
v -0.22001 0.15667 0.18696
v -0.21329 -0.15838 0.55990
v -0.20576 -0.23101 0.58784
v -0.18390 -0.07482 -0.45856
v -0.22105 0.08611 0.22192
v -0.21321 -0.27670 -0.65177
v -0.22701 0.06516 0.25355
v -0.22285 -0.25980 -0.40342
v -0.21683 -0.25505 -0.38911
v -0.21497 -0.24705 -0.41357
v -0.19305 0.30831 0.34229
v -0.21753 0.27252 0.33040
v -0.22257 0.04488 0.25192
v -0.19885 -0.09742 0.60357
v -0.21349 -0.39422 -0.45043
v -0.18616 -0.08807 -0.43624
v -0.22323 0.13915 0.19188
v -0.20161 0.16197 0.17074
v -0.21799 -0.12756 0.60890
v -0.22164 0.18971 0.20688
v -0.22063 0.12552 0.18512
v -0.21396 -0.35863 -0.46865
v -0.18314 0.15816 0.29423
v -0.17579 0.20742 -0.02356
v -0.17831 0.33633 0.33318
v -0.21375 -0.24359 -0.42317
v -0.20771 -0.25557 -0.70837
v -0.20569 0.15105 0.29676
v -0.19594 -0.33767 0.52735
v -0.20197 0.14734 0.28403
v -0.20506 -0.09828 -0.41945
v -0.19694 -0.10054 -0.35359
v -0.20528 -0.13366 0.62403
v -0.21587 -0.23015 -0.69065
v -0.21318 -0.27404 -0.68927
v -0.20727 -0.04625 0.52402
v -0.19654 0.02294 0.47009
v -0.20969 0.12855 0.20908
v -0.20215 -0.13008 -0.44824
v -0.21520 -0.14673 -0.41963
v -0.17744 0.03550 -0.03476
v -0.19499 -0.25898 -0.47779
v -0.21201 -0.35811 -0.46298
v -0.19154 -0.31560 0.58040
v -0.20029 0.11905 0.17399
v -0.21796 -0.15654 0.54084
v -0.21871 -0.25348 -0.54262
v -0.21660 0.11046 0.24165
v -0.17553 0.40635 0.19184
v -0.19208 0.20959 0.17554
v -0.18037 -0.38310 -0.45506
v -0.22808 -0.19894 -0.41347
v -0.22316 0.04458 0.22433
v -0.20609 -0.16667 -0.34653
v -0.19541 0.19696 0.36888
v -0.19394 0.00517 0.50154
v -0.21381 -0.36694 -0.38088
v -0.18851 -0.28465 -0.65812
v -0.18026 -0.29069 -0.65383
v -0.21126 0.07212 0.40083
v -0.22194 -0.24660 -0.56799
v -0.19357 -0.25523 -0.71841
v -0.21140 -0.42286 -0.44096
v -0.20392 -0.01328 -0.30115
v -0.20496 -0.40317 -0.65315
v -0.17139 0.19115 -0.03498
v -0.17592 -0.21210 -0.37592
v -0.21777 -0.07901 -0.44314
v -0.19796 0.13792 0.30397
v -0.21194 0.12403 0.30306
v -0.21026 -0.08131 -0.38805
v -0.21792 -0.08329 -0.42123
v -0.21387 0.15345 0.28904
v -0.20743 0.13021 0.30491
v -0.17201 0.07936 0.21532
v -0.20105 0.20137 0.25297
v -0.19986 -0.00864 0.52290
v -0.19935 0.02675 0.46627
v -0.17583 0.38900 0.18668
v -0.16482 0.18871 -0.04336
v -0.20908 -0.14629 0.57804
v -0.19131 -0.34848 -0.62872
v -0.17829 0.35089 0.31081
v -0.21070 -0.24717 -0.42650
v -0.21331 -0.28082 -0.48048
v -0.19187 -0.09280 0.61437
v -0.19528 0.03355 -0.47861
v -0.19979 0.00646 -0.36520
v -0.16985 0.32207 0.32535
v -0.17776 -0.12524 -0.24320
v -0.19337 -0.35664 -0.37941
v -0.20757 0.06626 0.41391
v -0.21288 0.19733 0.36794
v -0.20170 0.12074 0.29116
v -0.21711 -0.39356 -0.46294
v -0.22295 -0.39804 -0.44788
v -0.21560 -0.35258 -0.47481
v -0.20995 -0.21566 -0.35688
v -0.20880 -0.36382 -0.38438
v -0.19088 -0.00070 0.52182
v -0.20846 -0.01874 0.52905
v -0.21203 -0.19487 0.56908
v -0.21744 -0.13029 -0.42456
v -0.19921 0.18712 0.26837
v -0.19764 -0.34845 -0.62722
v -0.20859 -0.38280 -0.64238
v -0.21088 -0.36455 -0.62707
v -0.19514 -0.10559 -0.35745
v -0.21428 -0.13409 0.59925
v -0.21084 -0.38131 -0.42375
v -0.17277 0.35944 0.13642
v -0.18429 0.33390 0.29550
v -0.20070 -0.41675 -0.41987
v -0.21272 -0.41544 -0.65490
v -0.20313 -0.38734 -0.64955
v -0.17069 0.39158 0.17319
v -0.19719 0.35914 0.15808
v -0.20627 0.09870 0.22502
v -0.21424 0.09617 0.20323
v -0.19550 -0.26022 -0.71309
v -0.21807 -0.12408 -0.44196
v -0.21659 -0.13853 -0.41986
v -0.18590 -0.05002 -0.22031
v -0.21205 -0.22842 -0.38220
v -0.20232 -0.34627 -0.56634
v -0.18824 0.39489 0.22073
v -0.19949 0.14324 0.28802
v -0.20196 0.12988 0.21248
v -0.15723 0.20695 -0.00337
v -0.17260 -0.35264 -0.39218
v -0.21692 -0.32809 -0.55845
v -0.21484 0.09126 0.20710
v -0.21193 -0.30748 -0.54395
v -0.16947 0.11427 0.28792
v -0.17128 0.35219 0.12487
v -0.18598 0.00262 -0.33570
v -0.17338 0.02988 -0.46501
v -0.20460 -0.40469 -0.42205
v -0.18289 -0.02246 -0.25086
v -0.18025 -0.37536 -0.44079
v -0.22015 0.10545 0.21272
v -0.20389 -0.13920 0.60659
v -0.17559 0.38755 0.20856
v -0.20364 -0.21528 -0.34919
v -0.17887 0.01269 -0.04512
v -0.20895 0.04569 0.43188
v -0.20032 0.07129 0.40765
v -0.17771 0.15751 0.29248
v -0.20594 -0.36431 -0.45911
v -0.19655 -0.35149 -0.40517
v -0.19227 0.01806 -0.04765
v -0.20566 -0.19563 -0.37939
v -0.19389 -0.35609 -0.40551
v -0.17189 0.36702 0.29850
v -0.19878 -0.05138 -0.22233
v -0.18044 -0.39908 -0.65294
v -0.16888 0.01905 -0.04191
v -0.20242 -0.40380 -0.67294
v -0.15031 -0.28372 0.64984
v -0.19368 0.19283 0.38136
v -0.19375 -0.11288 -0.31551
v -0.15391 0.26143 0.01481
v -0.20738 -0.18518 -0.35073
v -0.16208 -0.14242 -0.76067
v -0.18155 0.00218 -0.33112
v -0.17362 -0.00952 -0.30099
v -0.20038 -0.34159 0.53292
v -0.18842 -0.35959 -0.38731
v -0.18151 -0.11545 -0.75480
v -0.17664 -0.13548 -0.75887
v -0.18005 -0.22502 -0.36925
v -0.20286 -0.35591 -0.38826
v -0.19207 -0.25907 -0.47607
v -0.19128 0.14166 0.29038
v -0.18325 0.14186 0.29423
v -0.20700 -0.36739 -0.38626
v -0.18344 -0.39219 -0.75277
v -0.18969 -0.26692 -0.46684
v -0.16768 0.02622 -0.01814
v -0.20063 -0.34144 -0.55481
v -0.20304 -0.40741 -0.41241
v -0.19093 -0.34595 -0.38864
v -0.18936 -0.04916 -0.21507
v -0.20254 -0.37672 -0.38171
v -0.21074 -0.38032 -0.39716
v -0.18121 0.01279 -0.35735
v -0.19206 -0.35957 -0.38850
v -0.17175 0.32540 0.32728
v -0.20266 -0.33430 -0.58215
v -0.19348 -0.31121 -0.58293
v -0.19827 -0.31341 -0.57994
v -0.17389 0.19833 -0.03712
v -0.19575 0.09041 0.44246
v -0.19849 0.08549 0.42998
v -0.20139 -0.26681 -0.48380
v -0.16247 -0.12309 0.66934
v -0.16153 0.03146 -0.48531
v -0.14389 0.02140 -0.38962
v -0.19714 -0.04269 -0.22780
v -0.19111 0.19977 0.37089
v -0.16288 0.36116 0.16792
v -0.20178 0.07558 0.41751
v -0.20981 0.19610 0.24631
v -0.18363 -0.36804 -0.42517
v -0.20852 0.06433 0.40771
v -0.20384 0.05604 0.40995
v -0.18840 -0.39117 -0.67743
v -0.19259 -0.10568 -0.35543
v -0.18576 0.05555 0.40429
v -0.17867 0.33040 0.10283
v -0.18682 -0.32839 -0.42321
v -0.21248 -0.37973 -0.41749
v -0.17999 -0.33331 -0.60885
v -0.18839 0.04387 0.39970
v -0.20362 0.18719 0.26782
v -0.20436 0.06941 0.41270
v -0.19189 -0.39012 -0.67594
v -0.18938 -0.21421 -0.32580
v -0.20497 -0.21061 -0.34515
v -0.08330 0.27179 0.14908
v -0.19704 -0.38248 0.51234
v -0.17920 -0.34532 -0.63855
v -0.16480 -0.22322 -0.36920
v -0.21157 0.18720 0.25934
v -0.15968 0.20929 -0.02091
v -0.19714 0.12917 0.29604
v -0.18793 -0.34566 -0.58261
v -0.15338 -0.21314 -0.34412
v -0.17271 0.04702 0.43753
v -0.18097 0.02748 0.49291
v -0.18962 0.15422 0.43520
v -0.20281 0.18966 0.26961
v -0.15018 -0.11629 -0.29833
v -0.17311 0.20568 0.40423
v -0.19775 -0.03363 -0.23816
v -0.14842 0.28962 0.04524
v -0.18794 -0.10762 0.63147
v -0.18116 -0.32383 -0.61682
v -0.16092 0.35719 0.29007
v -0.19050 0.00943 -0.36801
v -0.17249 0.02819 -0.37711
v -0.19138 -0.34729 -0.38282
v -0.20899 -0.35768 -0.39164
v -0.16173 0.35162 0.12981
v -0.19031 0.35026 0.12135
v -0.20464 0.18687 0.26639
v -0.18265 0.07881 0.39698
v -0.15551 0.31190 0.10618
v -0.17063 0.34430 0.11255
v -0.15105 0.32463 0.10681
v -0.16313 0.22060 -0.01017
v -0.21082 -0.35630 -0.40231
v -0.14472 -0.50670 -0.83294
v -0.18149 0.08773 0.39489
v -0.18254 0.08765 0.39918
v -0.18946 -0.17083 -0.34399
v -0.17497 0.01064 -0.04207
v -0.11710 0.31652 0.20558
v -0.14504 0.02153 -0.51898
v -0.19953 0.13916 0.27943
v -0.16396 -0.15069 -0.28110
v -0.17925 -0.19743 -0.31970
v -0.19213 -0.16193 -0.33039
v -0.15261 -0.21920 0.64811
v -0.15238 0.20607 -0.02180
v -0.15257 0.20360 -0.01992
v -0.17101 -0.32273 -0.62509
v -0.13580 -0.09520 -0.24073
v -0.20936 -0.35432 -0.39232
v -0.19540 -0.39659 -0.69699
v -0.14573 -0.22177 0.63864
v -0.16389 -0.53984 -0.81180
v -0.15523 0.00296 -0.05130
v -0.19276 -0.36142 0.53518
v -0.17819 0.14663 0.30627
v -0.17905 -0.14116 -0.34316
v -0.18981 -0.17059 -0.32566
v -0.18932 -0.01290 -0.23937
v -0.17837 0.09505 0.45422
v -0.19079 -0.00166 0.52268
v -0.15563 0.24064 0.00351
v -0.18593 -0.10231 -0.30001
v -0.17656 -0.02888 -0.19928
v -0.17499 0.02593 0.48696
v -0.16954 0.01447 -0.52340
v -0.18046 0.08076 0.45632
v -0.18575 -0.40843 0.51925
v -0.17672 -0.16652 -0.30885
v -0.16787 -0.30495 -0.65789
v -0.17911 0.19480 0.40837
v -0.19075 0.00277 0.51840
v -0.19083 -0.39981 -0.70110
v -0.14613 -0.13313 -0.27764
v -0.19493 -0.26177 -0.47764
v -0.17669 -0.09406 0.60777
v -0.16081 0.01286 -0.29266
v -0.18309 -0.30974 -0.59900
v -0.18200 0.16234 0.26848
v -0.14888 0.20493 -0.01056
v -0.17048 0.21729 -0.00474
v -0.19460 0.15162 0.27598
v -0.15811 0.24558 0.01219
v -0.16141 0.01765 -0.05008
v -0.17006 -0.54857 -0.79232
v -0.14684 -0.26981 -0.70518
v -0.18246 0.01584 -0.04748
v -0.13334 -0.16358 -0.77180
v -0.16691 -0.36808 -0.69599
v -0.17610 -0.00905 -0.24541
v -0.17119 -0.00014 0.52469
v -0.18204 -0.28478 -0.63230
v -0.18619 -0.12133 -0.29503
v -0.16669 0.00696 -0.03755
v -0.15446 -0.40563 -0.79187
v -0.15194 -0.44964 -0.82011
v -0.16815 0.01494 0.53292
v -0.14872 0.20837 -0.01523
v -0.15674 0.00561 -0.03532
v -0.17442 -0.12496 -0.31159
v -0.13899 -0.13983 -0.28033
v -0.17114 0.30549 0.07035
v -0.18488 -0.16848 -0.32171
v -0.16277 -0.18433 -0.31648
v -0.16202 0.01090 -0.37766
v -0.15531 0.26468 0.01585
v -0.17438 -0.23366 0.62273
v -0.19318 -0.39445 -0.71339
v -0.19662 -0.41211 -0.69965
v -0.18570 -0.40455 0.51764
v -0.11520 0.01917 -0.29037
v -0.16388 0.02556 -0.02394
v -0.17226 -0.38458 -0.72799
v -0.17123 -0.34224 -0.63874
v -0.18694 -0.39529 0.52737
v -0.15866 -0.14327 -0.29338
v -0.15572 -0.14310 -0.77624
v -0.14666 0.20616 -0.00069
v -0.15056 -0.25187 -0.71430
v -0.16577 0.03305 -0.49583
v -0.16648 -0.21533 0.61865
v -0.16063 -0.14246 -0.73405
v -0.14655 0.19639 0.00347
v -0.13307 -0.11259 -0.25200
v -0.15839 -0.18757 -0.30955
v -0.18024 -0.33554 -0.62464
v -0.17629 -0.32919 -0.60820
v -0.15834 0.30749 0.08746
v -0.12489 0.32304 0.29077
v -0.18705 0.00920 -0.03816
v -0.15394 -0.11989 -0.29918
v -0.18026 -0.16981 -0.28526
v -0.19087 -0.25064 -0.47928
v -0.18048 -0.39195 -0.75823
v -0.16378 0.00370 -0.25295
v -0.16917 -0.31262 -0.60936
v -0.15015 0.30671 0.08870
v -0.17387 0.31250 0.06981
v -0.11717 0.31118 0.20712
v -0.14845 0.29303 0.06697
v -0.15751 -0.36163 -0.59619
v -0.15522 0.30352 0.06835
v -0.14613 0.25536 0.02258
v -0.18974 -0.26485 -0.46653
v -0.16441 0.29152 0.05495
v -0.16973 -0.39188 -0.76692
v -0.14526 0.19646 -0.00877
v -0.17936 -0.01646 -0.24249
v -0.15919 -0.41805 -0.79603
v -0.19110 -0.10519 -0.28523
v -0.17496 -0.11812 -0.23420
v -0.17580 -0.38775 -0.73813
v -0.15335 -0.38468 0.62605
v -0.16971 0.03373 0.49320
v -0.16488 0.02939 -0.01798
v -0.17697 0.02087 -0.02500
v -0.09867 0.21256 0.36774
v -0.14978 0.29572 0.05472
v -0.13620 -0.17269 -0.76365
v -0.14149 0.01494 -0.39387
v -0.16235 -0.43233 -0.80782
v -0.18760 -0.39906 -0.74622
v -0.18511 -0.40820 -0.73869
v -0.14511 0.27710 0.04318
v -0.15429 0.02466 -0.04773
v -0.15590 0.17009 0.38474
v -0.13079 -0.20490 -0.75154
v -0.13690 -0.12746 -0.26283
v -0.19403 -0.11425 -0.29782
v -0.14615 0.02523 -0.50374
v -0.14910 0.03369 -0.49066
v -0.13115 0.20062 0.01185
v -0.14895 -0.09403 0.66123
v -0.14777 -0.03487 -0.63765
v -0.16265 -0.32533 -0.63020
v -0.16592 -0.33045 -0.63056
v -0.14726 -0.14974 -0.29913
v -0.14910 -0.26439 -0.70661
v -0.17137 -0.11611 -0.23171
v -0.14531 0.24411 0.05407
v -0.12981 -0.23059 -0.74458
v -0.17563 -0.39805 -0.76618
v -0.14024 -0.11362 -0.25928
v -0.13515 0.32181 0.25269
v -0.16030 0.02521 -0.02251
v -0.15770 0.02584 -0.02077
v -0.13430 -0.18277 -0.75429
v -0.13917 -0.16261 0.64218
v -0.15941 0.02629 -0.02307
v -0.17297 -0.13944 -0.28105
v -0.14938 -0.29716 -0.64691
v -0.14549 -0.08657 0.64414
v -0.13203 0.28162 0.05797
v -0.15972 -0.13687 -0.29691
v -0.14658 0.02091 0.54020
v -0.16043 -0.10471 -0.25610
v -0.16483 -0.41481 -0.80489
v -0.15542 -0.41177 -0.79279
v -0.15236 0.06014 0.43334
v -0.13047 0.29094 0.06810
v -0.15037 -0.18163 0.63874
v -0.11988 0.00171 -0.53232
v -0.15539 0.20484 0.39606
v -0.16103 0.02986 0.49923
v -0.13864 0.01694 -0.21945
v -0.12865 0.31696 0.27653
v -0.12482 0.19469 0.01106
v -0.15969 0.01703 -0.06850
v -0.16350 -0.30897 -0.65787
v -0.15169 -0.25756 -0.71132
v -0.13730 0.03420 0.47701
v -0.14217 0.09427 0.44976
v -0.15523 -0.23739 0.65837
v -0.13653 -0.17502 -0.76249
v -0.15270 -0.15775 0.64030
v -0.14388 0.21268 0.38807
v -0.12921 -0.11871 -0.23672
v -0.11149 -0.54784 -0.72585
v -0.13342 -0.19509 -0.76331
v -0.15206 0.02416 -0.02390
v -0.12032 0.01317 -0.40919
v -0.13648 0.02197 -0.50786
v -0.16369 -0.41363 -0.79445
v -0.10857 -0.08115 0.63087
v -0.17340 -0.00004 -0.25538
v -0.12304 0.21635 0.39324
v -0.14342 0.01720 0.53855
v -0.17782 -0.16216 0.59776
v -0.14480 0.02599 -0.49522
v -0.15011 -0.26395 -0.68933
v -0.17232 -0.13221 -0.25819
v -0.17192 -0.14164 -0.30782
v -0.15641 -0.32327 -0.76826
v -0.16583 -0.14149 -0.25964
v -0.12960 -0.54235 -0.80729
v -0.14688 0.21463 0.35046
v -0.13881 0.03084 0.52308
v -0.14236 0.08922 0.46462
v -0.08539 -0.55311 -0.78720
v -0.15800 -0.31090 0.63543
v -0.09215 -0.40371 -0.84153
v -0.13412 0.33495 0.23255
v -0.11228 0.32606 0.25859
v -0.11939 0.31263 0.24000
v -0.10115 0.06492 0.02171
v -0.15172 0.01838 -0.05453
v -0.15706 -0.50292 -0.81230
v -0.15067 -0.31186 -0.64607
v -0.15110 -0.30790 0.61056
v -0.13012 -0.23556 -0.74478
v -0.16362 -0.14692 0.65689
v -0.14456 -0.53839 -0.81916
v -0.15734 -0.16689 -0.27851
v -0.14700 -0.17601 0.63697
v -0.13980 -0.31143 -0.65348
v -0.15539 -0.22199 0.63739
v -0.12813 -0.35531 -0.61419
v -0.16062 -0.43835 -0.81089
v -0.14005 -0.28938 0.63561
v -0.15671 -0.12376 0.67201
v -0.10391 -0.02421 -0.58223
v -0.13520 -0.02334 0.60473
v -0.09689 -0.04560 -0.61648
v -0.11059 0.20962 0.01790
v -0.13205 0.01398 -0.27275
v -0.12407 0.20722 0.38484
v -0.15299 -0.28387 0.64367
v -0.12984 0.10795 0.44932
v -0.13830 0.02614 -0.51539
v -0.14568 -0.02023 -0.07249
v -0.12383 -0.19676 -0.75356
v -0.15001 0.02587 0.52555
v -0.13831 -0.08426 0.61840
v -0.11744 -0.26230 -0.68828
v -0.08023 -0.33826 -0.83214
v -0.07527 0.13441 0.05291
v -0.11323 -0.54380 -0.70651
v -0.17342 -0.12804 -0.27410
v -0.11333 0.21033 0.37882
v -0.12031 -0.32237 -0.63268
v -0.15728 -0.30459 -0.63890
v -0.12696 -0.17784 -0.75355
v -0.14195 0.10630 0.44386
v -0.10608 -0.07427 0.62367
v -0.11023 -0.27632 -0.69950
v -0.12949 0.00351 0.59210
v -0.12270 0.10172 0.44957
v -0.13817 -0.31174 -0.64181
v -0.11897 -0.26816 0.64687
v -0.14588 0.02410 -0.06791
v -0.14202 -0.41078 0.59830
v -0.14386 -0.45828 -0.82543
v -0.15326 -0.14672 0.64705
v -0.13708 0.02326 0.53853
v -0.12974 -0.09783 0.66027
v -0.10038 0.25873 0.07949
v -0.15912 -0.34839 0.61955
v -0.16001 -0.29010 0.62969
v -0.12963 0.02428 -0.27461
v -0.10591 0.12646 0.41888
v -0.14057 0.11132 0.42571
v -0.11797 0.01760 -0.40718
v -0.11021 -0.38347 0.61626
v -0.15525 -0.29834 0.63693
v -0.16306 -0.30345 0.64294
v -0.14996 -0.46407 -0.81509
v -0.11408 0.19500 0.02001
v -0.11999 0.19604 0.01437
v -0.15045 -0.24152 0.64137
v -0.15131 -0.24804 0.64935
v -0.07762 0.20776 0.32571
v -0.16827 -0.27382 0.64662
v -0.15688 -0.35521 0.63939
v -0.15635 -0.31728 0.61448
v -0.09782 -0.28193 -0.62767
v -0.13652 -0.24528 0.63438
v -0.08447 -0.24785 -0.69241
v -0.14636 -0.15802 0.64958
v -0.14098 -0.54931 -0.80651
v -0.12865 -0.01204 -0.54403
v -0.14906 -0.15703 0.63782
v -0.09762 0.20691 0.04328
v -0.15504 -0.36225 0.62795
v -0.15546 -0.16920 0.63450
v -0.14905 -0.21795 0.64297
v -0.11301 0.32594 0.22127
v -0.09822 0.31021 0.22235
v -0.10953 0.31098 0.17164
v -0.15268 -0.24498 0.61336
v -0.08687 -0.54699 -0.74670
v -0.13346 -0.52864 -0.82429
v -0.14286 -0.09129 0.65381
v -0.14082 0.02063 -0.04094
v -0.14246 0.02558 -0.04607
v -0.12833 -0.53964 -0.68841
v -0.11059 -0.54319 -0.71197
v -0.15087 -0.23140 0.63887
v -0.13899 -0.34141 0.60305
v -0.14572 -0.38132 0.62515
v -0.13911 -0.16541 0.65194
v -0.15721 -0.36578 0.62868
v -0.12644 0.02086 -0.38400
v -0.12173 -0.54636 -0.69901
v -0.16125 -0.18478 0.63661
v -0.14826 -0.19634 0.60144
v -0.12078 0.20606 0.38343
v -0.14729 -0.37542 0.64358
v -0.13731 0.01837 -0.03741
v -0.12357 0.09992 0.45099
v -0.10621 -0.53899 -0.71098
v -0.12654 -0.55248 -0.80104
v -0.12752 -0.50868 -0.83759
v -0.07150 -0.30496 -0.78567
v -0.10535 -0.30366 -0.64228
v -0.12545 -0.06013 0.63868
v -0.13033 0.02187 -0.37782
v -0.10302 -0.17072 0.68068
v -0.14925 -0.16769 0.60401
v -0.13467 -0.31218 -0.61052
v -0.14393 -0.38422 0.61230
v -0.10912 -0.53873 -0.69700
v -0.11934 -0.53774 -0.82302
v -0.09504 -0.26414 -0.67770
v -0.11775 0.13492 0.41296
v -0.09324 0.18162 0.04088
v -0.14689 0.02195 0.52520
v -0.14858 0.02088 -0.04244
v -0.11558 0.00204 -0.53348
v -0.11712 -0.31379 -0.63816
v -0.13774 -0.02658 0.60601
v -0.14967 0.02087 -0.05655
v -0.13739 0.03984 -0.05703
v -0.07108 0.21010 0.06727
v -0.10958 0.21115 0.02741
v -0.09412 0.14496 0.38809
v -0.09589 0.32483 0.20018
v -0.10021 -0.00483 -0.53083
v -0.10758 -0.52437 -0.72240
v -0.12885 -0.40035 0.61055
v -0.13159 -0.47850 -0.81643
v -0.11649 -0.45959 -0.83691
v -0.12432 -0.23786 -0.69995
v -0.13104 -0.05211 0.61866
v -0.13400 -0.05235 0.59489
v -0.12769 0.00917 0.57267
v -0.06761 0.20638 0.28295
v -0.13880 -0.37717 0.64278
v -0.11555 -0.29786 -0.66015
v -0.13071 -0.05990 0.62627
v -0.13794 -0.06125 0.61906
v -0.09551 0.20498 0.04525
v -0.13195 -0.02273 0.61435
v -0.09580 -0.51146 -0.79589
v -0.10702 -0.31103 -0.63029
v -0.14177 0.02580 0.52743
v -0.11576 0.02451 0.55653
v -0.10162 0.09520 0.43694
v -0.12708 -0.40782 0.60109
v -0.10837 0.02921 0.54551
v -0.09647 0.24719 0.07593
v -0.11992 0.02002 -0.28856
v -0.08682 -0.54380 -0.79316
v -0.09543 -0.28469 -0.65667
v -0.13756 -0.37787 0.64494
v -0.12514 0.13572 0.38512
v -0.10631 0.20410 0.38290
v -0.10001 -0.05229 0.62959
v -0.10479 -0.00370 -0.55089
v -0.10259 0.09476 -0.06899
v -0.09666 0.20649 0.05140
v -0.11966 0.01277 0.56963
v -0.08755 0.20549 0.05303
v -0.10545 0.02428 -0.03693
v -0.12317 -0.54916 -0.72100
v -0.07821 -0.55316 -0.73782
v -0.09399 -0.32269 -0.62810
v -0.09013 -0.54749 -0.73998
v -0.13165 -0.06475 0.63849
v -0.12010 -0.30714 -0.63053
v -0.10849 -0.29586 -0.65378
v -0.10553 0.09604 0.45817
v -0.05134 0.20663 0.14184
v -0.08599 0.21667 0.35031
v -0.09475 0.11731 0.39870
v -0.10342 0.18253 0.36412
v -0.09497 0.12906 0.40377
v -0.12662 -0.01461 0.60086
v -0.14750 -0.37505 0.67508
v -0.09025 -0.53353 -0.71459
v -0.13687 -0.39501 0.66043
v -0.12345 0.07863 -0.07044
v -0.08135 0.27396 0.15668
v -0.10018 -0.34519 0.78848
v -0.10722 -0.26490 -0.68803
v -0.11376 -0.31631 -0.64351
v -0.12071 0.00724 0.58828
v -0.11786 0.04435 0.53944
v -0.10904 -0.06559 0.65247
v -0.10841 -0.08830 0.65272
v -0.10869 -0.25835 -0.71846
v -0.08563 0.11809 0.40411
v -0.11997 -0.30642 -0.63481
v -0.09591 0.20172 0.04501
v -0.10175 0.19931 0.04077
v -0.10533 0.17409 0.33110
v -0.05697 0.03673 -0.27593
v -0.07988 0.14366 0.38269
v -0.08146 0.19924 0.33935
v -0.07535 0.07750 0.49821
v -0.10700 -0.30417 -0.62245
v -0.10096 0.09483 0.44995
v -0.06204 0.05107 -0.24847
v -0.08160 0.20168 0.07407
v -0.12714 0.07244 -0.06716
v -0.08179 0.16579 0.34208
v -0.08051 0.19974 0.04678
v -0.08145 0.16041 0.34290
v -0.09260 -0.02090 -0.53977
v -0.08344 0.10032 0.39639
v -0.08565 0.20753 0.04683
v -0.10615 -0.02306 -0.57788
v -0.08517 -0.05962 0.67412
v -0.07998 -0.43380 -0.79544
v -0.08717 0.04062 -0.30631
v -0.11508 0.02531 0.56785
v -0.13013 -0.00596 0.54953
v -0.09341 -0.54245 -0.70849
v -0.08479 -0.24940 -0.68958
v -0.09173 -0.02081 -0.54923
v -0.07664 -0.03081 -0.54763
v -0.08719 -0.07974 0.67685
v -0.10122 -0.29950 -0.64592
v -0.07486 0.19366 0.32550
v -0.07598 0.19479 0.31463
v -0.10436 -0.31399 -0.64394
v -0.12358 0.10930 0.38402
v -0.07856 0.19719 0.30175
v -0.07721 0.11843 0.38449
v -0.08057 -0.02743 -0.54271
v -0.09073 -0.02096 -0.54283
v -0.05662 -0.11831 -0.68845
v -0.07967 -0.54697 -0.76366
v -0.09886 0.03251 0.56243
v -0.11285 0.02908 0.54407
v -0.06612 -0.00922 -0.37264
v -0.08997 0.11294 -0.08002
v -0.10126 0.17621 0.30295
v -0.09421 0.13354 0.38936
v -0.07432 0.20611 0.29388
v -0.06518 0.21184 0.09567
v -0.09281 0.02318 -0.31059
v -0.05574 0.18852 0.23296
v -0.07690 -0.54350 -0.75037
v -0.09985 -0.28041 -0.64547
v -0.08761 -0.44029 -0.84249
v -0.07608 0.11876 0.38578
v -0.10810 -0.08539 0.65954
v -0.09762 0.16393 -0.15370
v -0.10700 -0.29776 -0.63949
v -0.08088 0.07197 0.47842
v -0.08090 -0.53359 -0.71506
v -0.08538 -0.21269 0.67895
v -0.07655 0.19851 0.28904
v -0.06485 -0.05458 -0.56135
v -0.06692 0.21638 0.24786
v -0.06207 -0.23932 -0.65628
v -0.06891 -0.26863 -0.65911
v -0.10711 0.03706 0.55142
v -0.07124 0.24737 0.16911
v -0.09549 0.13816 0.37960
v -0.12250 0.15395 -0.79640
v -0.08107 -0.52924 -0.71676
v -0.06995 -0.31695 -0.82041
v -0.10139 -0.27404 -0.73580
v -0.08599 0.16386 -0.84443
v -0.11632 0.17729 -0.83385
v -0.11354 0.21805 -0.83104
v -0.10864 -0.35646 0.78019
v -0.08863 0.13539 -0.82132
v -0.06840 0.21233 0.11860
v -0.07095 0.18643 0.28651
v -0.05711 0.20730 0.21454
v -0.09650 -0.28791 -0.65799
v -0.10489 -0.07839 0.66081
v -0.10251 0.14379 -0.08023
v -0.07246 -0.54663 -0.70622
v -0.08603 -0.54562 -0.79123
v -0.08279 -0.27888 -0.74269
v -0.09101 -0.28763 -0.74409
v -0.10348 0.16066 -0.78234
v -0.11696 0.14738 -0.79358
v -0.08553 0.15011 0.35916
v -0.03624 -0.05773 0.67543
v -0.09922 0.14346 0.34532
v -0.07263 0.21118 0.25526
v -0.08625 0.07276 0.50503
v -0.07554 0.18227 0.27509
v -0.08109 0.11975 0.42039
v -0.09219 -0.28478 -0.66155
v -0.08840 0.17409 0.25442
v -0.11039 0.09610 -0.06592
v -0.03248 -0.02572 0.65135
v -0.08932 0.14346 -0.75119
v -0.07535 0.17622 0.25915
v -0.11141 0.18882 0.24547
v -0.07151 0.19928 0.27167
v -0.05599 0.15272 -0.82034
v -0.06520 -0.03739 -0.55794
v -0.07074 0.22082 0.19150
v -0.06415 0.21068 0.11296
v -0.08378 0.17104 -0.78478
v -0.06190 -0.55066 -0.75845
v -0.08752 -0.28384 -0.66225
v -0.07617 -0.26224 -0.67035
v -0.05990 0.20686 0.24814
v 0.01965 -0.47709 -0.69332
v -0.06943 0.16972 -0.83846
v -0.08167 -0.40693 -0.84992
v -0.06901 0.20855 0.10643
v -0.08913 0.21383 0.07941
v -0.06445 0.20941 0.22749
v -0.11373 -0.36169 0.77542
v -0.07579 0.20349 0.08181
v -0.09016 0.12685 0.00216
v -0.07051 0.21650 -0.84234
v -0.09836 -0.12184 0.69641
v -0.06774 -0.03562 -0.53585
v -0.10134 -0.26373 -0.69052
v -0.07948 -0.28312 -0.66505
v -0.07673 0.17076 -0.78856
v -0.08509 -0.12006 0.69982
v -0.07378 0.09680 0.45836
v -0.11750 -0.16342 0.67808
v -0.07140 -0.29599 -0.60760
v -0.09908 -0.09813 0.67927
v -0.06258 0.00611 -0.30567
v -0.08014 -0.22295 0.67515
v -0.06027 0.19432 0.23011
v -0.07057 0.20764 0.10674
v -0.07162 0.11274 -0.78428
v -0.10664 -0.26045 -0.63731
v -0.08842 -0.29175 -0.65700
v -0.06301 0.19781 0.22110
v -0.07582 0.18679 0.07471
v -0.05443 -0.26006 -0.70237
v -0.10567 0.11297 -0.08137
v -0.10220 -0.30213 -0.64961
v -0.07968 0.09751 0.46431
v -0.05710 -0.53061 -0.71436
v -0.07221 -0.55124 -0.70738
v -0.08957 0.07307 0.49031
v -0.06994 0.18988 0.25279
v -0.04870 0.20015 0.22204
v -0.05192 0.17208 0.19786
v -0.06178 0.21278 0.18980
v -0.06305 0.21079 0.20620
v -0.06072 0.20388 0.20374
v -0.08031 0.19532 0.11943
v -0.04913 0.17622 0.22294
v -0.04998 0.16388 0.21480
v -0.06502 -0.03529 -0.56221
v -0.09303 -0.04041 -0.53924
v -0.05805 0.22046 0.16487
v -0.06855 -0.34839 0.80918
v -0.09813 -0.31414 0.79599
v -0.07434 0.02477 -0.29807
v -0.07584 -0.19024 0.68573
v -0.06381 0.19207 0.11527
v -0.06788 0.15694 0.35362
v -0.08386 0.22111 0.19593
v -0.05495 0.17704 0.25378
v -0.05963 0.21485 0.19790
v -0.04585 0.19185 0.16702
v -0.06781 -0.29414 -0.76860
v -0.05885 0.20258 0.13766
v -0.08032 -0.22461 -0.65121
v -0.06923 -0.26436 -0.67188
v -0.07244 -0.27704 -0.66484
v -0.09300 -0.54347 -0.76183
v -0.08442 -0.54343 -0.75384
v -0.07709 -0.54728 -0.75690
v -0.07515 -0.10359 0.69488
v -0.09612 0.12346 -0.08249
v -0.09817 0.10484 -0.08018
v -0.08006 -0.21980 0.69274
v -0.05299 0.21730 0.16946
v -0.07266 0.20015 0.17149
v -0.05583 0.17327 0.08028
v -0.06250 0.06432 0.49655
v -0.08922 -0.23636 -0.70589
v -0.07838 0.15641 0.34937
v -0.06586 0.17479 0.30619
v -0.05435 0.17041 0.22645
v -0.07504 0.17253 0.12167
v -0.10263 -0.28101 -0.70506
v -0.05958 0.19220 0.09060
v -0.07005 -0.30209 -0.78770
v -0.04653 0.05994 0.55379
v -0.09514 -0.25480 -0.73507
v -0.08424 0.12048 0.41608
v -0.09309 -0.31149 -0.64940
v -0.05475 0.16918 0.22089
v -0.09372 -0.08653 0.67535
v -0.04734 -0.25499 -0.68792
v -0.05432 0.16309 0.22869
v -0.05392 0.16970 0.21812
v -0.05723 0.19143 0.14329
v -0.09687 0.06949 0.47227
v -0.07254 -0.23933 -0.67471
v -0.08811 0.09281 0.47036
v -0.05280 -0.05572 -0.53406
v -0.08925 -0.33601 0.90015
v -0.06759 0.15802 0.01786
v -0.09533 0.07128 0.46169
v -0.06027 0.15803 0.22539
v -0.07831 -0.31345 0.78972
v -0.06813 0.12472 0.41712
v -0.04816 -0.37523 -0.85068
v -0.08193 -0.26989 -0.75434
v -0.05622 0.17066 0.09143
v -0.05684 -0.29584 -0.79311
v -0.02972 -0.29084 -0.78811
v -0.10093 -0.25319 -0.68699
v -0.08766 -0.31370 0.77258
v -0.07871 -0.06687 0.67821
v -0.05435 0.19176 0.15465
v -0.08655 0.17661 -0.08899
v -0.07699 0.08913 0.48517
v -0.08982 0.07732 0.48830
v -0.07679 -0.54965 -0.75807
v -0.07536 0.08674 0.46101
v -0.07295 0.10293 0.44020
v -0.07234 -0.07881 0.68402
v -0.07120 0.15850 0.31762
v -0.07634 -0.23351 -0.68952
v -0.06237 -0.52178 -0.71987
v -0.09196 0.13554 -0.08563
v -0.05925 -0.22776 -0.67280
v -0.04848 0.16175 0.11627
v -0.07504 -0.08021 0.68645
v -0.04578 0.14181 0.10856
v -0.03566 -0.34707 -0.82316
v -0.07422 0.09078 0.48439
v -0.06062 -0.52615 -0.71096
v -0.06942 0.11551 -0.70420
v -0.08214 0.15371 0.34898
v -0.05041 0.16289 0.11437
v -0.07519 0.10781 -0.71428
v -0.05640 -0.24568 -0.67323
v -0.04702 0.16360 0.18462
v -0.06134 0.15521 0.11909
v -0.06374 -0.53483 -0.78495
v -0.05033 0.07249 0.48242
v -0.09325 0.16954 -0.07618
v -0.06971 -0.31138 0.81617
v -0.07762 -0.02129 -0.44923
v -0.04803 0.13941 0.12016
v -0.07106 -0.02226 -0.50029
v -0.06281 0.12646 0.41568
v -0.08771 0.12521 -0.76690
v -0.06608 0.17330 0.25303
v -0.07917 -0.29409 0.80366
v -0.07216 -0.22551 -0.67303
v -0.05285 0.14595 0.11371
v -0.02916 -0.50104 -0.77931
v -0.05404 -0.05620 -0.57570
v -0.03389 -0.08215 -0.58431
v -0.04654 0.14331 0.12030
v -0.06903 0.10569 0.47149
v -0.06990 -0.05173 -0.51381
v -0.06808 0.09733 0.47373
v -0.07530 0.16871 0.24645
v -0.07005 0.16850 0.21023
v -0.08276 0.15827 0.21485
v -0.05256 -0.36178 -0.83669
v -0.08074 0.14892 -0.01142
v -0.08162 0.14595 -0.02890
v -0.09099 0.12595 -0.00065
v -0.06835 0.14615 0.10600
v -0.07791 0.10906 -0.48840
v -0.07630 0.15267 0.00899
v -0.08705 0.13906 -0.02215
v -0.07682 -0.02243 -0.51559
v -0.08169 0.14734 0.12028
v -0.06875 -0.34796 -0.83548
v -0.05480 0.18086 0.31408
v -0.06242 0.10046 0.46594
v -0.08285 -0.01128 -0.50067
v -0.04904 0.08450 -0.72669
v -0.08361 0.06728 -0.55301
v -0.08759 0.02577 -0.54815
v -0.08938 0.04306 -0.55955
v -0.06275 -0.29821 -0.77892
v -0.07332 -0.03079 -0.53033
v -0.06610 -0.01745 -0.53093
v -0.08402 0.06454 -0.56892
v -0.07416 0.07322 -0.55850
v -0.07186 0.15349 0.09829
v -0.08079 0.14588 0.11044
v -0.06932 0.08061 -0.55706
v -0.04387 0.01170 -0.30630
v -0.06974 0.19037 -0.09419
v -0.06172 -0.23048 -0.67005
v -0.09300 0.01340 -0.53321
v -0.07234 -0.10630 0.68043
v -0.05143 0.18651 0.25844
v -0.08231 0.14567 -0.00813
v -0.06284 -0.03912 -0.51852
v -0.07625 -0.02657 -0.49937
v -0.05401 -0.32913 -0.83276
v -0.07987 0.08827 -0.56082
v -0.09019 0.00853 -0.53623
v -0.08471 0.04394 -0.57943
v -0.05480 0.17100 0.20881
v -0.03850 -0.53509 -0.75931
v -0.07142 0.15589 0.35437
v -0.05610 0.18162 0.19797
v -0.03949 0.18758 0.13216
v -0.02942 0.01711 -0.29719
v -0.07836 0.01419 -0.59543
v -0.08284 -0.20319 0.69728
v -0.04489 -0.05950 -0.57090
v -0.05890 0.09827 0.47008
v -0.05956 -0.07944 0.69041
v -0.00749 -0.11409 -0.61595
v -0.03586 -0.55093 -0.69678
v -0.03039 -0.53161 -0.69830
v -0.07531 0.16586 0.10007
v -0.08511 0.02689 -0.59508
v -0.07844 0.08360 -0.54909
v -0.07236 -0.28861 -0.76039
v -0.08562 0.08019 -0.60711
v -0.04698 0.03657 -0.27068
v -0.03413 -0.07343 -0.58723
v -0.05394 0.09806 0.47287
v -0.04115 0.08383 -0.53313
v -0.06350 0.11187 -0.55679
v -0.07182 0.02389 -0.60394
v -0.05414 0.06427 -0.24058
v -0.05720 0.04376 -0.65012
v -0.07769 -0.28285 0.80886
v -0.07580 -0.28985 0.81049
v -0.03983 -0.52228 -0.70463
v -0.06028 -0.30996 0.89732
v -0.07755 0.15382 -0.75665
v -0.01400 0.11086 -0.75113
v -0.06312 0.14910 0.09247
v -0.05913 0.14861 0.09836
v -0.07654 0.15266 0.00968
v -0.06497 0.20288 -0.04873
v -0.06853 0.08436 -0.61631
v -0.06172 0.09547 -0.53056
v -0.07215 -0.30049 -0.78383
v -0.04871 -0.27974 -0.76693
v 0.00335 -0.38719 -0.85111
v -0.05270 -0.37333 -0.83613
v -0.05207 -0.31582 -0.82249
v -0.06828 0.11849 -0.55206
v -0.06403 0.08336 -0.61384
v -0.05690 -0.26828 0.81069
v -0.06203 0.11198 -0.55621
v -0.04506 0.17675 0.29759
v -0.05717 0.04550 -0.26215
v 0.04446 -0.44332 -0.76713
v -0.05954 -0.00321 -0.61173
v -0.07302 0.09183 -0.60458
v -0.07187 0.08829 -0.61645
v -0.06218 0.00238 -0.60822
v -0.03976 0.17971 0.30017
v -0.05723 0.17236 0.01961
v -0.07675 0.07578 -0.62836
v -0.07555 0.08873 -0.62260
v -0.05096 -0.52167 -0.70422
v -0.03529 -0.55013 -0.69550
v -0.06972 0.08750 -0.61702
v -0.04703 0.07456 -0.63368
v -0.04918 -0.09404 0.69798
v -0.00848 -0.22775 0.80195
v -0.06948 0.10682 -0.62652
v -0.04130 0.09908 0.48484
v -0.05689 0.05496 -0.24641
v 0.00404 0.09579 -0.20715
v -0.03598 0.19982 -0.11475
v -0.04461 0.14000 -0.51683
v -0.06666 0.13173 -0.54177
v -0.06916 0.10889 -0.62347
v -0.04585 -0.08076 0.69471
v 0.00662 0.13361 -0.17872
v -0.06646 0.11971 -0.62980
v -0.06005 0.06762 -0.64142
v -0.06299 0.15775 0.26783
v 0.02134 -0.48069 -0.75235
v -0.06624 -0.32523 0.89796
v -0.05779 -0.33051 0.94813
v -0.04360 0.01922 -0.30955
v -0.05690 0.17268 0.07959
v -0.03252 -0.02888 0.64853
v -0.01895 0.13144 -0.51777
v -0.03862 0.06224 -0.23898
v -0.03376 0.01027 -0.31231
v -0.04091 0.06549 -0.22435
v -0.03315 0.07984 -0.44359
v -0.06271 0.06048 -0.65152
v -0.05307 -0.00031 -0.62063
v -0.04266 0.18023 0.27251
v -0.03486 -0.52401 -0.70211
v -0.04130 0.01732 -0.29214
v -0.05784 0.03295 -0.27710
v -0.03979 0.04521 -0.26852
v -0.04420 0.03537 -0.27232
v -0.05700 0.17964 0.08554
v -0.05502 -0.31410 0.87112
v -0.04975 0.10229 0.46979
v -0.04118 0.07593 -0.69692
v -0.05515 -0.25879 0.81163
v -0.04501 0.17989 0.27340
v -0.03917 -0.00753 -0.63615
v -0.05391 -0.26238 -0.75751
v -0.05997 -0.28346 -0.77308
v -0.06506 0.11873 -0.62419
v -0.06097 0.02626 -0.63860
v 0.00804 -0.12857 -0.62347
v -0.06891 0.12120 -0.63144
v -0.04031 0.19966 -0.10003
v -0.02386 -0.52943 -0.69395
v -0.05043 0.17865 0.27976
v -0.02327 0.15199 0.42359
v -0.06393 0.07576 -0.67552
v -0.02235 0.11847 -0.51087
v -0.04763 -0.25976 -0.76043
v -0.01848 0.00738 0.63520
v -0.04599 0.18865 0.13329
v -0.01880 0.17062 0.30020
v -0.02546 -0.10284 0.71022
v -0.03629 -0.33903 -0.83728
v -0.04322 0.13161 -0.54858
v -0.02124 0.19808 -0.11283
v -0.02569 -0.26061 0.81499
v -0.03538 -0.28086 -0.78652
v -0.04420 0.01286 -0.29653
v -0.02419 -0.09101 -0.59594
v -0.03752 0.17472 0.08029
v 0.01084 0.07346 -0.23640
v -0.05227 0.17252 0.27337
v -0.02920 -0.26524 -0.77936
v -0.05524 0.15450 0.04840
v -0.05737 0.17629 0.03968
v -0.04011 0.17218 0.07978
v -0.03047 0.16202 -0.72528
v -0.02271 -0.53252 -0.69561
v -0.02113 0.17733 0.29006
v 0.04487 0.21261 -0.08523
v -0.02523 -0.10756 0.69910
v -0.04777 0.15986 -0.64229
v 0.02364 0.06297 -0.21338
v -0.02858 -0.26958 -0.77949
v -0.01965 -0.21917 -0.73903
v -0.04493 0.10060 0.48499
v -0.02567 -0.27678 0.89555
v -0.04131 0.04246 -0.65647
v 0.00995 0.15255 -0.71061
v -0.04906 -0.28367 0.86079
v 0.01352 -0.31659 -0.81703
v -0.00262 -0.32119 -0.83047
v -0.00884 -0.10215 -0.59534
v -0.03949 0.18112 0.08253
v -0.05137 0.00809 -0.30593
v -0.02863 -0.15633 0.71308
v -0.00830 0.07263 -0.22654
v -0.03709 -0.29611 0.87556
v -0.04659 0.12955 -0.49892
v -0.01970 -0.06250 0.67408
v -0.02953 -0.00423 0.62970
v -0.04711 0.15420 -0.63897
v 0.01482 -0.13263 -0.63821
v -0.04595 -0.29501 -0.79641
v -0.02403 -0.28560 0.88902
v -0.02230 0.12457 -0.51481
v -0.01014 0.12035 -0.50034
v -0.02865 -0.09231 -0.59737
v -0.03799 0.19082 0.28758
v -0.01510 -0.50904 -0.68537
v -0.03923 0.10607 -0.47554
v 0.00155 0.08789 -0.46225
v -0.02885 0.17384 -0.66260
v -0.03513 0.18503 0.05149
v -0.02259 0.00344 -0.63256
v -0.03032 0.00537 -0.62885
v -0.00149 -0.53388 -0.67919
v -0.04135 0.07477 -0.43767
v 0.00059 0.03774 -0.66969
v 0.00068 0.05154 -0.44304
v -0.00798 -0.33193 -0.83782
v -0.05088 -0.24931 0.80584
v -0.01415 0.07191 -0.39646
v -0.00725 -0.08665 -0.54151
v -0.01067 -0.29917 -0.81195
v -0.04009 0.05545 -0.42337
v -0.02278 0.08271 -0.45245
v -0.01374 0.19318 -0.11837
v -0.03973 0.16761 0.06017
v -0.02820 -0.10738 0.70001
v -0.00426 -0.09762 -0.59989
v -0.00938 -0.53167 -0.68715
v -0.02278 -0.26717 0.87282
v -0.02743 0.08104 -0.47933
v -0.04557 0.18941 0.07597
v -0.02390 0.10667 0.49276
v 0.01386 -0.13808 -0.58970
v -0.01050 0.16648 -0.70247
v -0.02154 -0.28799 -0.81669
v -0.00799 0.10060 0.50027
v -0.00874 0.09699 -0.46998
v -0.01351 0.08765 -0.44470
v -0.02433 0.17508 0.29627
v -0.01829 0.20075 -0.10339
v -0.02103 0.02559 -0.31833
v -0.03830 0.16948 -0.65276
v 0.00560 -0.50585 -0.74786
v -0.01525 -0.12527 -0.62424
v -0.03847 -0.24516 0.80128
v -0.02173 0.02757 -0.32767
v -0.02205 0.08129 -0.44126
v -0.01038 0.21659 0.18892
v -0.03894 0.01803 -0.30168
v -0.00824 -0.12252 0.71409
v -0.02443 -0.00650 0.64114
v -0.01641 0.20147 -0.11029
v -0.01843 -0.24149 -0.76166
v -0.02817 0.02067 -0.33577
v -0.00053 0.18249 -0.63913
v 0.01952 -0.05538 -0.61812
v -0.02973 0.17449 0.30618
v -0.00413 0.18607 0.34106
v -0.00339 0.19156 0.30708
v -0.02782 0.01794 -0.64841
v -0.03547 0.02038 -0.31275
v -0.00934 0.18504 0.08602
v 0.00390 0.16804 -0.67356
v -0.01275 0.07919 -0.23420
v -0.02674 -0.24635 0.77997
v -0.01531 0.19919 0.05819
v -0.00110 -0.10977 -0.60751
v 0.01008 0.09154 -0.43892
v 0.00051 -0.53472 -0.67181
v -0.03465 -0.33235 -0.83522
v -0.00011 0.19019 -0.12432
v -0.01772 -0.12186 -0.62170
v -0.02353 0.19494 0.06178
v 0.01668 -0.53580 -0.67142
v -0.02947 0.07877 -0.43367
v -0.02037 0.07720 -0.42374
v -0.00813 -0.12347 0.70905
v -0.01302 0.19479 -0.11657
v -0.01187 0.17709 -0.66526
v 0.00047 0.17086 -0.67822
v -0.02509 0.07017 -0.41857
v 0.00331 0.08652 -0.43023
v 0.01514 0.03182 -0.41580
v -0.00615 0.11248 0.50212
v 0.04700 0.21783 0.00579
v 0.00077 0.17094 -0.66784
v -0.00952 0.05213 -0.32947
v -0.01532 0.19779 0.06380
v -0.00101 0.20869 0.21224
v -0.02339 0.05926 -0.40411
v -0.01182 0.16617 -0.68987
v -0.00574 -0.00680 0.64980
v -0.02068 0.00162 -0.64662
v -0.01046 -0.24189 0.81028
v 0.01523 0.19775 0.29501
v -0.00229 -0.30476 -0.81470
v 0.01660 -0.52543 -0.65541
v -0.01358 0.06791 -0.39769
v 0.01969 0.19033 -0.12079
v -0.00413 -0.12919 -0.62832
v 0.01585 0.18547 0.35844
v -0.01124 0.19252 0.23427
v 0.00595 0.09547 -0.47385
v 0.01726 0.20351 0.03262
v -0.00547 0.20438 0.04939
v 0.00959 0.17303 -0.67668
v -0.00582 0.00145 0.64566
v 0.01402 -0.14455 0.71137
v -0.00042 -0.13234 0.71446
v 0.00587 0.08740 -0.22516
v -0.00996 0.19647 0.04696
v -0.02697 0.02321 -0.33098
v 0.03636 -0.18015 0.73438
v 0.01418 -0.22214 0.80203
v 0.02533 0.07475 -0.68963
v 0.04141 0.06915 -0.50577
v 0.00167 -0.23025 0.81913
v 0.01577 -0.32252 -0.81928
v -0.00214 0.10395 0.49865
v 0.01293 0.07646 -0.22637
v 0.00428 0.18891 0.34455
v 0.02192 0.14730 -0.67906
v 0.02989 0.10549 -0.69126
v 0.02163 0.16106 -0.67333
v 0.00208 0.20876 0.04247
v 0.00860 0.08925 -0.44386
v 0.01548 0.02179 -0.67114
v 0.01642 0.13146 -0.17420
v 0.02200 0.14443 -0.67860
v 0.00879 0.09939 0.50638
v -0.00080 0.14717 -0.69603
v 0.01069 0.06420 -0.36616
v 0.00787 -0.34358 -0.84036
v 0.04530 -0.22743 -0.76543
v 0.05815 0.22419 0.09677
v 0.02559 0.09864 -0.68596
v 0.01539 0.19264 -0.12418
v -0.01052 -0.14866 0.67431
v -0.02357 0.04059 -0.33799
v -0.00183 0.01845 -0.35488
v 0.01951 -0.50870 -0.64006
v 0.00304 -0.12645 -0.62673
v -0.00907 0.05057 -0.36886
v 0.04370 0.22620 0.02741
v 0.00999 -0.34140 -0.83182
v 0.02056 0.04671 -0.67520
v 0.00325 -0.22131 0.79989
v 0.02710 0.08590 -0.69081
v 0.03018 0.04799 -0.66624
v -0.00174 -0.21620 0.79952
v 0.01671 -0.12972 -0.62715
v 0.00173 0.19814 0.23666
v 0.00004 0.08733 0.51679
v 0.03631 0.08084 -0.24742
v 0.09413 -0.35101 -0.78748
v 0.02840 -0.35108 -0.83649
v -0.01278 0.03816 -0.33420
v 0.02654 0.06321 -0.36659
v 0.02363 0.13190 -0.68086
v 0.06233 -0.18099 -0.69857
v 0.00465 -0.13769 0.71974
v 0.02285 -0.52416 -0.64500
v -0.00972 0.17991 0.30342
v 0.02389 0.20826 0.23240
v 0.00061 0.05327 -0.36062
v 0.04288 -0.14618 -0.66502
v 0.00422 0.06257 -0.34906
v 0.03367 0.10081 0.50968
v 0.04221 0.04286 -0.66276
v 0.00347 0.05809 -0.35472
v 0.01857 0.07259 -0.47717
v 0.03489 -0.52812 -0.63795
v 0.02940 -0.52373 -0.63554
v 0.01577 -0.12564 -0.61617
v 0.01544 0.21819 0.02742
v -0.00108 -0.22251 -0.74884
v 0.00948 0.07959 -0.33022
v 0.04064 0.11528 -0.67691
v 0.02425 -0.50919 -0.64828
v 0.04939 0.10289 -0.53741
v 0.00827 -0.13358 -0.61934
v 0.03290 -0.44193 -0.77099
v 0.05304 0.08745 -0.49446
v 0.00560 0.20961 0.23947
v -0.00238 0.05226 -0.32934
v 0.00370 0.19844 0.26604
v 0.02186 0.19092 -0.12797
v 0.01685 -0.33394 -0.83372
v 0.04372 -0.01221 -0.63934
v 0.04648 0.09275 -0.50991
v 0.03984 0.08687 -0.45659
v 0.05862 0.07454 -0.63193
v 0.02261 0.06851 -0.21114
v 0.03130 0.21388 0.23315
v 0.05092 -0.20390 0.78318
v 0.02421 -0.16292 0.71561
v 0.02476 0.06747 -0.68562
v 0.00499 -0.22819 0.77227
v 0.01905 -0.12304 -0.64340
v 0.03176 0.01219 0.64755
v 0.03886 0.17505 -0.11639
v 0.05844 -0.45769 -0.75541
v 0.05973 -0.46136 -0.73682
v 0.02367 -0.34421 -0.82225
v 0.03411 0.10891 0.51849
v 0.03476 0.07137 -0.68308
v 0.00795 0.05602 -0.33521
v 0.02451 0.09364 -0.69162
v 0.02786 -0.33469 -0.82675
v 0.01863 -0.15506 0.72194
v 0.04313 0.00033 0.64471
v 0.02164 0.08460 -0.29036
v 0.02703 0.02594 -0.21694
v 0.03245 -0.18801 0.75541
v 0.05674 0.06248 -0.32117
v 0.03032 -0.13482 -0.64574
v 0.06697 0.17272 0.39681
v 0.04123 0.16525 -0.12350
v 0.00716 0.08966 -0.32644
v 0.03999 0.16834 -0.11719
v 0.01155 0.03955 -0.67414
v 0.01611 -0.14680 0.71716
v 0.04838 -0.01270 -0.61453
v 0.03310 -0.32388 -0.80595
v 0.04942 -0.35381 -0.83047
v 0.03981 0.18248 -0.12124
v 0.03493 0.21177 0.22426
v 0.03739 0.15787 -0.08550
v 0.05798 0.15821 -0.11666
v 0.07124 -0.05049 -0.58563
v 0.07737 -0.17378 -0.67225
v 0.03373 -0.22334 -0.75796
v 0.06516 0.09988 -0.39419
v 0.02747 0.08005 -0.44431
v 0.05419 -0.46964 -0.65394
v 0.06326 -0.52181 -0.65586
v 0.05017 0.08925 -0.46580
v 0.05094 0.09521 -0.55213
v 0.05261 -0.04324 -0.57294
v 0.05931 0.05749 -0.63101
v 0.03349 -0.14251 0.71734
v 0.06234 -0.47172 -0.65582
v 0.02358 0.08293 -0.30563
v 0.05566 0.06723 -0.56896
v 0.02846 -0.19393 0.76212
v 0.06373 -0.21179 0.77885
v 0.08903 0.02728 0.55589
v 0.02839 0.19094 0.35786
v 0.06018 0.08178 -0.60090
v 0.02317 0.21265 0.01318
v 0.03612 -0.14296 0.72570
v 0.06082 -0.01118 0.63845
v 0.05865 0.05944 -0.56416
v 0.05679 0.07764 -0.59447
v 0.08829 -0.32281 -0.79687
v 0.05270 0.21147 0.22218
v 0.06876 0.00030 0.62649
v 0.02941 0.08536 0.47838
v 0.03860 0.12502 -0.12754
v 0.05611 0.15376 -0.12721
v 0.06804 -0.18857 -0.70889
v 0.04318 -0.14444 -0.65123
v 0.02582 0.16395 0.39217
v 0.04039 -0.16667 0.73874
v 0.09268 -0.01910 -0.53386
v 0.06427 0.05301 -0.62343
v 0.05489 0.06354 -0.63781
v 0.03194 0.16874 0.39294
v 0.07206 0.07464 -0.46138
v 0.05292 0.22013 0.02107
v 0.05215 0.09452 -0.45460
v 0.05620 -0.20590 0.77344
v 0.04352 -0.16585 0.72669
v 0.06517 0.06523 -0.61544
v 0.08406 -0.45093 -0.70913
v 0.06244 0.02965 0.60802
v 0.07121 0.08606 0.50355
v 0.07107 -0.14961 -0.66341
v 0.05161 -0.52269 -0.65655
v 0.05392 0.21314 0.21926
v 0.03635 0.05051 -0.22808
v 0.04289 0.07925 -0.23719
v 0.05968 0.08945 -0.24393
v 0.07885 -0.09727 -0.53756
v 0.05574 0.09410 -0.27236
v 0.06638 0.06616 -0.46471
v 0.08709 0.05388 -0.46349
v 0.02403 0.06314 -0.20908
v 0.10539 -0.42365 -0.62264
v 0.07177 -0.16669 0.72151
v 0.06655 0.12835 -0.11525
v 0.08625 -0.04673 -0.54994
v 0.02247 0.08016 -0.26109
v 0.04320 -0.14446 -0.65693
v 0.05320 0.01322 0.63554
v 0.06477 0.08158 -0.28510
v 0.04728 -0.51034 -0.65371
v 0.05374 0.21992 0.02444
v 0.07262 0.08900 0.50432
v 0.06963 0.14086 -0.12181
v 0.10284 -0.19516 -0.68511
v 0.05096 0.09107 -0.26615
v 0.06700 -0.14988 0.71613
v 0.05688 -0.15691 0.71674
v 0.07730 -0.24708 0.78059
v 0.06031 -0.15092 0.72243
v 0.06727 -0.00002 0.64543
v 0.05547 -0.15075 0.72413
v 0.04435 0.16684 0.41352
v 0.06472 0.20403 0.00564
v 0.05998 0.09588 -0.22448
v 0.03962 0.07559 -0.25015
v 0.09621 -0.09967 0.70527
v 0.10000 -0.46793 -0.64258
v 0.06468 -0.13662 -0.65042
v 0.06483 -0.22369 0.77604
v 0.07425 0.15740 -0.08129
v 0.05898 0.09266 0.52029
v 0.07825 -0.44540 -0.74751
v 0.06394 0.06019 -0.46377
v 0.06751 0.13478 -0.11398
v 0.04860 0.09098 -0.25257
v 0.07624 0.21112 0.01294
v 0.06653 -0.53009 -0.64735
v 0.07179 0.20604 0.00932
v 0.07563 0.14363 -0.11509
v 0.07473 0.05591 -0.47727
v 0.07438 0.09797 0.49572
v 0.05909 0.19665 -0.00545
v 0.05167 0.03411 0.60474
v 0.06126 0.01808 0.63280
v 0.04328 0.07108 -0.23297
v 0.05997 0.09569 -0.21874
v 0.05686 -0.15414 0.72264
v 0.08226 0.06849 0.54891
v 0.07215 -0.15934 -0.67482
v 0.07570 0.20863 0.22725
v 0.09740 0.17562 0.37280
v 0.09394 0.15755 0.34724
v 0.09250 -0.34204 -0.79791
v 0.06858 -0.51361 -0.64897
v 0.08029 -0.12170 -0.62626
v 0.07707 0.09338 0.51098
v 0.06338 0.09704 0.51108
v 0.07942 0.14579 -0.06423
v 0.07440 -0.16155 0.71764
v 0.07633 -0.11168 -0.60426
v 0.05735 0.16373 -0.08614
v 0.08737 0.18461 -0.03278
v 0.10853 -0.43921 -0.63433
v 0.10206 -0.08432 -0.50433
v 0.08492 -0.22263 0.76810
v 0.06700 -0.50884 -0.65362
v 0.09088 -0.10724 -0.58200
v 0.09977 0.19788 0.20152
v 0.05802 0.08884 -0.24773
v 0.04728 0.08717 -0.23827
v 0.09799 0.10032 -0.27449
v 0.08958 -0.17179 0.72230
v 0.07921 0.15480 0.41604
v 0.06193 0.17346 -0.06628
v 0.05816 0.06567 -0.46243
v 0.09596 -0.12729 0.71243
v 0.08759 -0.05070 -0.55281
v 0.09747 -0.18136 -0.69007
v 0.10918 -0.18642 -0.68907
v 0.06505 0.14052 -0.09769
v 0.06591 0.20887 0.22966
v 0.09234 -0.16142 0.68479
v 0.10641 -0.42471 -0.65372
v 0.05242 0.04973 0.56704
v 0.07362 -0.16347 0.71137
v 0.09271 -0.12553 -0.63135
v 0.05837 0.08884 0.51011
v 0.06234 0.07385 0.51675
v 0.05037 0.10574 0.45466
v 0.06486 -0.09122 -0.53148
v 0.08880 0.15027 0.41316
v 0.05212 0.09067 -0.23164
v 0.04901 0.08297 -0.21498
v 0.08650 0.17024 -0.00026
v 0.07543 -0.11143 -0.60392
v 0.06622 -0.00832 0.64508
v 0.07826 0.14198 -0.01735
v 0.09219 0.13148 -0.18705
v 0.07542 -0.15902 0.71197
v 0.09539 0.10465 0.49618
v 0.09402 0.16846 -0.00678
v 0.09207 -0.44249 -0.64727
v 0.09616 0.06468 -0.46241
v 0.09003 0.14723 0.40586
v 0.08390 0.14658 -0.12230
v 0.07210 0.18638 -0.03283
v 0.10254 -0.06896 -0.50506
v 0.06856 -0.20878 0.78102
v 0.05225 0.10932 0.46992
v 0.08345 -0.10787 -0.58047
v 0.13192 0.00751 -0.45300
v 0.09449 0.14897 0.39503
v 0.09669 -0.43772 -0.67405
v 0.05617 -0.16629 -0.67801
v 0.07288 0.13502 0.45448
v 0.06434 0.09621 -0.22678
v 0.09364 0.19785 0.07937
v 0.09828 -0.00777 0.62877
v 0.08153 -0.51219 -0.65074
v 0.08788 0.19128 0.00392
v 0.09908 0.17819 -0.04110
v 0.05853 0.18051 -0.02614
v 0.09077 -0.17066 0.73653
v 0.10186 0.18900 0.22928
v 0.07498 0.14719 -0.11729
v 0.09512 -0.32975 -0.78781
v 0.06621 0.18783 -0.01757
v 0.09801 0.19306 0.01865
v 0.07003 0.04530 -0.42791
v 0.10620 0.00755 0.63070
v 0.06613 -0.50762 -0.65118
v 0.08963 0.07884 0.51389
v 0.09046 0.20848 0.15056
v 0.08306 0.19909 0.01086
v 0.09965 0.19906 0.12338
v 0.07154 0.19201 0.24158
v 0.08811 -0.16854 -0.68061
v 0.10189 0.04016 0.55627
v 0.09238 0.12108 0.46351
v 0.09943 -0.02329 -0.53573
v 0.08438 0.22354 0.17778
v 0.10375 0.19589 0.11498
v 0.16727 -0.04458 -0.45067
v 0.07687 0.12564 0.44556
v 0.09799 0.03546 -0.44631
v 0.08394 -0.31707 -0.75474
v 0.07821 0.14855 0.42862
v 0.09519 0.08468 0.51189
v 0.08887 0.09292 0.50381
v 0.10037 0.11163 0.46072
v 0.06510 -0.51299 -0.64378
v 0.10270 0.20108 0.13965
v 0.06375 0.13709 0.44700
v 0.07768 -0.13015 0.70807
v 0.07753 -0.50550 -0.65134
v 0.09814 -0.07982 -0.51579
v 0.09473 0.16411 0.33988
v 0.09377 0.17459 0.32038
v 0.10325 -0.24308 0.76380
v 0.09519 -0.43024 -0.59373
v 0.07969 0.13312 0.43161
v 0.10583 -0.43294 -0.68113
v 0.07636 0.19372 0.01440
v 0.09178 0.17678 -0.04713
v 0.12705 -0.22190 -0.71442
v 0.10524 0.11113 0.46309
v 0.09452 0.13131 0.44429
v 0.08910 0.13254 0.44568
v 0.10308 0.18969 0.02375
v 0.09123 0.11786 -0.13696
v 0.10153 -0.18772 0.73641
v 0.09283 0.15416 0.40073
v 0.09421 0.14214 0.43191
v 0.11571 -0.22403 0.75430
v 0.08387 -0.17587 0.73725
v 0.08255 0.14859 0.39947
v 0.09007 0.19873 0.07724
v 0.09900 0.19935 0.10461
v 0.09646 0.14261 0.42199
v 0.09718 -0.42005 -0.64328
v 0.10225 0.14144 0.41861
v 0.10658 0.15701 0.31320
v 0.08698 0.16542 0.37862
v 0.08146 0.15583 0.40128
v 0.09627 0.00096 -0.48730
v 0.06038 0.09574 -0.21963
v 0.09190 0.14879 0.25725
v 0.10500 -0.21569 -0.70955
v 0.13112 0.02386 -0.40112
v 0.09777 0.19911 0.11227
v 0.12653 0.18173 0.09631
v 0.07862 0.15415 0.40744
v 0.09460 0.14414 -0.11197
v 0.08724 -0.41015 -0.63511
v 0.09683 0.13902 -0.16494
v 0.07532 -0.52576 -0.66543
v 0.09105 0.15144 0.41275
v 0.08456 0.15158 0.38669
v 0.10345 0.19454 0.09064
v 0.10594 0.14272 0.33552
v 0.09138 0.15330 0.40869
v 0.10248 0.19471 0.08825
v 0.07783 0.16353 0.34259
v 0.11083 0.15770 0.40248
v 0.10762 0.15254 0.40831
v 0.09452 0.02199 -0.47640
v 0.10614 0.19518 0.13139
v 0.13890 -0.38086 -0.59797
v 0.09895 -0.44595 -0.63774
v 0.09807 0.20567 0.16288
v 0.08310 0.16902 0.32518
v 0.10138 0.18215 0.27740
v 0.15138 -0.37409 -0.68289
v 0.09628 0.19033 0.21414
v 0.09492 -0.45354 -0.63964
v 0.10685 -0.21006 0.75219
v 0.10273 0.20197 0.13897
v 0.08198 -0.11536 0.70242
v 0.09750 0.13351 -0.18674
v 0.10452 0.16760 -0.04646
v 0.11001 0.19310 0.24528
v 0.10120 0.07311 0.52336
v 0.11459 -0.22647 0.74210
v 0.10483 -0.22520 0.75304
v 0.10227 0.16618 -0.06063
v 0.11840 -0.00204 -0.48580
v 0.08566 -0.51745 -0.65896
v 0.10643 -0.34942 -0.76356
v 0.10380 0.20279 0.19218
v 0.12175 -0.13283 0.70858
v 0.09134 0.20362 0.12231
v 0.10286 -0.42417 -0.62088
v 0.10878 -0.42577 -0.64428
v 0.13258 -0.40853 -0.66244
v 0.10205 0.19184 0.22827
v 0.10146 -0.45765 -0.64258
v 0.12369 0.18344 0.09609
v 0.09273 0.04072 -0.45031
v 0.11871 0.03446 -0.40988
v 0.14896 0.03321 -0.37573
v 0.14113 0.03592 0.55642
v 0.14554 -0.25314 -0.71526
v 0.08869 0.14290 -0.12153
v 0.12570 -0.41367 -0.64205
v 0.09151 -0.11509 0.70740
v 0.09969 -0.50997 -0.66057
v 0.11812 0.13985 0.40672
v 0.12703 0.07940 0.51845
v 0.11090 -0.18913 0.74244
v 0.11750 0.07135 0.51565
v 0.09198 -0.09270 0.67428
v 0.12321 0.18834 0.19663
v 0.12043 0.18268 0.31395
v 0.12741 -0.34663 -0.73874
v 0.08270 -0.47422 -0.63692
v 0.14076 -0.10189 -0.58247
v 0.10909 0.11060 0.45593
v 0.10555 0.19312 0.22982
v 0.12474 -0.21533 -0.69987
v 0.11636 0.01594 -0.46254
v 0.10938 0.03619 -0.41002
v 0.09941 -0.51152 -0.65358
v 0.10408 0.17360 0.20987
v 0.08378 0.14915 -0.12421
v 0.13030 -0.34497 -0.74564
v 0.10386 -0.12418 0.71650
v 0.09624 -0.10885 0.71099
v 0.11578 -0.02525 0.64720
v 0.10813 -0.21313 0.76122
v 0.09762 -0.46823 -0.64490
v 0.11069 0.18515 0.23048
v 0.09667 -0.00456 0.64102
v 0.11209 0.00127 0.63403
v 0.11474 0.16199 -0.10533
v 0.12775 -0.20173 0.74016
v 0.10303 0.14300 -0.16471
v 0.10336 0.15553 -0.12466
v 0.11909 0.11009 0.45556
v 0.10694 -0.52600 -0.66278
v 0.10148 0.15045 0.37491
v 0.10936 0.16520 -0.05497
v 0.10391 0.19542 0.23873
v 0.11885 -0.02254 -0.50247
v 0.12624 -0.32274 -0.74728
v 0.10473 0.14802 0.13789
v 0.10533 0.19280 0.21283
v 0.11099 0.14279 0.40468
v 0.13602 0.18085 0.23307
v 0.13481 -0.18379 0.70687
v 0.10639 -0.11979 0.71347
v 0.13560 -0.22963 0.72599
v 0.14821 -0.24168 -0.69704
v 0.14704 0.02346 -0.39909
v 0.11802 -0.00353 -0.45423
v 0.12395 -0.02270 0.64450
v 0.13961 -0.39280 -0.65453
v 0.11353 -0.48430 -0.65042
v 0.11000 -0.10186 0.67962
v 0.13566 0.01241 -0.44972
v 0.10776 -0.10820 0.68067
v 0.13470 0.13978 0.38808
v 0.09049 0.13673 -0.16834
v 0.11049 0.14444 -0.16741
v 0.14299 0.17629 0.16836
v 0.12496 0.18794 0.19485
v 0.11526 0.17458 0.15778
v 0.12287 -0.12812 0.70866
v 0.14581 0.15300 0.09735
v 0.10755 -0.12502 0.71498
v 0.14502 0.03224 0.57424
v 0.15033 -0.01987 -0.45878
v 0.11253 -0.53057 -0.65667
v 0.11359 0.16318 -0.09417
v 0.10201 0.17199 -0.06340
v 0.14264 0.12508 0.41258
v 0.13835 -0.24718 0.72907
v 0.09857 -0.50946 -0.61449
v 0.12961 -0.09634 0.70319
v 0.15061 -0.33096 -0.70515
v 0.14043 -0.31268 -0.72911
v 0.12223 -0.50736 -0.66188
v 0.12047 -0.21002 -0.69354
v 0.10268 -0.08391 0.69337
v 0.13112 0.16543 -0.06885
v 0.12878 0.14421 0.41068
v 0.11761 0.16470 -0.08979
v 0.12111 0.15970 -0.10738
v 0.12082 -0.12776 0.71243
v 0.14055 -0.21534 0.73415
v 0.13530 -0.03544 0.64409
v 0.15224 -0.26882 -0.71721
v 0.15701 -0.30293 -0.70506
v 0.15414 0.12653 0.40833
v 0.13083 0.17363 0.08723
v 0.12689 0.18408 0.23454
v 0.15378 -0.33035 -0.72469
v 0.12946 -0.33502 -0.74204
v 0.13466 -0.23289 -0.71247
v 0.12869 0.14532 0.38504
v 0.12130 0.16789 0.14383
v 0.15301 0.14500 -0.12836
v 0.15097 -0.36736 -0.70423
v 0.13560 -0.24799 0.73769
v 0.13303 0.00361 -0.45787
v 0.14183 -0.12950 0.70264
v 0.11719 -0.22070 -0.71004
v 0.13999 -0.39734 -0.65400
v 0.14876 -0.20293 0.68177
v 0.13959 -0.49348 -0.63692
v 0.13127 -0.03514 0.64748
v 0.13321 -0.24134 -0.70834
v 0.13007 0.03749 0.48275
v 0.13581 0.18108 0.23086
v 0.13152 -0.52698 -0.66748
v 0.12430 -0.02165 0.63953
v 0.12293 0.07380 0.51302
v 0.12921 -0.49503 -0.65111
v 0.13047 -0.49416 -0.65700
v 0.14146 0.14173 0.38114
v 0.12440 -0.21647 0.69798
v 0.12413 -0.22277 0.70084
v 0.13240 -0.22701 0.73288
v 0.15097 0.16935 0.24569
v 0.13225 -0.40260 0.61516
v 0.11500 0.14647 -0.12721
v 0.14615 -0.20831 0.70458
v 0.15672 -0.24160 0.71362
v 0.11872 -0.21435 0.70617
v 0.12196 -0.21619 0.70852
v 0.16356 -0.03595 -0.44206
v 0.14741 -0.39656 0.63801
v 0.13687 0.07187 0.51279
v 0.14492 -0.26011 0.71726
v 0.15288 -0.22023 0.68138
v 0.12039 -0.21560 0.70362
v 0.12191 -0.21910 0.70794
v 0.13667 -0.40189 -0.67057
v 0.14365 -0.38887 -0.67496
v 0.13500 -0.40636 -0.65237
v 0.17435 -0.03985 -0.45539
v 0.14863 -0.22583 0.66964
v 0.12752 -0.22113 0.69462
v 0.12654 -0.22479 0.69981
v 0.14648 0.16506 0.08607
v 0.14550 0.16520 0.07093
v 0.15451 -0.21343 0.69624
v 0.16262 -0.04623 -0.46123
v 0.15392 -0.39250 0.63024
v 0.16626 -0.30478 -0.68370
v 0.14422 0.14930 0.38178
v 0.16650 -0.31646 -0.69739
v 0.14430 -0.14057 0.70836
v 0.14749 0.07381 0.51252
v 0.14190 0.14249 -0.18685
v 0.15233 -0.21431 0.68612
v 0.16092 -0.40713 0.61189
v 0.14918 0.02608 -0.38669
v 0.14808 0.03250 -0.36623
v 0.14289 0.13951 0.38934
v 0.15131 -0.26243 -0.71348
v 0.11671 0.14824 -0.13786
v 0.14770 -0.24421 0.72711
v 0.13511 0.16138 0.07256
v 0.11909 -0.19169 0.64425
v 0.14549 -0.23124 0.71695
v 0.13957 -0.20269 0.70392
v 0.13592 -0.02722 -0.46580
v 0.14582 -0.32143 -0.69485
v 0.15264 0.14378 0.37600
v 0.12092 0.11423 0.40995
v 0.14682 -0.32232 -0.71712
v 0.14034 -0.05853 0.67272
v 0.16390 -0.29569 -0.69651
v 0.14372 -0.33777 -0.71689
v 0.16154 -0.37208 -0.64903
v 0.17349 0.11549 -0.21185
v 0.11921 0.22343 0.17279
v 0.14687 0.16423 0.06979
v 0.15709 -0.50985 -0.65473
v 0.15135 0.15325 0.35323
v 0.15346 0.15836 0.32969
v 0.13270 -0.23170 0.71920
v 0.15672 -0.01718 -0.44546
v 0.13169 -0.02064 0.64736
v 0.15991 0.11501 0.40299
v 0.11782 0.17865 0.11456
v 0.11684 0.18702 0.13781
v 0.13708 0.16505 0.24195
v 0.15529 -0.06826 0.67045
v 0.15188 -0.25664 0.73005
v 0.10321 0.14435 0.09551
v 0.16024 -0.22050 0.64428
v 0.15200 -0.36717 -0.68907
v 0.15800 -0.34929 -0.67623
v 0.11064 0.18832 0.14040
v 0.15250 -0.49308 -0.64213
v 0.16697 -0.14073 0.69424
v 0.13643 0.07827 0.50897
v 0.13575 0.23427 0.18443
v 0.16407 -0.14601 0.69504
v 0.11459 0.14192 0.06332
v 0.15197 -0.34338 -0.70792
v 0.15862 -0.35431 -0.69645
v 0.12204 0.16059 0.12813
v 0.11349 0.15641 0.06439
v 0.11781 0.16802 0.08727
v 0.11736 0.14614 0.10759
v 0.14835 0.13308 0.36878
v 0.17308 -0.35854 0.78150
v 0.16794 -0.19754 0.66426
v 0.15909 -0.40053 0.62130
v 0.11957 0.20114 0.13264
v 0.11634 0.19052 0.11806
v 0.19347 -0.20377 -0.64409
v 0.15531 0.12863 0.40474
v 0.15660 0.15093 -0.13614
v 0.16595 -0.27193 0.72593
v 0.11526 0.17355 0.12426
v 0.11466 0.19270 0.12851
v 0.16132 -0.31612 0.76789
v 0.16560 0.00710 -0.34974
v 0.15532 0.01114 -0.35896
v 0.16694 -0.26564 0.72550
v 0.13943 0.19639 0.10850
v 0.13205 0.14753 0.05926
v 0.14639 -0.24296 0.69331
v 0.12650 0.21139 0.13588
v 0.15007 -0.27174 -0.70571
v 0.12523 0.20758 0.24787
v 0.15576 -0.19298 0.67515
v 0.15362 0.04147 0.55289
v 0.12313 0.16960 0.25789
v 0.15742 -0.03829 -0.43997
v 0.16304 -0.37614 -0.63694
v 0.11603 0.18574 0.13600
v 0.15662 0.14090 -0.18021
v 0.14247 0.14922 0.05863
v 0.14693 0.06753 0.51284
v 0.16155 -0.03801 -0.42227
v 0.13166 0.13563 0.05885
v 0.12473 0.22817 0.16907
v 0.15809 0.06089 0.52192
v 0.15058 -0.40559 0.62418
v 0.15917 -0.06715 0.66620
v 0.12911 -0.28219 0.72610
v 0.12371 0.21082 0.12536
v 0.15590 -0.29933 -0.70739
v 0.12251 0.21473 0.13033
v 0.15528 0.24775 0.12377
v 0.15200 0.16548 0.29481
v 0.17129 0.07635 0.48234
v 0.15947 -0.02362 0.64638
v 0.15601 0.09396 0.46560
v 0.13680 0.24767 0.14654
v 0.16165 0.14100 -0.13585
v 0.15139 0.16287 0.26605
v 0.16224 0.11354 0.41396
v 0.15410 0.13733 -0.13131
v 0.17662 0.11727 -0.18281
v 0.16270 0.14283 -0.13816
v 0.17543 -0.33429 0.76125
v 0.17252 0.08328 0.47919
v 0.16429 0.13704 0.37087
v 0.18518 0.05597 0.51248
v 0.16053 -0.06443 0.66870
v 0.15243 0.24687 0.19013
v 0.13703 0.16022 0.22156
v 0.18194 -0.28494 -0.65334
v 0.12946 0.24637 0.16066
v 0.16852 -0.31938 -0.68748
v 0.12832 0.18092 0.24511
v 0.17771 -0.09572 0.67104
v 0.17008 -0.00464 -0.34885
v 0.17250 0.00098 -0.37786
v 0.16982 -0.14532 0.67993
v 0.12455 0.17377 0.24603
v 0.14524 0.24669 0.13974
v 0.13258 0.16071 0.06239
v 0.13206 0.12521 0.05244
v 0.16359 0.15234 0.34949
v 0.17509 -0.15469 0.67933
v 0.15782 -0.03431 -0.44908
v 0.13088 0.20503 0.23957
v 0.12714 0.17610 0.24712
v 0.14571 0.22932 0.19159
v 0.19486 0.12302 -0.00250
v 0.13848 0.24343 0.24787
v 0.16453 -0.33674 0.78024
v 0.17815 0.11008 -0.21362
v 0.16030 0.02565 -0.34189
v 0.18194 -0.03901 0.63202
v 0.15151 0.11507 0.42336
v 0.16187 -0.05417 0.65765
v 0.18748 -0.07022 0.62819
v 0.13679 0.23189 0.17499
v 0.17700 -0.28865 0.72262
v 0.15648 0.25967 0.14448
v 0.13245 0.07605 0.45904
v 0.17271 -0.40245 0.61412
v 0.17195 -0.39668 0.61497
v 0.17800 0.04947 0.52785
v 0.16885 0.04454 0.54410
v 0.15087 0.14150 -0.12352
v 0.15137 0.24911 0.12146
v 0.12644 0.15027 0.30320
v 0.18286 -0.31052 -0.64462
v 0.21563 -0.27368 -0.60888
v 0.13638 0.15810 0.30741
v 0.17167 -0.33811 0.74758
v 0.13947 -0.40057 0.59164
v 0.15204 -0.41370 0.60120
v 0.15277 0.15616 0.33491
v 0.13687 0.25000 0.24733
v 0.16301 -0.33178 0.76262
v 0.16429 0.20633 0.26380
v 0.17890 -0.35771 0.77997
v 0.13718 0.24813 0.16308
v 0.18115 -0.28016 0.72712
v 0.19888 -0.21420 0.61723
v 0.18043 0.14284 0.03766
v 0.17285 -0.27724 0.72325
v 0.16001 0.21527 0.26292
v 0.19938 0.00986 -0.31600
v 0.17526 -0.15731 0.68135
v 0.17171 0.14553 -0.13770
v 0.15925 -0.25791 0.69103
v 0.17911 -0.51963 -0.65349
v 0.19089 -0.04345 0.64343
v 0.14749 0.14130 0.37340
v 0.13243 0.25775 0.20170
v 0.14376 0.14482 0.33795
v 0.15842 0.22206 0.36189
v 0.17463 -0.41397 0.58278
v 0.14754 0.13403 0.04514
v 0.15070 0.24245 0.22261
v 0.18186 -0.04235 0.64135
v 0.14612 0.13646 0.36440
v 0.18407 -0.28886 0.71752
v 0.13365 0.15572 0.30210
v 0.14740 0.15303 0.34530
v 0.18462 0.22255 0.04257
v 0.16680 -0.49626 -0.64674
v 0.13807 -0.14202 0.68378
v 0.16338 -0.13853 0.69405
v 0.17056 0.13674 0.36470
v 0.14432 0.25715 0.24674
v 0.14254 0.28152 0.22828
v 0.15369 0.12692 0.02197
v 0.14123 0.14059 0.03485
v 0.14529 0.23301 0.20822
v 0.15146 0.24474 0.13687
v 0.17518 -0.13545 0.68542
v 0.15771 -0.13027 0.65799
v 0.16595 0.00626 0.61094
v 0.21212 -0.29704 -0.63345
v 0.16608 0.29496 0.16338
v 0.15491 0.27768 0.24368
v 0.16895 -0.09335 0.66286
v 0.19380 -0.02310 -0.42277
v 0.16366 -0.27025 0.69369
v 0.18967 -0.15568 0.67267
v 0.17147 0.02754 -0.31248
v 0.14445 0.24558 0.22036
v 0.16614 -0.00012 -0.30320
v 0.17570 -0.17193 0.67045
v 0.18508 -0.28988 0.70126
v 0.16427 -0.01828 0.62139
v 0.19763 0.10488 0.00078
v 0.14824 0.26040 0.09784
v 0.13521 0.27380 0.20889
v 0.18891 -0.28936 0.71216
v 0.17180 -0.30077 0.72485
v 0.18485 0.11797 -0.12565
v 0.18773 -0.23087 0.66557
v 0.14146 0.24950 0.25069
v 0.17170 0.00108 -0.36057
v 0.20788 -0.32371 -0.58459
v 0.16315 -0.01750 0.62356
v 0.22723 -0.11234 -0.42627
v 0.19549 -0.26803 0.68350
v 0.15077 0.25145 0.22586
v 0.16620 0.13120 0.00566
v 0.17428 0.01017 -0.34672
v 0.22499 -0.29996 -0.59667
v 0.14592 0.15002 0.34671
v 0.14828 0.26388 0.24759
v 0.14705 0.13479 0.37138
v 0.17740 0.20010 0.01645
v 0.17898 -0.28420 0.69207
v 0.16500 0.28381 0.20183
v 0.16929 0.29290 0.20044
v 0.14627 0.29235 0.21424
v 0.18770 0.14459 -0.13031
v 0.16146 0.27233 0.24954
v 0.21297 -0.27857 -0.61255
v 0.15074 0.24132 0.12477
v 0.15764 0.28268 0.23803
v 0.15355 0.12467 0.37025
v 0.16243 0.13636 0.38434
v 0.18162 -0.00294 0.59443
v 0.16976 0.00213 0.58213
v 0.18821 -0.30421 0.71281
v 0.19426 0.03556 0.51908
v 0.19271 -0.01055 -0.32711
v 0.20379 -0.01506 0.60398
v 0.18496 0.00762 0.58593
v 0.19186 -0.08105 -0.45973
v 0.20495 -0.33110 0.69086
v 0.17770 0.00341 -0.35991
v 0.15533 0.30198 0.20061
v 0.18578 0.05132 0.50826
v 0.18736 -0.33144 0.71455
v 0.15829 0.14161 0.37491
v 0.17925 0.08504 -0.00306
v 0.14689 0.27565 0.23739
v 0.18397 -0.40181 0.62432
v 0.16780 0.00530 -0.37716
v 0.20932 -0.35858 0.67065
v 0.14540 0.26691 0.23593
v 0.21075 -0.08036 0.64877
v 0.18600 -0.16888 0.65982
v 0.17989 0.30750 0.14023
v 0.19205 0.31418 0.22972
v 0.15793 0.27981 0.23339
v 0.18838 0.11195 -0.19642
v 0.16551 0.29095 0.15778
v 0.18442 -0.39641 0.61714
v 0.23482 -0.18338 0.62416
v 0.18905 0.00290 -0.38806
v 0.16685 -0.14269 0.63033
v 0.18019 -0.07664 0.64030
v 0.18932 -0.24702 0.68677
v 0.18404 0.12581 -0.13664
v 0.20073 -0.00672 -0.38738
v 0.15261 0.14638 0.39514
v 0.19205 -0.05260 -0.45460
v 0.17480 0.11538 -0.18567
v 0.20950 0.09774 -0.20067
v 0.17070 0.07856 0.00602
v 0.17925 0.00674 0.59663
v 0.17700 0.08873 0.01137
v 0.15607 0.30797 0.23420
v 0.17610 0.07905 0.00660
v 0.16657 -0.00505 -0.38163
v 0.16009 0.07292 0.00949
v 0.21791 0.03804 0.51506
v 0.21250 0.05043 0.50369
v 0.19745 0.06709 0.02044
v 0.17643 0.08353 0.01105
v 0.19428 0.07464 0.02708
v 0.15877 0.25165 0.11484
v 0.18040 -0.01879 0.62143
v 0.18773 0.05112 0.50239
v 0.19008 0.07897 0.00996
v 0.23583 -0.17076 0.59573
v 0.19769 0.08685 -0.00118
v 0.16444 0.08296 0.01138
v 0.19430 0.11305 -0.15081
v 0.19685 -0.25805 0.68076
v 0.15264 0.25721 0.09637
v 0.19975 0.06952 0.01289
v 0.23059 -0.18789 -0.43516
v 0.19763 0.07037 0.02366
v 0.19384 -0.31660 0.70084
v 0.15953 0.29389 0.16477
v 0.20179 -0.23644 0.66599
v 0.18334 0.30624 0.27487
v 0.19238 0.23596 0.02605
v 0.19900 -0.39048 0.65730
v 0.21932 -0.32294 0.66099
v 0.19907 0.09127 0.00389
v 0.18472 0.15540 0.37066
v 0.19339 0.30054 0.17550
v 0.20149 0.01246 -0.30480
v 0.16804 0.29805 0.25264
v 0.20174 -0.15934 0.64307
v 0.20303 -0.32316 0.67303
v 0.21514 0.05013 -0.11662
v 0.19008 -0.40132 0.63184
v 0.16946 0.06870 -0.00803
v 0.19590 0.10697 -0.19898
v 0.20179 -0.37580 0.66315
v 0.19572 0.08023 0.02943
v 0.19148 -0.39899 0.63773
v 0.20957 -0.36117 0.65982
v 0.15169 0.27378 0.24462
v 0.20567 -0.23051 -0.45935
v 0.20129 0.05745 0.02417
v 0.21585 0.00520 0.55946
v 0.20082 -0.15415 0.64757
v 0.15884 0.23266 0.09176
v 0.18387 0.15115 0.37721
v 0.21238 -0.03976 -0.42889
v 0.21610 -0.06026 -0.44997
v 0.16129 0.06669 0.00677
v 0.18017 0.25480 0.07108
v 0.16957 0.25774 0.07257
v 0.16260 0.24663 0.08264
v 0.19518 -0.27402 -0.63244
v 0.20756 -0.01481 0.59398
v 0.19918 -0.24237 -0.57635
v 0.20056 -0.17305 0.64958
v 0.20432 -0.32416 0.69569
v 0.19975 -0.38001 0.66375
v 0.20106 -0.34784 0.68324
v 0.17226 0.30157 0.24692
v 0.19217 0.03379 0.02747
v 0.18706 0.31312 0.23167
v 0.17014 0.30289 0.15481
v 0.21286 -0.23201 0.63733
v 0.21565 0.29701 0.11105
v 0.18969 0.05113 0.50821
v 0.20417 0.11109 0.44748
v 0.18168 0.14886 0.40526
v 0.20334 0.05636 -0.00261
v 0.18354 -0.36761 0.66841
v 0.20561 -0.25518 -0.49202
v 0.20295 -0.34787 0.68085
v 0.20683 0.05810 0.00298
v 0.20165 -0.38110 0.65984
v 0.16101 0.06503 0.01085
v 0.16797 0.05331 0.00397
v 0.21101 -0.28446 -0.46250
v 0.20407 -0.35612 0.67432
v 0.20566 -0.36322 0.65294
v 0.18942 -0.31242 0.66672
v 0.18566 -0.31816 0.67327
v 0.17487 0.01593 -0.30504
v 0.21346 -0.17478 0.64227
v 0.18646 -0.15198 0.62403
v 0.18195 0.33936 0.20532
v 0.17672 0.26408 0.07177
v 0.21707 0.06764 -0.06066
v 0.22572 -0.53319 -0.61212
v 0.16984 0.03467 0.02615
v 0.23566 0.27950 0.36134
v 0.17285 0.30136 0.25015
v 0.21881 -0.50007 -0.61442
v 0.20112 0.06178 0.00286
v 0.21097 0.05205 -0.00784
v 0.20834 -0.38688 0.63250
v 0.19039 -0.23191 -0.56378
v 0.18153 0.30944 0.26740
v 0.16616 0.24682 0.07703
v 0.21423 -0.23417 0.64389
v 0.24759 -0.07033 0.61887
v 0.18233 0.14942 0.41252
v 0.22563 0.02938 -0.27207
v 0.21153 0.04941 -0.01824
v 0.21692 -0.38165 0.61141
v 0.20883 -0.02232 0.60082
v 0.23494 0.02564 -0.18785
v 0.20905 -0.16891 0.62146
v 0.20889 0.11641 -0.13156
v 0.20665 0.03065 -0.01036
v 0.21941 -0.20526 -0.42791
v 0.19825 0.06550 -0.01082
v 0.20932 -0.20486 -0.47521
v 0.22042 -0.20957 -0.47543
v 0.21473 -0.08049 -0.44753
v 0.18278 0.29393 0.14314
v 0.18674 -0.21083 -0.49912
v 0.20612 0.04618 0.49979
v 0.19213 0.31481 0.27631
v 0.18036 0.07247 -0.01197
v 0.20560 0.10164 -0.14698
v 0.19963 0.30902 0.10156
v 0.20962 0.06735 -0.13875
v 0.21708 -0.20928 -0.50090
v 0.22609 -0.08894 0.64888
v 0.22037 0.09687 -0.12587
v 0.19704 0.04928 -0.13825
v 0.25089 -0.24067 -0.45483
v 0.19319 0.07261 -0.10040
v 0.22605 -0.14173 -0.40530
v 0.22591 -0.00264 0.56741
v 0.18730 0.02932 -0.09525
v 0.18410 -0.26709 -0.60214
v 0.19487 0.06096 -0.01540
v 0.19980 0.32523 0.29048
v 0.21319 0.06723 -0.11597
v 0.21144 0.07007 -0.12392
v 0.27084 -0.36730 -0.55478
v 0.22097 0.05703 -0.12118
v 0.21957 -0.37776 0.60625
v 0.22540 0.30905 0.08522
v 0.19936 -0.25687 -0.57884
v 0.22698 -0.19414 -0.42321
v 0.17409 0.23996 0.06681
v 0.25729 -0.52397 -0.60559
v 0.18838 0.05628 0.01819
v 0.20118 0.30137 0.11759
v 0.21585 0.06285 -0.08363
v 0.22827 -0.15003 -0.40628
v 0.23078 -0.40321 0.56030
v 0.21743 -0.18446 -0.42380
v 0.22138 -0.01849 0.56720
v 0.22479 0.03988 0.49993
v 0.23248 0.01169 0.53322
v 0.17910 0.31059 0.25910
v 0.21935 -0.18428 0.62791
v 0.20630 0.02068 -0.02765
v 0.18351 0.25631 0.07329
v 0.20643 0.15731 0.43334
v 0.20294 0.26537 0.05716
v 0.23338 -0.33789 0.60910
v 0.21923 -0.08469 -0.44185
v 0.21210 0.34203 0.16092
v 0.20843 0.04436 0.50397
v 0.22059 -0.50749 -0.62276
v 0.18024 0.31382 0.23432
v 0.18334 0.10649 0.00399
v 0.19813 -0.17633 -0.40640
v 0.22881 -0.15297 -0.41556
v 0.21967 -0.27344 -0.56070
v 0.20941 0.32638 0.29251
v 0.21515 0.10538 -0.14929
v 0.21172 0.30231 0.08923
v 0.22546 0.10113 -0.12455
v 0.20442 -0.24669 -0.55420
v 0.20728 0.35609 0.18286
v 0.21349 -0.11911 -0.39542
v 0.18668 0.29724 0.14499
v 0.22478 -0.19904 -0.43268
v 0.22012 -0.19999 -0.44177
v 0.22023 -0.18419 0.62688
v 0.19732 0.15037 0.41728
v 0.21339 -0.07164 0.63756
v 0.23163 -0.15999 -0.37969
v 0.20470 -0.25231 -0.56766
v 0.22956 -0.12064 -0.42786
v 0.19566 0.31797 0.15166
v 0.22251 0.03020 0.51038
v 0.19415 0.02510 -0.25513
v 0.19500 -0.13208 -0.39201
v 0.22077 0.05226 -0.12195
v 0.18082 0.25783 0.06479
v 0.22737 -0.15649 -0.42069
v 0.20490 0.10298 -0.02354
v 0.27178 0.32096 0.34302
v 0.19314 0.11735 -0.03027
v 0.21653 -0.22034 0.62948
v 0.19066 0.30817 0.13389
v 0.23641 0.02209 0.51448
v 0.20914 0.35377 0.18321
v 0.18569 0.31691 0.16784
v 0.20826 -0.16760 0.62250
v 0.18120 0.22625 0.04546
v 0.21536 -0.11276 -0.43762
v 0.22884 -0.18351 0.61272
v 0.23562 -0.15917 -0.39824
v 0.21160 -0.16049 0.60486
v 0.18056 0.23758 0.04668
v 0.20179 0.02380 0.51704
v 0.22577 -0.00522 0.55493
v 0.22557 -0.18308 -0.42953
v 0.22328 -0.28576 -0.57050
v 0.21623 0.35564 0.17222
v 0.19008 0.01565 -0.00467
v 0.23491 0.04030 -0.11878
v 0.19864 0.02485 -0.01704
v 0.20136 0.03515 -0.02114
v 0.23012 -0.14844 -0.36626
v 0.20975 -0.16640 0.58952
v 0.19236 0.25156 0.04744
v 0.19547 0.06863 -0.02049
v 0.17936 0.29499 0.27408
v 0.19523 0.28256 0.28521
v 0.21791 0.32743 0.25727
v 0.23457 -0.19200 -0.42263
v 0.20966 -0.15306 -0.41605
v 0.20499 -0.14824 -0.41997
v 0.23144 0.05697 -0.13168
v 0.23443 -0.14603 -0.36939
v 0.22672 -0.18311 0.61565
v 0.22907 0.00945 0.49934
v 0.22195 -0.17559 0.61685
v 0.21013 -0.16259 0.58581
v 0.23219 0.02163 -0.11667
v 0.21156 -0.01266 0.57229
v 0.23427 -0.14530 -0.33810
v 0.22620 -0.39829 0.55648
v 0.23308 -0.34930 0.60785
v 0.21384 0.00692 0.55960
v 0.19461 -0.00620 0.54309
v 0.23551 -0.01013 0.55855
v 0.22984 0.20607 -0.00284
v 0.20392 0.24921 0.03348
v 0.20838 0.32821 0.14442
v 0.24014 -0.13800 -0.35622
v 0.22938 -0.50637 -0.61463
v 0.26553 -0.08017 -0.37557
v 0.22606 -0.17625 -0.35982
v 0.23053 0.02502 0.48607
v 0.26838 -0.32984 -0.51383
v 0.20026 0.03515 -0.01739
v 0.20634 0.36347 0.19974
v 0.23768 -0.19595 0.62142
v 0.24353 -0.14042 -0.35883
v 0.20487 0.24943 0.03477
v 0.25296 -0.29240 -0.46079
v 0.23127 0.34041 0.14639
v 0.21099 0.01135 0.54034
v 0.19830 0.30787 0.11829
v 0.20944 0.31188 0.09698
v 0.22865 -0.15163 0.60133
v 0.23751 -0.37417 0.56233
v 0.18401 0.31519 0.28718
v 0.24842 -0.17168 0.57723
v 0.24657 -0.24448 0.62048
v 0.21106 0.23303 -0.00611
v 0.21107 0.32449 0.26250
v 0.25915 0.02939 -0.03102
v 0.24877 -0.36169 0.56626
v 0.23613 -0.38570 0.56394
v 0.23515 -0.06429 0.60861
v 0.22300 -0.51983 -0.60609
v 0.19150 0.25409 0.03426
v 0.22669 0.03783 -0.13939
v 0.20756 0.00711 0.54564
v 0.25852 0.05254 0.45543
v 0.20162 0.20112 0.40000
v 0.20885 0.31646 0.11688
v 0.21429 0.16172 0.42299
v 0.23964 0.02482 -0.18879
v 0.23941 0.02434 0.49571
v 0.24123 -0.30439 -0.48080
v 0.23550 0.32406 0.09838
v 0.24682 0.00386 -0.11524
v 0.20228 0.26222 0.02602
v 0.20958 0.24431 0.00587
v 0.23691 0.16593 0.43888
v 0.23324 -0.14950 -0.31955
v 0.20751 0.15843 0.42460
v 0.19927 0.03896 -0.01920
v 0.22333 0.03202 -0.14146
v 0.23223 0.03393 -0.12932
v 0.22747 -0.19991 -0.43013
v 0.22442 0.01812 0.49804
v 0.24997 0.00602 -0.16415
v 0.26900 -0.34277 -0.53389
v 0.21213 0.32826 0.14999
v 0.25680 -0.37850 -0.60872
v 0.21151 0.20913 0.00073
v 0.20899 0.30573 0.09191
v 0.21425 0.33930 0.11979
v 0.22992 0.22292 -0.02791
v 0.24684 0.19881 -0.04604
v 0.21831 0.35904 0.22266
v 0.24295 0.00280 0.53428
v 0.24717 0.00977 -0.00333
v 0.19567 0.06459 -0.01994
v 0.24791 -0.37725 0.56541
v 0.27598 -0.41081 0.47461
v 0.23834 0.00904 -0.09839
v 0.25459 -0.51960 -0.59443
v 0.22415 -0.00436 0.50562
v 0.21752 0.33564 0.32651
v 0.26459 -0.01541 0.50578
v 0.22364 0.20027 0.41789
v 0.24879 -0.20036 0.60696
v 0.20167 0.33281 0.30147
v 0.22947 0.01242 0.50930
v 0.26408 -0.10524 -0.35621
v 0.25275 -0.20507 0.58319
v 0.21400 0.15551 0.43091
v 0.24603 0.01775 -0.14746
v 0.24043 -0.19467 0.60262
v 0.24905 -0.21074 0.59830
v 0.25454 -0.15282 -0.31593
v 0.23566 -0.18620 0.60942
v 0.25881 0.36920 0.10992
v 0.23484 -0.52556 -0.61903
v 0.25000 -0.32023 -0.48685
v 0.25171 -0.34329 0.56109
v 0.25351 -0.34208 0.55270
v 0.24964 0.01562 -0.16910
v 0.21890 0.28868 0.09141
v 0.20466 0.34691 0.16226
v 0.24936 0.01635 0.51906
v 0.27363 -0.04073 -0.30158
v 0.23350 -0.53529 -0.57936
v 0.26480 0.01911 -0.04545
v 0.24718 0.01031 -0.19185
v 0.24825 -0.18731 0.59775
v 0.25280 0.00250 -0.21473
v 0.24297 0.05973 -0.06205
v 0.23842 -0.19260 -0.41763
v 0.25492 -0.35369 0.56378
v 0.21615 0.24241 0.38008
v 0.23781 0.02583 0.50233
v 0.22577 0.34099 0.14165
v 0.22637 0.35507 0.15861
v 0.20628 0.36467 0.19056
v 0.26340 0.01829 -0.07184
v 0.22005 0.03813 -0.04059
v 0.22694 0.23710 -0.00413
v 0.23759 0.32569 0.32739
v 0.20880 0.20520 0.00440
v 0.22141 0.22780 -0.00280
v 0.21224 0.33084 0.31934
v 0.25385 0.02430 -0.12738
v 0.24816 -0.15162 0.59079
v 0.24337 -0.15389 -0.32194
v 0.26277 -0.14825 -0.30002
v 0.25720 -0.13977 -0.26775
v 0.23505 0.35065 0.14896
v 0.24060 0.02394 0.50072
v 0.26810 -0.17415 0.56411
v 0.24160 -0.20190 -0.42474
v 0.24974 -0.18999 0.59604
v 0.28542 -0.09628 -0.27471
v 0.22105 0.03516 -0.04165
v 0.25266 -0.32473 0.56144
v 0.21565 0.35289 0.30111
v 0.25474 -0.51572 -0.59543
v 0.21819 0.21184 -0.00471
v 0.25566 0.01659 0.51008
v 0.26730 -0.11075 -0.35385
v 0.24830 0.00826 -0.19627
v 0.20976 0.33025 0.14105
v 0.24592 -0.11858 -0.29328
v 0.25945 -0.31255 0.55881
v 0.26095 -0.33365 -0.47329
v 0.26542 -0.02121 -0.20119
v 0.25622 -0.00011 -0.19174
v 0.28212 -0.15140 0.52732
v 0.27355 0.00096 0.50017
v 0.29055 -0.11735 0.60698
v 0.26248 -0.15224 -0.30250
v 0.27502 -0.22009 -0.44294
v 0.24288 -0.20371 -0.45093
v 0.25291 0.31811 0.03248
v 0.21983 0.22711 0.00314
v 0.23257 0.35549 0.31741
v 0.25757 -0.31023 0.55576
v 0.30554 -0.32632 0.44875
v 0.26356 0.16949 -0.06215
v 0.27809 -0.12780 -0.27196
v 0.24303 0.16207 0.43130
v 0.25911 0.14796 0.26447
v 0.21548 -0.34116 -0.47739
v 0.26017 -0.00501 -0.21100
v 0.25971 -0.00806 -0.21945
v 0.27404 -0.16363 0.52739
v 0.26067 -0.32218 0.55919
v 0.25344 0.41875 0.24524
v 0.24899 0.16693 0.39078
v 0.25162 0.13499 0.38920
v 0.25985 0.15283 0.39616
v 0.26697 0.14560 0.39639
v 0.26187 0.25117 0.37220
v 0.22816 -0.30741 -0.46827
v 0.26382 0.04357 0.42273
v 0.22237 0.31491 0.09471
v 0.22769 0.31698 0.09430
v 0.25667 0.00040 -0.18813
v 0.26219 0.14565 0.38366
v 0.28272 0.20773 0.25645
v 0.26003 0.15479 0.41746
v 0.21986 0.03316 -0.04027
v 0.27240 0.00856 0.48293
v 0.26595 -0.28392 -0.44964
v 0.25053 0.00509 -0.21294
v 0.25419 0.13390 0.38793
v 0.24236 -0.29535 0.54043
v 0.25466 0.16391 0.39385
v 0.25193 -0.12157 -0.27706
v 0.26231 0.17569 0.24802
v 0.24771 0.17044 0.28846
v 0.25955 -0.13286 -0.29350
v 0.27129 -0.22260 0.56220
v 0.23751 0.01917 -0.03673
v 0.26779 -0.14404 -0.26363
v 0.25608 0.15628 0.29395
v 0.25377 -0.09362 -0.27836
v 0.26324 -0.31190 0.55849
v 0.26002 -0.30584 0.56182
v 0.26846 0.13977 0.39958
v 0.23177 -0.12583 -0.28980
v 0.19964 0.29162 0.09090
v 0.22735 0.32571 0.10583
v 0.24998 -0.29686 -0.46522
v 0.27721 -0.06858 0.59007
v 0.26654 0.28226 0.34944
v 0.24113 0.19162 -0.04590
v 0.22134 -0.15413 0.54610
v 0.25288 0.13032 0.32754
v 0.23898 0.33800 0.33243
v 0.26180 -0.08932 -0.25907
v 0.27637 -0.17201 0.53430
v 0.23549 0.32323 0.05845
v 0.23386 0.01359 -0.11896
v 0.27364 0.01504 -0.07264
v 0.27339 -0.34393 -0.50934
v 0.29963 -0.09212 0.55417
v 0.26501 -0.35622 -0.47189
v 0.23145 0.03009 -0.03956
v 0.27231 -0.20417 -0.44051
v 0.23196 -0.32715 0.53982
v 0.26966 0.19183 0.27225
v 0.27908 -0.10762 0.58375
v 0.27391 -0.11824 -0.25292
v 0.25161 -0.11567 -0.24499
v 0.24870 -0.01065 -0.22252
v 0.28120 -0.20615 0.57351
v 0.24812 0.12720 0.30134
v 0.25710 -0.51392 -0.59298
v 0.27141 -0.34190 0.49960
v 0.25033 -0.31133 0.57597
v 0.27830 -0.02403 0.51964
v 0.23754 0.32600 0.05984
v 0.25306 0.21120 0.24575
v 0.25132 0.13084 0.30502
v 0.29155 0.13557 0.37139
v 0.26553 0.01974 -0.03201
v 0.26918 0.12415 0.31718
v 0.27871 0.13754 0.38217
v 0.25973 0.01385 -0.04749
v 0.26177 0.15848 0.29275
v 0.25863 0.16334 0.29531
v 0.26472 0.21190 0.28245
v 0.25729 -0.29489 0.56788
v 0.26238 -0.31081 0.56380
v 0.27207 -0.30943 0.55463
v 0.26888 -0.03298 -0.29187
v 0.25752 0.42316 0.23905
v 0.27588 0.22111 0.25571
v 0.24894 0.23243 0.25056
v 0.27978 -0.02208 -0.20851
v 0.22811 -0.13996 -0.29854
v 0.27134 -0.17474 0.54479
v 0.26267 -0.12108 -0.27615
v 0.25376 0.33423 0.33309
v 0.24740 -0.16392 -0.32240
v 0.24210 -0.09959 -0.20753
v 0.25698 0.21911 0.24510
v 0.27717 -0.40400 0.29266
v 0.27340 -0.27906 0.56543
v 0.26327 0.35789 0.11589
v 0.24075 0.22621 -0.03171
v 0.25615 -0.37936 0.33063
v 0.25559 -0.08010 -0.24618
v 0.25422 -0.07768 -0.24599
v 0.25632 -0.50765 -0.59317
v 0.27836 0.21299 0.23073
v 0.24941 0.20177 0.24534
v 0.28705 -0.50714 -0.58223
v 0.27920 0.21908 0.27130
v 0.24420 0.20494 0.25937
v 0.27297 0.24120 0.24868
v 0.25910 0.14327 0.38689
v 0.26181 -0.08279 -0.24857
v 0.30553 0.06090 0.38872
v 0.27390 0.15222 0.28521
v 0.27055 0.05356 0.43821
v 0.27034 -0.51954 -0.58821
v 0.26812 -0.53321 -0.58415
v 0.25203 -0.07990 -0.24950
v 0.28605 -0.41383 -0.56050
v 0.28153 -0.04745 0.53163
v 0.25551 -0.10136 -0.27515
v 0.25383 0.23973 0.25460
v 0.26189 0.31813 0.03972
v 0.27648 -0.00388 -0.12652
v 0.26315 0.01791 0.47820
v 0.26619 0.01203 0.47040
v 0.28586 0.23128 0.23384
v 0.23071 -0.13102 -0.25474
v 0.25115 -0.50481 -0.59875
v 0.25632 -0.50765 -0.59317
v 0.26394 -0.28135 -0.45768
v 0.28154 -0.17139 0.54058
v 0.26763 0.21853 0.23068
v 0.26189 0.21670 0.21787
v 0.24248 0.31731 0.33692
v 0.23714 0.33660 0.32181
v 0.27123 0.03713 0.42917
v 0.27900 -0.22616 0.54749
v 0.25196 -0.19653 -0.41408
v 0.28992 0.17865 0.30540
v 0.28317 -0.04258 0.53717
v 0.22857 -0.13944 -0.31029
v 0.26966 -0.22019 0.54917
v 0.25857 -0.38466 0.32519
v 0.25572 0.34419 0.08343
v 0.24817 0.41371 0.19564
v 0.27861 -0.24316 0.56480
v 0.23991 -0.07235 -0.28882
v 0.27583 -0.31401 0.54879
v 0.27804 -0.02134 0.52240
v 0.25194 -0.01704 0.52440
v 0.26777 0.13152 -0.07877
v 0.28046 -0.18023 0.54728
v 0.28842 0.15108 0.16215
v 0.26808 0.11535 0.29452
v 0.26055 -0.38549 0.32810
v 0.26330 -0.50359 -0.59069
v 0.25748 -0.42468 0.34503
v 0.26441 0.03333 0.43111
v 0.28767 0.10079 -0.07695
v 0.24133 0.41561 0.22704
v 0.27632 -0.06585 -0.33208
v 0.24425 -0.12175 -0.31525
v 0.27523 0.22316 0.23278
v 0.27479 0.22304 0.22896
v 0.29273 0.23623 0.19148
v 0.28861 -0.04619 0.49805
v 0.25268 0.05276 -0.06742
v 0.28679 -0.15538 0.53274
v 0.26806 -0.16886 0.54769
v 0.28694 0.03729 0.23203
v 0.28964 0.06884 0.18360
v 0.28772 0.31217 0.32173
v 0.27956 -0.19700 0.54519
v 0.24415 0.31901 0.04703
v 0.27962 -0.04874 -0.29606
v 0.27515 -0.00925 0.49693
v 0.28914 -0.01086 0.46704
v 0.24914 0.11539 0.35007
v 0.23577 -0.10232 -0.31250
v 0.23867 -0.10383 -0.31336
v 0.28325 -0.07586 -0.32415
v 0.27718 -0.28927 0.55854
v 0.26298 0.02215 -0.05147
v 0.23831 -0.00196 0.47461
v 0.25198 0.33227 0.33837
v 0.27365 -0.00789 0.50232
v 0.27093 -0.23956 0.56867
v 0.27976 -0.25881 0.56479
v 0.24216 0.05115 -0.06070
v 0.25781 0.03728 -0.06025
v 0.27290 -0.27017 0.57191
v 0.27526 -0.24845 0.55879
v 0.26714 -0.24507 0.56772
v 0.29910 0.01062 0.43011
v 0.26387 -0.37514 -0.56069
v 0.26299 -0.23648 0.56073
v 0.27125 -0.44616 0.31003
v 0.26132 -0.21720 0.53472
v 0.25863 0.33997 0.30365
v 0.26311 -0.05321 -0.28624
v 0.26947 -0.06105 -0.29105
v 0.27698 -0.00702 -0.12622
v 0.29631 0.22940 0.32152
v 0.28732 -0.31192 0.54208
v 0.25630 -0.07251 -0.28513
v 0.27244 -0.24677 0.56347
v 0.28470 -0.23301 0.53782
v 0.27744 -0.18979 0.54891
v 0.27366 0.30363 0.34682
v 0.28284 0.19132 0.18880
v 0.26647 -0.37605 0.32223
v 0.27674 -0.24520 0.55863
v 0.26594 -0.38229 0.32710
v 0.30064 0.00850 0.43151
v 0.28251 -0.25637 0.56265
v 0.27800 -0.51735 -0.58611
v 0.28523 0.11281 0.25243
v 0.27852 0.20613 0.18010
v 0.27092 0.09639 0.25983
v 0.28576 0.21348 0.20551
v 0.32571 -0.39449 0.34037
v 0.29699 -0.25499 0.53812
v 0.28080 -0.25788 0.55944
v 0.28348 -0.06729 -0.29239
v 0.27382 0.19762 0.21157
v 0.28790 0.19037 0.19834
v 0.27393 0.16927 0.19599
v 0.28838 0.13159 0.25178
v 0.26407 -0.20081 0.53592
v 0.27328 -0.41473 0.35379
v 0.29281 -0.12005 0.55820
v 0.28297 -0.07743 -0.28466
v 0.29226 0.21398 0.21351
v 0.28808 0.06645 0.28750
v 0.27915 -0.32386 0.53459
v 0.26862 -0.19822 0.52841
v 0.30598 0.05654 0.37559
v 0.28252 0.18110 0.17877
v 0.27697 -0.04926 0.53645
v 0.28013 -0.24414 0.55883
v 0.28503 0.15820 0.17638
v 0.29156 0.12800 0.26477
v 0.32734 -0.40994 0.37538
v 0.28174 -0.27774 -0.43874
v 0.27161 0.13603 0.38143
v 0.26621 0.07378 0.27099
v 0.25380 0.05814 0.31016
v 0.28633 -0.15262 0.54778
v 0.28930 0.16173 0.16807
v 0.29192 0.16958 0.17430
v 0.26822 0.05422 -0.06983
v 0.25964 0.19663 0.15693
v 0.26853 -0.00385 -0.13980
v 0.26095 -0.01055 -0.14201
v 0.29233 0.31311 0.33679
v 0.25756 0.32588 0.33851
v 0.30017 -0.28562 -0.44202
v 0.26483 0.18903 0.15168
v 0.28777 0.06996 0.28094
v 0.29238 -0.28051 -0.40414
v 0.28690 0.20565 0.17862
v 0.29373 0.26483 0.14876
v 0.26859 -0.40310 -0.56765
v 0.29851 0.24976 0.15940
v 0.29656 0.18417 0.28514
v 0.26288 -0.21075 0.56789
v 0.26895 0.18619 0.19873
v 0.28020 -0.00675 0.47917
v 0.26924 0.19165 0.26824
v 0.26297 0.31668 0.03143
v 0.28330 0.15678 0.17134
v 0.30613 0.13665 0.35565
v 0.28373 0.23595 0.18893
v 0.28860 0.02228 0.43493
v 0.24651 0.41452 0.21357
v 0.26992 0.00107 0.48239
v 0.29048 0.21037 0.27000
v 0.25491 -0.41019 -0.56538
v 0.27525 -0.32738 0.53276
v 0.29429 0.20907 0.15070
v 0.27788 -0.07238 -0.30531
v 0.27162 -0.03931 0.53213
v 0.27168 -0.03403 0.51751
v 0.28732 -0.35632 -0.50491
v 0.28325 -0.06840 -0.27820
v 0.29011 0.24869 0.18516
v 0.27228 -0.01120 -0.14540
v 0.28696 0.14368 0.37032
v 0.28296 -0.52046 -0.57982
v 0.30741 0.28165 0.15545
v 0.28983 0.06248 0.28258
v 0.30907 -0.52761 -0.52041
v 0.29219 0.20236 0.17321
v 0.25616 0.34620 0.07207
v 0.29829 0.05161 0.28400
v 0.29909 0.44548 0.26529
v 0.29214 0.21418 0.21700
v 0.25034 0.17098 0.25092
v 0.28655 0.11098 0.31438
v 0.27325 0.13442 0.34258
v 0.25543 0.19422 -0.05202
v 0.26115 0.31895 0.03631
v 0.28951 -0.23287 -0.43225
v 0.27292 0.14548 0.26171
v 0.25487 0.15481 0.26106
v 0.28913 0.24727 0.18626
v 0.29855 0.24336 0.15737
v 0.30971 -0.45458 -0.53907
v 0.26243 0.15166 0.25416
v 0.29568 0.42541 0.16512
v 0.26290 0.04816 -0.06677
v 0.27350 -0.37458 0.33496
v 0.27230 -0.37877 0.32534
v 0.27734 -0.00557 -0.12302
v 0.27781 -0.37435 0.32337
v 0.29547 -0.02336 0.46639
v 0.28047 0.12872 0.33359
v 0.28840 -0.15188 0.52153
v 0.27639 0.02733 0.43607
v 0.28802 -0.04566 0.53450
v 0.28906 -0.51683 -0.49386
v 0.28670 0.17523 0.29973
v 0.26809 0.16613 0.27419
v 0.27123 0.34734 0.30559
v 0.25955 -0.06141 -0.28596
v 0.27855 0.38191 0.31425
v 0.27395 -0.02488 0.46891
v 0.26949 0.43028 0.18777
v 0.28143 0.08249 -0.07754
v 0.28403 0.40047 0.13040
v 0.25777 0.11877 0.25512
v 0.28402 0.12449 0.24834
v 0.28332 0.14150 0.17131
v 0.29663 0.09773 0.25637
v 0.30353 0.23591 0.24484
v 0.27797 -0.07921 -0.30768
v 0.28235 -0.32043 0.53756
v 0.26433 0.43548 0.20173
v 0.28971 -0.51359 -0.57244
v 0.32130 0.32195 -0.00953
v 0.29207 0.11905 0.32130
v 0.28350 -0.05112 0.54399
v 0.29962 -0.51333 -0.55642
v 0.26455 0.10195 0.34364
v 0.29745 0.13453 0.35700
v 0.29345 0.22093 0.27032
v 0.30226 0.20607 0.15386
v 0.29724 -0.12699 0.55074
v 0.29574 0.16239 0.23824
v 0.29869 -0.25433 -0.42048
v 0.28886 0.10095 0.25699
v 0.29081 0.12225 0.32612
v 0.30165 -0.10581 0.54805
v 0.29909 0.13018 0.31087
v 0.29984 -0.25551 0.53493
v 0.28727 0.20840 0.27502
v 0.29925 -0.51615 -0.49235
v 0.29556 -0.08068 0.52924
v 0.29688 -0.51318 -0.50113
v 0.35628 -0.20388 0.39629
v 0.30658 -0.40524 -0.55092
v 0.29300 -0.07173 0.50964
v 0.28905 0.24732 0.13923
v 0.26681 -0.00469 -0.12996
v 0.29652 -0.08154 0.52434
v 0.30151 0.18511 0.30612
v 0.29766 -0.50940 -0.50310
v 0.29340 -0.51407 -0.56324
v 0.29625 -0.51702 -0.56480
v 0.28691 0.13217 0.33634
v 0.27546 0.18516 -0.06200
v 0.30193 -0.11487 0.54116
v 0.26622 0.34199 0.06715
v 0.28818 -0.07651 0.54126
v 0.29098 0.10019 0.32752
v 0.27976 0.10912 0.31568
v 0.30285 -0.28219 -0.39271
v 0.27312 0.31504 0.02602
v 0.30121 -0.38136 0.33706
v 0.28350 0.32765 0.33287
v 0.26978 0.17914 -0.06567
v 0.29661 -0.10819 0.52607
v 0.29949 -0.07746 0.55783
v 0.29283 -0.32577 0.51775
v 0.28618 -0.51647 -0.50838
v 0.29337 -0.42687 -0.56711
v 0.30461 -0.23316 0.52836
v 0.27347 0.44226 0.23002
v 0.29228 -0.07976 0.51216
v 0.32872 0.11174 0.15622
v 0.28923 0.22532 0.26424
v 0.29997 0.19793 0.14625
v 0.29735 -0.08535 0.53232
v 0.30683 0.26359 0.14375
v 0.29232 -0.22575 -0.43779
v 0.30662 0.12883 0.15752
v 0.26837 0.34958 0.06933
v 0.29881 0.25195 0.15242
v 0.27667 -0.04698 0.50753
v 0.29097 -0.28178 -0.39934
v 0.29466 0.21649 0.26244
v 0.33603 -0.21567 0.46200
v 0.28333 -0.48875 -0.51654
v 0.28369 0.05524 -0.07550
v 0.28657 0.24194 0.27749
v 0.31794 0.27587 0.28111
v 0.29963 0.12071 0.36354
v 0.29684 -0.04094 0.50836
v 0.28601 0.01455 -0.06754
v 0.27525 0.44916 0.20963
v 0.28943 -0.33642 0.50905
v 0.29436 -0.14638 0.53851
v 0.32472 0.34288 0.19170
v 0.30302 0.23662 0.27126
v 0.29432 0.26664 0.25913
v 0.26984 0.32162 0.33832
v 0.29150 -0.08164 0.51087
v 0.29577 -0.52278 -0.56111
v 0.27999 0.32363 0.03843
v 0.28775 0.15372 0.17232
v 0.29469 0.25697 0.25394
v 0.30124 0.24238 0.27170
v 0.26798 0.31474 0.03402
v 0.29439 -0.00368 -0.12371
v 0.30815 0.05830 0.28621
v 0.34499 0.44209 0.26753
v 0.30193 -0.27614 -0.39130
v 0.31577 0.00810 0.18737
v 0.29292 -0.32618 0.51796
v 0.28031 0.32141 0.01555
v 0.30505 0.25949 0.26734
v 0.29020 -0.52205 -0.52582
v 0.29668 -0.27447 -0.39088
v 0.30137 -0.09319 0.55171
v 0.31236 0.28629 0.29209
v 0.32528 -0.04443 0.45351
v 0.28578 -0.37685 0.32775
v 0.28750 -0.00217 -0.12043
v 0.28669 -0.28742 -0.37794
v 0.29681 0.26245 0.14915
v 0.30018 -0.09353 0.53016
v 0.30004 0.23726 0.24770
v 0.28174 -0.50620 -0.57278
v 0.30678 -0.50676 -0.54946
v 0.26454 -0.27008 -0.42073
v 0.30270 -0.09893 0.53407
v 0.29112 -0.09666 0.54945
v 0.30460 -0.11506 0.54545
v 0.28734 0.22558 0.24104
v 0.28884 -0.00715 -0.04891
v 0.29832 -0.51990 -0.50111
v 0.29976 -0.40922 0.36400
v 0.28426 -0.06847 -0.25825
v 0.30490 -0.02546 -0.09430
v 0.27338 0.17456 0.27286
v 0.30487 -0.50433 -0.53311
v 0.29399 -0.09413 0.54582
v 0.33158 0.30131 -0.01040
v 0.27913 -0.05406 0.51441
v 0.29558 -0.24545 -0.43436
v 0.27227 0.13935 -0.08938
v 0.31201 0.27046 0.28673
v 0.29746 -0.04733 0.51083
v 0.33245 -0.10179 0.44592
v 0.30065 -0.51426 -0.54265
v 0.32309 -0.02376 0.42049
v 0.28956 0.12883 0.16768
v 0.31532 0.29281 0.31798
v 0.27434 0.15767 0.29449
v 0.27821 0.37370 0.09945
v 0.30065 -0.24134 -0.42811
v 0.29991 -0.27779 -0.41954
v 0.30100 0.05141 0.28346
v 0.31029 0.11311 0.31136
v 0.30208 -0.26624 0.52427
v 0.27800 0.31595 0.03229
v 0.26907 0.36175 0.08425
v 0.29256 0.00208 -0.12836
v 0.30051 -0.29192 -0.39212
v 0.29751 0.19216 0.13738
v 0.26522 -0.26864 -0.42221
v 0.27467 0.13561 0.30448
v 0.29493 0.17692 0.26635
v 0.29937 -0.29946 -0.41490
v 0.30861 0.12020 0.33844
v 0.31434 -0.04688 0.45287
v 0.30995 0.11924 0.34012
v 0.29682 -0.06425 -0.27849
v 0.31439 -0.51883 -0.47898
v 0.28463 0.05424 -0.07877
v 0.31235 0.09649 0.27200
v 0.29730 0.18513 0.26580
v 0.32917 0.22488 0.13811
v 0.30373 0.41370 0.10668
v 0.31456 0.17266 0.26180
v 0.30438 0.04000 0.34936
v 0.29302 0.08228 -0.03379
v 0.34516 -0.06229 -0.24521
v 0.31424 0.05077 0.16771
v 0.27020 0.37060 0.11586
v 0.31746 -0.27936 -0.38267
v 0.26388 0.43775 0.21847
v 0.35937 0.53700 0.12112
v 0.28135 0.43487 0.20014
v 0.30943 -0.02132 -0.09279
v 0.29736 0.07350 0.27970
v 0.29833 0.15897 0.13604
v 0.31432 -0.02387 -0.13177
v 0.33641 0.31203 -0.00772
v 0.33513 -0.25482 -0.30766
v 0.30088 -0.25951 0.53159
v 0.29274 -0.21345 0.48919
v 0.31106 0.01188 0.20210
v 0.29929 0.02538 0.18411
v 0.29947 0.11855 0.32251
v 0.26590 0.11108 -0.05333
v 0.28382 0.08860 0.26908
v 0.30504 0.27515 0.28738
v 0.35061 -0.29356 0.48058
v 0.31285 -0.03005 -0.12261
v 0.32210 0.01576 0.16751
v 0.30744 0.08053 0.27649
v 0.29210 -0.32298 0.44224
v 0.26385 0.12195 0.13524
v 0.32231 0.09361 0.28911
v 0.31774 -0.32758 0.43981
v 0.27362 0.10122 -0.06611
v 0.30964 0.27490 0.28905
v 0.29691 -0.05759 -0.01306
v 0.27472 0.42937 0.17490
v 0.27805 0.45089 0.19407
v 0.28605 -0.06515 -0.02102
v 0.30820 -0.00283 0.23754
v 0.28529 0.41369 0.16630
v 0.31765 -0.30047 -0.37730
v 0.28127 -0.03648 -0.07701
v 0.29831 -0.09241 0.01076
v 0.29842 -0.08361 0.02243
v 0.31107 0.08533 0.35504
v 0.30178 0.02974 0.18185
v 0.28332 0.10559 0.14472
v 0.31943 -0.07254 0.01120
v 0.31581 -0.01633 0.22417
v 0.30425 0.45246 0.24749
v 0.32983 0.22660 0.15111
v 0.31692 -0.03430 -0.10171
v 0.29679 -0.39594 0.32776
v 0.31099 0.42529 0.21110
v 0.31529 -0.22958 0.50127
v 0.30734 -0.00560 0.23159
v 0.31202 0.00170 0.21927
v 0.31976 -0.05078 -0.04333
v 0.31473 0.00787 -0.05647
v 0.30879 -0.02480 -0.10243
v 0.31568 0.09718 0.27405
v 0.30735 0.27064 0.29044
v 0.26930 0.32644 0.01766
v 0.30775 -0.02347 -0.10969
v 0.31481 -0.09696 -0.01597
v 0.31304 0.28029 0.29411
v 0.30600 -0.00349 0.24405
v 0.28728 0.42496 0.13628
v 0.30252 -0.28674 -0.38541
v 0.29878 0.38764 0.06393
v 0.28133 0.45433 0.20700
v 0.29820 -0.02088 0.21153
v 0.29331 0.30876 0.00444
v 0.31560 -0.07557 -0.02703
v 0.32435 -0.05179 -0.07861
v 0.30207 -0.06956 -0.02932
v 0.30515 0.30549 0.32973
v 0.31234 0.13751 0.30870
v 0.32243 0.14110 0.29008
v 0.32955 -0.38952 0.36841
v 0.27289 0.42815 0.17703
v 0.28654 0.43454 0.15591
v 0.28680 0.05886 -0.07798
v 0.28856 0.08681 -0.08245
v 0.31271 0.00821 0.22562
v 0.33048 -0.00742 0.22001
v 0.29636 0.05310 -0.07322
v 0.29570 0.44906 0.25679
v 0.30632 0.42073 0.12575
v 0.31570 0.06886 -0.08715
v 0.29690 -0.30535 -0.39025
v 0.36899 0.37004 0.15676
v 0.29723 0.31435 0.29591
v 0.31820 0.29976 0.31956
v 0.29843 -0.07330 -0.04677
v 0.31360 -0.07361 -0.03433
v 0.30518 -0.09431 -0.00038
v 0.29958 0.05562 -0.07360
v 0.31450 0.01376 0.23325
v 0.32050 -0.08555 -0.01892
v 0.30749 0.11761 0.32185
v 0.30055 0.10761 0.15235
v 0.31783 -0.07713 -0.02451
v 0.29386 0.27490 0.31625
v 0.31463 -0.03402 -0.06020
v 0.33332 0.00875 0.26931
v 0.30981 -0.07976 -0.02583
v 0.33128 -0.07157 -0.03217
v 0.31982 -0.08322 -0.02461
v 0.35336 -0.05424 -0.19582
v 0.31997 -0.08583 -0.30455
v 0.31386 0.39024 0.06033
v 0.29708 0.01824 -0.06457
v 0.31887 -0.05676 -0.05636
v 0.31305 -0.02731 -0.11218
v 0.31595 -0.05316 -0.07486
v 0.29871 -0.02442 0.21775
v 0.31633 0.11291 0.31143
v 0.31228 0.00562 -0.05743
v 0.28011 0.45498 0.22819
v 0.32507 -0.08596 -0.31191
v 0.34815 0.01071 0.34433
v 0.29203 0.06774 -0.07964
v 0.32661 0.03225 0.30232
v 0.32052 0.13662 0.12639
v 0.31747 -0.38420 0.35143
v 0.30172 0.23555 0.13082
v 0.30237 0.01760 0.20705
v 0.31934 -0.08085 -0.02110
v 0.32288 0.37954 0.03846
v 0.32271 -0.32889 0.39695
v 0.30179 -0.03734 -0.10738
v 0.33105 0.02664 0.29719
v 0.30219 0.01383 0.21847
v 0.28752 -0.05660 0.45823
v 0.31001 -0.39597 0.33380
v 0.31456 -0.49034 -0.50091
v 0.32177 -0.03520 0.40512
v 0.30007 -0.01963 0.41355
v 0.30143 0.01639 0.21251
v 0.31814 -0.05458 -0.05886
v 0.34044 -0.13216 -0.08623
v 0.32952 -0.04279 -0.12219
v 0.32628 -0.08457 -0.04636
v 0.32456 -0.07538 -0.03683
v 0.29655 0.42192 0.14289
v 0.33555 -0.19780 0.43785
v 0.32829 -0.32538 0.41293
v 0.32813 -0.10699 -0.09219
v 0.29214 0.31679 0.00145
v 0.31592 -0.29471 -0.38330
v 0.30333 -0.50565 -0.49979
v 0.35572 -0.12268 0.38152
v 0.32982 -0.04897 0.40444
v 0.32858 -0.06526 0.43213
v 0.31927 0.20929 0.13672
v 0.30989 0.41947 0.13235
v 0.29816 0.40058 0.13637
v 0.32929 -0.28952 -0.37901
v 0.31087 0.40174 0.10380
v 0.31750 -0.08884 -0.01569
v 0.32021 0.02287 0.17182
v 0.31746 -0.01584 0.24041
v 0.33225 -0.03873 0.42439
v 0.30183 0.32285 0.00843
v 0.30593 0.12382 0.27772
v 0.30611 0.12033 0.27922
v 0.32342 0.06588 0.32406
v 0.37228 -0.29323 0.36699
v 0.31286 -0.05119 -0.05885
v 0.32241 0.10505 0.30594
v 0.31100 -0.04155 0.45837
v 0.35581 -0.10155 -0.11370
v 0.32249 -0.05371 -0.07234
v 0.38035 -0.16029 -0.31733
v 0.32161 0.25123 0.13903
v 0.33017 0.00305 0.26052
v 0.30336 0.44914 0.26457
v 0.33537 -0.08325 0.41758
v 0.30936 0.26574 0.13607
v 0.28589 0.41905 0.14733
v 0.32304 -0.03064 -0.11940
v 0.31625 0.26188 0.14914
v 0.31297 -0.50470 -0.49932
v 0.35793 0.40195 0.23384
v 0.32718 -0.04716 -0.12213
v 0.34665 0.32256 0.00866
v 0.29965 -0.29739 -0.38410
v 0.28931 0.41264 0.12616
v 0.33437 -0.06571 0.44866
v 0.29511 0.39690 0.08527
v 0.34179 -0.20546 0.42788
v 0.32834 -0.39098 0.36985
v 0.30590 -0.51586 -0.49511
v 0.34592 -0.10294 -0.31059
v 0.32010 -0.23762 0.42922
v 0.31624 -0.32991 0.43526
v 0.29818 0.30378 -0.00531
v 0.33859 0.33294 0.00508
v 0.32241 0.02811 0.17884
v 0.34408 -0.01485 0.38194
v 0.36312 -0.03364 0.34142
v 0.34072 -0.21816 0.46497
v 0.32942 -0.31076 -0.39054
v 0.34483 -0.06120 0.03264
v 0.34609 -0.07072 -0.01844
v 0.36907 -0.19491 -0.31532
v 0.35725 -0.19987 -0.31130
v 0.34053 -0.07099 -0.27126
v 0.33181 -0.07943 0.43587
v 0.35522 0.12136 0.16092
v 0.32595 -0.31416 -0.40158
v 0.31244 -0.30139 -0.39183
v 0.33738 -0.21917 0.43883
v 0.31451 0.00645 0.24981
v 0.32174 -0.38263 0.36815
v 0.33137 -0.31490 0.40088
v 0.35041 -0.13901 -0.12956
v 0.29798 0.26364 0.13845
v 0.30055 0.10085 0.15305
v 0.33969 -0.00561 0.24963
v 0.34312 -0.08235 -0.01438
v 0.34789 -0.08480 -0.28228
v 0.34655 -0.02006 0.22982
v 0.34783 -0.12850 -0.10731
v 0.32660 -0.03476 -0.03263
v 0.30837 0.10898 0.15638
v 0.30774 0.38751 0.07663
v 0.33093 0.22799 0.14242
v 0.32244 -0.20189 0.42086
v 0.34253 -0.28501 -0.35398
v 0.30700 0.44810 0.26519
v 0.34309 -0.02890 0.38226
v 0.35294 0.50868 0.11073
v 0.33686 -0.04927 -0.11688
v 0.30810 0.12665 0.15089
v 0.33240 -0.11034 -0.09992
v 0.29662 0.40640 0.11637
v 0.32235 -0.02525 0.21901
v 0.34548 -0.05471 0.01217
v 0.30600 0.27474 0.13489
v 0.31687 0.38778 0.05305
v 0.33463 -0.20155 0.43725
v 0.33211 -0.20097 0.43673
v 0.37298 -0.37560 0.35507
v 0.32092 -0.31887 0.41248
v 0.32140 0.08161 0.16137
v 0.31591 0.25956 0.15017
v 0.33075 -0.46591 -0.34200
v 0.34483 -0.27445 -0.29939
v 0.30955 -0.42916 -0.34275
v 0.34380 -0.26920 -0.28523
v 0.33485 -0.43720 -0.31541
v 0.34450 -0.44628 -0.31617
v 0.31443 -0.43301 -0.28986
v 0.33134 -0.28619 -0.38248
v 0.33728 -0.05088 -0.11414
v 0.35272 -0.37396 0.35649
v 0.29260 0.40222 0.10264
v 0.33743 -0.29977 0.40720
v 0.34285 -0.09219 0.41061
v 0.33954 -0.43887 -0.31513
v 0.34574 -0.48687 -0.37612
v 0.33354 -0.45721 -0.32426
v 0.34272 -0.44026 -0.31305
v 0.35079 -0.49195 -0.32531
v 0.33240 -0.44188 -0.35058
v 0.34077 -0.45477 -0.29970
v 0.33496 -0.44633 -0.32808
v 0.34035 -0.48329 -0.31386
v 0.32924 -0.47736 -0.32928
v 0.32249 -0.31499 -0.39921
v 0.34339 0.01762 0.30151
v 0.32762 0.44766 0.27514
v 0.32222 -0.48069 -0.33589
v 0.34726 0.01379 0.30765
v 0.32975 -0.27127 -0.35153
v 0.34628 0.02597 0.16166
v 0.37662 -0.17125 0.36329
v 0.34364 -0.48300 -0.36594
v 0.34931 0.11358 0.16446
v 0.32739 0.00609 0.25670
v 0.34506 -0.46654 -0.37717
v 0.33362 0.01279 0.17008
v 0.31929 0.02104 0.17068
v 0.32878 -0.10536 0.42513
v 0.33922 -0.45075 -0.33207
v 0.31225 -0.49928 -0.34258
v 0.33064 -0.30703 0.39071
v 0.33987 -0.14033 -0.11856
v 0.32834 0.02980 0.17400
v 0.33765 0.02569 0.16840
v 0.33916 -0.05634 -0.11161
v 0.33778 -0.00584 0.35608
v 0.33809 -0.44457 -0.31633
v 0.32370 0.04194 0.15496
v 0.33950 -0.11273 0.40921
v 0.33966 -0.43960 -0.30445
v 0.35409 -0.00725 0.31592
v 0.34551 -0.38300 0.35946
v 0.33175 -0.45565 -0.32996
v 0.34457 -0.29327 -0.34742
v 0.34916 0.38765 0.15468
v 0.34883 -0.08196 0.42007
v 0.32907 -0.50365 -0.50198
v 0.35200 -0.50162 -0.33723
v 0.32658 -0.28674 -0.37219
v 0.34897 -0.01712 0.33893
v 0.36557 -0.34458 0.35952
v 0.33854 0.00323 0.27121
v 0.35131 -0.48821 -0.34760
v 0.35787 -0.41056 -0.28914
v 0.37206 0.30850 -0.02441
v 0.33090 0.32688 0.00989
v 0.32646 0.30730 -0.00629
v 0.36717 0.32521 0.13093
v 0.34923 -0.30370 -0.32760
v 0.35228 -0.13731 -0.12165
v 0.33008 -0.13538 -0.09458
v 0.33867 -0.08475 0.40128
v 0.33891 0.00782 0.18825
v 0.34189 -0.27963 -0.30015
v 0.34935 -0.01605 0.20325
v 0.35813 -0.32753 -0.38780
v 0.33578 0.31039 0.13592
v 0.36008 -0.48702 -0.36709
v 0.32851 -0.52045 -0.33625
v 0.37943 -0.23811 0.35433
v 0.34206 -0.28379 -0.31083
v 0.34408 -0.29461 -0.35047
v 0.34830 -0.12421 -0.10546
v 0.35265 -0.29514 0.39585
v 0.33229 -0.06095 -0.00674
v 0.34697 0.00934 0.27480
v 0.33751 -0.00762 0.24287
v 0.34888 -0.10364 -0.30440
v 0.33615 -0.02246 0.22911
v 0.30845 -0.26692 -0.30153
v 0.32849 0.01409 0.17852
v 0.35478 -0.09775 0.02851
v 0.32887 -0.27599 -0.32824
v 0.34399 -0.42821 -0.30674
v 0.35132 -0.48346 -0.31942
v 0.35184 -0.46378 -0.31786
v 0.36093 -0.00202 0.30642
v 0.35932 -0.19565 0.39980
v 0.33586 0.37315 0.03463
v 0.35394 0.36926 0.15553
v 0.35215 0.23927 0.13770
v 0.36403 -0.06490 -0.16046
v 0.35441 0.41503 0.24878
v 0.35552 -0.50166 -0.40696
v 0.35221 -0.02106 0.37527
v 0.33418 -0.08561 0.37823
v 0.35098 -0.04043 0.33605
v 0.35519 -0.01793 0.36262
v 0.34967 0.42294 0.26531
v 0.35298 -0.00171 0.30204
v 0.35639 -0.48123 -0.38147
v 0.33909 -0.26514 -0.30187
v 0.35081 -0.12110 0.40711
v 0.32195 -0.48977 -0.42732
v 0.33840 -0.02323 0.22866
v 0.34671 -0.50192 -0.39184
v 0.34594 -0.47363 -0.39530
v 0.32602 -0.26227 -0.30249
v 0.34279 -0.04812 -0.17442
v 0.33127 0.37080 0.02577
v 0.35756 -0.09087 0.37937
v 0.34805 -0.12422 -0.11707
v 0.35958 -0.50256 -0.38856
v 0.34425 -0.52082 -0.40904
v 0.34304 -0.48291 -0.36237
v 0.36980 -0.14109 0.36732
v 0.34603 0.07231 -0.08578
v 0.35083 -0.07610 -0.12156
v 0.37020 -0.43442 -0.33568
v 0.33579 0.01890 0.17122
v 0.34486 -0.09525 0.40061
v 0.31987 0.37281 0.04028
v 0.34890 -0.07255 -0.12306
v 0.34887 0.38990 0.18975
v 0.33821 -0.50731 -0.39532
v 0.36623 -0.13541 -0.12170
v 0.33592 -0.47577 -0.36278
v 0.36166 0.29651 0.13546
v 0.33661 0.37479 0.02815
v 0.33691 0.43139 0.19801
v 0.34735 -0.51023 -0.40140
v 0.37224 -0.08990 0.02512
v 0.36502 0.04938 -0.07063
v 0.38521 0.42844 0.05754
v 0.34842 -0.00137 0.32810
v 0.35600 -0.09725 -0.12823
v 0.34783 -0.52010 -0.41462
v 0.34864 0.24457 0.13280
v 0.33345 -0.44725 -0.33340
v 0.33537 0.18322 0.12112
v 0.34965 -0.31618 -0.37302
v 0.35145 -0.02769 0.20750
v 0.36408 -0.02859 0.33554
v 0.34608 0.36296 0.02808
v 0.35205 -0.25562 -0.27928
v 0.35838 -0.10607 0.02650
v 0.34745 -0.48194 -0.35452
v 0.35783 -0.04244 0.35789
v 0.37804 -0.03981 0.23906
v 0.33952 0.31215 -0.00432
v 0.36567 -0.14634 -0.31481
v 0.34170 -0.21515 0.36128
v 0.36653 0.11172 0.15612
v 0.33656 -0.27830 -0.32392
v 0.36048 -0.10747 0.09252
v 0.35681 -0.11805 0.09923
v 0.34915 -0.48333 -0.33001
v 0.36443 -0.10688 0.10101
v 0.34324 0.41186 0.25577
v 0.35780 -0.07678 0.14376
v 0.36003 -0.11572 0.09379
v 0.36443 -0.03130 0.21789
v 0.34000 0.44934 0.23555
v 0.35761 -0.01783 0.32998
v 0.35540 -0.10678 -0.11931
v 0.33611 -0.24627 -0.27462
v 0.34165 0.38155 0.19611
v 0.35122 -0.13603 0.39108
v 0.34155 0.05959 -0.08088
v 0.35170 -0.43599 -0.31024
v 0.33017 -0.43605 -0.30263
v 0.36884 -0.10360 0.05199
v 0.33600 0.02391 0.16128
v 0.33908 0.01684 0.17229
v 0.35230 -0.11220 0.09149
v 0.39105 -0.07928 -0.22192
v 0.33959 -0.48368 -0.33420
v 0.36554 -0.10831 0.37502
v 0.35116 -0.26316 -0.28977
v 0.35240 0.37447 0.16238
v 0.33716 -0.16748 -0.08787
v 0.34680 -0.04022 0.21836
v 0.36715 -0.31262 -0.32487
v 0.35450 -0.24024 -0.25201
v 0.33732 -0.50345 -0.49983
v 0.36135 -0.01991 0.19288
v 0.36610 -0.30391 -0.32660
v 0.34666 -0.42202 -0.27897
v 0.32949 0.47686 0.23924
v 0.35407 0.44034 0.26643
v 0.34434 -0.14005 0.40128
v 0.37010 -0.12953 0.38441
v 0.37004 0.58112 0.14022
v 0.35238 0.39226 0.19128
v 0.36266 0.43706 0.25105
v 0.37101 -0.40494 -0.28986
v 0.36937 -0.35440 0.35236
v 0.36618 -0.12952 0.09198
v 0.34327 -0.37780 0.36247
v 0.35655 -0.18173 0.39133
v 0.36674 -0.19195 0.37823
v 0.34042 -0.20585 0.34978
v 0.37712 -0.28118 0.37473
v 0.34893 -0.15356 -0.12961
v 0.37704 -0.08942 0.35929
v 0.34363 -0.08174 -0.28205
v 0.36242 -0.49359 -0.41445
v 0.35326 -0.03549 0.30689
v 0.36181 -0.47286 -0.31250
v 0.35906 -0.13390 0.06323
v 0.34751 -0.46968 -0.18963
v 0.36103 0.38459 0.17675
v 0.36381 -0.11155 0.09809
v 0.36251 -0.34254 -0.38440
v 0.36619 0.39371 0.19266
v 0.36526 -0.41703 -0.29635
v 0.32809 -0.07773 -0.24340
v 0.35248 0.45594 0.25172
v 0.36313 0.40055 0.19618
v 0.35504 -0.38216 0.34757
v 0.36373 0.39196 0.16643
v 0.35994 -0.00688 0.29751
v 0.35386 0.38525 0.17370
v 0.36051 -0.18247 0.37498
v 0.36962 0.24596 0.12500
v 0.35807 -0.49473 -0.15948
v 0.32824 -0.02232 0.20430
v 0.37380 -0.47146 -0.30388
v 0.36645 -0.01392 0.20193
v 0.37311 -0.50664 -0.41925
v 0.36254 -0.15394 -0.11915
v 0.38297 -0.17876 0.36402
v 0.35596 -0.10292 0.10008
v 0.36741 0.36860 0.16347
v 0.35174 0.35055 0.01854
v 0.37196 0.36077 0.02376
v 0.37229 -0.26381 -0.25043
v 0.36280 -0.04979 -0.19086
v 0.37162 0.41383 0.24083
v 0.35848 -0.02836 0.23245
v 0.36472 -0.32849 -0.39608
v 0.34458 -0.43010 -0.28806
v 0.37143 -0.43420 -0.32827
v 0.37971 -0.23067 -0.20622
v 0.38423 -0.05319 0.31275
v 0.33608 0.35720 0.04423
v 0.36642 -0.48919 -0.31250
v 0.37120 -0.42415 -0.29126
v 0.37853 -0.26917 0.36483
v 0.36584 -0.29264 0.35739
v 0.34849 -0.35197 0.36481
v 0.35775 0.37989 0.16167
v 0.37253 -0.47891 -0.14481
v 0.36890 -0.46426 -0.15890
v 0.35989 0.38723 0.16008
v 0.33979 0.39697 0.23920
v 0.37560 -0.47681 -0.29495
v 0.36028 -0.23962 0.24389
v 0.37125 -0.10539 -0.00144
v 0.36591 -0.11539 0.04342
v 0.41207 0.50489 0.16733
v 0.35470 -0.46528 -0.16674
v 0.36450 -0.03835 0.22872
v 0.37243 -0.34997 -0.36157
v 0.39414 -0.38864 -0.26629
v 0.36717 0.05249 -0.07219
v 0.36261 -0.48746 -0.31426
v 0.35712 -0.16991 0.05426
v 0.38820 -0.43331 -0.13086
v 0.35099 -0.18436 0.06193
v 0.34935 -0.16363 0.05280
v 0.36333 -0.16972 0.04323
v 0.37176 0.24242 0.12616
v 0.35565 -0.44368 -0.34276
v 0.36346 -0.49889 -0.47763
v 0.36917 -0.15116 0.09570
v 0.35173 -0.38647 -0.31033
v 0.37136 -0.19130 0.28074
v 0.36865 -0.19899 0.36602
v 0.35976 -0.14672 -0.11802
v 0.36558 0.10230 0.15738
v 0.37016 0.18427 0.13289
v 0.36379 -0.49872 -0.48449
v 0.36643 -0.19125 0.27482
v 0.37343 -0.10542 0.10451
v 0.35238 -0.14696 0.06379
v 0.37694 0.40205 0.22130
v 0.36354 -0.03771 0.22577
v 0.37047 -0.10121 0.16274
v 0.37270 -0.04223 0.21707
v 0.33844 -0.21924 0.30650
v 0.37471 -0.15759 -0.12919
v 0.38935 -0.14824 0.06091
v 0.36645 0.40625 0.23358
v 0.35459 -0.18217 0.05426
v 0.37483 -0.08144 0.18250
v 0.37268 -0.04355 0.20938
v 0.36536 -0.22319 -0.22609
v 0.36704 -0.10346 0.01596
v 0.36399 -0.14717 0.09723
v 0.38280 -0.15614 0.08106
v 0.38208 -0.14820 0.06637
v 0.37097 -0.34574 -0.37358
v 0.37137 -0.04653 0.20196
v 0.37719 -0.36908 -0.36488
v 0.37768 -0.05176 0.18437
v 0.37930 -0.45199 0.10593
v 0.38662 -0.21790 0.33951
v 0.37089 -0.22923 0.28168
v 0.36707 -0.35384 -0.37987
v 0.37501 -0.36172 -0.36428
v 0.40695 -0.15937 0.06487
v 0.38355 -0.24593 -0.22603
v 0.36726 -0.06510 0.16318
v 0.37315 -0.16608 0.05671
v 0.38763 -0.17521 0.34114
v 0.37481 -0.14145 0.37308
v 0.37701 -0.21314 0.01241
v 0.37502 -0.37300 -0.36463
v 0.37501 -0.34170 -0.34141
v 0.37354 -0.33750 -0.34037
v 0.37823 -0.23191 0.26200
v 0.39690 -0.20761 0.33131
v 0.37467 -0.11597 0.01926
v 0.38218 -0.05127 0.24898
v 0.37862 -0.21755 -0.18945
v 0.38457 -0.38451 -0.40393
v 0.37167 -0.10518 0.10647
v 0.37430 -0.36821 0.15684
v 0.38209 -0.41441 -0.00211
v 0.33993 -0.39613 0.15455
v 0.35296 -0.40252 0.14572
v 0.36234 -0.22806 0.30006
v 0.34318 0.43671 0.07028
v 0.38525 -0.02928 0.18127
v 0.36013 -0.10914 0.09726
v 0.37284 0.30413 -0.02211
v 0.38245 -0.24251 -0.19171
v 0.35730 -0.03094 0.22731
v 0.38497 -0.25863 0.33235
v 0.35959 -0.21365 -0.19326
v 0.34444 -0.21553 -0.17821
v 0.38561 -0.17935 -0.27530
v 0.38309 -0.06662 0.18039
v 0.36543 -0.18446 0.06806
v 0.37478 -0.05725 0.23057
v 0.37501 -0.06048 0.17407
v 0.36216 -0.48431 -0.45895
v 0.38523 -0.08993 0.10686
v 0.37895 -0.09166 0.10095
v 0.39738 -0.18787 0.30988
v 0.35302 -0.13707 -0.12667
v 0.37285 -0.20443 0.28963
v 0.36097 -0.34874 0.35261
v 0.39658 -0.37074 0.32636
v 0.37996 -0.22643 -0.20273
v 0.35851 -0.47532 -0.30877
v 0.37196 -0.21945 0.26445
v 0.37366 -0.17318 0.05928
v 0.37980 -0.37770 0.14408
v 0.34589 0.10623 0.11403
v 0.37879 -0.06925 0.33291
v 0.37680 -0.46054 -0.13932
v 0.35958 0.24797 0.13147
v 0.38855 -0.48899 -0.16775
v 0.35993 0.37153 0.15249
v 0.37345 0.49726 0.21048
v 0.37764 -0.03779 0.24063
v 0.37772 -0.20468 0.28440
v 0.38064 -0.24608 0.27062
v 0.37035 -0.34667 0.35148
v 0.37519 0.36475 0.14931
v 0.37157 -0.45159 -0.15012
v 0.35500 0.02875 0.17135
v 0.38894 -0.40606 -0.39687
v 0.37951 -0.38255 -0.36392
v 0.37039 -0.07144 0.18434
v 0.39219 -0.40020 0.11770
v 0.39265 -0.37181 0.33144
v 0.38008 -0.47753 -0.42512
v 0.38516 -0.49912 -0.45935
v 0.36971 -0.23398 0.23486
v 0.36905 0.07468 -0.08114
v 0.33877 0.36457 0.01325
v 0.37401 0.50546 0.20810
v 0.36467 -0.10653 0.02454
v 0.39424 -0.06666 0.11140
v 0.37300 -0.11063 0.34646
v 0.37772 -0.22340 0.02846
v 0.36009 -0.48305 -0.30764
v 0.37769 -0.38598 0.04934
v 0.37546 -0.22700 0.03020
v 0.38004 -0.25557 0.00487
v 0.39086 -0.22713 0.00692
v 0.38269 -0.47499 -0.28617
v 0.37876 -0.47920 -0.42823
v 0.37373 -0.43156 -0.33689
v 0.39683 -0.18701 0.33041
v 0.37869 -0.39398 -0.41661
v 0.37244 0.02942 0.17107
v 0.37322 0.36055 0.02000
v 0.37982 -0.23186 0.26853
v 0.37982 -0.22489 0.27060
v 0.35387 -0.39899 0.13675
v 0.38827 -0.09556 0.32240
v 0.38446 -0.22087 -0.16990
v 0.38283 -0.25825 0.00223
v 0.38460 -0.45895 -0.44474
v 0.38491 -0.26277 -0.00745
v 0.36094 -0.46664 -0.45234
v 0.34274 -0.26840 0.34863
v 0.36282 -0.26448 0.25808
v 0.40923 -0.23383 0.27650
v 0.35963 -0.21927 0.27118
v 0.38207 -0.25087 0.24378
v 0.37238 -0.25399 0.37089
v 0.38232 -0.24943 -0.00993
v 0.38315 -0.33644 -0.28444
v 0.36518 -0.20716 0.35478
v 0.39296 -0.39536 -0.09978
v 0.39767 -0.32705 -0.23470
v 0.38227 -0.21001 0.27952
v 0.36661 -0.43149 0.07613
v 0.36022 0.23544 0.12766
v 0.41999 -0.35522 -0.21108
v 0.38079 -0.17222 -0.28992
v 0.37859 -0.07426 0.34177
v 0.38946 -0.39572 -0.35157
v 0.37704 -0.38945 -0.36537
v 0.33971 -0.27181 0.35099
v 0.36300 -0.44733 -0.02224
v 0.38099 -0.40215 -0.35708
v 0.39044 -0.21932 0.25805
v 0.38494 -0.45866 0.01680
v 0.39008 -0.45960 -0.15077
v 0.36550 0.13716 0.14974
v 0.38199 -0.04476 0.22952
v 0.33496 -0.40757 -0.36146
v 0.36347 -0.44701 -0.01776
v 0.38803 -0.18627 0.25837
v 0.39111 -0.04150 0.11885
v 0.36879 0.48625 0.09425
v 0.34383 -0.25981 0.34649
v 0.38028 -0.22533 0.24581
v 0.37058 -0.20767 0.26512
v 0.38128 -0.16090 -0.13169
v 0.40307 -0.13168 -0.08910
v 0.38626 -0.33633 -0.23383
v 0.37183 -0.21856 0.26421
v 0.38429 -0.15446 -0.29629
v 0.38216 -0.34181 0.35373
v 0.37971 -0.12051 0.05455
v 0.38392 -0.41797 0.00780
v 0.38362 -0.47454 -0.28424
v 0.38425 -0.33977 -0.25591
v 0.39170 -0.25052 0.35204
v 0.35358 -0.27573 0.32720
v 0.38849 -0.32205 -0.24931
v 0.39953 -0.17220 0.23504
v 0.37887 -0.22204 0.25461
v 0.38581 -0.32803 -0.24640
v 0.37159 -0.44470 -0.46588
v 0.38886 -0.38676 -0.27005
v 0.35244 -0.20655 0.24195
v 0.36438 -0.15604 0.09603
v 0.37459 -0.20597 0.25613
v 0.36450 -0.23841 0.22722
v 0.38409 -0.24040 -0.20566
v 0.38066 -0.15085 0.05459
v 0.36423 -0.22940 -0.23645
v 0.38525 -0.41758 0.07112
v 0.38628 -0.38987 0.09197
v 0.38701 -0.40889 0.14967
v 0.38212 -0.24167 0.22573
v 0.41255 -0.27684 -0.06089
v 0.38752 -0.43342 0.02794
v 0.39328 -0.34997 0.04841
v 0.36984 -0.15746 0.03076
v 0.38015 -0.20308 0.23169
v 0.37981 -0.37104 0.03857
v 0.39687 -0.18838 0.33775
v 0.37542 -0.17371 0.36581
v 0.36547 -0.44539 -0.00755
v 0.36875 -0.44561 0.00140
v 0.37954 -0.34074 -0.26396
v 0.38988 -0.07405 0.33165
v 0.38168 -0.05940 0.32176
v 0.36592 -0.37757 0.06663
v 0.38560 -0.40460 0.08229
v 0.36607 -0.39134 0.05533
v 0.36718 -0.12679 0.03938
v 0.39250 -0.35588 0.07633
v 0.35848 0.05542 -0.07576
v 0.38333 0.07363 -0.07622
v 0.37698 0.04352 -0.06442
v 0.38064 -0.03924 0.18825
v 0.38459 -0.43693 0.04728
v 0.39305 -0.43771 0.04853
v 0.38382 -0.20980 -0.18031
v 0.38534 -0.39365 0.08362
v 0.38774 -0.44175 0.02008
v 0.38747 -0.23138 0.21115
v 0.36498 -0.40599 -0.35507
v 0.35503 -0.07356 0.34641
v 0.40095 -0.31825 0.02143
v 0.39549 -0.04135 0.14424
v 0.39311 -0.19536 0.20702
v 0.38460 -0.06093 0.31419
v 0.38254 -0.09402 0.34475
v 0.39295 -0.23461 0.21826
v 0.38839 -0.17996 0.19973
v 0.36786 -0.14791 0.07023
v 0.38723 -0.22433 0.25718
v 0.34532 0.09287 0.13525
v 0.40724 0.20255 -0.06640
v 0.38669 -0.20376 -0.16575
v 0.35040 -0.41254 0.09327
v 0.37378 -0.11177 0.33845
v 0.39829 -0.47630 -0.21805
v 0.39718 -0.19813 0.20552
v 0.39370 -0.48481 -0.26903
v 0.39274 -0.27302 0.21413
v 0.36544 0.10107 0.15892
v 0.35806 -0.41768 0.10676
v 0.37232 -0.41634 0.12900
v 0.38598 -0.43090 0.03614
v 0.38926 -0.26409 0.20609
v 0.37595 -0.25801 0.20652
v 0.39060 -0.25072 0.17531
v 0.37873 0.36991 0.15244
v 0.38503 -0.36262 -0.26080
v 0.37054 -0.45357 -0.07000
v 0.38152 -0.34781 0.07474
v 0.39363 -0.05959 0.25011
v 0.39423 -0.05937 0.23811
v 0.39602 -0.40830 -0.11182
v 0.39328 -0.29830 0.32914
v 0.38987 -0.32741 -0.22886
v 0.39231 -0.41713 -0.03357
v 0.36945 -0.28051 0.34821
v 0.38967 -0.24652 0.16615
v 0.38359 -0.28872 0.17931
v 0.39046 0.02601 0.16741
v 0.39892 -0.32200 0.34415
v 0.38896 -0.26000 0.18245
v 0.39902 -0.24230 0.17232
v 0.37081 -0.23650 0.19592
v 0.38022 -0.25439 0.21196
v 0.39141 -0.28182 0.21509
v 0.39028 -0.25194 0.16801
v 0.37643 -0.41893 0.12402
v 0.39361 -0.21294 0.14597
v 0.39185 -0.23400 0.14595
v 0.35295 0.51596 0.10148
v 0.39396 -0.08740 0.27869
v 0.34762 0.54114 0.13839
v 0.38106 0.48998 0.08013
v 0.35366 0.52187 0.12020
v 0.39001 -0.43444 0.12671
v 0.40398 -0.43945 0.26937
v 0.39285 -0.09690 0.31410
v 0.37756 -0.02574 0.18286
v 0.39065 -0.25610 0.19110
v 0.39205 -0.24048 0.14371
v 0.39839 0.52237 0.10093
v 0.40306 -0.11772 0.25455
v 0.38233 -0.21024 0.33193
v 0.37437 -0.46611 -0.20076
v 0.36115 -0.24859 0.32833
v 0.42035 0.05160 -0.03702
v 0.39458 -0.05375 0.11615
v 0.39649 -0.35156 0.05733
v 0.39576 -0.03437 0.16609
v 0.38063 -0.27005 0.30390
v 0.37124 -0.42000 0.08416
v 0.39479 -0.26755 0.01010
v 0.38405 0.37077 0.14944
v 0.39524 -0.22536 0.15415
v 0.41850 -0.13913 0.22181
v 0.37007 -0.15110 0.09150
v 0.36014 -0.40212 0.07309
v 0.39366 -0.38484 -0.08388
v 0.38699 -0.21675 -0.16768
v 0.39104 -0.43650 -0.12117
v 0.38635 -0.30911 0.19910
v 0.39527 -0.00758 0.00444
v 0.36828 -0.43040 0.07706
v 0.38825 -0.06562 0.25664
v 0.39818 -0.24781 0.32963
v 0.40314 -0.31323 0.32901
v 0.36648 0.46844 0.07770
v 0.35209 0.45381 0.08354
v 0.39870 -0.22510 0.14985
v 0.37728 -0.40436 0.13817
v 0.38335 -0.43000 0.13432
v 0.35802 0.13582 0.14905
v 0.39898 -0.22714 0.13597
v 0.37398 0.46099 0.07828
v 0.34903 -0.38343 -0.08617
v 0.39861 -0.22291 0.13663
v 0.37878 -0.47697 -0.27623
v 0.38580 -0.16933 -0.12878
v 0.39984 -0.03284 0.12333
v 0.40315 -0.32866 0.18727
v 0.38864 0.29190 -0.00607
v 0.37871 0.03395 0.15842
v 0.39303 0.34230 0.01663
v 0.37186 0.51617 0.10256
v 0.40171 -0.21550 -0.14697
v 0.36924 -0.35841 -0.26236
v 0.39114 -0.22728 0.00672
v 0.39821 -0.48310 -0.20828
v 0.40370 -0.10310 0.29944
v 0.39090 -0.35223 -0.24557
v 0.38182 -0.42055 -0.12291
v 0.40917 -0.48835 -0.21147
v 0.38414 0.52562 0.19386
v 0.39204 -0.18586 -0.14382
v 0.37657 -0.46535 -0.15738
v 0.35924 0.54459 0.15229
v 0.38276 -0.35398 0.07079
v 0.39244 0.51104 0.19250
v 0.38478 0.09044 0.15489
v 0.39226 0.26179 0.10595
v 0.38837 0.28612 -0.01714
v 0.36880 -0.37684 0.05474
v 0.38726 -0.17436 -0.13930
v 0.39119 -0.29977 0.20225
v 0.40973 -0.19294 -0.00293
v 0.39280 0.08400 -0.06378
v 0.39487 -0.32972 0.03648
v 0.40994 -0.27308 0.31303
v 0.38409 -0.22033 0.31413
v 0.39929 -0.40999 0.15719
v 0.39878 -0.08527 0.27028
v 0.40419 -0.34991 -0.21563
v 0.35575 0.14561 0.10563
v 0.41123 -0.29278 0.31810
v 0.40601 -0.20168 0.14074
v 0.39642 -0.31415 0.02680
v 0.39518 -0.22087 0.27200
v 0.38938 -0.31758 0.29556
v 0.40365 0.50902 0.16549
v 0.40035 -0.06946 0.27316
v 0.41750 -0.19352 -0.10103
v 0.38931 -0.17020 -0.13005
v 0.40897 -0.29915 -0.04161
v 0.35152 -0.38867 -0.11856
v 0.39466 -0.03263 0.15516
v 0.39044 -0.02167 0.11095
v 0.39706 -0.36716 0.16157
v 0.39359 -0.46130 -0.16960
v 0.39661 -0.40212 0.13935
v 0.38341 -0.21069 0.27583
v 0.39798 0.06167 -0.06628
v 0.36931 0.09035 0.16360
v 0.37696 0.18568 0.14088
v 0.41547 0.28673 0.00227
v 0.39692 0.29570 -0.01610
v 0.40434 -0.47908 -0.18883
v 0.39447 -0.49197 -0.18238
v 0.40607 -0.31178 0.17568
v 0.39289 -0.06841 0.26336
v 0.40518 -0.09374 0.26341
v 0.39039 -0.09427 0.28048
v 0.39943 -0.46199 -0.12595
v 0.41428 -0.17521 0.29201
v 0.42722 -0.30984 -0.10016
v 0.37916 -0.46192 -0.16689
v 0.40429 -0.45201 -0.11750
v 0.40811 -0.39308 -0.12247
v 0.38760 0.22528 0.13546
v 0.40345 -0.21118 0.11980
v 0.39288 -0.40889 -0.10123
v 0.35410 -0.40601 -0.10507
v 0.40763 -0.24340 0.30230
v 0.40004 -0.08996 0.26865
v 0.39971 -0.25740 0.32094
v 0.41752 -0.11816 0.27645
v 0.39239 -0.02610 0.12347
v 0.39372 0.56738 0.15980
v 0.38389 -0.31547 0.14436
v 0.36193 0.57054 0.12822
v 0.40239 -0.31771 0.18268
v 0.41138 -0.33414 0.17397
v 0.40780 -0.46531 -0.09824
v 0.38248 -0.37180 0.05409
v 0.39916 0.07903 0.14760
v 0.39661 -0.30388 0.02708
v 0.39759 -0.20491 0.31415
v 0.39484 -0.48773 -0.18948
v 0.38410 -0.07438 0.24228
v 0.37043 0.21492 0.11193
v 0.41447 -0.34454 -0.00615
v 0.41266 0.10646 -0.06733
v 0.37900 -0.21188 0.14649
v 0.38810 -0.22343 0.12449
v 0.40681 -0.21295 0.12663
v 0.39310 -0.14419 0.20797
v 0.41070 -0.40025 0.13278
v 0.39896 -0.27463 0.35705
v 0.41163 0.01445 0.14131
v 0.40390 0.07766 0.14048
v 0.40181 -0.46781 -0.17262
v 0.39168 -0.30975 0.04416
v 0.39632 0.37806 0.14167
v 0.40735 -0.13002 0.21535
v 0.39483 -0.21019 -0.15367
v 0.39476 -0.34001 0.16524
v 0.40569 0.53899 0.15027
v 0.40796 -0.23189 0.30010
v 0.41052 -0.20049 0.11354
v 0.41683 -0.37712 0.14078
v 0.40773 -0.28585 0.33575
v 0.39536 0.29123 -0.01444
v 0.37625 0.21483 0.11552
v 0.39694 -0.16461 0.18458
v 0.37241 -0.40968 0.05861
v 0.39079 -0.18362 -0.14350
v 0.40757 -0.13161 0.19770
v 0.40815 -0.31349 0.00350
v 0.39779 -0.16173 0.16531
v 0.40594 -0.16361 0.17728
v 0.39873 -0.24226 0.30135
v 0.40477 -0.39331 0.14810
v 0.37101 0.21344 0.11151
v 0.40404 -0.31334 0.16128
v 0.39045 -0.45893 -0.11357
v 0.41165 -0.18666 -0.10884
v 0.40010 -0.44343 -0.08341
v 0.38959 -0.15432 0.14928
v 0.40375 -0.00708 0.11679
v 0.40550 -0.24264 0.32370
v 0.40522 -0.29534 0.01941
v 0.36182 0.57677 0.11069
v 0.40744 -0.44824 -0.07731
v 0.36410 -0.42795 0.05776
v 0.40438 -0.45572 -0.06634
v 0.41811 -0.40594 -0.16389
v 0.40636 -0.23306 0.27648
v 0.40490 -0.10973 0.24775
v 0.40880 0.56079 0.13791
v 0.40899 -0.22724 -0.05252
v 0.40961 0.06894 0.13665
v 0.38764 0.04361 0.11959
v 0.38908 0.04964 0.11603
v 0.40297 -0.33254 0.16798
v 0.41867 -0.18830 0.10837
v 0.40455 -0.46859 -0.17079
v 0.38954 0.09783 0.11003
v 0.42728 -0.27722 -0.08686
v 0.41314 0.52820 0.14636
v 0.39939 -0.27876 0.32319
v 0.40921 -0.27582 -0.07689
v 0.40679 -0.29964 0.32133
v 0.40815 0.03870 0.14855
v 0.38409 -0.15330 0.21478
v 0.40643 -0.20149 -0.00122
v 0.39016 -0.44524 -0.09517
v 0.40626 0.02081 0.14258
v 0.40523 0.03784 0.14433
v 0.41081 -0.32278 -0.01404
v 0.37932 0.21386 0.12361
v 0.41930 -0.30956 -0.01040
v 0.36976 -0.42799 -0.20979
v 0.40497 -0.30381 -0.12164
v 0.40592 -0.02754 0.11817
v 0.36331 -0.41890 0.04484
v 0.38154 -0.34627 0.07968
v 0.41356 -0.32235 -0.04264
v 0.40986 -0.19421 -0.11736
v 0.41099 0.06484 0.12751
v 0.42459 -0.37099 0.25046
v 0.39081 -0.45523 -0.10652
v 0.41060 0.56616 0.11861
v 0.36817 0.51957 0.10085
v 0.41122 -0.43305 -0.08288
v 0.41663 0.07033 -0.04603
v 0.40450 -0.19901 0.12260
v 0.41080 -0.28846 -0.09189
v 0.41230 -0.28773 -0.10687
v 0.40948 -0.39530 -0.16859
v 0.41027 -0.19082 0.29028
v 0.41112 -0.22253 -0.03188
v 0.41721 0.06480 0.11684
v 0.40825 -0.42285 -0.09227
v 0.41270 -0.37562 0.28522
v 0.40769 -0.30185 -0.04269
v 0.40521 -0.29022 -0.11035
v 0.43370 0.16840 0.13394
v 0.39708 0.33647 0.00548
v 0.41305 -0.29065 0.31247
v 0.39766 -0.43362 0.02539
v 0.42078 -0.12857 0.28432
v 0.43795 0.21610 0.13355
v 0.41476 -0.29857 -0.10257
v 0.40372 0.55147 0.09501
v 0.41553 -0.38797 0.13453
v 0.41158 -0.33948 -0.03305
v 0.41235 -0.31666 -0.03748
v 0.38232 -0.42131 0.13722
v 0.42882 0.34283 0.02521
v 0.40998 0.02129 0.13425
v 0.41013 -0.33155 0.19742
v 0.41328 -0.35470 0.09031
v 0.40796 -0.31971 -0.01767
v 0.41455 -0.25838 0.30370
v 0.40090 -0.27833 0.31957
v 0.42050 -0.26804 0.28680
v 0.40700 -0.43411 0.13048
v 0.41341 -0.38225 0.28971
v 0.40987 -0.26092 -0.06671
v 0.41357 -0.26619 -0.10642
v 0.41618 -0.23068 -0.14824
v 0.41250 -0.31918 -0.03177
v 0.40342 0.00402 0.13504
v 0.41453 -0.20377 0.11295
v 0.40861 0.55119 0.12533
v 0.39428 -0.27970 0.35465
v 0.41334 -0.43192 -0.06885
v 0.42223 -0.30881 0.20839
v 0.41275 -0.34646 0.18983
v 0.39740 0.31968 0.00937
v 0.39117 0.23059 0.14052
v 0.42147 0.55290 0.13491
v 0.38568 0.23938 0.11407
v 0.41821 -0.31354 -0.09479
v 0.40554 -0.24533 0.29657
v 0.41519 -0.36970 0.16484
v 0.40970 -0.39128 0.15086
v 0.41811 -0.13485 0.27959
v 0.39746 -0.34781 0.09378
v 0.42091 -0.36934 -0.16674
v 0.38961 -0.29173 -0.09637
v 0.41506 -0.26627 -0.11412
v 0.40883 -0.27765 -0.07669
v 0.41787 -0.36559 -0.18709
v 0.42955 0.03492 0.03115
v 0.39204 -0.21481 -0.12922
v 0.39135 -0.21018 -0.14085
v 0.40915 -0.35641 -0.11301
v 0.42317 -0.33115 -0.09480
v 0.42444 0.34299 0.13090
v 0.41090 -0.30412 -0.10196
v 0.39770 -0.31388 -0.11939
v 0.40680 0.33411 0.00821
v 0.41833 0.35447 0.13534
v 0.42084 -0.36844 0.17357
v 0.42692 -0.36764 0.07101
v 0.39624 -0.47332 0.05573
v 0.42231 -0.39030 0.10592
v 0.39753 -0.20557 0.28773
v 0.42241 -0.19642 0.10991
v 0.44083 0.10801 0.06770
v 0.40868 -0.24986 0.29019
v 0.39673 -0.32121 0.18164
v 0.40636 -0.33440 0.20176
v 0.42905 -0.33589 0.27426
v 0.41629 -0.15847 0.07525
v 0.42791 -0.15018 0.29006
v 0.41672 0.54544 0.11212
v 0.41639 -0.17822 0.28849
v 0.39228 -0.16249 0.30440
v 0.42249 -0.41977 -0.07328
v 0.42257 -0.42927 0.08672
v 0.38004 -0.19690 0.22827
v 0.39783 -0.46201 0.03299
v 0.40466 0.22751 0.13951
v 0.42353 -0.33267 -0.09918
v 0.41948 -0.33507 -0.10204
v 0.41063 -0.32558 -0.14234
v 0.41664 -0.34099 -0.11753
v 0.42325 -0.33172 -0.14746
v 0.43535 0.03858 0.04930
v 0.42179 0.04472 0.10498
v 0.42275 -0.34454 -0.09270
v 0.40775 -0.40471 -0.07456
v 0.42031 -0.34241 -0.15300
v 0.41483 -0.36955 -0.16054
v 0.41299 -0.36242 -0.10503
v 0.40824 0.21738 0.13668
v 0.41323 0.06645 -0.04860
v 0.41726 -0.37613 -0.08495
v 0.42301 -0.35046 -0.09887
v 0.43588 -0.43118 0.06945
v 0.42315 -0.16585 0.29495
v 0.40379 0.05835 0.08006
v 0.40867 0.28173 -0.00239
v 0.44159 -0.33317 0.22208
v 0.42868 -0.36965 -0.09007
v 0.43469 0.06811 -0.02817
v 0.42893 0.06913 0.00514
v 0.40633 -0.15049 0.25608
v 0.42303 0.07263 -0.03386
v 0.40612 0.23101 0.13971
v 0.40038 0.34924 0.02389
v 0.41491 -0.40277 -0.10455
v 0.41751 0.03222 0.08900
v 0.42826 0.05705 0.05544
v 0.42670 -0.38024 0.26296
v 0.41734 -0.15701 0.27926
v 0.42209 0.04664 0.11299
v 0.41891 0.21275 -0.04624
v 0.41870 0.07367 -0.00713
v 0.43469 0.15379 -0.04616
v 0.41986 0.28298 -0.01550
v 0.39507 -0.31633 0.20864
v 0.41564 -0.13550 0.28338
v 0.38691 -0.16943 0.20475
v 0.42465 -0.41849 0.05530
v 0.43120 0.05721 0.03212
v 0.42717 0.34171 0.12769
v 0.39461 -0.15564 0.20138
v 0.42914 -0.39880 0.10069
v 0.42419 0.04765 -0.00593
v 0.42478 0.04694 0.01016
v 0.42090 -0.16306 0.28580
v 0.43421 -0.17253 0.24527
v 0.42902 0.06575 -0.00403
v 0.42924 -0.21347 0.19893
v 0.41799 -0.42852 0.08683
v 0.43425 -0.34932 0.26372
v 0.44414 -0.33222 0.23645
v 0.42136 0.33105 0.01524
v 0.42057 -0.34074 0.19237
v 0.41046 -0.40509 0.05432
v 0.42421 -0.35163 0.26745
v 0.42565 0.06109 0.01284
v 0.41535 -0.33179 0.19474
v 0.41881 0.06829 0.02612
v 0.43336 -0.36118 0.25206
v 0.43188 0.05237 0.02006
v 0.42995 0.04534 0.04156
v 0.42885 0.28402 -0.00518
v 0.43653 0.26149 -0.00681
v 0.42489 -0.36885 0.26171
v 0.41774 0.05305 0.01208
v 0.42130 0.04139 0.02418
v 0.41886 -0.31865 0.21209
v 0.43830 -0.34806 0.25409
v 0.43022 0.30219 0.01275
v 0.43100 0.33975 0.03214
v 0.43881 0.22691 0.11662
v 0.40073 -0.20559 0.20267
v 0.44999 -0.34190 0.22356
v 0.44835 0.34243 0.05730
v 0.41809 0.31944 0.11717
v 0.44190 0.26362 0.00848
v 0.44425 0.33824 0.04474
v 0.41181 0.27391 -0.01235
v 0.41479 -0.18236 0.15868
v 0.43141 0.29427 0.03825
v 0.44345 0.27411 0.00862
v 0.44515 0.27429 0.00913
v 0.43743 0.33113 0.12283
v 0.43541 0.34057 0.03139
v 0.43405 0.33854 0.12554
v 0.44404 0.25219 0.02291
v 0.45389 0.25750 0.02594
v 0.43829 -0.21157 0.18537
v 0.43475 0.24199 0.02406
v 0.43225 -0.17997 0.15703
v 0.44716 -0.20461 0.19105
v 0.46545 0.33575 0.08582
v 0.46538 0.33464 0.04754
v 0.45080 0.25787 0.01440
v 0.45067 0.32693 0.05018
v 0.43364 -0.17540 0.16011
v 0.45247 0.32832 0.07619
v 0.45172 0.25273 0.01825
v 0.43577 -0.17576 0.16152
v 0.42710 0.19642 0.09800
v 0.45585 0.26215 0.03040
v 0.46699 0.25046 0.03346
v 0.45425 0.24364 0.03294
v 0.45609 0.24551 0.02869
v 0.45942 0.33381 0.06790
v 0.44743 0.26952 0.03029
v 0.46091 0.23759 0.04361
v 0.46000 0.22180 0.07438
v 0.46379 0.32916 0.08677
v 0.44482 0.35012 0.07395
v 0.44709 0.20514 0.06561
v 0.47263 0.22082 0.08212
v 0.45368 0.19842 0.09458
v 0.47615 0.21458 0.08817
v 0.45312 0.23958 0.07487
v -0.45325 -0.47994 -0.57894
v -0.46617 -0.49465 -0.56030
v -0.47119 -0.50215 -0.54255
v -0.44787 -0.48966 -0.57722
v -0.43805 -0.51726 -0.55386
v -0.44684 -0.48447 -0.58921
v -0.38500 -0.58112 -0.98802
v -0.42201 -0.52884 -0.58782
v -0.35707 -0.43803 0.06032
v -0.36831 -0.45501 0.09846
v -0.31923 -0.44267 0.02178
v -0.31448 -0.44291 0.02192
v -0.31070 -0.44165 0.02447
v -0.31116 -0.43714 0.06806
v -0.30853 -0.43223 0.10091
v -0.30817 -0.43219 0.10689
v -0.27438 -0.41607 0.26203
v -0.24450 -0.43763 0.34591
v -0.15921 -0.57442 -0.75808
v -0.11476 -0.40193 0.68072
v 0.02298 -0.53507 -0.64870
v 0.00844 -0.31775 1.01725
v 0.03083 -0.31962 1.00452
v 0.34315 -0.49711 -0.32706
v 0.36258 -0.49370 -0.15223
v 0.38880 -0.49617 -0.27323
v 0.38950 -0.45687 -0.08613
v 0.45485 -0.43251 0.17632
v -0.47141 -0.49958 -0.48450
v -0.47615 -0.50970 -0.48349
v -0.41932 -0.46309 -0.12459
v -0.36960 -0.42121 0.19407
v -0.35633 -0.43820 0.05795
v -0.35704 -0.43739 0.07001
v -0.34641 -0.43812 0.05988
v -0.32510 -0.44966 0.06838
v -0.31581 -0.48103 -0.01106
v -0.33806 -0.46178 -0.00150
v -0.30729 -0.41163 0.26793
v -0.14199 -0.56673 -0.70761
v 0.12486 -0.40689 0.61948
v 0.29883 -0.53724 -0.54746
v 0.29680 -0.53250 -0.49130
v 0.33896 -0.41739 0.23121
v 0.34700 -0.47142 -0.19195
v 0.34896 -0.46693 -0.16698
v 0.37771 -0.51582 -0.43711
v 0.36289 -0.44861 -0.02237
v 0.38539 -0.47923 -0.26345
v -0.43247 -0.45207 -0.03208
v -0.37794 -0.56646 -0.78255
v -0.35083 -0.43714 0.06948
v -0.32600 -0.57348 -0.81057
v -0.33550 -0.42574 0.16280
v -0.15851 -0.57152 -0.77758
v -0.09216 -0.41170 0.58338
v -0.07814 -0.55240 -0.70429
v -0.09447 -0.40791 0.63545
v -0.05778 -0.33172 0.94882
v 0.15328 -0.33658 0.90255
v 0.29351 -0.53270 -0.50406
v 0.33370 -0.40063 0.32569
v 0.32653 -0.51809 -0.39413
v 0.34034 -0.42037 0.22876
v 0.37726 -0.52038 -0.44158
v 0.38937 -0.49193 -0.27320
v 0.37576 -0.46603 -0.15883
v 0.39462 -0.47624 -0.12427
v -0.45336 -0.53441 -0.55683
v -0.44489 -0.46460 -0.06263
v -0.39792 -0.46310 -0.15335
v -0.35729 -0.43723 0.06492
v -0.32143 -0.44394 0.02342
v -0.31141 -0.43415 0.09097
v -0.31058 -0.43761 0.06218
v -0.30475 -0.41182 0.27237
v -0.30563 -0.42864 0.13467
v -0.28022 -0.43118 0.32355
v -0.24898 -0.56933 -0.79518
v -0.10737 -0.40889 0.59946
v -0.12291 -0.40179 0.64545
v -0.12981 -0.38146 0.68922
v 0.11488 -0.33064 0.95021
v 0.19086 -0.39477 0.65763
v 0.22257 -0.40629 0.55348
v 0.26374 -0.54047 -0.58288
v 0.33669 -0.51579 -0.50080
v 0.34581 -0.51507 -0.48671
v 0.37045 -0.51365 -0.41741
v 0.36382 -0.45406 -0.06515
v -0.44598 -0.47038 -0.05252
v -0.42839 -0.57307 -0.98635
v -0.35094 -0.42386 0.17298
v -0.35724 -0.43760 0.06516
v -0.32408 -0.43234 0.10015
v -0.31113 -0.43254 0.07516
v -0.30403 -0.44256 0.02646
v -0.30525 -0.44089 0.03830
v -0.30482 -0.44231 0.02734
v -0.30507 -0.44519 0.29886
v -0.25002 -0.57037 -0.79429
v 0.07920 -0.53899 -0.65597
v 0.19287 -0.40935 0.59666
v 0.28511 -0.53191 -0.48583
v 0.32079 -0.42992 0.37377
v 0.35528 -0.49681 -0.35779
v 0.37472 -0.46787 0.03104
v 0.38308 -0.47104 -0.15469
v 0.40915 -0.46233 -0.07233
v -0.41333 -0.48962 -0.43668
v -0.35635 -0.42122 0.17854
v -0.35575 -0.43865 0.05690
v -0.35561 -0.43684 0.07118
v -0.34887 -0.43721 0.06752
v -0.33234 -0.44825 0.15893
v -0.30896 -0.43321 0.09887
v -0.26200 -0.45622 0.31061
v -0.04063 -0.32499 0.97866
v 0.17996 -0.40722 0.63866
v 0.22915 -0.52380 -0.60577
v 0.21787 -0.41512 0.55081
v 0.29434 -0.51754 -0.49975
v 0.34901 -0.46712 -0.17245
v 0.36519 -0.45424 -0.06569
v 0.37783 -0.49468 -0.29612
v 0.37282 -0.47124 -0.20355
v 0.37422 -0.46505 -0.15916
v 0.37184 -0.46613 -0.15970
v 0.37527 -0.46795 -0.21051
v 0.38789 -0.48868 -0.18344
v 0.40767 -0.48929 -0.24948
v -0.39706 -0.48833 -0.42273
v -0.40894 -0.50400 -0.27230
v -0.40041 -0.47450 -0.12452
v -0.37136 -0.41783 0.19899
v -0.36812 -0.43269 0.27379
v -0.35484 -0.43884 0.05523
v -0.35340 -0.43504 0.06751
v -0.35841 -0.44095 0.28459
v -0.34726 -0.40667 0.15917
v -0.30568 -0.44034 0.03572
v 0.05664 -0.31766 1.01701
v 0.10013 -0.32522 0.97905
v 0.16584 -0.40658 0.63008
v 0.14765 -0.40630 0.59424
v 0.33418 -0.45539 0.26163
v 0.35005 -0.46730 -0.16919
v 0.36238 -0.49024 -0.31517
v 0.35483 -0.48520 -0.31309
v 0.35903 -0.50454 -0.46742
v 0.37615 -0.46938 -0.02881
v 0.37032 -0.45464 -0.07017
v 0.40668 -0.47166 -0.05665
v 0.37949 -0.44199 0.13039
v 0.40428 -0.46814 -0.11513
v 0.39867 -0.47055 -0.13524
v 0.40081 -0.48491 -0.24245
v 0.38742 -0.45710 0.03937
v -0.39153 -0.48835 -0.43536
v -0.30877 -0.47500 0.02932
v -0.32571 -0.45938 0.06200
v -0.30447 -0.46458 0.14651
v -0.30775 -0.43146 0.10873
v -0.30594 -0.43104 0.11589
v -0.23260 -0.41801 0.42235
v -0.19644 -0.44022 0.31986
v -0.22400 -0.41870 0.43816
v -0.16004 -0.41061 0.53000
v -0.12701 -0.37223 0.57349
v -0.07746 -0.55888 -0.70179
v -0.06777 -0.42160 0.63005
v 0.16215 -0.53875 -0.65942
v 0.33274 -0.44386 0.30204
v 0.35025 -0.47047 -0.19433
v 0.36952 -0.46882 -0.20006
v 0.36587 -0.43651 0.07368
v 0.37444 -0.51204 -0.46717
v 0.36335 -0.44811 -0.01775
v 0.38963 -0.45682 -0.08624
v 0.38967 -0.46098 -0.11861
v 0.39171 -0.45942 -0.10789
f 6697 3 4
f 6697 11 6736
f 5 6 16
f 9 20 12
f 9 21 20
f 8 9 12
f 9 8 7
f 26 30 29
f 24 29 30
f 35 24 30
f 38 40 36
f 7 41 9
f 35 30 39
f 40 43 36
f 7 37 32
f 40 38 49
f 39 48 35
f 46 74 45
f 32 37 50
f 31 44 47
f 32 41 7
f 44 53 47
f 55 56 38
f 38 41 55
f 56 49 38
f 46 54 74
f 57 47 53
f 74 63 45
f 74 54 65
f 70 55 41
f 41 32 70
f 67 60 58
f 70 66 55
f 76 65 54
f 69 47 57
f 63 61 45
f 6736 88 6675
f 107 60 104
f 6759 81 82
f 80 87 81
f 63 91 61
f 69 57 92
f 78 74 65
f 67 94 60
f 66 70 77
f 90 75 71
f 177 90 71
f 102 63 74
f 84 95 85
f 78 99 100
f 96 95 84
f 78 100 74
f 95 145 85
f 6799 86 6777
f 93 106 6674
f 101 102 95
f 107 104 108
f 100 109 74
f 104 60 94
f 110 111 112
f 110 113 111
f 95 102 145
f 116 124 125
f 128 120 118
f 85 145 117
f 102 74 196
f 120 134 118
f 133 131 128
f 165 104 94
f 138 136 6675
f 123 139 90
f 110 122 418
f 88 115 6675
f 137 122 110
f 135 119 123
f 118 141 176
f 123 149 139
f 63 153 91
f 6675 136 150
f 137 110 112
f 115 152 121
f 131 155 128
f 157 86 158
f 128 159 160
f 124 116 126
f 63 101 140
f 128 164 133
f 101 63 102
f 85 117 89
f 135 123 177
f 167 147 148
f 122 168 418
f 151 169 153
f 154 6675 121
f 128 118 164
f 119 135 180
f 90 177 123
f 167 148 172
f 167 172 166
f 140 101 171
f 138 6675 154
f 127 124 126
f 140 172 63
f 181 178 148
f 126 191 127
f 190 161 193
f 75 90 217
f 135 218 180
f 6675 150 170
f 74 109 196
f 186 183 213
f 161 195 193
f 122 137 197
f 197 137 175
f 448 177 71
f 118 176 283
f 165 94 182
f 71 72 448
f 197 199 122
f 153 63 148
f 148 63 172
f 75 217 132
f 6738 114 156
f 178 151 153
f 146 117 130
f 218 135 205
f 159 187 214
f 160 120 128
f 146 130 129
f 153 148 178
f 6826 86 6799
f 159 128 187
f 144 211 203
f 171 198 140
f 213 351 253
f 164 208 133
f 207 231 210
f 89 117 146
f 418 194 110
f 211 215 203
f 144 143 211
f 187 224 214
f 139 202 90
f 180 218 220
f 227 183 186
f 90 202 207
f 225 219 229
f 207 202 231
f 223 231 202
f 163 110 194
f 216 236 219
f 185 226 184
f 238 174 119
f 226 259 184
f 196 212 243
f 179 191 126
f 207 217 90
f 101 230 244
f 109 212 196
f 250 233 205
f 237 229 219
f 222 173 72
f 205 135 209
f 186 204 240
f 221 101 95
f 191 179 324
f 101 235 245
f 72 97 222
f 205 209 250
f 236 237 219
f 259 226 248
f 101 221 235
f 186 213 204
f 101 244 252
f 254 227 186
f 101 245 230
f 186 264 254
f 259 248 247
f 182 246 165
f 260 203 267
f 213 253 204
f 269 270 271
f 254 272 273
f 188 255 189
f 276 104 165
f 279 183 227
f 268 259 247
f 254 273 227
f 281 180 262
f 240 204 256
f 191 324 261
f 215 267 203
f 227 273 277
f 239 234 266
f 124 258 323
f 282 177 448
f 237 236 284
f 291 230 245
f 277 293 227
f 277 273 294
f 276 165 297
f 303 304 305
f 268 275 6718
f 268 6718 259
f 176 307 308
f 234 334 399
f 291 245 310
f 97 314 222
f 255 188 285
f 124 127 258
f 251 263 6826
f 315 316 317
f 299 318 296
f 280 119 180
f 309 284 236
f 122 313 168
f 186 292 320
f 186 242 292
f 325 295 286
f 164 118 283
f 264 186 326
f 322 391 329
f 287 325 286
f 298 295 325
f 176 141 333
f 264 326 336
f 263 332 278
f 325 287 327
f 327 338 325
f 186 320 326
f 274 335 179
f 328 301 394
f 265 176 308
f 257 342 237
f 234 399 266
f 275 330 6718
f 347 426 348
f 196 243 349
f 209 135 352
f 324 179 335
f 317 316 354
f 174 238 249
f 350 245 235
f 243 212 362
f 358 364 237
f 186 240 321
f 265 283 176
f 367 366 355
f 355 357 367
f 339 215 211
f 135 311 352
f 328 394 375
f 376 298 325
f 346 402 377
f 331 324 335
f 380 165 381
f 269 525 382
f 292 359 320
f 376 319 298
f 1033 127 191
f 321 242 186
f 241 386 191
f 288 387 289
f 369 325 338
f 384 292 242
f 241 417 386
f 257 379 342
f 194 418 290
f 433 267 215
f 367 408 366
f 396 319 376
f 401 353 368
f 373 385 407
f 364 257 237
f 363 6718 330
f 418 168 413
f 400 135 177
f 353 450 368
f 343 414 316
f 398 415 416
f 165 246 404
f 420 517 456
f 380 297 165
f 407 423 373
f 399 334 312
f 388 429 430
f 340 301 302
f 393 255 285
f 280 238 119
f 221 431 235
f 369 436 325
f 393 410 255
f 180 220 262
f 401 368 445
f 344 435 369
f 438 329 391
f 373 422 372
f 369 435 436
f 72 173 448
f 237 392 358
f 243 452 453
f 347 456 426
f 311 135 400
f 451 354 316
f 407 481 458
f 399 312 383
f 265 308 496
f 417 547 386
f 437 242 321
f 232 130 462
f 423 422 373
f 453 349 243
f 289 387 365
f 422 463 455
f 465 444 443
f 424 361 412
f 361 424 467
f 443 444 404
f 165 404 444
f 419 397 406
f 406 397 466
f 423 407 458
f 290 418 474
f 523 311 400
f 427 439 426
f 398 440 415
f 418 413 476
f 196 349 475
f 337 360 300
f 491 441 365
f 480 213 183
f 339 566 215
f 242 428 409
f 437 428 242
f 284 392 237
f 457 6720 363
f 454 337 300
f 487 489 6677
f 577 351 213
f 6677 492 487
f 547 417 449
f 455 463 490
f 503 381 165
f 419 470 511
f 459 401 445
f 525 269 691
f 419 406 470
f 381 503 471
f 365 387 482
f 513 405 371
f 685 319 396
f 371 390 513
f 498 488 127
f 462 130 117
f 521 360 337
f 483 388 430
f 442 479 432
f 484 498 127
f 507 489 487
f 477 446 519
f 284 472 392
f 447 497 446
f 378 510 183
f 415 440 425
f 284 309 532
f 222 529 173
f 574 408 367
f 462 341 232
f 363 6720 6718
f 485 540 541
f 439 348 426
f 438 391 486
f 1033 502 127
f 6720 457 548
f 510 549 183
f 450 1231 368
f 1231 450 494
f 478 440 398
f 507 543 489
f 414 545 451
f 518 664 459
f 127 502 484
f 470 406 535
f 541 340 485
f 553 183 549
f 504 530 505
f 464 586 383
f 481 557 458
f 366 408 559
f 368 1231 533
f 517 426 456
f 459 664 563
f 562 564 561
f 376 325 520
f 497 519 446
f 551 301 340
f 573 559 408
f 531 524 611
f 635 546 351
f 513 390 509
f 543 580 489
f 445 518 459
f 6677 615 492
f 508 341 568
f 511 470 567
f 553 480 183
f 395 616 271
f 422 423 560
f 540 542 541
f 349 537 475
f 423 458 534
f 635 351 577
f 269 600 691
f 521 337 596
f 600 269 271
f 564 562 575
f 432 479 473
f 451 403 354
f 570 621 571
f 215 566 592
f 557 481 587
f 575 585 564
f 571 598 565
f 282 629 177
f 405 513 605
f 165 612 515
f 618 503 165
f 618 165 515
f 610 483 430
f 559 655 366
f 591 541 542
f 423 576 589
f 463 422 560
f 583 470 469
f 607 624 625
f 500 501 522
f 599 490 463
f 366 655 626
f 308 536 496
f 496 627 265
f 534 613 423
f 386 1033 191
f 165 444 612
f 632 394 301
f 625 624 633
f 623 423 589
f 544 403 451
f 479 337 473
f 582 525 691
f 301 551 638
f 562 730 575
f 636 557 587
f 630 607 677
f 538 539 558
f 468 611 524
f 400 177 634
f 588 517 526
f 470 583 567
f 560 423 642
f 625 677 607
f 645 479 552
f 656 571 621
f 620 266 399
f 642 423 623
f 625 633 671
f 503 618 619
f 608 554 505
f 641 610 430
f 545 603 451
f 659 658 679
f 657 676 678
f 284 647 472
f 622 602 666
f 6720 548 637
f 712 639 594
f 681 503 619
f 711 605 513
f 571 656 598
f 688 689 690
f 673 383 586
f 676 660 679
f 643 640 663
f 494 741 1231
f 730 562 578
f 696 642 623
f 697 570 648
f 468 680 611
f 567 583 695
f 612 444 667
f 451 316 414
f 626 655 649
f 676 657 660
f 704 602 622
f 494 705 597
f 395 997 616
f 631 708 746
f 662 707 661
f 710 560 642
f 177 629 634
f 672 589 576
f 451 603 604
f 713 704 714
f 475 725 196
f 536 698 496
f 593 699 396
f 655 692 649
f 341 462 568
f 751 585 575
f 658 676 679
f 501 719 522
f 693 663 640
f 579 581 682
f 726 418 476
f 700 735 739
f 640 738 717
f 600 729 720
f 386 547 886
f 576 743 744
f 574 694 408
f 579 682 687
f 632 301 638
f 673 399 383
f 685 396 699
f 489 580 590
f 566 703 592
f 781 550 514
f 700 702 735
f 591 716 541
f 497 6705 519
f 672 576 744
f 742 676 658
f 752 973 505
f 746 621 631
f 754 399 673
f 505 530 752
f 720 691 600
f 271 616 600
f 781 669 668
f 717 755 640
f 678 676 757
f 594 760 712
f 430 606 641
f 737 734 782
f 683 474 418
f 644 747 646
f 640 766 738
f 667 765 612
f 675 674 701
f 6827 723 6704
f 440 686 776
f 628 684 947
f 173 529 745
f 829 604 783
f 669 781 721
f 585 751 718
f 514 584 785
f 704 788 602
f 463 789 599
f 790 736 706
f 804 791 700
f 771 792 770
f 784 694 574
f 426 517 1479
f 570 697 794
f 664 518 740
f 722 867 674
f 662 795 707
f 640 797 693
f 599 644 490
f 728 596 337
f 627 496 801
f 337 479 802
f 782 734 779
f 606 731 641
f 671 748 625
f 337 802 728
f 686 440 478
f 750 963 528
f 806 807 666
f 692 811 649
f 640 755 797
f 827 691 774
f 739 804 700
f 776 555 440
f 744 816 672
f 1027 479 645
f 702 818 735
f 530 817 752
f 472 647 824
f 637 758 6720
f 528 682 581
f 827 582 691
f 762 828 761
f 769 451 829
f 641 731 763
f 578 823 730
f 479 1027 802
f 836 977 762
f 721 781 831
f 789 463 709
f 829 770 792
f 550 781 651
f 395 665 997
f 604 829 451
f 829 1117 770
f 833 621 746
f 701 674 796
f 785 781 514
f 609 617 1019
f 365 749 491
f 977 828 762
f 794 621 570
f 795 830 707
f 707 830 764
f 719 767 522
f 757 820 678
f 819 688 842
f 770 1117 933
f 706 846 790
f 496 803 850
f 815 719 6807
f 806 666 602
f 102 462 145
f 847 747 644
f 505 733 608
f 616 997 809
f 680 843 611
f 632 638 860
f 568 462 822
f 682 528 963
f 819 689 688
f 841 1034 819
f 713 788 704
f 685 699 826
f 911 517 588
f 852 196 870
f 834 818 702
f 845 856 857
f 145 462 117
f 847 644 599
f 674 867 796
f 845 857 854
f 574 858 784
f 715 776 878
f 426 1479 879
f 880 763 731
f 977 881 828
f 814 690 859
f 576 861 743
f 815 6807 732
f 848 867 722
f 883 755 717
f 943 756 851
f 753 102 196
f 775 913 787
f 677 877 798
f 778 777 876
f 748 893 625
f 832 1027 645
f 551 340 541
f 501 910 719
f 872 751 575
f 6705 750 519
f 851 869 943
f 780 727 621
f 735 960 739
f 751 872 855
f 759 892 825
f 857 856 862
f 1010 533 1231
f 757 887 820
f 670 955 493
f 867 903 796
f 997 665 908
f 1034 841 885
f 715 555 776
f 871 737 782
f 864 1029 808
f 804 739 897
f 863 782 779
f 756 963 6705
f 740 518 906
f 6705 963 750
f 796 902 701
f 690 689 859
f 786 923 899
f 899 835 786
f 931 854 857
f 588 925 911
f 904 831 781
f 833 898 621
f 943 950 756
f 800 701 902
f 950 963 756
f 730 914 575
f 871 782 1155
f 921 898 833
f 877 677 625
f 872 575 934
f 866 1325 805
f 873 869 851
f 580 874 868
f 857 938 931
f 826 699 939
f 940 876 777
f 942 861 576
f 1033 386 935
f 948 915 730
f 493 955 680
f 844 656 621
f 930 683 418
f 978 939 699
f 840 781 668
f 668 929 840
f 900 806 602
f 749 365 937
f 926 1115 974
f 846 953 790
f 1033 1081 502
f 974 1051 951
f 399 754 932
f 780 999 727
f 907 539 6806
f 968 829 783
f 949 945 840
f 1034 689 819
f 196 725 870
f 879 889 426
f 774 969 827
f 418 726 1343
f 763 880 970
f 799 737 975
f 944 829 792
f 966 933 1117
f 976 1089 977
f 590 580 865
f 867 928 903
f 961 973 752
f 865 580 868
f 984 985 986
f 810 632 957
f 837 991 741
f 801 496 849
f 895 855 872
f 993 990 386
f 935 386 990
f 995 961 752
f 952 887 757
f 840 929 949
f 965 901 616
f 1063 575 914
f 1001 1000 999
f 901 600 616
f 837 741 494
f 496 850 849
f 909 964 739
f 830 988 764
f 781 840 651
f 980 621 794
f 747 847 1005
f 493 680 468
f 844 621 898
f 938 857 1012
f 1013 735 818
f 739 964 897
f 790 1011 917
f 6807 719 6782
f 786 805 1325
f 994 952 757
f 954 739 960
f 1020 798 1021
f 916 888 927
f 965 616 1091
f 975 737 871
f 953 846 1025
f 867 848 981
f 650 941 482
f 977 972 881
f 1039 996 1014
f 1001 1045 1000
f 996 1039 1002
f 790 953 1011
f 1176 894 1018
f 1146 893 1037
f 632 860 987
f 912 602 788
f 1036 787 913
f 969 1008 827
f 849 850 1056
f 730 1023 914
f 840 945 946
f 547 772 1059
f 959 905 863
f 993 1061 990
f 844 898 1062
f 739 954 1004
f 905 782 863
f 962 992 1009
f 558 539 1281
f 837 494 597
f 1060 1073 992
f 1007 747 1005
f 1325 866 979
f 947 684 914
f 1146 625 893
f 825 1170 1006
f 918 909 739
f 1074 986 1057
f 989 1055 1075
f 1048 1076 915
f 894 1029 864
f 1079 1080 1001
f 1012 1069 938
f 900 967 1086
f 960 1090 954
f 1035 966 1117
f 1028 1096 946
f 683 930 1003
f 609 1019 1603
f 1169 1029 894
f 1169 894 1176
f 869 6828 1043
f 1098 937 365
f 1085 1038 1046
f 1095 719 910
f 1012 857 1049
f 990 1111 935
f 6782 719 1095
f 927 1114 916
f 1226 972 977
f 983 776 686
f 875 947 1023
f 365 482 1098
f 954 1125 1004
f 730 1126 1023
f 978 1123 939
f 733 1243 882
f 1095 910 1128
f 947 914 1023
f 768 558 1281
f 1088 872 1084
f 1130 1012 1049
f 1064 808 1029
f 1001 999 1079
f 1012 1130 1292
f 1128 910 1131
f 910 1135 1131
f 1325 923 786
f 1017 1063 914
f 1054 880 731
f 1129 1116 1138
f 916 1114 1113
f 1141 895 872
f 980 780 621
f 1109 1110 1180
f 911 1479 517
f 1122 1144 1181
f 1052 1068 1050
f 840 946 1096
f 1021 798 877
f 780 1079 999
f 892 1170 825
f 987 1148 632
f 632 1120 957
f 971 764 988
f 1007 1005 1121
f 955 1107 680
f 973 961 1093
f 1151 1152 900
f 1012 1142 1069
f 915 1076 1127
f 1026 871 1155
f 1089 1139 977
f 1156 1157 1134
f 541 716 1105
f 1138 1096 1195
f 891 890 958
f 730 1127 1126
f 632 1148 1120
f 776 983 1137
f 973 1042 1223
f 875 1023 922
f 1005 1164 1121
f 1165 1166 1143
f 730 915 1127
f 1012 1143 1142
f 1479 1162 879
f 1085 1046 1132
f 1173 1064 1029
f 1114 1200 1113
f 1180 1331 1109
f 1016 1092 1159
f 1123 978 1171
f 1002 1039 1051
f 992 1073 1009
f 1096 1138 1116
f 689 1174 859
f 846 1175 1025
f 1238 941 1067
f 1066 890 891
f 1122 1181 1179
f 1092 1016 1096
f 951 1051 1039
f 840 1096 1016
f 940 1183 876
f 822 462 1041
f 1117 829 1184
f 731 609 1603
f 1145 939 1123
f 462 102 753
f 974 1115 1051
f 1193 971 988
f 1201 924 533
f 1092 1096 1116
f 1182 958 1134
f 1194 1141 872
f 1197 1195 1096
f 1140 1198 1199
f 1185 1189 1071
f 1202 1190 1019
f 1230 1082 1015
f 1209 1058 1210
f 1010 1231 1273
f 1184 1212 1117
f 533 1010 1201
f 1594 1452 1068
f 1203 1170 892
f 1052 1594 1068
f 1154 1012 1124
f 1196 1167 1117
f 1123 1256 1145
f 1194 872 1088
f 967 900 602
f 920 1094 1112
f 1097 1108 1221
f 1119 1207 1222
f 1187 905 959
f 973 1223 505
f 1118 1053 1280
f 1210 1058 1057
f 625 1146 1297
f 731 606 609
f 1189 1032 1071
f 1134 1157 1329
f 1212 1275 1196
f 1165 1143 1012
f 1179 1181 1217
f 968 1184 829
f 1043 6828 1216
f 1134 1329 1328
f 967 602 1232
f 1223 1042 1104
f 725 1163 870
f 1255 922 1023
f 1022 1346 1208
f 776 1137 1160
f 1280 1053 1240
f 1053 1106 1240
f 1139 1065 977
f 1235 1140 1199
f 1038 1149 1046
f 1212 1196 1117
f 1227 1140 1235
f 1226 977 1236
f 891 958 1182
f 919 1094 920
f 1066 891 1245
f 1188 484 502
f 602 912 1280
f 1239 1193 988
f 1012 1292 1124
f 930 418 1343
f 1250 1152 1151
f 1327 1325 979
f 1126 1255 1023
f 1098 941 1238
f 852 793 196
f 968 1257 1184
f 1479 782 905
f 484 1188 839
f 1065 1236 977
f 1266 1124 1292
f 905 1187 1269
f 1233 1147 680
f 1098 482 941
f 739 1004 918
f 1276 960 735
f 907 1462 539
f 923 1325 1218
f 726 1251 1343
f 753 196 793
f 900 1086 1151
f 896 1285 1040
f 1088 1249 1194
f 1259 1258 676
f 1223 1244 1243
f 1244 1223 1283
f 1288 1254 1274
f 1217 1260 1179
f 1290 1087 1191
f 1230 1168 1082
f 1296 1068 1452
f 1119 1222 1287
f 602 1280 1240
f 1204 877 1301
f 876 1183 1303
f 1024 1294 1015
f 870 1309 852
f 1239 1300 1193
f 776 1285 896
f 1313 870 1163
f 1242 1245 891
f 1308 1346 1030
f 1172 768 1281
f 505 1223 733
f 1099 879 1162
f 1270 1046 1149
f 1312 1133 1083
f 1229 1357 1180
f 1308 1030 1031
f 1289 1282 1327
f 1328 1182 1134
f 541 1105 1362
f 1236 1065 1333
f 1288 1208 1346
f 998 1346 1022
f 1057 986 1413
f 1172 1281 1207
f 1219 1220 1230
f 1304 1218 1339
f 1341 547 1059
f 1331 1180 1357
f 969 1342 1008
f 541 1224 551
f 1234 1054 1298
f 1097 758 1108
f 1278 1279 1321
f 1282 1205 1325
f 1030 1346 998
f 1249 1314 1194
f 1227 1083 1140
f 1288 1346 1254
f 1186 1265 1349
f 986 985 1413
f 1297 1491 625
f 689 1034 1351
f 1041 462 1375
f 1081 1373 502
f 1381 1075 1055
f 1338 1292 1130
f 1277 1246 1286
f 1104 1334 1223
f 1258 1332 1331
f 1307 1354 918
f 1307 918 1004
f 1531 1055 1246
f 1319 1271 1337
f 1205 1282 1206
f 1325 1327 1282
f 782 1479 1359
f 1322 1344 1292
f 1356 1177 1178
f 994 757 1316
f 1319 1320 1271
f 1107 955 1317
f 1147 1233 1284
f 1248 1363 1364
f 886 547 1335
f 1292 1302 1293
f 1352 1228 1353
f 1223 1334 1283
f 676 1258 1357
f 1338 1365 1292
f 1015 1294 1355
f 1356 1228 1177
f 1357 1258 1331
f 1235 1367 1227
f 1491 877 625
f 1019 1190 1603
f 1362 1224 541
f 502 1373 1345
f 1308 1031 1214
f 1228 1356 1371
f 1376 1377 1378
f 1183 1360 1379
f 1345 1374 502
f 905 1162 1479
f 1229 1348 1357
f 1527 1247 1112
f 1209 1382 1350
f 1189 1358 1032
f 1388 1333 1065
f 1052 1032 1252
f 680 1107 1372
f 1305 967 1232
f 1389 1323 1390
f 1325 1205 1326
f 1051 1464 1002
f 1356 1178 1380
f 1261 1278 1321
f 1392 1250 1151
f 1261 1402 1262
f 1435 1301 877
f 1399 1400 911
f 733 1223 1243
f 1261 1321 1402
f 1323 1046 1390
f 1312 1378 1377
f 1227 1627 1083
f 1230 1015 1355
f 907 936 1385
f 1160 1161 776
f 1318 909 918
f 1318 1315 909
f 1379 1303 1183
f 1182 1405 891
f 1408 1285 1393
f 1108 1409 1221
f 1094 1527 1112
f 1347 1238 1369
f 1300 1239 1395
f 1371 1353 1228
f 1099 1162 1414
f 676 1357 1383
f 1354 1404 918
f 1403 1174 689
f 1098 1238 1347
f 1464 1330 1002
f 502 1374 1419
f 1418 502 1419
f 1344 1266 1292
f 1207 1281 1222
f 6745 1306 1072
f 1365 1416 1292
f 1384 1429 1430
f 1265 1421 1349
f 1107 1317 1433
f 1146 1436 1370
f 1394 1603 1190
f 1416 1366 1302
f 1440 1361 1407
f 1247 1336 1248
f 1405 1182 1406
f 1374 1443 1419
f 1396 1444 1445
f 1227 1422 1627
f 1467 1115 1087
f 1218 1325 1339
f 1531 1381 1055
f 1210 1382 1209
f 1281 539 1462
f 1328 1449 1428
f 1507 757 676
f 1295 1426 852
f 1603 1394 1437
f 1368 1517 1161
f 1441 891 1405
f 1052 1252 1594
f 1162 905 1611
f 1391 1343 1413
f 1341 1451 547
f 1343 1251 1480
f 676 1383 1507
f 1361 1483 1427
f 1456 1411 1410
f 1386 1366 1416
f 1396 1364 1444
f 1324 1264 1241
f 1364 1363 1444
f 1403 689 1459
f 1319 1461 1320
f 1186 1401 1225
f 1378 1312 1083
f 1263 1264 1290
f 1311 1046 1270
f 1415 1340 1432
f 1355 1219 1230
f 1107 1468 1372
f 1454 1182 1328
f 1463 1032 1358
f 1057 1413 1210
f 502 1471 1188
f 1450 1430 1473
f 1107 1433 1475
f 731 1298 1054
f 1046 1470 1390
f 1269 1482 905
f 1527 1469 1247
f 1428 1454 1328
f 731 1485 1298
f 1146 1370 1297
f 1487 1431 1347
f 776 1393 1285
f 1442 1339 1325
f 877 1491 1435
f 1432 1492 1415
f 1467 1087 1290
f 918 1542 1715
f 1361 1440 1483
f 1496 1246 1277
f 852 1426 793
f 1386 1416 1387
f 1446 462 753
f 1371 1356 1448
f 1517 776 1161
f 1032 1463 1252
f 1542 918 1404
f 1336 1363 1248
f 1292 1416 1302
f 1435 1491 1506
f 1260 1217 1526
f 1962 1489 1488
f 1046 1311 1476
f 1395 1239 1423
f 1379 1504 1303
f 1448 1356 1500
f 1455 1515 1337
f 1214 1477 1308
f 776 1517 1393
f 1351 1501 689
f 1384 1430 1450
f 1299 1522 1432
f 1447 1439 1438
f 2005 731 1603
f 1294 1523 1355
f 1505 1459 689
f 1347 1431 1518
f 6720 1097 6768
f 1397 1268 1262
f 547 1528 1335
f 1447 1438 1460
f 1721 1413 1343
f 1378 1453 1376
f 1457 1470 1046
f 1488 1453 1962
f 1472 1264 1324
f 1308 1519 1346
f 1530 1260 1526
f 1504 1533 1512
f 1587 1411 1456
f 1493 1346 1519
f 1483 1510 1427
f 1438 1484 1460
f 1497 1186 1349
f 1539 1316 757
f 1540 1359 1479
f 1400 1479 911
f 1420 1388 1065
f 1451 1528 547
f 1611 1513 1162
f 1428 1503 1454
f 1452 1551 1499
f 1504 1379 1552
f 1472 1324 1557
f 1400 1532 1479
f 1465 1464 1550
f 1509 502 1418
f 1486 1603 1437
f 1545 1318 918
f 1449 1328 1537
f 1336 1555 1363
f 1233 680 1372
f 1546 1355 1541
f 1290 1264 1467
f 1046 1534 1457
f 1480 1721 1343
f 1568 1569 1570
f 1574 1530 1575
f 1390 1470 1516
f 1337 1515 1478
f 1494 1397 1262
f 1423 1535 1395
f 1434 1009 1073
f 1962 1453 1378
f 1533 1544 1543
f 1558 1595 1402
f 1472 1564 1264
f 1576 1561 1538
f 1402 1595 1262
f 1544 1533 1504
f 1115 1749 1051
f 1247 1572 1336
f 1537 1591 1449
f 1540 1479 1577
f 1355 1546 1219
f 1544 1504 1593
f 1457 1659 1470
f 1532 1560 1479
f 1478 1319 1337
f 1548 1549 1598
f 1545 918 1602
f 1566 689 1501
f 1607 1772 1590
f 1365 1589 1416
f 1395 1535 1571
f 1329 1398 1508
f 1562 1401 1186
f 689 1566 1610
f 1306 6685 1520
f 905 1482 1592
f 1502 1427 1613
f 1617 1583 1370
f 731 1521 1485
f 1618 1349 1421
f 1329 1508 1597
f 1620 1621 1575
f 1482 1631 1592
f 1502 1632 1633
f 1630 1417 1474
f 1590 1601 1600
f 1494 1262 1595
f 1328 1329 1932
f 1778 1611 905
f 757 1507 1539
f 1588 1584 1638
f 1481 1375 462
f 1363 1555 1635
f 1562 1186 1599
f 1547 689 1637
f 1749 1115 1467
f 1412 1466 1707
f 1599 1186 1497
f 1476 1534 1046
f 1608 1536 1411
f 502 1677 1471
f 1614 1915 1438
f 907 1679 1462
f 1383 1357 1605
f 689 1610 1637
f 1444 1514 1445
f 1570 1642 1643
f 1526 1647 1530
f 1564 1662 1657
f 1430 1619 1579
f 918 1636 1656
f 1601 1590 1772
f 1451 1341 1652
f 1546 1648 1219
f 1587 1608 1411
f 1558 1402 1525
f 1769 1598 1549
f 1502 1613 1632
f 1581 1612 1685
f 1675 1577 1479
f 1328 1676 1644
f 1387 1416 1589
f 1500 1356 1670
f 1452 1680 1551
f 6832 1761 6685
f 6685 1306 6745
f 793 1426 1580
f 1641 1567 1606
f 1466 1710 1707
f 1219 1522 1299
f 1210 1413 1721
f 1917 1264 1564
f 1575 1530 1620
f 1489 1962 1565
f 1692 1496 1524
f 1467 1264 1917
f 1474 1678 1630
f 1636 918 1715
f 1510 1613 1427
f 1530 1647 1667
f 1370 1583 1297
f 1609 1760 1578
f 1083 1727 1378
f 1504 1552 1697
f 1698 1679 907
f 1299 1432 1340
f 1703 1625 1655
f 1709 1247 1469
f 1098 1498 1425
f 1932 1700 1328
f 1620 1530 1667
f 1680 1452 1705
f 1517 1672 1673
f 6685 1634 1520
f 1714 1626 1625
f 1494 1713 1690
f 1319 1478 1719
f 1622 1686 1623
f 1716 1507 1383
f 1708 1687 1688
f 1720 1564 1657
f 2005 1529 731
f 1683 1705 1452
f 1380 1412 1707
f 1578 1760 2009
f 1517 1673 1393
f 1668 1572 1247
f 1568 1570 1915
f 1531 1246 1640
f 1596 1573 1682
f 1083 1627 1727
f 1587 1722 1608
f 1725 1597 1726
f 1661 1799 1558
f 1594 1683 1452
f 1444 1696 1514
f 1479 1560 1729
f 1511 1799 1604
f 1799 1661 1669
f 1706 1730 1494
f 1584 1718 1638
f 1731 1708 1688
f 1733 1491 1297
f 1550 1464 1736
f 1627 1691 1727
f 1494 1730 1713
f 1639 1051 1749
f 1521 731 1529
f 1564 1720 1744
f 1684 1328 1644
f 1744 1917 1564
f 1728 1659 1457
f 1717 1750 1647
f 1247 1709 1748
f 1752 1634 1761
f 1651 1604 1799
f 1219 1648 1734
f 1611 1778 1906
f 1497 1349 1723
f 1508 1726 1597
f 1632 1745 1633
f 1457 1740 1728
f 1714 1625 1703
f 1764 1579 1619
f 1765 1562 1599
f 1656 1602 918
f 1693 1481 1755
f 1347 1518 1498
f 1641 1770 1954
f 1685 1612 1756
f 1563 1774 1654
f 1432 1701 1492
f 1675 1479 1776
f 1246 1712 1640
f 1674 1247 1748
f 1777 1754 1778
f 1417 1630 1490
f 1745 1632 1779
f 1509 1677 502
f 1645 1781 1724
f 1753 1708 1731
f 1915 1614 1568
f 1051 1751 1464
f 1650 1784 1517
f 1653 1689 1671
f 1786 1585 1699
f 1751 1051 1639
f 6784 6685 6745
f 1788 1740 1457
f 1576 1660 1561
f 1615 1758 1616
f 905 1794 1778
f 1651 1799 1669
f 1580 1732 793
f 1796 1788 1457
f 1608 1746 1757
f 1802 2191 1955
f 1586 1009 1803
f 905 1592 1794
f 1782 1571 1535
f 1706 1795 1730
f 1646 1681 1645
f 1806 1807 1758
f 1700 1676 1328
f 1790 1624 1786
f 1673 1424 1393
f 1712 1804 1640
f 1630 1563 1490
f 1786 1624 1585
f 1695 1486 1556
f 1783 1821 1515
f 1714 1703 1793
f 1692 1246 1496
f 1559 1097 1824
f 1583 1809 1297
f 1763 1654 1774
f 1785 1607 1704
f 1790 1786 1825
f 1760 1800 1879
f 1739 1820 1849
f 1219 1734 1522
f 1672 1517 1784
f 1763 1774 1862
f 1798 1785 1704
f 1771 1666 1484
f 1620 1667 1773
f 1811 1764 1619
f 1785 1772 1607
f 1706 1829 1795
f 1751 1836 1464
f 1246 1787 1712
f 1821 1478 1515
f 1498 1098 1347
f 1756 1767 1685
f 1915 1484 1438
f 1782 1535 1913
f 1761 1634 6685
f 1812 1813 1814
f 1641 1848 1770
f 1739 1849 1660
f 1457 1950 1796
f 1670 1356 1877
f 793 1732 1888
f 1843 1683 1594
f 1847 1843 1594
f 1424 1852 1792
f 1356 1380 1851
f 2111 1768 1711
f 1647 1750 1667
f 1913 1856 1782
f 1619 1857 1811
f 1864 1706 1494
f 1432 1866 1701
f 1432 1522 1868
f 1842 1504 1697
f 1727 1947 1378
f 1871 1861 1817
f 1865 1872 1813
f 1797 1893 1722
f 1752 1761 1830
f 1598 1769 1818
f 1746 1893 1747
f 1835 1845 2175
f 1752 1830 1854
f 1814 1813 1826
f 1918 1853 1878
f 1380 1707 1775
f 1247 1582 1668
f 1827 1009 1434
f 1702 1638 1718
f 1681 1781 1645
f 1774 1563 1873
f 1876 1889 1479
f 1889 1776 1479
f 1823 1434 1741
f 1636 1715 1883
f 1871 1817 1920
f 1630 1873 1563
f 1934 1892 1558
f 1724 1781 1780
f 1934 1558 1799
f 1797 1894 1893
f 1922 1880 1578
f 1897 1733 1297
f 1885 1616 1758
f 1297 1809 1970
f 1900 1791 1832
f 1876 1479 1729
f 1882 1900 1832
f 1704 1890 1798
f 1883 1841 1636
f 1641 1743 1848
f 793 2112 753
f 1691 1903 1727
f 1760 1879 2009
f 1886 1870 1905
f 1718 1860 1702
f 1854 1830 1907
f 1471 1677 1759
f 1425 1498 1511
f 1941 1504 1842
f 6746 1957 6722
f 1734 1648 1908
f 1595 1864 1494
f 1853 1918 1849
f 1933 1817 1861
f 1921 1874 1378
f 1893 1608 1722
f 1498 2127 1511
f 1653 1801 1912
f 1478 1925 1916
f 1578 1880 1573
f 1653 1912 1689
f 1529 2005 1833
f 1787 1246 1692
f 1558 1892 1595
f 1608 1893 1746
f 1845 2058 2175
f 1649 1658 1718
f 1937 2191 1930
f 1681 1737 1949
f 2111 1711 1598
f 1643 1915 1570
f 1842 1939 1941
f 1694 1968 1926
f 1898 1755 1942
f 1676 1700 1944
f 1954 1972 1641
f 1378 1947 1948
f 1561 1660 1849
f 1897 1924 1733
f 1863 1966 1703
f 1874 1875 1378
f 1917 1945 1467
f 1735 1803 1938
f 1539 1507 1716
f 1871 1920 1919
f 1867 1210 1721
f 1863 1817 1966
f 1852 1424 1969
f 1874 1921 1936
f 1578 2009 1922
f 1834 1977 1967
f 1977 1834 1911
f 1464 1836 1736
f 1971 2058 1978
f 793 1888 1959
f 1973 1850 1902
f 1850 1816 1902
f 1839 1899 2259
f 1758 1807 1885
f 1544 1968 1694
f 1378 1948 1921
f 1329 1597 1975
f 1963 1849 1918
f 1775 1851 1380
f 1912 1801 1895
f 1471 1759 1766
f 1673 1969 1424
f 1944 1700 1928
f 2175 1846 1835
f 1484 1884 1771
f 1805 1983 1984
f 1700 1986 1928
f 1953 1976 1988
f 1817 1863 2061
f 1895 1990 1912
f 1641 1606 1743
f 1923 1550 1736
f 1906 1778 1754
f 1964 2016 1929
f 1761 1992 1830
f 1966 1817 1933
f 2061 1863 1997
f 1755 1481 1942
f 1855 1805 1984
f 1855 1984 1958
f 1931 1815 1858
f 6832 2010 1761
f 1802 1930 2191
f 2002 1841 1883
f 793 1979 1991
f 1818 1887 1980
f 1925 1998 2006
f 1961 1789 1565
f 1539 2158 1808
f 2275 1828 1561
f 2011 2012 2013
f 1817 1956 1920
f 1988 1971 1953
f 2015 1778 1794
f 1825 1786 1965
f 1840 2018 1498
f 1811 2021 1810
f 1932 1329 1975
f 1951 1955 2191
f 1781 1914 1780
f 793 1991 2000
f 1667 1940 1773
f 1886 1879 1870
f 2031 1750 1822
f 2032 1893 1894
f 1924 2033 1733
f 1925 1478 2065
f 2026 1872 2025
f 1681 1949 1781
f 1818 2111 1598
f 1978 2058 1845
f 2010 6832 2035
f 1846 2175 1946
f 2043 2013 2012
f 1457 1534 2044
f 1872 2026 1813
f 1979 793 1959
f 2032 1996 1893
f 1750 2031 1667
f 1962 2045 1565
f 2028 1860 1718
f 2049 1478 1821
f 1383 1837 1716
f 1882 2029 1881
f 1998 1925 2065
f 2052 1781 1949
f 1700 1932 2040
f 1701 1866 2055
f 2053 1986 1700
f 2012 2024 2057
f 1954 1770 2051
f 1504 1941 1593
f 2014 1860 2028
f 1969 2060 2064
f 1700 2027 2056
f 2066 2067 2068
f 2072 2048 1667
f 2103 1826 1813
f 2004 2076 2378
f 1882 1981 2029
f 2000 2001 2085
f 2103 1952 1826
f 2061 2086 2084
f 1544 2083 1968
f 2191 2134 1951
f 2078 2087 2063
f 2158 2077 1808
f 1700 2040 2034
f 2049 2082 1478
f 1695 2090 1486
f 2057 2022 2054
f 2041 1793 1966
f 1998 2065 2046
f 1582 1247 1927
f 1995 1785 1798
f 2083 1544 1593
f 2071 2086 2061
f 1781 2100 1914
f 2037 1952 2103
f 2082 2065 1478
f 2104 1905 1929
f 2078 2122 2087
f 2064 1852 1969
f 2018 2127 1498
f 2106 1708 1753
f 1935 1943 2110
f 2098 1764 1811
f 2174 1885 1807
f 2023 2003 2099
f 1914 2100 2042
f 1682 1573 1880
f 2114 2072 1667
f 2097 1969 1673
f 2115 1432 1868
f 2117 1716 1837
f 2084 2119 2061
f 1895 2038 1990
f 2114 1667 2031
f 2156 2080 1889
f 1989 1595 1892
f 1799 2127 2125
f 2036 2089 2149
f 1958 1984 2128
f 1966 1793 1703
f 1960 2126 1943
f 1929 2016 2017
f 1674 1927 1247
f 1775 2050 1851
f 2081 2068 2067
f 2057 2024 2022
f 1593 2139 2083
f 1893 1996 2121
f 2144 1997 1863
f 1943 2126 2110
f 2088 1839 2259
f 2048 2132 1667
f 1767 2343 2020
f 1700 2118 2053
f 1667 2123 1940
f 1946 2175 2201
f 1817 2061 2119
f 2104 1929 2017
f 1818 1980 2111
f 2156 1889 1876
f 1902 2150 1973
f 2008 2031 1822
f 1958 2128 2406
f 2130 1982 1793
f 2102 2147 2101
f 2069 2070 2116
f 2070 2183 2116
f 2055 1866 2159
f 2091 2160 1974
f 2091 2161 2160
f 1891 1931 2192
f 1561 1849 2141
f 1971 1988 2058
f 1658 1891 2192
f 2081 2162 2095
f 2175 2183 2201
f 753 2112 2163
f 2343 1767 1756
f 2047 2167 1910
f 2143 2039 2037
f 2118 1700 2056
f 2114 2031 2176
f 2223 1667 2132
f 2009 1879 1886
f 1948 1947 2177
f 2084 2133 2119
f 1974 2160 1807
f 2061 2182 2071
f 2056 2136 2118
f 1990 2038 2226
f 2406 2186 1958
f 2079 2183 2070
f 2308 2098 1811
f 1886 1905 2210
f 1844 2107 2155
f 2059 2106 2193
f 1708 2106 1896
f 2119 1956 1817
f 2178 1987 1904
f 2196 2118 2136
f 2168 1457 2062
f 1718 2192 2028
f 1909 1910 2167
f 2164 2157 2200
f 2179 2203 1963
f 2202 1875 2092
f 1766 1759 2205
f 2111 1980 2206
f 2148 2140 2158
f 1980 2036 2206
f 1977 2283 2135
f 2133 2214 2119
f 2137 2044 1534
f 2077 2158 2140
f 2219 2039 2143
f 2124 1922 2009
f 2221 1954 2051
f 1378 1875 1962
f 2012 2057 2043
f 2171 2009 2170
f 2123 1667 2223
f 1963 2203 1849
f 2175 2116 2183
f 2061 2209 2182
f 1565 2045 1961
f 2215 2160 2161
f 2008 2228 2031
f 1457 2168 2142
f 2229 1902 1816
f 1807 2160 2174
f 2222 2105 2153
f 2141 2151 1561
f 1799 1511 2127
f 2139 2293 2083
f 1718 1658 2192
f 1876 2232 2156
f 2103 1813 2120
f 2283 2211 2135
f 1911 2152 1977
f 2316 2109 2172
f 2204 1965 1786
f 2170 2009 2237
f 1457 2044 2062
f 1823 2240 1434
f 1813 2026 2120
f 2175 2058 2270
f 1987 2216 2247
f 2076 2138 2277
f 1903 2421 1727
f 1946 2201 1999
f 2178 1904 2173
f 2386 2189 2188
f 2190 1897 1297
f 2512 1985 1987
f 1909 2167 2248
f 1960 2250 2126
f 2378 2252 2004
f 2253 1961 2045
f 1682 2322 1844
f 2028 2217 2094
f 2145 1985 2512
f 2012 2011 1912
f 2243 2041 1966
f 2074 2073 2197
f 2255 2256 2257
f 1810 2308 1811
f 1297 1970 2238
f 2216 1987 2178
f 2260 2075 1828
f 2169 1823 1741
f 2029 2261 1881
f 2613 2378 2076
f 1781 2276 2100
f 1539 1716 2158
f 2275 1561 2151
f 2111 1838 1768
f 1823 2187 2240
f 2106 2059 1896
f 2204 2271 1965
f 2272 2273 2274
f 2249 2178 2173
f 2202 1962 1875
f 1692 2225 1787
f 2047 2279 2167
f 2244 2265 2258
f 2236 2190 1297
f 2164 2165 2157
f 2076 2277 2613
f 2233 2195 1954
f 2141 1849 2324
f 2214 2133 2235
f 2131 1965 2264
f 2142 1950 1457
f 2152 2283 1977
f 2431 2244 2350
f 2288 2115 1868
f 2324 1849 2218
f 2281 2037 2103
f 1432 2115 2289
f 2287 2131 2264
f 2267 1849 2203
f 2267 2294 2251
f 1996 2181 2242
f 2267 2251 1849
f 2297 2320 2298
f 1432 2234 1866
f 1849 2251 2218
f 2009 1886 2194
f 1798 1890 2113
f 2160 2215 2224
f 1828 2275 2260
f 2130 1793 2041
f 2259 1899 1938
f 2386 2188 2305
f 2158 1716 2117
f 2292 1987 2247
f 2269 2121 1996
f 2146 1961 2253
f 2139 2280 2293
f 2266 2126 2250
f 2083 2293 2311
f 2291 2024 2314
f 2145 2512 2317
f 2263 2009 2194
f 2155 2107 2319
f 2255 2257 1960
f 2268 2046 2065
f 2231 2230 2185
f 1682 1880 2322
f 2221 2307 1954
f 2160 2224 2323
f 2099 2525 2326
f 2083 2311 2327
f 2329 2308 2330
f 2242 2318 2290
f 2488 2302 2316
f 2274 2273 2339
f 1996 2242 2290
f 1933 2285 2472
f 2218 2251 2342
f 2217 2028 2192
f 2208 2347 2548
f 2207 2347 2208
f 2202 2511 1962
f 1844 2322 2107
f 2350 2244 2258
f 2127 2534 2125
f 2009 2171 2124
f 1695 1909 2248
f 2083 2327 2351
f 2211 2283 2198
f 2101 2147 2338
f 2352 2337 2358
f 2316 2284 2093
f 2341 2340 2349
f 2345 1963 1918
f 2036 2413 2206
f 2339 2313 2320
f 2365 2311 2293
f 2310 2367 2454
f 2353 2261 2029
f 2282 2198 2283
f 2316 2093 2109
f 2180 2375 2246
f 2081 2067 2334
f 2249 2301 2366
f 2345 1918 2381
f 1962 2361 2045
f 2268 2348 2046
f 2383 2378 2471
f 1603 1486 2328
f 2367 2356 2385
f 2306 1297 2286
f 2368 2369 2391
f 2437 2431 2336
f 2373 2029 2166
f 2127 2396 2387
f 2302 2299 2316
f 2392 2162 2334
f 2163 1446 753
f 2108 2134 2180
f 2128 2344 2406
f 2407 2408 2134
f 2236 1297 2306
f 1966 1933 2472
f 2409 2456 2299
f 2047 2372 2279
f 2337 2452 2411
f 2003 2525 2099
f 2353 2402 2370
f 2290 2269 1996
f 2373 2166 2390
f 2349 2461 2416
f 2403 2372 2047
f 2154 2471 1993
f 2374 2418 2067
f 2373 2353 2029
f 2376 2415 2243
f 2394 2355 2336
f 2420 2422 2348
f 2012 2314 2024
f 2000 2085 793
f 2067 2419 2374
f 2452 2265 2411
f 2359 1905 2104
f 1990 2226 2377
f 2377 2012 1990
f 2149 2413 2036
f 2394 2429 2355
f 2305 2321 2386
f 2158 2423 2148
f 2153 2395 2222
f 1484 1915 2309
f 2432 2433 2434
f 2391 2369 2417
f 2260 2440 2075
f 2353 2373 2402
f 2336 2431 2394
f 2320 2313 2298
f 1912 1990 2012
f 2411 2358 2337
f 2411 2265 2244
f 2428 1947 1727
f 2401 2359 2104
f 2069 2116 2262
f 2312 2222 2384
f 2193 2106 2451
f 2241 1880 1922
f 2425 2423 2445
f 2391 2417 2441
f 2348 2268 2420
f 2366 2301 2455
f 2460 2525 2003
f 2349 2340 2461
f 2012 2333 2424
f 2549 2389 2074
f 2446 2233 1954
f 2613 2410 2557
f 2217 2192 2427
f 2454 2367 2385
f 2469 2394 2441
f 2303 2371 2688
f 2404 2414 2517
f 2412 2037 2281
f 2339 2476 2313
f 2457 2443 2533
f 2469 2441 2462
f 2272 2274 2478
f 2194 1886 2210
f 2210 1905 2359
f 2549 2388 2389
f 2555 2222 2395
f 2481 2523 2387
f 2431 2444 2441
f 2380 2379 2650
f 1884 1484 2309
f 1960 2257 2250
f 2354 2426 2871
f 2441 2394 2431
f 2485 2383 2471
f 2112 793 2400
f 1966 2376 2243
f 2387 2523 2127
f 2436 2404 2517
f 2446 1954 2307
f 2472 2376 1966
f 2431 2350 2444
f 2444 2391 2441
f 2117 2477 2158
f 2347 2491 2548
f 2271 2264 1965
f 2339 2320 2274
f 2500 2265 2452
f 2429 2394 2499
f 2436 2300 2404
f 2262 2116 2382
f 2487 1934 1799
f 2289 2473 1432
f 2164 2480 2502
f 1432 2503 2234
f 1810 2213 2504
f 2295 2568 2296
f 2299 2585 2316
f 2459 2458 2544
f 2315 2627 2359
f 2178 2249 2366
f 2432 2434 2508
f 2328 1486 2586
f 462 2405 1481
f 2346 2381 1918
f 2407 2134 2191
f 2295 2434 2568
f 2278 2467 2197
f 2523 2534 2127
f 2400 793 2489
f 1931 1858 2468
f 2362 2363 2393
f 2246 2375 2571
f 2296 2568 2522
f 2338 2147 2479
f 2180 2134 2375
f 2525 2524 2326
f 2512 1987 2292
f 2426 2470 2871
f 2377 2515 2012
f 2498 2518 2494
f 2529 2530 2531
f 2184 2185 2230
f 2403 2047 2535
f 2450 2434 2295
f 2467 2278 2439
f 2364 2392 2334
f 2626 2479 2147
f 2398 2543 2542
f 2549 2384 2222
f 2085 2489 793
f 2178 2532 2216
f 2454 2385 2551
f 2423 2552 2445
f 1799 2125 2537
f 2542 2397 2398
f 2537 2475 1799
f 2328 2553 1603
f 2316 2172 2547
f 2246 2571 2484
f 1486 2090 2586
f 2499 2394 2556
f 2299 2456 2585
f 2459 2483 2430
f 2012 2424 2314
f 2397 2542 2477
f 2403 2535 2559
f 2452 2699 2500
f 2150 1902 2576
f 2292 2560 2512
f 2380 2650 2447
f 2321 2305 2465
f 2613 2471 2378
f 2326 2524 2501
f 2504 2308 1810
f 2359 2627 2210
f 2459 2544 2483
f 2563 2488 2316
f 2555 2549 2222
f 2526 2688 2371
f 2510 2067 2418
f 2405 462 1446
f 2162 2081 2334
f 2375 2134 2408
f 2473 2503 1432
f 2545 2527 2496
f 2446 2554 2233
f 2583 1931 2468
f 2575 2160 2323
f 2412 2143 2037
f 2158 2477 2423
f 2521 2384 2549
f 2385 2528 2551
f 2552 2423 2565
f 2466 2343 1756
f 2332 2581 2331
f 2477 2565 2423
f 2546 2464 2527
f 2529 2539 2530
f 2477 2542 2565
f 2583 2192 1931
f 2436 2517 2584
f 2433 2548 2434
f 2489 2580 2400
f 2576 1902 2587
f 2213 2448 2504
f 2589 2488 2590
f 2453 2591 2468
f 2254 2145 2317
f 2557 2509 2619
f 2577 2534 2523
f 2596 2577 2523
f 2464 2393 2363
f 2325 2718 2597
f 2163 2601 1446
f 2490 1603 2553
f 2570 2416 2461
f 2264 2399 2287
f 2514 2316 2585
f 2470 2303 2688
f 2548 2491 2595
f 2321 2465 2603
f 2515 2606 2012
f 2452 2558 2699
f 1434 2588 1827
f 2277 2482 2613
f 2592 2515 2611
f 2466 1756 2325
f 2204 2612 2271
f 2449 2513 2507
f 2239 6722 1957
f 2227 1942 1481
f 2154 1993 1994
f 2174 2707 2579
f 2435 2513 2449
f 2539 2582 2538
f 2468 1858 2453
f 2516 2626 2147
f 2621 2254 2622
f 2579 2707 2623
f 2184 2593 2185
f 2563 2590 2488
f 2626 2624 2479
f 2627 2648 2210
f 2219 2143 2506
f 2574 2520 2562
f 2573 2519 2574
f 2626 2618 2655
f 2515 2592 2606
f 2574 2519 2520
f 2564 2605 2562
f 2631 2112 2400
f 2333 2012 2600
f 2584 2435 2436
f 2629 2571 2375
f 2074 2197 2467
f 2480 2164 2200
f 2549 2467 2521
f 2578 2513 2663
f 2240 2588 1434
f 2581 2332 2330
f 2434 2595 2568
f 2640 2630 2617
f 2461 2617 2630
f 2616 2490 2553
f 2434 2548 2595
f 2492 2545 2496
f 2625 2541 2644
f 2574 2446 2573
f 2500 2699 2639
f 2498 2650 2518
f 2549 2615 2604
f 2818 2582 2539
f 2593 2184 2594
f 2194 2210 2648
f 2491 2647 2595
f 2375 2653 2629
f 2570 2461 2638
f 2557 2471 2613
f 2658 2435 2584
f 2563 2316 2659
f 1695 2248 2660
f 2067 2510 2661
f 2461 2630 2638
f 2074 2467 2549
f 2636 2562 2605
f 2574 2562 2636
f 2466 2325 2597
f 2529 2646 2539
f 2572 2447 2650
f 1902 2229 2657
f 2619 2602 2557
f 2551 2528 2684
f 2555 2615 2549
f 2650 2498 2497
f 2608 2676 2609
f 2547 2607 2316
f 2567 2550 2682
f 2609 2676 2636
f 2012 2667 2600
f 2325 2304 2718
f 2787 1993 2471
f 2321 2603 2569
f 2871 2457 2533
f 2274 2687 2478
f 2528 2656 2684
f 2566 2871 2533
f 2259 1938 2729
f 2575 2697 2160
f 2572 2650 2725
f 2673 2669 2668
f 2675 2690 2689
f 2656 2670 2684
f 2636 2676 2574
f 2652 2686 2642
f 6834 2711 2645
f 2701 2687 2274
f 2818 2539 2646
f 2632 2495 2706
f 2659 2316 2607
f 2446 2574 2554
f 2527 2363 2712
f 2683 1962 2511
f 2613 2482 2713
f 2626 2714 2624
f 2525 2715 2524
f 2330 2681 2581
f 2557 2602 2471
f 2667 2012 2606
f 2642 2686 1902
f 2761 2675 2705
f 2284 2717 2685
f 2316 2692 2284
f 2688 2871 2470
f 2702 2623 2707
f 2871 2566 2505
f 2143 2721 2662
f 2284 2692 2717
f 2723 2649 2724
f 2714 2626 2655
f 2504 2330 2308
f 2644 2541 2540
f 2457 2871 2620
f 2722 2725 2497
f 2502 2480 2654
f 1481 2696 2227
f 1938 1803 2729
f 1827 2731 1009
f 2427 2192 2695
f 2497 2725 2650
f 1902 2744 2642
f 2667 2606 2693
f 2754 2665 2664
f 2677 2696 1481
f 2544 2735 2483
f 2736 2514 2585
f 2254 2621 2561
f 2613 2637 2651
f 2514 2692 2316
f 2354 2871 2505
f 2637 2613 2713
f 2644 2540 2567
f 2405 1446 2739
f 2334 2067 2661
f 2143 2614 2721
f 2741 2690 2675
f 2746 2747 2700
f 2677 1481 2405
f 2905 2364 2334
f 2486 2259 2729
f 1695 2749 2090
f 2363 2700 2712
f 2708 2703 2617
f 2751 2752 2716
f 1902 2657 2744
f 2399 2264 2827
f 2527 2464 2363
f 2617 2461 2708
f 2668 2625 2674
f 2603 2755 2730
f 2737 2160 2697
f 2254 2317 2748
f 2248 2745 2660
f 2818 2646 2784
f 2776 2718 2304
f 2740 2480 2704
f 2606 2592 2666
f 2603 2730 2569
f 2736 2585 2743
f 2710 2655 2618
f 2683 2511 2709
f 2732 2716 2694
f 2764 2427 2695
f 2582 2732 2641
f 2660 2749 1695
f 2694 2641 2732
f 2767 2717 2692
f 1827 2765 2731
f 2723 2504 2649
f 2163 2756 2601
f 2742 2681 2330
f 2757 2784 2646
f 2698 2468 2591
f 2675 2761 2741
f 2702 2707 2733
f 2160 2737 2727
f 2819 2769 2691
f 2693 2606 2666
f 2662 2506 2143
f 2705 2815 2761
f 1009 2810 1803
f 2644 2567 2971
f 2847 2654 2480
f 2720 2778 2610
f 2819 2770 2769
f 2905 2734 2364
f 2827 2782 2399
f 2673 2668 2674
f 2279 2372 2672
f 2783 2785 2780
f 2881 2655 2710
f 2792 1446 2738
f 2625 2644 2674
f 2601 2777 2789
f 1446 2601 2738
f 2817 2184 2230
f 2526 2750 2688
f 2793 2822 2794
f 2727 2174 2160
f 2709 2511 2763
f 2642 2744 2759
f 2789 2738 2601
f 6835 2758 2753
f 2796 2758 6835
f 2720 2791 2778
f 2712 2700 2747
f 2513 2435 2800
f 2712 2496 2527
f 2787 2471 2602
f 2665 2754 2803
f 1446 2792 2804
f 2691 2637 2819
f 2796 2698 2758
f 2863 2742 2330
f 2795 2751 2732
f 2654 2847 2797
f 2795 2732 2806
f 2740 2838 2480
f 2726 2786 2815
f 2705 2726 2815
f 2717 2767 2811
f 2334 2661 2816
f 2495 2496 2706
f 2881 2714 2655
f 2755 2603 2798
f 2712 2706 2496
f 2775 2774 2820
f 2760 2594 2184
f 2622 2254 2748
f 2766 2790 2850
f 1803 2810 2824
f 2468 2902 2583
f 2822 2793 2812
f 2751 2716 2732
f 2799 2808 2773
f 2826 2820 2774
f 2759 2833 2642
f 2821 2544 2762
f 2457 2620 2835
f 2732 2805 2806
f 2643 2642 2837
f 2824 2729 1803
f 2688 2844 2871
f 2698 2796 2468
f 2480 2838 2847
f 2845 1962 2683
f 2767 2692 2860
f 2820 2826 2839
f 2783 2780 2788
f 2637 2713 2834
f 2712 2877 2706
f 2658 2846 2435
f 2851 2808 2799
f 2837 2680 2643
f 2852 2735 2544
f 2821 2898 2544
f 1009 2731 2830
f 2703 2708 2855
f 2788 2780 2843
f 2680 2837 2768
f 2583 2856 2192
f 2831 2871 2858
f 2800 2663 2513
f 2664 2610 2754
f 2733 2707 2848
f 1446 2804 2739
f 2786 2823 2807
f 2863 2330 2504
f 2810 1009 2862
f 2802 2760 3124
f 2714 2859 2809
f 2849 2827 2264
f 2836 2807 2801
f 2846 2869 2435
f 2812 2874 2822
f 2768 2837 2875
f 2825 2805 2876
f 2958 2805 2732
f 1009 2830 2862
f 2840 2841 2884
f 2504 2723 2888
f 2239 2878 6722
f 2856 2695 2192
f 2868 2733 2848
f 2766 2888 2723
f 2544 2891 2852
f 2683 2709 2865
f 2845 2361 1962
f 2902 2883 2892
f 2714 2881 2859
f 2883 2468 2966
f 2842 2881 2710
f 2766 2850 2888
f 2663 2800 2772
f 2620 2871 2894
f 2642 2833 2837
f 2861 6686 2882
f 2902 2468 2883
f 2708 2854 2880
f 2786 2807 2815
f 2843 2780 2939
f 2840 2884 2901
f 2688 2750 2959
f 2827 2885 2782
f 2896 2877 2712
f 2876 2866 2825
f 3074 2174 2889
f 2582 2818 3093
f 2796 2966 2468
f 2764 2695 2899
f 3128 2813 2814
f 2908 2610 2778
f 3128 3020 2912
f 2891 2544 2898
f 2861 6707 6686
f 2892 2910 2902
f 2871 2831 2894
f 2174 3074 2707
f 2911 2855 2708
f 2799 2863 2851
f 2878 2239 2728
f 2873 2853 2917
f 3128 2872 2813
f 2935 2901 2884
f 2836 2965 2807
f 2820 2839 2822
f 2405 2890 2677
f 2863 2504 2888
f 2871 2844 2897
f 2927 2905 2334
f 2884 2841 2918
f 2879 2859 2909
f 2904 2906 2361
f 2841 2866 2918
f 2932 2856 2583
f 2925 2857 2914
f 2838 2937 2847
f 2833 2921 2837
f 2941 2910 2892
f 2807 2907 2815
f 2822 2874 2820
f 2637 2834 2923
f 2924 2923 2834
f 2922 2435 2869
f 2940 2883 2966
f 2913 2851 2933
f 2870 2734 2929
f 2881 2943 2859
f 2871 2967 2858
f 2880 2911 2708
f 2819 2637 2931
f 2850 2951 2950
f 2848 2942 2868
f 2886 2772 3132
f 2696 2974 2895
f 3128 2912 2872
f 2905 2929 2734
f 2960 2853 2893
f 2943 2909 2859
f 2727 2889 2174
f 2760 2184 3124
f 3132 2887 2886
f 2796 2934 2946
f 2871 2897 2967
f 3124 2857 2802
f 2904 2361 2845
f 2821 2928 2898
f 2915 2847 2937
f 2926 2930 2944
f 2780 2771 2939
f 2621 2622 2864
f 2567 2682 2971
f 2696 2677 2974
f 2889 2727 2976
f 3074 2848 2707
f 2800 2954 2772
f 2927 2334 2867
f 2905 2927 3013
f 6722 2878 2882
f 3093 2818 2900
f 2964 3216 2936
f 2977 2933 2863
f 2980 2972 2968
f 2863 2933 2851
f 2889 2991 3074
f 2861 2993 6707
f 2637 2923 2997
f 2754 2999 2803
f 2864 2622 2985
f 2850 2950 2919
f 2807 2965 2907
f 3216 2903 2936
f 2882 2973 2861
f 2928 3006 2898
f 6707 2993 2979
f 2957 2956 2948
f 2965 3008 2907
f 2889 3010 2991
f 2987 2983 3001
f 2845 3011 2904
f 2956 2984 2990
f 2958 2876 2805
f 2979 2920 6707
f 2943 3018 2909
f 3004 2978 2986
f 2960 2893 2914
f 2975 2938 2903
f 2972 2952 2968
f 3076 2955 2947
f 3093 2732 2582
f 3020 2963 2912
f 3017 2919 2950
f 3003 3022 3041
f 2939 2771 2634
f 2969 2970 3019
f 3009 2870 3028
f 3074 3052 2848
f 2935 2884 3023
f 2939 2634 2674
f 3005 2994 2962
f 3093 2900 3002
f 2610 2908 2754
f 2909 3018 2989
f 2948 3076 2947
f 2637 2997 3037
f 2954 3132 2772
f 3015 2977 2888
f 2944 2930 2992
f 3037 2931 2637
f 2953 2955 3076
f 2956 3030 2948
f 3030 2956 2990
f 2870 2929 3054
f 2853 2960 2917
f 2922 2800 2435
f 3043 3016 2836
f 3003 3047 2982
f 2945 2999 3128
f 3033 3026 3050
f 2911 2880 3042
f 2965 2836 3055
f 3014 2977 3015
f 3007 2944 3064
f 3057 3058 3004
f 2931 3037 3059
f 2998 3209 3032
f 2988 2968 2987
f 2861 2973 3060
f 2836 3053 3055
f 2878 3036 2882
f 3047 3003 6748
f 2983 2987 2961
f 3093 2958 2732
f 2943 3067 3018
f 2944 2992 3064
f 2998 2975 3209
f 3046 2898 3006
f 2953 3076 2952
f 2945 3128 2814
f 2800 3068 3066
f 3007 3064 3069
f 3071 2948 3030
f 2857 3124 2914
f 3039 3042 2880
f 3066 2954 2800
f 3044 2942 2848
f 2989 3018 3049
f 3046 3031 2898
f 2991 3056 3074
f 3061 3032 3209
f 3051 2904 3011
f 2887 3029 2970
f 3041 6748 3003
f 2975 2903 3209
f 3082 3033 3050
f 2995 2949 3024
f 3028 2870 3054
f 2754 3128 2999
f 2919 3034 3086
f 3061 3209 3081
f 3059 3012 2931
f 3070 3035 3105
f 2911 3042 3080
f 3035 3033 3105
f 3039 2880 3038
f 2954 3066 3088
f 3049 3018 3091
f 3121 3090 3084
f 3019 2970 3152
f 3034 2919 3017
f 2919 3086 3087
f 3079 3070 3105
f 2919 3087 3099
f 6707 3072 6724
f 3005 3045 2994
f 3084 3102 3121
f 2876 2996 2866
f 3019 3152 3075
f 3103 3053 2836
f 3092 3040 2911
f 3069 3064 3119
f 2876 3171 2996
f 3100 3091 3018
f 2888 2977 2863
f 3083 2876 2958
f 3029 3204 2970
f 6723 6748 3041
f 3002 3078 3093
f 3077 2917 2960
f 3065 2674 2644
f 3079 3108 3109
f 3115 3062 3063
f 3112 3113 2184
f 3114 3081 3209
f 6687 3073 6748
f 3029 2887 3132
f 3119 3064 3094
f 3090 3121 3098
f 3101 3122 3123
f 3044 3089 3107
f 2919 2888 2850
f 3116 3098 3120
f 3116 3120 3117
f 3092 3215 3040
f 2954 3130 3132
f 3129 2848 3052
f 3094 3131 3119
f 3044 2848 3095
f 2939 3133 3096
f 2939 2674 3133
f 3058 3136 3199
f 3023 2884 3138
f 2876 3083 3171
f 2882 3125 2973
f 2958 3137 3083
f 3127 3042 3039
f 3104 3112 2184
f 3098 3146 3120
f 3103 2836 3016
f 3111 3149 3150
f 2961 2987 3000
f 3098 3135 3146
f 3005 2995 3024
f 6725 6748 6723
f 3004 3155 3110
f 3171 3083 3157
f 3094 3153 3131
f 3154 3160 3159
f 3062 3115 3230
f 3092 2911 3080
f 3097 3015 2888
f 3065 3163 2674
f 3167 3033 3082
f 3111 3150 3006
f 2996 3156 2866
f 3216 3209 2903
f 3126 3108 3079
f 3118 3085 3062
f 3126 3179 3151
f 3140 3081 3114
f 3177 3121 3139
f 3089 3044 3095
f 3098 3121 3135
f 3118 3062 3284
f 6749 3161 3076
f 3115 3063 3182
f 3183 3029 3178
f 3165 2970 3204
f 2848 3168 3141
f 3029 3148 3204
f 3183 3148 3029
f 3129 3168 2848
f 3029 3132 3164
f 3174 3186 3173
f 3094 3175 3153
f 3150 3046 3006
f 3188 3187 3189
f 3188 3189 3146
f 3181 3094 3231
f 3155 3004 3199
f 3196 3142 3166
f 3079 3105 3176
f 3189 3180 3146
f 3165 3192 2970
f 3101 3020 3339
f 3185 3179 3126
f 3185 3126 3079
f 3147 2184 3113
f 3193 3133 2674
f 3163 3193 2674
f 3083 3137 3224
f 3198 3188 3146
f 2958 3212 3137
f 3186 3428 3173
f 3076 3145 2952
f 3000 2987 2968
f 6838 6725 6723
f 3089 3219 3107
f 3173 3213 3194
f 3146 3135 3198
f 2918 2866 3156
f 2968 2952 3145
f 3222 3251 3202
f 3210 3191 3122
f 3152 2970 3192
f 3141 3422 2848
f 3173 3428 3213
f 3083 3228 3211
f 3339 3020 3128
f 3198 3226 3221
f 3408 2914 3124
f 3199 3004 3058
f 3185 3079 3176
f 3218 3114 3209
f 3206 2919 3099
f 3339 3210 3101
f 3190 3200 3208
f 3198 3135 3226
f 3101 3210 3122
f 3225 3142 3196
f 3206 3227 3241
f 3238 3242 3243
f 3246 3152 3192
f 3181 3175 3094
f 3177 3254 3121
f 3255 3400 3256
f 3105 3033 3167
f 3197 2960 3386
f 3000 2968 3145
f 3207 3097 2888
f 3162 3158 3343
f 3242 3239 3240
f 3238 3239 3242
f 3269 3246 3192
f 3262 3264 3263
f 3242 3240 3236
f 3257 2996 3171
f 3272 3215 3092
f 3175 3252 3274
f 2644 3270 3065
f 3177 3275 3254
f 3235 3242 3236
f 3268 3209 3216
f 3279 3206 3241
f 3135 3285 3276
f 3184 3207 3229
f 3145 3250 3000
f 3251 3222 3277
f 3230 3284 3062
f 3422 3095 2848
f 3181 3252 3175
f 3083 3224 3259
f 3286 3105 3167
f 3287 3228 3083
f 3285 3135 3288
f 3288 3289 3285
f 3223 3162 3372
f 3332 3261 3260
f 3179 3281 3234
f 3215 3272 3291
f 3172 3257 3171
f 3260 3292 3332
f 3206 3279 3271
f 3303 3222 3258
f 3271 2919 3206
f 3093 3217 2958
f 3407 3176 3105
f 3291 3297 3215
f 3303 3277 3222
f 3288 3135 3121
f 3248 3295 3299
f 3273 3282 3278
f 3309 3258 3290
f 3237 3243 3298
f 3247 3307 3076
f 3328 3428 3186
f 3313 2973 3125
f 3024 3106 3005
f 3282 3273 3513
f 3265 3316 3308
f 3318 3273 3306
f 3234 3281 3312
f 3141 3168 3310
f 3252 3181 3342
f 3341 3210 3339
f 3184 3097 3207
f 3327 3169 3144
f 3287 3083 3321
f 3320 3296 3433
f 3299 3295 3345
f 3328 3186 3331
f 3303 3258 3322
f 3400 3309 3256
f 3237 3238 3243
f 3083 3259 3321
f 3076 3424 3145
f 3324 2919 3271
f 3245 3353 3244
f 3322 3258 3334
f 3216 3220 3268
f 3296 3320 3266
f 3333 3237 3298
f 3324 3271 3330
f 3322 3334 3340
f 3311 3336 3326
f 3311 3370 3336
f 3245 3294 3353
f 3349 3350 3124
f 3352 3283 3293
f 3311 3312 3281
f 3370 3354 3336
f 3301 2884 2918
f 3134 3128 2754
f 3347 3324 3351
f 3355 3356 3357
f 3400 3334 3309
f 3334 3258 3309
f 3324 3347 2919
f 3319 3155 3199
f 3359 3360 3361
f 3316 3265 3460
f 3199 3136 3195
f 3282 3513 3302
f 2888 2919 3364
f 3329 3399 3369
f 3339 3366 3371
f 3424 3076 3338
f 3296 3266 3267
f 3338 3076 3307
f 2919 3347 3367
f 3335 3398 3195
f 3370 3311 3281
f 3134 3249 3128
f 3433 3337 3320
f 3367 3382 2919
f 3383 3373 3339
f 3128 3249 3384
f 3341 3339 3392
f 3390 3207 2888
f 3390 2888 3364
f 3363 3339 3128
f 3124 2184 3147
f 3283 3352 3300
f 3325 3301 2918
f 3387 3378 3339
f 6726 3345 3295
f 3373 3387 3339
f 3199 3410 3319
f 3349 3124 3147
f 3273 3318 3513
f 3219 3089 3402
f 3344 3288 3121
f 3267 3360 3296
f 3229 3207 3365
f 3407 3105 3323
f 3379 3380 3396
f 3385 3141 3310
f 3378 3366 3339
f 3405 3244 3353
f 2960 3505 3386
f 3339 3363 3383
f 3233 3232 3409
f 3404 3265 3214
f 3404 3250 3145
f 3375 3403 3374
f 3296 3360 3359
f 3403 3375 3412
f 3371 3392 3339
f 3179 3185 3281
f 2996 3257 3414
f 3005 3106 3201
f 2919 3382 3411
f 3383 3363 3413
f 3374 3448 3395
f 3380 3415 3396
f 3376 3302 3513
f 3356 3401 3400
f 3280 3156 2996
f 3404 3145 3424
f 3405 3353 3417
f 3355 3401 3356
f 3421 3454 3423
f 3397 3333 3298
f 3416 3089 3095
f 3409 3232 3426
f 3413 3363 3444
f 3344 3121 3254
f 3453 3364 2919
f 3348 3170 3045
f 3162 3343 3429
f 3413 3444 3419
f 3432 3296 3359
f 3316 3460 3388
f 3377 3395 3353
f 3441 3444 3363
f 3403 3448 3374
f 3380 3442 3415
f 3435 3394 3420
f 3353 3395 3448
f 3434 3442 3380
f 3485 3363 3128
f 3281 3406 3370
f 3416 3095 3446
f 2960 2914 3505
f 3045 3005 3447
f 3423 3451 3421
f 3254 3275 3452
f 3449 3450 3454
f 3394 3434 3380
f 3437 3304 3436
f 3381 3334 3401
f 3438 3201 3439
f 3358 3368 3393
f 3300 3369 3399
f 3461 3404 3424
f 3434 3394 3462
f 3346 3386 3513
f 3422 3141 3471
f 3429 3372 3162
f 3363 3467 3441
f 3459 3458 3328
f 3425 3345 3553
f 3346 3513 3318
f 2919 3411 3479
f 3423 3454 3450
f 3394 3472 3462
f 3401 3334 3400
f 3358 3438 3439
f 3458 3469 3328
f 3471 3465 3422
f 3450 3455 3423
f 3407 3470 3176
f 3265 3551 3460
f 3402 3483 3219
f 3482 3484 3464
f 2914 3408 3505
f 3404 3551 3265
f 3423 3455 3486
f 3459 3328 3473
f 3328 3511 3473
f 3443 3521 3424
f 3468 3394 3435
f 3352 3418 3300
f 3406 3463 3496
f 3423 3487 3451
f 3461 3551 3404
f 3254 3452 3488
f 3554 3363 3485
f 3348 3045 3475
f 3328 3469 3503
f 3304 3305 3440
f 3515 3431 3430
f 3457 3456 3489
f 3389 3401 3355
f 3488 3474 3254
f 3437 3305 3304
f 3553 3345 3427
f 3503 3506 3328
f 3141 3385 3466
f 3431 3515 3494
f 3369 3510 3516
f 3281 3463 3406
f 3141 3583 3471
f 3501 3522 3502
f 3128 3384 3523
f 3490 3491 3493
f 3438 3005 3201
f 3524 3408 3124
f 3452 3509 3488
f 3369 3300 3510
f 3363 3512 3467
f 3502 3522 3528
f 3472 3394 3468
f 3523 3478 3128
f 2919 3479 3525
f 3195 3398 3199
f 3553 3427 3495
f 3516 3445 3369
f 3453 2919 3531
f 3424 3521 3461
f 3518 3358 3393
f 3445 3516 3534
f 3512 3363 3554
f 3337 3433 3535
f 3328 3506 3537
f 3489 3533 3457
f 3492 3538 3493
f 3484 3526 3464
f 3418 3541 3300
f 3448 3579 3353
f 3429 3343 3544
f 3350 3524 3124
f 3504 3543 3500
f 3553 3545 3498
f 3498 3425 3553
f 3440 3546 3547
f 3537 3428 3328
f 3199 3508 3410
f 2919 3525 3531
f 3530 3433 3296
f 3386 3540 3513
f 3490 3608 3550
f 3526 3492 3464
f 3481 3614 3468
f 3542 3476 3477
f 3551 3536 3460
f 3557 3472 3468
f 3517 3176 3470
f 3422 3465 3552
f 3583 3141 3466
f 3555 3585 3480
f 3527 3648 3499
f 3559 3502 3528
f 3499 3648 3389
f 3372 3429 3497
f 3580 3440 3305
f 3562 3566 3567
f 3453 3531 3529
f 3433 3530 3569
f 3417 3353 3579
f 3570 3500 3543
f 3533 3572 3457
f 3463 3281 3591
f 3408 3524 3548
f 3494 3515 3549
f 3575 3573 3485
f 3128 3578 3485
f 3540 3539 3513
f 3574 3543 3497
f 3540 3386 3505
f 3546 3440 3580
f 3507 3337 3535
f 3581 3575 3485
f 3428 3568 3532
f 3572 3533 3587
f 3477 3560 3542
f 3527 3564 3648
f 3574 3497 3429
f 3428 3537 3568
f 3567 3566 3582
f 3358 3518 3438
f 3281 3595 3591
f 3466 3599 3583
f 3520 3507 3535
f 3563 3417 3579
f 3401 3389 3648
f 3577 3498 3545
f 3543 3574 3570
f 3614 3601 3557
f 3643 3300 3541
f 3468 3614 3557
f 3567 3561 3562
f 3490 3493 3538
f 3128 3478 3600
f 3475 3045 3447
f 3596 3597 3606
f 3564 3598 3648
f 3556 3281 3185
f 3408 3592 3505
f 3528 3594 3559
f 3603 3592 3408
f 3590 3529 3531
f 3614 3481 3561
f 3563 3579 3586
f 3653 3461 3521
f 3610 3480 3514
f 3616 3617 3618
f 3558 3540 3505
f 3676 3604 3588
f 3626 3586 3579
f 3623 3526 3484
f 3565 3508 3628
f 3440 3547 3629
f 3611 3520 3535
f 3433 3569 3625
f 3510 3300 3643
f 3627 3634 3635
f 3605 3128 3600
f 3624 3653 3521
f 3538 3492 3526
f 3596 3606 3627
f 3471 3583 3630
f 3634 3627 3606
f 3605 3600 3613
f 3608 3538 3620
f 3636 3536 3551
f 3544 3682 3429
f 3560 3477 3673
f 3574 3619 3570
f 3581 3485 3642
f 3199 3398 3602
f 3568 3638 3532
f 3508 3199 3628
f 3647 3621 3584
f 3616 3618 3598
f 3532 3639 3593
f 3622 3614 3645
f 3532 3638 3639
f 3615 3571 3652
f 3448 3615 3579
f 3569 3632 3625
f 3480 3651 3514
f 3648 3618 3654
f 3655 3594 3693
f 3648 3598 3618
f 3640 3649 3641
f 3485 3578 3642
f 3608 3490 3538
f 3438 3518 3576
f 3605 3646 3128
f 3666 3281 3556
f 3611 3535 3658
f 3567 3739 3561
f 3596 3627 3662
f 3663 3433 3664
f 3005 3438 3714
f 3128 3646 3578
f 3609 3480 3585
f 3551 3667 3668
f 3528 3693 3594
f 3615 3448 3571
f 3683 3665 3645
f 3645 3614 3683
f 3668 3636 3551
f 3694 3670 3647
f 3609 3651 3480
f 3607 3549 3515
f 3429 3674 3574
f 3670 3694 3684
f 3739 3567 3675
f 3685 3641 3649
f 3544 3681 3688
f 3710 3701 3659
f 3199 3602 3762
f 3558 3505 3733
f 3595 3689 3678
f 3549 3647 3584
f 3673 3676 3588
f 3687 3679 3669
f 3691 3578 3646
f 3648 3654 3661
f 3438 3576 3692
f 3540 3558 3725
f 3652 3686 3615
f 3579 3710 3626
f 3595 3759 3689
f 3673 3588 3560
f 3429 3695 3674
f 3694 3647 3549
f 3657 3685 3649
f 3759 3595 3281
f 3656 3628 3199
f 3706 3676 3673
f 3471 3630 3696
f 3708 3686 3705
f 3433 3663 3644
f 3631 3626 3710
f 3631 3710 3659
f 3672 3461 3709
f 3704 3547 3546
f 3438 3692 3715
f 3609 3697 3720
f 3614 3561 3739
f 3671 3736 3698
f 3690 3683 3718
f 3551 3672 3667
f 3656 3199 3721
f 3711 3723 3607
f 3664 3433 3625
f 3671 3620 3736
f 3759 3727 3689
f 3736 3699 3698
f 3646 3726 3691
f 3724 3716 3729
f 3551 3461 3672
f 3682 3544 3688
f 3734 3684 3703
f 3713 3620 3538
f 3528 3612 3735
f 3742 3662 3627
f 3736 3716 3699
f 3516 3510 3660
f 3614 3739 3683
f 3695 3429 3682
f 3721 3199 3794
f 3716 3736 3729
f 3627 3749 3742
f 3749 3627 3750
f 3696 3746 3471
f 3680 3745 3722
f 3743 3745 3753
f 3715 3768 3438
f 3615 3686 3748
f 3538 3752 3713
f 3728 3756 3826
f 3546 3747 3704
f 3770 3651 3720
f 3657 3702 3685
f 3761 3762 3602
f 3714 3447 3005
f 3712 3764 3643
f 3528 3735 3693
f 3655 3693 3677
f 3720 3651 3609
f 3660 3510 3961
f 3644 3535 3433
f 3674 3695 3767
f 3643 3764 3510
f 3725 3719 3540
f 3773 3709 3754
f 3710 3579 3843
f 3717 3744 3766
f 3801 3732 3731
f 3709 3773 3672
f 3741 3475 3447
f 3702 3717 3766
f 3769 3667 3672
f 3756 3728 3780
f 6690 3673 6689
f 3769 3781 3667
f 3759 3281 3666
f 3708 3748 3686
f 3736 3620 3771
f 3779 3687 3760
f 3710 3843 3740
f 3579 3615 3843
f 3607 3694 3549
f 3718 3751 3737
f 3779 3777 3687
f 3680 3807 3745
f 3784 3438 3768
f 3718 3683 3739
f 3785 3658 3535
f 3737 3751 3707
f 3791 3540 3719
f 3558 3775 3725
f 3764 3961 3510
f 3751 3718 3739
f 3615 3748 3789
f 3535 3788 3785
f 3826 3756 3765
f 3788 3787 3785
f 3771 3620 3713
f 3679 3687 3840
f 3720 3755 3865
f 3730 3685 3796
f 3793 3749 3750
f 3679 3840 3772
f 3777 3819 3687
f 3663 3809 3644
f 3812 3808 3739
f 3798 3782 3728
f 3808 3751 3739
f 3769 3672 3810
f 3815 3607 3723
f 3814 3677 3693
f 3816 3759 3811
f 3751 3799 3707
f 3774 3736 3771
f 3840 3687 3819
f 3814 3783 3763
f 3685 3702 3766
f 3807 3827 3776
f 3851 3825 3813
f 3803 3851 3813
f 3685 3766 3792
f 3824 3803 3797
f 3753 3745 3807
f 3793 3830 3749
f 3830 3828 3749
f 3778 3802 3792
f 3763 3677 3814
f 3831 3757 3673
f 3685 3792 3796
f 3826 3798 3728
f 3807 3786 3753
f 3644 3788 3535
f 3759 3816 3835
f 3755 3800 3865
f 3797 3749 3846
f 3797 3846 3824
f 3713 3852 3771
f 3841 3842 3713
f 3792 3766 3778
f 3199 3762 3834
f 3836 3764 3817
f 3732 3801 3848
f 3833 3751 3808
f 3804 3805 3823
f 3818 3788 3850
f 3826 3825 3851
f 3822 3660 3961
f 3792 3845 3796
f 3607 3815 3987
f 3703 3684 3694
f 3803 3824 3851
f 3802 3844 3792
f 3843 3758 3740
f 3771 3852 3855
f 3795 3732 3848
f 3764 3836 3961
f 3856 3838 3738
f 3851 3798 3826
f 3841 3713 3752
f 3438 3784 3714
f 3770 3866 3854
f 3807 3839 3786
f 3867 3800 3832
f 3749 3828 3846
f 3819 3859 3840
f 3865 3800 3867
f 3788 3644 3869
f 3752 3871 3841
f 3719 3725 3790
f 3806 3759 3835
f 3823 3805 3875
f 3790 3725 3837
f 3822 3961 3868
f 3703 3694 3829
f 3858 3836 3817
f 3887 3961 3836
f 3877 3727 3759
f 3873 3883 3795
f 3869 3884 3788
f 3907 3880 3885
f 3770 3720 3872
f 3872 3720 3865
f 3857 3829 3882
f 3792 3879 3845
f 3869 3644 3888
f 3693 3820 3860
f 3828 3886 3846
f 3876 3850 3788
f 3806 3894 3759
f 3881 3891 3915
f 3807 3896 3839
f 3776 3897 3898
f 3873 3900 3883
f 3770 3872 3866
f 3874 3821 3901
f 3902 3903 3877
f 3759 3894 3877
f 3911 3673 6750
f 3673 3864 3831
f 3821 3758 3906
f 3847 3859 3892
f 3788 3904 3876
f 3863 3862 3905
f 3847 3840 3859
f 3861 3917 3792
f 3776 4004 3807
f 4004 3914 3807
f 3861 3881 3915
f 3861 3792 3844
f 3863 3905 3918
f 3829 3694 3882
f 6769 3838 3912
f 3874 3853 3821
f 3930 3889 3890
f 3921 3879 3792
f 3788 3884 3908
f 3922 3872 3865
f 3910 3615 3789
f 3783 3814 3899
f 3924 3895 3925
f 3865 3928 3922
f 3909 3199 3929
f 3788 3908 3904
f 3821 3906 3901
f 3933 3934 3946
f 3911 3864 3673
f 3843 3615 3910
f 3902 3877 3894
f 3893 3863 3918
f 3905 3945 3918
f 3947 3943 3908
f 3884 3947 3908
f 3926 3880 3951
f 3896 3807 3914
f 3961 3887 3935
f 3795 3948 3873
f 3898 4004 3776
f 3834 3929 3199
f 3794 3199 3909
f 3870 3847 3892
f 3957 3846 4052
f 3776 3937 3958
f 3950 3868 3961
f 3957 3824 3846
f 3907 3951 3880
f 3948 3795 3848
f 3954 3823 3875
f 3823 3931 3849
f 3962 3938 3939
f 3940 3882 3974
f 3979 3694 3607
f 3607 3987 3979
f 3965 6769 3912
f 3884 3966 3947
f 3878 3447 3714
f 3860 3814 3693
f 3987 3815 3927
f 4004 3970 3914
f 3776 3919 3937
f 3953 3910 3789
f 3963 3974 3882
f 3955 3935 3887
f 3973 3967 3968
f 4052 3846 3975
f 3980 4015 3973
f 3873 3977 3900
f 3970 4004 3982
f 3860 3820 3983
f 3776 3958 3897
f 3907 3920 3951
f 3963 3882 3694
f 3792 3991 3949
f 3992 3714 3972
f 3969 3823 3954
f 3984 3994 3995
f 3964 3866 3872
f 3998 3694 3979
f 3946 3934 3978
f 3792 3949 3921
f 3961 3993 3950
f 3951 3920 4010
f 3848 4006 3948
f 3959 3929 3834
f 3942 3976 3890
f 4013 4012 4014
f 3893 3918 4000
f 3993 3961 3999
f 3958 3937 4018
f 4004 3898 4003
f 3954 4017 3969
f 3969 3931 3823
f 3951 4016 3926
f 3915 3916 3917
f 3917 3861 3915
f 4025 3950 3993
f 3994 3930 3890
f 4102 3895 3960
f 3936 4102 3956
f 3978 3985 3946
f 3917 3916 3938
f 4023 4024 4066
f 4023 4066 4015
f 4029 4030 4050
f 4070 4005 3911
f 4015 3967 3973
f 3859 3971 3944
f 3917 3962 4032
f 3860 4034 3814
f 4002 3989 3936
f 4004 4033 3982
f 3694 3981 3988
f 3944 3892 3859
f 6750 4070 3911
f 3985 3978 3996
f 3932 4102 3960
f 4010 3920 3952
f 3925 3895 4102
f 3971 4041 3944
f 3986 4129 3923
f 4036 4037 4045
f 4043 4047 4027
f 4024 4048 4066
f 4049 4029 4050
f 3917 3938 3962
f 4019 4014 4012
f 4054 4026 4040
f 3998 3981 3694
f 4062 4017 4020
f 3913 3906 3758
f 4046 4049 4057
f 4015 4066 3967
f 3843 3913 3758
f 3981 3998 4053
f 4030 4038 4050
f 3936 3989 4102
f 3714 4100 4059
f 4027 4012 4043
f 4026 4055 4061
f 3994 3984 3930
f 4028 4033 4004
f 3988 3963 3694
f 3941 3956 4102
f 3917 4032 4065
f 4000 3918 4064
f 4011 3814 4034
f 4069 4005 4070
f 4050 4057 4049
f 3957 4072 3824
f 4039 4041 3971
f 3951 4010 4071
f 4063 4036 4077
f 4078 4079 4080
f 3923 3989 4002
f 3714 3992 4100
f 4043 4012 4051
f 4080 3878 4059
f 4067 4058 4104
f 4048 4083 4066
f 3878 3714 4059
f 4031 3824 4072
f 3890 3976 4087
f 4027 4019 4012
f 4062 4115 4017
f 4080 4008 3878
f 4011 4088 3814
f 4054 4040 4090
f 4008 4080 4079
f 4092 4073 3977
f 4102 3932 3941
f 4094 4103 3978
f 3994 4096 4068
f 4058 4057 4104
f 4075 4063 4056
f 3917 4065 4240
f 4057 4050 4099
f 3996 3978 4103
f 4051 4012 4093
f 4106 4107 4139
f 4035 3991 3792
f 4115 4095 4017
f 4067 4104 4060
f 3989 3923 4129
f 4084 3991 4085
f 4037 4036 4063
f 3872 4114 3964
f 4208 4070 6750
f 3951 4120 4110
f 4091 4064 3918
f 4074 3814 4130
f 6769 4125 6839
f 4076 4112 3918
f 4109 4117 4081
f 4122 4089 4123
f 4075 4081 4117
f 4106 4139 4140
f 4085 3991 4035
f 3992 4111 4100
f 4082 4055 4101
f 3918 4112 4091
f 3994 3890 4096
f 4021 4121 3918
f 3873 4092 3977
f 4133 4093 4012
f 4083 4231 4066
f 4075 4131 4186
f 4124 4133 4012
f 4119 4118 4141
f 4121 4135 3918
f 3873 4143 4092
f 4095 4115 4137
f 4086 4035 3792
f 3814 4088 4130
f 4076 3918 4135
f 4057 4128 4104
f 4150 4151 4152
f 4136 4155 4164
f 6750 4162 4208
f 4159 3951 4160
f 4138 4088 4011
f 4240 4065 4149
f 4050 4147 4099
f 3872 4176 4114
f 4057 4099 4128
f 4113 4136 4164
f 4100 4182 4165
f 4039 4122 4041
f 4153 4076 4135
f 4122 4039 4089
f 4168 4011 4034
f 4160 3951 4071
f 4127 4066 4231
f 3951 4159 4173
f 4158 4092 4167
f 4154 4231 4083
f 4133 4124 4161
f 4148 4149 4065
f 4121 4175 4135
f 4026 4054 4055
f 4130 4177 4178
f 4181 4098 4117
f 4166 4183 4130
f 4117 4098 4075
f 4186 4037 4063
f 4099 4147 4185
f 4092 4143 4167
f 4169 4258 3872
f 4187 4172 4170
f 4059 4100 4188
f 4189 4208 4162
f 3792 3917 4086
f 4190 4157 4129
f 4141 4156 4119
f 4192 3925 4105
f 4090 4193 4142
f 4161 4171 4133
f 4179 4103 4094
f 4101 4055 4203
f 4114 4176 4196
f 3890 4239 4096
f 4231 4170 4127
f 4037 4186 4180
f 4258 4176 3872
f 4213 4194 4212
f 4101 4203 4163
f 4075 4186 4063
f 4151 4199 4152
f 4195 4163 4203
f 4099 4209 4128
f 4075 4098 4131
f 4088 4177 4130
f 4096 4239 4198
f 4171 4161 4205
f 4100 4165 4188
f 4198 4202 4096
f 3951 4173 4120
f 4223 4224 4225
f 4220 4212 4194
f 3890 4087 4239
f 4194 4213 4219
f 4191 4330 4164
f 4164 4174 4191
f 4245 4205 4161
f 4233 3989 4129
f 4212 4220 4232
f 4238 4153 4135
f 4094 4218 4179
f 4180 4186 4230
f 4242 4234 4217
f 4102 3989 4216
f 4211 4247 4240
f 4230 4186 4249
f 4090 4142 4054
f 4157 4190 4253
f 4199 4318 4152
f 4317 4141 4201
f 4236 4099 4185
f 4178 4257 4166
f 4259 4237 4260
f 4055 4054 4203
f 4130 4178 4166
f 4165 4254 4188
f 4129 4157 4233
f 4241 4286 4252
f 4209 4134 4128
f 4266 4267 4099
f 4268 4162 4248
f 4184 4105 4300
f 4269 4145 4139
f 6750 6727 4162
f 4251 4194 4219
f 4300 4246 4197
f 4152 4263 4273
f 4249 4186 4277
f 4139 4244 4307
f 4139 4243 4244
f 4240 4262 3917
f 4281 4272 4186
f 4218 4271 4179
f 4272 4277 4186
f 4291 4292 4293
f 4164 4330 4275
f 4290 4291 4293
f 4227 4410 4241
f 4285 4152 4318
f 4300 4105 3925
f 4224 4223 4261
f 4263 4298 4273
f 4209 4336 4274
f 4301 4255 4256
f 4290 4299 4291
f 4152 4285 4263
f 4272 4281 4305
f 4306 4162 4295
f 4304 4272 4305
f 4248 4162 4306
f 4200 4265 6839
f 4282 4204 4203
f 4301 4294 4255
f 4236 4349 4099
f 4287 4249 4311
f 4246 4300 4314
f 4312 4248 4303
f 4141 4317 4156
f 4242 4297 4234
f 4240 4149 4211
f 4201 4270 4317
f 4280 4261 4223
f 4345 4262 4240
f 4218 4284 4339
f 4300 4197 4184
f 4285 4318 4315
f 4227 4296 4410
f 4259 4314 4300
f 4295 4162 6727
f 4281 4313 4305
f 4231 4372 4170
f 4102 4300 3925
f 4087 4328 4239
f 4142 4320 4463
f 4280 4279 4261
f 4303 4331 4312
f 4299 4321 4332
f 4342 4315 4318
f 4361 4286 4241
f 4209 4099 4336
f 4270 4338 4440
f 4291 4299 4335
f 4301 4378 4294
f 4284 4337 4339
f 4309 4251 4276
f 4340 4334 4327
f 4266 4099 4349
f 4235 4165 4182
f 4361 4241 4410
f 4187 4170 4344
f 4341 4302 4346
f 4216 4226 4102
f 4302 4341 4322
f 4299 4332 4335
f 4296 4227 4278
f 4142 4463 4054
f 4358 4330 4191
f 4139 4359 4360
f 4363 4334 4340
f 4203 4054 4696
f 4270 4440 4317
f 4340 4327 4355
f 4347 4306 4295
f 4344 4170 4372
f 4289 4356 4354
f 4274 4357 4353
f 4327 4371 4355
f 4440 4338 4377
f 4336 4357 4274
f 4341 4511 4322
f 4231 4264 4372
f 4315 4342 4362
f 4099 4267 4336
f 4194 4316 4250
f 4191 4283 4358
f 4380 4258 4351
f 4289 4288 4356
f 4365 4406 4264
f 4194 4251 4309
f 4307 4359 4139
f 4369 4370 4399
f 4306 4382 4248
f 4382 4303 4248
f 4332 4334 4363
f 4339 4271 4218
f 4210 4385 6811
f 4242 4386 4297
f 4279 4289 4441
f 4319 4269 4515
f 4399 4370 4391
f 4259 4333 4314
f 4269 4319 4325
f 4261 4441 4393
f 4279 4441 4261
f 4390 4332 4363
f 4237 4259 4392
f 4372 4389 4344
f 4378 4415 4294
f 4399 4391 4394
f 4315 4401 4373
f 4315 4352 4285
f 4400 4424 4395
f 4385 4210 4329
f 4265 4413 6839
f 4176 4258 4414
f 4086 3917 4262
f 4416 4352 4315
f 4394 4417 4418
f 4381 4442 4403
f 4339 4343 4271
f 4139 4360 4269
f 4194 4405 4316
f 4369 4421 4408
f 4341 4411 4511
f 4398 4366 4423
f 4425 4336 4426
f 4394 4418 4399
f 4266 4349 4431
f 4369 4399 4421
f 4427 4326 4291
f 4433 4416 4315
f 4403 4442 4437
f 4315 4373 4432
f 4308 4448 4376
f 4390 4335 4332
f 4443 4433 4432
f 4433 4315 4432
f 4396 4419 4397
f 4368 4319 4445
f 4515 4445 4319
f 4354 4441 4289
f 4380 4414 4258
f 4382 4407 4303
f 4087 4388 4350
f 4350 4328 4087
f 4435 4474 4420
f 4511 4375 4322
f 4426 4336 4267
f 4378 4384 4348
f 4387 4348 4324
f 4457 4404 4458
f 4364 4326 4427
f 4436 4449 4456
f 4442 4381 4456
f 4459 4511 4411
f 4461 4432 4373
f 4462 4269 4360
f 4466 4404 4457
f 4456 4381 4436
f 4406 4372 4264
f 4434 4454 4468
f 4335 4455 4291
f 4282 4203 4696
f 4447 4316 4405
f 4367 4358 4283
f 4465 4102 4226
f 4473 4471 4398
f 4475 4452 4424
f 4422 4379 4330
f 4086 4657 4308
f 4432 4472 4480
f 4422 4330 4358
f 4259 4300 4481
f 4428 4282 4696
f 4430 4438 4429
f 4473 4398 4423
f 4484 4485 4417
f 4359 4409 4490
f 6811 4385 4513
f 4463 4696 4054
f 4440 4492 4317
f 4086 4262 4524
f 4462 4515 4269
f 4483 4467 4399
f 4475 4424 4498
f 4511 4459 4519
f 4443 4432 4480
f 4495 4503 4450
f 4415 4378 4499
f 4482 4508 4537
f 4487 4486 4453
f 4505 4501 4478
f 4418 4417 4485
f 4309 4460 4194
f 4424 4400 4494
f 4510 4443 4480
f 4474 4434 4420
f 4437 4442 4512
f 4502 4397 4419
f 4409 4359 4307
f 6811 4513 6786
f 4470 4463 4320
f 4450 4503 4469
f 4434 4542 4454
f 4378 4521 4499
f 4445 4522 4368
f 4389 4372 4479
f 4262 4523 4524
f 4437 4508 4482
f 4424 4494 4498
f 4526 4453 4491
f 4478 4501 4528
f 4530 4495 4520
f 4532 4533 4388
f 4525 4434 4500
f 4525 4542 4434
f 4529 4531 4534
f 4478 4528 4509
f 4455 4583 4291
f 4506 4444 4438
f 4378 4348 4387
f 4451 4507 4430
f 4531 4529 4540
f 4309 4518 4460
f 4378 4387 4497
f 4450 4520 4495
f 4529 4543 4540
f 4548 4481 4300
f 4536 4549 4547
f 4481 4392 4259
f 4435 4554 4474
f 4430 4507 4438
f 4350 4388 4539
f 4478 4509 4496
f 4457 4556 4466
f 4437 4512 4508
f 4512 4559 4508
f 4524 4657 4086
f 4488 4556 4457
f 4516 4447 4562
f 4504 4563 4494
f 4448 4308 4638
f 4565 6786 4513
f 4405 4194 4514
f 4487 4453 4526
f 4557 4705 4372
f 4557 4536 4705
f 4572 4510 4480
f 4562 4447 4405
f 4453 4464 4538
f 4556 4552 4545
f 4507 4576 4541
f 4553 4399 4418
f 4561 4483 4399
f 4525 4500 4581
f 4547 4564 4536
f 4291 4583 4582
f 4584 4577 4546
f 4564 4705 4536
f 4585 4392 4481
f 4586 4575 4492
f 4566 4540 4601
f 4521 4378 4599
f 4491 4453 4538
f 4479 4372 4705
f 4481 4573 4587
f 4568 4571 4504
f 4588 4562 4405
f 4481 4548 4573
f 4556 4545 4466
f 4601 4540 4569
f 4575 4317 4492
f 4567 4511 4519
f 4485 4600 4418
f 4556 4589 4604
f 4657 4638 4308
f 4550 4556 4488
f 4605 4547 4574
f 4388 4533 4539
f 4604 4591 4556
f 4553 4561 4399
f 4558 4600 4485
f 4541 4576 4615
f 4291 4582 4427
f 4450 4614 4520
f 4566 4601 4593
f 4610 4611 4556
f 4596 4552 4556
f 4413 4624 4620
f 4547 4619 4564
f 4556 4611 4602
f 4556 4602 4606
f 4628 4587 4603
f 4561 4553 4629
f 4630 4584 4618
f 4564 4654 4705
f 4614 4634 4520
f 4605 4625 4635
f 4422 4358 4632
f 4599 4378 4497
f 4567 4519 4640
f 4605 4635 4547
f 4556 4550 4589
f 4625 4643 4635
f 4465 4300 4102
f 4460 4631 4194
f 4592 4623 4594
f 4617 4496 4509
f 4666 4650 4418
f 4646 4465 4493
f 4573 4648 4603
f 4493 4465 4226
f 4598 4649 4497
f 4607 4651 4608
f 4601 4569 4626
f 4662 4637 4422
f 4657 4670 4638
f 4588 4405 4639
f 4803 6839 4620
f 4506 4438 4656
f 4547 4635 4619
f 4553 4418 4650
f 4548 4300 4465
f 4448 4638 4560
f 4633 4521 4599
f 4618 4584 4546
f 4705 4652 4479
f 4564 4658 4654
f 4609 4463 4470
f 4621 4665 4641
f 4548 4465 4661
f 4551 4496 4595
f 4544 4479 4652
f 4657 4660 4670
f 4675 4427 4582
f 4610 4556 4591
f 4573 4603 4587
f 4645 4682 4674
f 4609 4669 4463
f 4517 4632 4358
f 4674 4644 4645
f 4194 4631 4514
f 4573 4548 4642
f 4413 4620 6839
f 4548 4661 4680
f 4537 4508 4678
f 4685 4317 4575
f 4541 4615 4687
f 4619 4663 4564
f 4668 4667 4679
f 4665 4621 4677
f 4474 4797 4434
f 4714 4632 4517
f 4671 4692 4627
f 4644 4674 4659
f 4596 4556 4796
f 4672 4689 4618
f 4709 4647 4694
f 4659 4655 4644
f 4317 4730 4489
f 4673 4481 4701
f 4441 4664 4393
f 4587 4701 4481
f 4546 4704 4618
f 4706 4655 4659
f 4586 4683 4575
f 4502 4636 4570
f 4710 4682 4711
f 4703 4567 4640
f 4639 4405 4733
f 4708 4661 4465
f 4686 4594 4623
f 4418 4702 4666
f 4678 4597 4537
f 4723 4689 4672
f 4722 4679 4688
f 4649 4695 4719
f 4688 4665 4722
f 4627 4692 4606
f 4737 4721 4760
f 4668 4679 4722
f 4692 4909 4606
f 4685 4730 4317
f 4595 4718 4647
f 4680 4724 4548
f 4599 4690 4633
f 4698 4725 4651
f 4606 4909 4556
f 4720 4560 4638
f 4684 4489 4730
f 4731 4865 4732
f 4694 4647 4718
f 4807 4649 4719
f 4687 4736 4541
f 4418 4600 4622
f 4496 4617 4595
f 4580 4778 4693
f 4639 4712 4588
f 4738 4736 4687
f 4427 4739 4734
f 4677 4799 4665
f 4719 4695 4740
f 4739 4427 4675
f 4669 4829 4463
f 4699 4700 4715
f 4747 4608 4748
f 4700 4749 4715
f 4608 4752 4748
f 4753 4754 4686
f 4774 4474 4554
f 4651 4725 4608
f 4649 4807 4497
f 4722 4665 4746
f 4575 4683 4766
f 4770 4771 4772
f 4763 4761 4792
f 4778 4717 4735
f 4759 4638 4670
f 4774 4786 4474
f 4700 4717 4749
f 4759 4765 4638
f 4608 4725 4752
f 4756 4742 4779
f 4741 4685 4575
f 4716 4706 4659
f 4696 4463 4829
f 4767 4779 4760
f 4760 4742 4737
f 4767 4760 4776
f 4694 4775 4709
f 4773 4434 4797
f 4743 4716 4470
f 4745 4782 4677
f 4599 4497 4807
f 4744 4718 4595
f 4713 4808 4600
f 4617 4707 4595
f 4785 4749 4717
f 4728 4596 4796
f 4799 4746 4665
f 4470 4716 4659
f 4779 4742 4760
f 4609 4910 4781
f 4717 4778 4785
f 4685 4741 4789
f 4780 4684 4730
f 4422 4632 4662
f 4704 4546 4791
f 4726 4418 4622
f 4507 4541 4795
f 4580 4579 4520
f 4771 4662 4772
f 4609 4470 4659
f 4677 4837 4799
f 4779 4767 4819
f 4650 4666 4798
f 4729 4709 4775
f 4546 4653 4791
f 4778 4735 4693
f 4768 6752 4793
f 4794 4686 4754
f 4704 4672 4618
f 4733 4405 4514
f 4697 4594 4835
f 4782 4837 4677
f 4704 4791 4814
f 4729 4809 4790
f 4474 4786 4797
f 4782 4821 4837
f 4762 4807 4719
f 4674 4824 4659
f 4765 4805 4638
f 4761 4857 4792
f 4730 4812 4780
f 4707 4617 4783
f 4727 4500 4833
f 4810 4690 4599
f 4836 4806 4772
f 4867 4580 4520
f 4909 4796 4556
f 4713 4820 4808
f 4839 4769 4636
f 4835 4594 4686
f 4815 4841 4746
f 4520 4634 4867
f 4662 4845 4772
f 4636 4681 4801
f 4434 4773 4830
f 4903 4434 4830
f 4785 4778 4850
f 4826 4811 4853
f 4855 4784 4728
f 4808 4622 4600
f 4728 4847 4854
f 4609 4813 4860
f 4609 4787 4813
f 4869 4815 4746
f 4780 4812 4843
f 4855 4728 4854
f 4692 4862 4909
f 4800 4861 4692
f 4926 4846 4852
f 4858 4864 4831
f 4507 4915 4438
f 4807 4762 4825
f 4636 4801 4839
f 4775 4788 4729
f 4756 4779 4819
f 4793 6752 4840
f 4634 4811 4826
f 4831 4832 4858
f 4609 4781 4827
f 4746 4799 4869
f 4844 4702 4418
f 4812 4730 4877
f 4727 4833 4834
f 4862 4692 4861
f 4872 4634 4870
f 4796 4851 4728
f 4599 4807 4818
f 4933 4794 4848
f 4788 4828 4729
f 4728 4851 4847
f 4609 4860 4910
f 4878 4858 4832
f 4876 4622 4808
f 4775 4694 4879
f 4821 4882 4837
f 4885 4817 4886
f 4870 4634 4826
f 4825 4894 4807
f 4819 4767 4856
f 4933 4686 4794
f 4822 4823 4888
f 4804 4751 4672
f 4727 4873 4838
f 4599 4818 4810
f 4871 4897 4857
f 4822 4888 4863
f 4895 4792 4857
f 4672 4751 4723
f 4846 4926 4938
f 4836 4772 4845
f 4792 4895 4889
f 4803 4902 4842
f 4795 4915 4507
f 4834 4972 4727
f 4903 4500 4434
f 4905 4898 4767
f 4869 4881 4815
f 4767 4892 4908
f 4656 4438 4915
f 4857 4897 4913
f 4913 4895 4857
f 4824 4918 4659
f 4901 4848 4887
f 4920 4903 4830
f 4874 4756 4896
f 4866 4836 4904
f 4900 4875 4923
f 4848 4901 4933
f 4912 4906 4863
f 4809 4729 4828
f 4924 4873 4727
f 4632 4845 4662
f 4833 4500 4903
f 4872 4929 4930
f 4924 4727 4972
f 4863 4888 4912
f 4923 4932 4900
f 4844 4418 4884
f 4934 4935 4926
f 4767 4898 4892
f 4943 4872 4870
f 4936 4937 4940
f 4945 5003 4927
f 4580 4867 4778
f 4935 4944 4926
f 4947 4748 4752
f 4944 4938 4926
f 4609 4827 4669
f 4897 4931 4913
f 4911 4950 4912
f 4851 4796 4958
f 4898 4990 4892
f 4937 4946 4940
f 4963 4932 4964
f 4965 4936 4940
f 4916 4856 4767
f 4967 4968 4942
f 4922 4796 4909
f 4930 4867 4634
f 4930 4634 4872
f 4965 4953 4936
f 4945 4927 4955
f 4954 4908 4892
f 4957 4966 4891
f 4917 4659 4918
f 4817 4816 4919
f 4777 4696 4868
f 4802 4656 4988
f 4781 4910 4983
f 4907 4893 4878
f 4925 4962 4976
f 4418 4726 4884
f 4923 4995 4932
f 4796 4922 4996
f 4836 4914 4904
f 4609 4949 4787
f 4686 4933 4835
f 4916 4767 4908
f 4932 4995 4964
f 4955 4999 4945
f 4944 4971 4938
f 4804 4672 4978
f 4807 4940 4946
f 4940 5040 5001
f 5002 4959 5005
f 4818 4807 4946
f 4995 4986 4964
f 5006 5003 4974
f 5100 4726 4622
f 4873 4899 4838
f 5009 5010 5011
f 4971 4944 4951
f 4894 4940 4807
f 4897 4977 4931
f 4940 5004 4965
f 5008 4987 5014
f 4991 4912 5016
f 4977 4897 5018
f 4991 4911 4912
f 5034 4994 4868
f 5034 4868 4696
f 4609 4659 4917
f 4975 5020 4921
f 5072 4998 4941
f 4940 5001 5004
f 4923 4875 4793
f 4976 4960 4925
f 4999 5023 4945
f 5019 5075 4989
f 5075 5022 4989
f 4796 4996 5025
f 4987 4956 5054
f 4891 5021 4890
f 4829 4669 5046
f 5032 5035 5033
f 5072 4941 4942
f 4966 5021 4891
f 4984 5378 4959
f 5003 5006 5007
f 5007 4927 5003
f 4982 4656 4915
f 4956 4961 5041
f 5035 5032 5036
f 4960 4976 5048
f 5039 5048 4976
f 4940 4894 5042
f 4914 4836 4845
f 4756 4819 5017
f 4883 4886 5027
f 4632 4997 4845
f 5037 4987 5054
f 4609 4917 4949
f 5378 5005 4959
f 4867 4930 5012
f 4829 5046 4696
f 4884 5062 5063
f 4991 5016 5103
f 4905 4767 4776
f 4884 4726 5062
f 4985 5066 4896
f 5067 5003 4945
f 5069 5021 4966
f 4966 5055 5069
f 5037 5014 4987
f 4995 5076 4986
f 5080 4992 5065
f 5079 4873 4924
f 4956 5041 5054
f 5091 5092 5093
f 5094 4997 5047
f 4873 5087 5095
f 4994 5034 5084
f 4778 5089 4850
f 5082 5003 5067
f 5050 4817 4919
f 5068 5047 4632
f 4973 5097 4795
f 5017 5107 4756
f 4778 4867 5089
f 4796 5074 5070
f 5075 5069 5022
f 5055 5022 5069
f 5090 5069 5075
f 4984 5239 5378
f 5074 4796 5025
f 5098 5081 5138
f 5090 5075 5108
f 5081 5098 5099
f 4981 4928 4939
f 5113 5062 4726
f 4982 4988 4656
f 5117 5118 4984
f 5116 5115 5119
f 5120 5140 5121
f 5018 4897 5080
f 4898 4905 5109
f 4984 5118 5239
f 5070 4958 4796
f 5073 5238 4880
f 4880 5238 4731
f 4951 5131 4971
f 5009 5132 5439
f 5130 4912 4888
f 5185 4981 4939
f 5134 5121 5135
f 4997 4632 5047
f 5038 5131 4951
f 5108 5075 5133
f 5101 5059 5136
f 5084 5034 5144
f 5121 5140 5135
f 5150 5140 5124
f 5116 5151 5115
f 4632 4970 5068
f 5009 5011 5132
f 5124 5115 5150
f 5130 5016 4912
f 5148 5138 5146
f 5161 5093 5092
f 5128 4898 5109
f 4915 4795 5159
f 5128 5109 5129
f 5016 5160 5103
f 5103 5160 5152
f 5209 5543 4896
f 5439 5168 5143
f 4968 5026 4942
f 5170 5147 5156
f 5169 5138 5081
f 5163 5076 4995
f 5080 4897 4992
f 5097 5176 4795
f 5087 5179 5095
f 5169 5180 5138
f 5086 5165 5064
f 5005 5378 4980
f 4756 5107 5209
f 5197 5036 5032
f 5172 4949 5188
f 5093 5161 5153
f 4835 4933 5088
f 5041 5156 5054
f 5226 5145 5162
f 5170 5156 5041
f 5009 5439 5110
f 5093 5153 5154
f 5138 5180 5155
f 5135 5140 5101
f 4985 4896 5543
f 4979 4980 5051
f 5104 5196 5114
f 5162 5098 5138
f 5238 4865 4731
f 5104 5077 5105
f 5122 4894 4948
f 5138 5148 5277
f 5046 4669 5206
f 5132 5011 5207
f 5177 5208 5178
f 5112 5204 5142
f 5194 5135 5101
f 5190 5154 5166
f 5190 5166 5189
f 4896 4756 5209
f 5173 5216 5106
f 5154 5214 5093
f 5085 5125 5158
f 4974 5250 5006
f 5038 5106 5200
f 5154 5190 5192
f 5061 5218 5060
f 5175 5219 5162
f 5042 4894 5202
f 5177 5199 5208
f 5151 5150 5115
f 5221 5195 5178
f 5154 5192 5214
f 5111 4881 4869
f 5182 5181 5215
f 5216 5200 5106
f 5234 5061 5201
f 5236 4981 5287
f 4969 5058 5185
f 5250 4974 5228
f 5087 4873 5079
f 5240 5024 5028
f 5219 5098 5162
f 5234 5218 5061
f 5178 5208 5221
f 4980 5378 5051
f 5104 5078 5077
f 4795 5176 5159
f 5231 4949 4917
f 5210 5248 5211
f 5040 5273 5001
f 5205 5131 5193
f 5016 5213 5160
f 5162 5277 5226
f 5396 4971 5131
f 5162 5138 5277
f 5224 5013 4921
f 5073 5256 5238
f 5225 5054 5156
f 4878 5258 4858
f 4949 5278 5188
f 5145 5262 5162
f 5179 5087 5257
f 5253 5108 5133
f 5235 5218 5234
f 5217 5267 5296
f 5197 5032 5263
f 5027 5268 5229
f 5237 5233 5251
f 5210 5270 5248
f 5072 5222 4998
f 5254 4921 5020
f 5149 4923 4793
f 5274 5131 5205
f 5212 4981 5236
f 5260 5279 5259
f 5174 5223 5187
f 5212 5191 5123
f 5046 5034 4696
f 6772 5171 4840
f 5163 4995 5265
f 4939 4969 5185
f 5167 5286 5077
f 5287 4981 5185
f 5145 5232 5262
f 5275 5190 5189
f 6709 5220 6728
f 5254 5020 5184
f 5200 5131 5038
f 5297 5034 5271
f 5130 5292 5016
f 5183 4971 5396
f 5253 5264 5108
f 4817 5050 5230
f 5290 5281 5293
f 5294 5193 5131
f 5159 5276 5300
f 5096 5059 5288
f 5281 5302 5293
f 5040 5269 5304
f 5060 5218 5377
f 5314 5034 5046
f 5245 5269 5040
f 4886 4817 5306
f 5306 4817 5230
f 5159 5176 5276
f 5282 5082 5067
f 5104 5105 5196
f 5311 4988 4982
f 5265 4995 5312
f 5281 5310 5302
f 5263 5284 5197
f 5309 5299 5229
f 5288 5059 5101
f 5013 5224 5316
f 5281 5290 5317
f 5218 5235 5291
f 5183 5137 4971
f 5320 5221 5208
f 5122 5202 4894
f 5291 5326 5218
f 5272 5227 5082
f 5082 5303 5272
f 5340 5246 5096
f 5348 5208 5199
f 5330 5101 5140
f 5171 5149 4793
f 5288 5392 5096
f 5191 5212 5289
f 5333 5370 5334
f 5200 5216 5335
f 5250 5228 5280
f 5040 5298 5245
f 5315 5140 5150
f 5370 5341 5334
f 5439 5143 5110
f 5131 5274 5319
f 5319 5342 5131
f 5247 5165 5086
f 5081 5099 5324
f 5343 5349 5350
f 5353 5098 5219
f 5098 5356 5099
f 5378 5242 5051
f 5392 5340 5096
f 5355 5328 5361
f 5179 5257 5332
f 4942 5026 5072
f 5313 5331 5360
f 5281 5369 5310
f 5142 5204 5244
f 5220 6709 5372
f 5263 5329 5284
f 5321 5374 5286
f 5305 5367 5185
f 6729 5024 5307
f 5338 5203 5013
f 4886 5358 5027
f 5266 5203 5338
f 5287 5313 5236
f 4995 4923 5454
f 5239 5337 5378
f 5077 5364 5105
f 5382 5366 5378
f 5282 5303 5082
f 5317 5362 5281
f 5244 5560 5142
f 5359 5131 5342
f 5289 5212 5236
f 5151 5283 5150
f 5350 5329 5263
f 5200 5294 5131
f 5383 5237 5251
f 5321 5385 5374
f 5229 5268 5386
f 5016 5292 5406
f 5322 5190 5275
f 5377 5218 5370
f 4865 5238 4893
f 5376 5374 5375
f 5247 5142 5165
f 5374 5392 5286
f 5378 5366 5242
f 5131 5363 5396
f 5447 5132 5357
f 5034 5314 5271
f 5324 5099 5318
f 5306 5404 4886
f 4915 5159 4982
f 5301 5325 5582
f 5350 5263 5343
f 5340 5392 5376
f 5231 5278 4949
f 5390 5131 5359
f 5338 5013 5316
f 5244 5414 5394
f 5345 5362 5317
f 5453 5165 5223
f 5200 5413 5294
f 5392 5374 5376
f 5273 5040 5415
f 5427 5318 5099
f 5081 5395 5261
f 5165 5546 5223
f 5098 5353 5521
f 5260 5423 5279
f 5368 5190 5322
f 5304 5415 5040
f 5268 5027 5358
f 5149 5570 4923
f 5356 5427 5099
f 5364 5077 5392
f 5361 5429 5412
f 5430 5431 5432
f 5582 5405 5301
f 5262 5434 5162
f 5239 5418 5337
f 5386 5437 5229
f 5328 5400 5438
f 5298 5040 5402
f 5403 5439 5440
f 5384 5313 5360
f 5436 5352 5433
f 5081 5324 5395
f 5328 5438 5361
f 5358 4886 5404
f 5280 5410 5443
f 5328 5373 5400
f 5384 5236 5313
f 5427 5356 5449
f 5262 5419 5450
f 5223 5546 5401
f 5165 5142 5544
f 5271 5314 5393
f 5262 5450 5434
f 5428 5072 5026
f 5458 5266 5459
f 5452 5348 5435
f 5382 5378 5464
f 5286 5392 5077
f 5465 5470 5466
f 5390 5456 5131
f 5223 5174 5445
f 5543 5209 5381
f 5425 5332 5257
f 4921 5472 5224
f 5341 5446 5334
f 5250 5280 5500
f 5521 5356 5098
f 5407 5626 5185
f 6771 5379 6710
f 5444 5512 5455
f 5287 5185 5559
f 5382 5464 5482
f 5560 5244 5394
f 5456 5488 5131
f 5409 5388 5400
f 5407 5491 5463
f 5559 5417 5287
f 5223 5445 5453
f 5338 5459 5266
f 5337 5481 5378
f 5585 5461 5489
f 5471 5507 5494
f 5486 5497 5565
f 5462 4878 4893
f 5308 5499 5516
f 5218 5341 5370
f 5397 5501 5423
f 5131 5488 5363
f 5503 5493 5504
f 5447 5357 5339
f 5512 5505 5506
f 5496 5460 5457
f 5470 5465 5487
f 5477 5140 5315
f 5474 5436 5433
f 5367 5407 5185
f 5483 5279 5423
f 5416 5213 5426
f 4878 5511 5258
f 5280 5443 5500
f 5398 4858 5422
f 5498 5460 5496
f 5494 5507 5508
f 5198 5534 5351
f 5453 5424 5165
f 5378 5470 5596
f 5462 4893 5238
f 5402 5040 5467
f 5514 5218 5326
f 5480 5470 5378
f 5478 5461 5441
f 5582 5398 5422
f 5585 5441 5461
f 5523 5500 5443
f 5485 5351 5534
f 5486 5527 5497
f 5446 5341 5484
f 5448 5532 5406
f 5406 5532 5016
f 5507 5471 5479
f 5407 5463 5626
f 5506 5455 5512
f 5533 5416 5426
f 5534 5198 5102
f 5531 5487 5522
f 5528 5508 5507
f 5536 5464 5378
f 5378 5538 5536
f 5521 5353 5555
f 5224 5542 5316
f 5441 5539 5478
f 5421 5208 5348
f 5213 5016 5426
f 5325 5398 5582
f 5348 5452 5469
f 5378 5596 5538
f 4921 5254 5472
f 5423 5501 5483
f 5493 5432 5431
f 5330 5140 5477
f 5470 5487 5531
f 6840 5380 5158
f 5552 5495 5485
f 5537 5554 5448
f 5307 5558 5548
f 5505 5512 5545
f 5531 5566 5567
f 5408 5605 5275
f 5490 5511 4878
f 5530 5529 5564
f 5531 5567 5470
f 5518 5525 5564
f 5529 5518 5564
f 5268 5358 5572
f 5578 5208 5421
f 5258 5422 4858
f 5579 5568 5580
f 5185 5626 5559
f 5493 5431 5504
f 5457 5519 5627
f 5534 5102 5492
f 5520 5535 5509
f 5323 4985 5597
f 5569 5101 5330
f 5546 5165 5544
f 5462 5490 4878
f 5532 5426 5016
f 5440 5439 5625
f 5512 5444 5389
f 5587 5495 5552
f 5427 5449 5584
f 5392 5577 5364
f 5149 5502 5570
f 5447 5439 5132
f 5526 5484 5516
f 5324 5318 5547
f 5481 5480 5378
f 5593 5540 5453
f 5439 5447 5591
f 5585 5442 5441
f 5540 5590 5453
f 5453 5590 5424
f 5530 5564 5595
f 5565 5497 5563
f 5473 5605 5408
f 5149 5475 5502
f 5554 5604 5448
f 5504 5568 5603
f 5521 5555 5599
f 5275 5602 5322
f 5429 5361 5581
f 5520 5541 5535
f 5607 5344 5308
f 5326 5549 5598
f 5597 5399 5323
f 5569 5614 5101
f 6813 5158 5125
f 5597 5543 5617
f 5543 5597 4985
f 5620 5587 5621
f 5557 5612 5594
f 5576 5561 5624
f 5582 5613 5405
f 5604 5532 5448
f 5583 5640 5551
f 5581 5361 5438
f 5627 5496 5457
f 5571 5551 5640
f 5565 5563 5608
f 5399 5597 5630
f 5533 5426 5631
f 5516 5607 5308
f 5623 5142 5560
f 5591 5619 5451
f 5348 5469 5633
f 5439 5591 5625
f 5530 5595 5592
f 5555 5732 5599
f 5569 5330 5618
f 5442 5743 5622
f 5635 5610 5634
f 5442 5622 5468
f 5553 5639 5451
f 5484 5341 5607
f 5484 5607 5516
f 5469 5524 5633
f 5640 5583 5644
f 5508 5643 5646
f 5339 5619 5447
f 5640 5647 5571
f 5602 5275 5605
f 5541 5520 5849
f 5609 5386 5268
f 5561 5586 5624
f 5392 5683 5601
f 5745 5743 5442
f 5636 5618 5330
f 5600 5472 5254
f 5745 5442 5585
f 5820 5421 5348
f 5534 5664 5485
f 5626 5694 5559
f 5648 5541 5849
f 5658 5633 5524
f 5430 5476 5510
f 5580 5656 5611
f 5608 5563 5679
f 5684 5676 5671
f 5576 5624 5655
f 5671 5676 5673
f 5674 5672 5438
f 5667 5682 5668
f 5675 5686 5677
f 5688 5687 5690
f 5688 5691 5687
f 5649 5642 5669
f 5615 6729 5548
f 5392 5601 5577
f 5388 5629 5400
f 5427 5584 5700
f 5502 5722 5570
f 5634 5610 5678
f 5699 5438 5672
f 5649 5669 5703
f 5581 5438 5653
f 5698 5546 5544
f 5628 5496 5627
f 5633 5820 5348
f 5470 5480 5662
f 5691 5688 5709
f 5683 5392 5783
f 5900 5380 6840
f 5563 5592 5595
f 5656 5580 5568
f 5643 5508 5528
f 5657 5532 5604
f 5229 5735 5309
f 5571 5647 5659
f 5714 5718 5713
f 5671 5702 5685
f 5689 5709 5733
f 5721 5544 5142
f 5711 5451 5639
f 5643 5528 5704
f 5601 5683 5708
f 5653 5438 5724
f 5688 5733 5709
f 5716 5730 5142
f 5682 5667 5731
f 5690 5723 5688
f 5559 5694 6142
f 5326 5598 5738
f 5699 5724 5438
f 5632 5726 5624
f 5341 5218 5725
f 5563 5803 5679
f 5570 5722 5680
f 5717 5684 5671
f 5632 5624 5612
f 5783 5392 5575
f 5732 5555 5695
f 5750 5666 5665
f 5721 5142 5730
f 5101 5614 5288
f 5705 5689 5748
f 5749 5733 5688
f 5752 5746 5678
f 5672 5674 5744
f 5735 6195 5389
f 5727 5616 5559
f 5748 5689 5733
f 5656 5681 5660
f 5759 5585 5661
f 5617 5543 5645
f 5695 5767 5732
f 5813 5648 5849
f 5612 5624 5594
f 5564 5712 5595
f 5640 5644 6127
f 5700 5318 5427
f 5713 5761 5714
f 5675 5734 5686
f 5288 5701 5392
f 5716 5142 5623
f 5720 5764 5675
f 5656 5660 5611
f 5624 5586 5594
f 5735 5389 5309
f 5804 5607 5341
f 5777 5778 5844
f 5685 5781 5774
f 6840 5158 6813
f 5552 5485 5664
f 5752 5739 5751
f 5354 5344 5779
f 5757 5756 5785
f 5786 5787 5748
f 5641 5663 5808
f 5788 5744 5674
f 5657 5789 5532
f 5705 5748 5787
f 5719 5742 5791
f 5792 5659 5647
f 5781 5685 5795
f 5392 5796 5575
f 5591 5447 5619
f 5715 5798 5772
f 5764 5734 5675
f 5717 5671 5799
f 5706 5800 5707
f 5721 5698 5544
f 5725 5770 5341
f 5595 5803 5563
f 5750 5665 5625
f 5552 5769 5587
f 5380 5900 5638
f 5591 5451 5711
f 5822 5714 5761
f 5805 6730 5811
f 5753 5741 5740
f 5760 5782 5834
f 5688 5723 5837
f 5799 5671 5685
f 5437 5735 5229
f 5755 5648 5813
f 5654 5696 5510
f 5762 5755 5852
f 5746 5752 5751
f 5326 5738 5514
f 5774 5817 5685
f 5651 5421 5771
f 5756 5780 5829
f 5695 5815 5767
f 5431 5568 5504
f 5670 5808 5663
f 6754 6789 5606
f 5625 5591 6381
f 5681 5656 5650
f 5746 5634 5678
f 5756 5829 5785
f 5759 5842 5585
f 5736 5830 5737
f 5624 5726 5791
f 5758 5856 5831
f 5341 5770 5804
f 5836 5835 5762
f 5810 5607 5847
f 5793 5807 6773
f 5808 5747 5641
f 5840 5841 5838
f 5621 5587 5809
f 5809 5587 5769
f 5344 5773 5779
f 5438 6023 5674
f 5666 5750 5768
f 5847 5607 5804
f 5510 5873 5430
f 5783 5575 5848
f 5766 5686 5734
f 5840 5855 5841
f 5823 5778 5775
f 5798 5816 5845
f 5431 5656 5568
f 5825 5782 5859
f 5670 5818 5808
f 5753 5740 5845
f 5864 5846 5674
f 5823 5775 5828
f 5820 5771 5421
f 5812 5628 5627
f 5814 5824 5790
f 5606 5865 6754
f 5762 5852 5836
f 5871 5872 5858
f 5400 6023 5438
f 5740 5806 5911
f 5746 5751 5867
f 5804 5770 5874
f 5839 5870 5696
f 5778 5823 5844
f 5921 6142 5694
f 5878 5762 5835
f 5696 5870 5869
f 5866 5714 5822
f 5344 5607 5773
f 5796 5392 5701
f 6044 5808 5818
f 5842 5745 5585
f 5799 5819 5717
f 5734 5764 5868
f 5723 5889 5837
f 5878 5835 5893
f 5758 5886 5856
f 5861 5911 5806
f 6023 5400 5629
f 5801 5858 5872
f 5638 5900 5879
f 5559 6142 5727
f 5832 5882 5288
f 5863 5834 5782
f 5725 5218 5860
f 5773 5607 5936
f 5703 5669 5853
f 5925 5844 5823
f 5901 5895 5892
f 5904 5880 5881
f 5746 5867 5894
f 5821 5921 5694
f 5820 5905 5771
f 5791 5726 5719
f 6381 5750 5625
f 5798 5845 5856
f 5896 5766 5734
f 5910 5685 5817
f 5910 5799 5685
f 5886 5897 5856
f 5855 5840 5890
f 6023 5924 5674
f 5740 5911 5924
f 5912 5288 5882
f 6815 6691 5765
f 5838 5913 5840
f 5915 5916 5736
f 5798 5856 5772
f 6014 5802 5650
f 5624 5791 6167
f 5825 5863 5782
f 5799 5954 5819
f 5833 5962 5820
f 5510 5696 5873
f 5850 5923 5851
f 5860 5218 5514
f 5845 5740 6023
f 5833 5820 5633
f 5927 5837 5889
f 5512 6063 5797
f 5682 5930 5754
f 5824 5814 5926
f 5888 5844 5902
f 5901 5892 5932
f 5860 5514 5935
f 5903 5914 5941
f 5930 5883 5754
f 5912 5701 5288
f 6023 5740 5924
f 5875 5919 5898
f 6127 5884 5640
f 5797 6063 5946
f 5934 5949 6775
f 5937 5908 5766
f 5759 5862 5920
f 5812 5939 5628
f 5918 5772 5856
f 5727 6142 5963
f 5929 5930 5682
f 5674 5924 5864
f 5759 5970 5842
f 5771 5905 5953
f 5909 5907 5968
f 5853 5961 5703
f 5948 5998 5952
f 6006 5924 5911
f 5878 5826 5762
f 5431 5430 5873
f 5899 5941 5967
f 5980 5981 5982
f 5867 5983 5894
f 5998 5948 6089
f 5985 5983 5867
f 5826 5878 5940
f 5864 5924 5978
f 5656 6122 5650
f 5958 5938 6002
f 5986 5968 5977
f 5897 5918 5856
f 5852 6008 5836
f 5801 5872 5885
f 5922 5851 5923
f 5731 5877 5682
f 5965 5840 6016
f 6004 5644 5979
f 5969 6067 5976
f 5921 5944 6007
f 5768 6020 5988
f 5925 5902 5844
f 5829 6026 5943
f 6018 5924 6006
f 5977 5994 6027
f 5941 5974 5967
f 5989 6013 5971
f 5951 5890 5995
f 5905 5820 5962
f 5389 6195 5512
f 5926 5814 6278
f 5901 5903 5941
f 5987 6009 6040
f 5878 5980 5982
f 5933 5906 6043
f 6003 5904 5881
f 5791 6042 6167
f 5768 5750 6020
f 5825 5993 5863
f 6010 6818 6071
f 5977 6027 5986
f 5714 5866 6242
f 5755 5813 5852
f 5961 5853 6054
f 5825 5917 5993
f 5920 5970 5759
f 5964 5958 6002
f 5970 5984 5842
f 5980 5956 5981
f 5991 6055 5990
f 6040 6821 5987
f 6058 6009 5987
f 6059 5931 5900
f 6021 6022 6036
f 6005 5902 5925
f 5876 5922 5923
f 5909 5968 6015
f 6057 5976 6067
f 5926 6278 6064
f 5896 5945 5766
f 5852 6030 6008
f 6004 6127 5644
f 5969 6029 6067
f 6067 6024 6057
f 6072 6073 6074
f 6025 6149 6039
f 5961 6041 5703
f 5914 6052 5941
f 6076 5799 5910
f 5921 6007 6079
f 5921 6079 6142
f 6080 5854 5714
f 5872 6085 5885
f 6011 6012 6274
f 5999 6000 6098
f 6062 6050 6038
f 6061 5963 6142
f 5923 6112 5876
f 6032 5884 6127
f 6031 6093 5958
f 5994 5973 5840
f 5975 5992 5948
f 5973 5890 5840
f 6076 5991 6056
f 5954 5799 6077
f 6140 6082 6095
f 6076 6055 5991
f 6165 6001 5863
f 5949 5934 6100
f 6016 5840 5913
f 6100 5934 6053
f 5826 5940 6066
f 5968 5986 6015
f 6105 6036 6086
f 6106 5630 5597
f 6140 6083 6082
f 5682 6131 6270
f 6108 6076 6109
f 5950 5951 5995
f 5973 5995 5890
f 6044 6104 5808
f 5973 5994 5977
f 6056 6109 6076
f 5766 5945 5937
f 6033 6113 6049
f 6114 6818 6010
f 5650 6122 6014
f 5919 5974 5941
f 5970 5920 6117
f 5945 6075 5937
f 6060 6061 6142
f 6113 6033 6102
f 5938 6124 6092
f 5996 5796 5701
f 6112 6098 5876
f 5925 6188 6005
f 6023 5629 6130
f 6131 5682 5877
f 5878 6132 5940
f 6133 6160 6206
f 6792 6134 6733
f 5876 6098 6135
f 6024 6067 6121
f 5747 5808 6046
f 5898 5919 5941
f 6128 5876 6141
f 6143 5928 5876
f 6145 5992 5975
f 5972 6006 5911
f 6274 6084 6011
f 5813 6266 5852
f 6036 6105 6101
f 5898 5941 6065
f 5863 5993 6138
f 5998 6089 6097
f 5982 6132 5878
f 6025 6069 6149
f 6051 5931 6059
f 6076 6088 6055
f 6085 6068 5885
f 6086 6036 6022
f 6098 6112 5999
f 5714 6242 6080
f 6107 6042 5791
f 6115 6043 5906
f 5938 5958 6124
f 6126 6032 6127
f 6049 6113 6120
f 6073 6087 6155
f 6138 6148 6036
f 6135 6141 5876
f 6133 6206 6156
f 6112 5923 6118
f 6108 5799 6076
f 6099 6161 6162
f 5696 5869 6047
f 6138 6036 6101
f 6171 6127 6004
f 5904 6003 6031
f 5911 5960 5972
f 6354 6100 6053
f 6173 6063 6174
f 6115 5906 6045
f 6024 6121 6186
f 5895 5901 5941
f 6151 6177 6172
f 6200 6139 6146
f 6182 6113 6154
f 5948 6185 6089
f 5831 5856 6130
f 5863 6138 6165
f 6152 6151 6172
f 6774 6178 5987
f 6172 6160 6157
f 6192 5950 5995
f 5989 6125 6013
f 6071 6818 6219
f 6196 6006 5972
f 6114 6010 6181
f 5986 6176 6015
f 6120 6113 6187
f 6138 5993 6148
f 6149 6171 6158
f 5876 6128 6211
f 5904 6031 5959
f 5945 6201 6075
f 6038 6129 6062
f 6189 6166 6184
f 6127 6171 6149
f 6202 6207 6095
f 6206 6160 6172
f 6012 6205 6274
f 6182 6187 6113
f 6081 6278 6471
f 6207 6140 6095
f 5895 5941 5899
f 6193 6147 6062
f 6179 6006 6196
f 6030 5852 6251
f 5750 6137 6020
f 6190 6209 6221
f 6177 6206 6172
f 6048 6117 5920
f 6375 6063 5512
f 5949 6100 6216
f 6130 5856 6023
f 6225 6190 6140
f 6190 6225 6209
f 6140 6207 6225
f 6221 6209 6230
f 6190 6232 6191
f 5962 5833 6116
f 6143 5876 6211
f 6215 5973 5977
f 5856 5845 6023
f 6227 6243 6226
f 6237 6238 6245
f 6203 5961 6054
f 6129 6193 6062
f 6241 6189 6198
f 6047 5873 5696
f 6228 6229 6243
f 6190 6221 6244
f 5852 6266 6251
f 6553 6105 6086
f 6189 6241 6166
f 6096 5929 6136
f 6139 6200 6246
f 6233 6226 6185
f 6247 6161 6099
f 5830 5736 5916
f 6081 6064 6278
f 5813 6250 6266
f 6078 6463 5997
f 6188 6166 6235
f 6254 6123 6249
f 6270 5929 5682
f 6233 6185 6258
f 6215 6214 6268
f 5872 6293 6085
f 6122 6271 6014
f 6265 6243 6229
f 6262 6216 6100
f 6258 6185 6273
f 6190 6244 6232
f 5958 6093 6124
f 6276 6194 6336
f 5959 6247 6099
f 6197 6231 6204
f 6166 6241 6235
f 6359 6315 6235
f 6193 6208 6147
f 6272 6278 5814
f 6218 5945 6290
f 6280 6200 6277
f 6253 6024 6186
f 6291 6149 6069
f 6300 6363 6236
f 6123 6254 6091
f 6052 6257 5941
f 6003 6093 6031
f 6220 5750 6381
f 6159 6094 6144
f 5992 6145 6260
f 6139 6421 6259
f 6017 5830 5916
f 6261 6306 6367
f 6307 6298 6196
f 6367 6255 6261
f 6363 6288 6234
f 6222 6284 6308
f 5972 6307 6196
f 6231 6197 6267
f 6291 6309 6149
f 6185 5948 5992
f 6110 6381 5591
f 5735 6285 6195
f 6314 6084 6274
f 6511 5872 5997
f 6797 6115 6045
f 6218 6316 5945
f 6311 6226 6172
f 6186 6121 6283
f 6125 6321 6013
f 6080 6242 6223
f 6139 6246 6421
f 6318 6270 6322
f 6226 6311 6320
f 6031 6247 5959
f 6324 6005 6188
f 6282 6126 6127
f 6325 6326 6282
f 6318 6312 6136
f 6275 6084 6314
f 6331 6389 6333
f 6094 6159 6334
f 6338 6195 6339
f 6539 5973 6215
f 6063 6310 6174
f 6340 6341 6296
f 5941 6302 6065
f 6284 6342 6308
f 6363 6234 6236
f 6321 6313 6013
f 6357 6188 6235
f 6344 6345 6246
f 6172 6157 6311
f 6172 6226 6243
f 6280 6319 6200
f 6295 6279 6328
f 6347 5997 6463
f 6354 6053 6349
f 6797 6332 6115
f 6175 6250 5813
f 6526 6305 6017
f 6219 6500 6252
f 6047 6297 5873
f 6328 6351 6295
f 6298 6289 6196
f 6128 6294 6211
f 6175 6335 6250
f 6223 6242 6329
f 6219 6252 6071
f 6241 6359 6235
f 6312 6269 6136
f 6319 6280 6353
f 6356 6093 6003
f 6364 6243 6265
f 6457 6366 6264
f 6226 6320 6185
f 6136 5929 6318
f 6087 6327 6348
f 6355 6100 6354
f 6318 5929 6270
f 6475 5808 6504
f 6475 6046 5808
f 6352 5905 5962
f 6337 6317 6276
f 6457 6264 6295
f 6376 6377 6378
f 6365 6342 6284
f 6357 6324 6188
f 6327 6087 6256
f 6224 6034 6035
f 6371 6384 6797
f 6319 6402 6200
f 6086 6263 6388
f 6385 6320 6311
f 6392 6273 6185
f 6323 6390 6297
f 6368 6303 6286
f 6365 6284 6331
f 6332 6797 6384
f 6297 6390 5873
f 6362 6243 6364
f 6337 6276 6336
f 6374 6369 6252
f 6240 6059 5900
f 6526 6395 6305
f 6504 5808 6104
f 6104 6373 6396
f 6399 6494 6388
f 6200 6400 6387
f 6200 6402 6403
f 6331 6405 6393
f 6127 6149 6309
f 6304 5905 6406
f 6358 6269 6404
f 6342 6365 6407
f 6394 6381 6110
f 6409 6298 6307
f 6243 6301 6172
f 6017 5916 6287
f 6078 6370 6463
f 6329 6330 6412
f 6368 6286 6424
f 6401 6369 6374
f 6397 6411 6376
f 6200 6403 6400
f 6222 6208 6193
f 6217 6224 6538
f 6278 6237 6245
f 6200 6344 6246
f 6376 6378 6397
f 6410 6219 6416
f 6348 6431 6087
f 6231 6267 6398
f 6231 6398 6417
f 6331 6284 6389
f 6419 6354 6349
f 6331 6393 6365
f 6457 6418 6366
f 6413 6391 5988
f 6434 6155 6087
f 6387 6344 6200
f 6268 6428 6215
f 6195 6375 5512
f 6312 6404 6269
f 6438 6074 6073
f 6416 6219 6820
f 6406 5905 6352
f 6374 6252 6544
f 6295 6466 6457
f 6340 6296 6445
f 6418 6776 6366
f 6504 6104 6396
f 6378 6428 6397
f 6424 6286 6436
f 6798 6201 5945
f 6256 6414 6327
f 6448 6255 6367
f 6432 5941 6257
f 6219 6410 6500
f 6399 6451 6494
f 6224 6453 6538
f 6268 6343 6428
f 6397 6428 6379
f 6388 6494 6086
f 6431 6348 6446
f 6139 6259 6437
f 6327 6414 6444
f 6363 6456 6288
f 6245 6482 6278
f 6530 6417 6825
f 6427 6243 6362
f 6438 6073 6464
f 6469 6155 6434
f 6224 6035 6467
f 6465 6424 6436
f 6413 5988 6020
f 6382 6223 6329
f 6017 6287 6526
f 6396 6443 6504
f 6363 6415 6456
f 6442 6401 6374
f 6562 6063 6375
f 6293 5872 6474
f 6327 6444 6450
f 6252 6500 6544
f 6379 6428 6343
f 6415 6477 6456
f 6419 6349 6429
f 6394 6499 6381
f 6224 6467 6453
f 6329 6412 6382
f 6301 6485 6449
f 6441 6440 6483
f 6471 6278 6482
f 6445 6296 6462
f 6538 6435 6217
f 6073 6155 6464
f 6444 6479 6450
f 6487 6488 6489
f 6419 6558 6354
f 6423 6492 6493
f 6380 6231 6478
f 6284 6222 6501
f 6505 6361 6432
f 6474 5872 6511
f 6448 6367 6473
f 6484 6537 6502
f 6159 6532 6334
f 6339 6195 6285
f 6431 6434 6087
f 6296 6798 6517
f 6389 6509 6510
f 6476 6507 6553
f 6442 6374 6486
f 6510 6333 6389
f 6495 6486 6480
f 6310 6063 6562
f 6516 6461 6514
f 6539 6215 6428
f 6496 6447 6518
f 6553 6461 6460
f 6251 6518 6360
f 6325 6519 6520
f 6360 6518 6447
f 6404 6312 6508
f 6335 6458 6250
f 6515 6553 6086
f 6210 6046 6475
f 6325 6282 6127
f 6531 6485 6243
f 6527 6210 6475
f 6423 6127 6309
f 6383 6452 6534
f 6531 6243 6427
f 6086 6494 6515
f 6514 6461 6553
f 6553 6460 6476
f 6193 6501 6222
f 6523 6432 6257
f 6392 6185 6459
f 6250 6518 6266
f 6325 6493 6519
f 6336 6383 6470
f 6455 6422 6498
f 6240 6491 6059
f 6486 6374 6480
f 6522 6524 6468
f 6512 6449 6485
f 6482 6503 6471
f 6558 6560 6354
f 6515 6514 6553
f 6336 6470 6337
f 6243 6485 6301
f 6423 6493 6325
f 6468 6480 6570
f 6521 6354 6560
f 6347 6463 6542
f 6518 6251 6266
f 6554 6496 6518
f 6127 6423 6325
f 6466 6295 6351
f 6428 6378 6497
f 6546 6532 6159
f 6523 6257 6386
f 6433 6435 6538
f 6570 6480 6374
f 6440 6554 6483
f 6554 6440 6496
f 6505 6432 6541
f 6245 6541 6432
f 6525 6524 6522
f 6522 6468 6556
f 6513 6462 6517
f 6552 6553 6507
f 6551 6549 6550
f 6436 6555 6465
f 6548 6561 6504
f 6603 6487 6489
f 6536 6284 6501
f 6504 6561 6475
f 6558 6551 6560
f 6528 6502 6537
f 6564 6560 6551
f 6551 6550 6564
f 6231 6545 6478
f 6517 5945 6316
f 6466 6351 6557
f 6540 5997 6347
f 6296 6517 6462
f 6526 6568 6395
f 6540 6511 5997
f 5945 6517 6798
f 6337 6575 6506
f 6503 6482 6576
f 6538 6472 6433
f 6553 6559 6105
f 6557 6351 6563
f 6570 6556 6468
f 6185 6533 6459
f 6337 6470 6575
f 5992 6533 6185
f 6231 6530 6545
f 6481 6275 6314
f 6544 6570 6374
f 6572 6571 6585
f 6259 6421 6588
f 6250 6584 6518
f 6543 6532 6566
f 6574 6584 6250
f 6578 6579 6591
f 6473 6367 6590
f 6572 6595 6571
f 6530 6565 6545
f 6582 6578 6534
f 6586 6615 6583
f 6584 6599 6596
f 6535 6487 6603
f 6240 6580 6491
f 6577 6570 6544
f 6259 6593 6437
f 6546 6589 6600
f 6590 6367 6529
f 6590 6529 6601
f 6601 6529 6594
f 6518 6584 6608
f 6432 6482 6245
f 6420 6535 6603
f 6527 6475 6592
f 6596 6608 6584
f 6611 6580 6240
f 6591 6579 6613
f 6586 6614 6615
f 6582 6534 6452
f 6528 6537 6695
f 6618 6585 6591
f 6193 6569 6501
f 6612 6518 6608
f 6420 6569 6193
f 6578 6591 6534
f 6489 6602 6603
f 6618 6617 6585
f 6585 6617 6610
f 6619 6609 6587
f 6604 6568 6526
f 6610 6572 6585
f 6532 6643 6566
f 6616 6620 6607
f 6605 6695 6537
f 6581 6566 6643
f 6575 6470 6623
f 6546 6600 6532
f 6482 6432 6644
f 6609 6619 6625
f 6597 6581 6598
f 6482 6644 6626
f 6534 6470 6383
f 6615 6628 6583
f 6585 6534 6591
f 6568 6621 6630
f 6631 6593 6259
f 6620 6616 6625
f 6622 6621 6604
f 6643 6598 6581
f 6240 6695 6611
f 6695 6605 6611
f 6532 6600 6640
f 6631 6624 6593
f 6604 6621 6568
f 6482 6629 6632
f 6615 6633 6628
f 6592 6635 6627
f 6637 6432 6523
f 6583 6628 6585
f 6569 6420 6603
f 6634 6636 6639
f 6482 6626 6629
f 6638 6634 6641
f 6644 6432 6637
f 6532 6640 6643
f 6628 6646 6585
f 6626 6647 6629
f 6585 6646 6650
f 6645 6639 6636
f 6634 6639 6641
f 6534 6664 6470
f 6650 6646 6653
f 6655 6656 6639
f 6623 6470 6664
f 6475 6666 6592
f 6654 6650 6658
f 6534 6585 6654
f 6666 6635 6592
f 6654 6585 6650
f 6655 6639 6659
f 6666 6639 6645
f 6660 6534 6654
f 6657 6626 6644
f 6666 6645 6649
f 6475 6665 6666
f 6534 6660 6664
f 6661 6635 6666
f 6666 6649 6661
f 6475 6652 6665
f 6639 6666 6659
f 6659 6666 6663
f 6669 6670 17
f 6672 33 42
f 6709 5217 5296
f 873 6828 869
f 6346 6822 6823
f 6239 6821 6153
f 5606 6789 5574
f 6769 4108 4125
f 3673 6690 6809
f 3673 6809 6810
f 2 6696 1
f 6773 5827 5728
f 5285 6771 6728
f 161 6800 195
f 5949 6735 6775
f 5811 6756 5887
f 5765 6691 5710
f 5285 6728 5295
f 200 6801 142
f 6675 115 121
f 5955 6844 6755
f 6773 5794 5793
f 4568 6751 4590
f 4504 4402 6751
f 6723 3041 6747
f 162 6800 161
f 114 6738 6698
f 6736 51 59
f 6736 15 51
f 6153 6821 6040
f 6732 6061 6060
f 5900 6840 6240
f 4200 6839 4125
f 2413 6834 2645
f 907 6767 936
f 6806 6767 907
f 296 306 299
f 206 251 6800
f 103 6674 106
f 6737 6758 64
f 5987 6169 6180
f 5249 6771 5285
f 3673 6810 6750
f 3738 6688 3700
f 391 6803 486
f 158 6826 278
f 11 6697 10
f 6697 4 10
f 6695 6490 6528
f 6530 6547 6565
f 6219 6818 6820
f 6201 6693 6075
f 5910 6714 6076
f 5947 6815 5765
f 6756 5811 6730
f 5692 6691 5728
f 5217 6709 6753
f 6753 5043 5217
f 4840 5171 4793
f 4419 6770 4502
f 4347 4295 4374
f 6769 4042 4108
f 3673 6785 6689
f 2796 6835 2934
f 6686 6722 2882
f 6703 489 590
f 142 6801 228
f 98 6674 103
f 52 6777 62
f 16 6 6777
f 6736 11 14
f 14 15 6736
f 52 16 6777
f 59 88 6736
f 80 81 6759
f 162 206 6800
f 6826 158 86
f 6801 200 192
f 263 278 6826
f 391 374 6803
f 1128 1131 6762
f 6782 1095 6829
f 758 1097 6720
f 1547 1505 689
f 6768 1097 1559
f 6833 6685 6784
f 6834 2413 2149
f 2948 3071 6749
f 3144 3169 6724
f 3248 3205 3295
f 3427 3345 6726
f 3457 3572 6688
f 3572 3633 6688
f 6688 3633 3700
f 3738 3838 6688
f 6769 3965 3997
f 6769 3997 4042
f 6708 4210 6811
f 4402 4494 4400
f 4402 4504 4494
f 4568 4504 6751
f 6751 4555 4590
f 6770 4681 4636
f 6770 6788 4681
f 4803 4842 6787
f 6728 5220 5295
f 5240 5307 5024
f 6729 5307 5548
f 6692 5906 5933
f 6180 6058 5987
f 6824 6199 6292
f 6350 6264 6366
f 6530 6231 6417
f 5728 6691 6773
f 5693 5710 6691
f 105 6717 79
f 5692 5693 6691
f 86 62 6777
f 4803 6787 6839
f 6769 6688 3838
f 2920 3021 6707
f 3021 3072 6707
f 6178 6169 5987
f 5955 6028 6844
f 3076 2948 6749
f 1831 1957 6746
f 73 83 6737
f 3072 3144 6724
f 68 6758 6717
f 5044 5043 6753
f 4419 4396 6812
f 3073 3047 6748
f 544 652 403
f 83 6698 6737
f 5249 5379 6771
f 5296 5346 6709
f 4636 4502 6770
f 3673 3477 6785
f 3233 3409 6837
