# kitsune Mask_Porcelain.obj: Roblox cue frame, recentred on its bounding box
v -0.06368 0.03777 0.30781
v -0.06430 0.04590 0.30055
v -0.05959 0.05738 0.29182
v -0.06865 0.05853 0.28137
v -0.05952 0.06568 0.28028
v -0.05998 0.07360 0.26510
v -0.05625 0.08200 0.25035
v -0.05596 0.08842 0.23230
v -0.06862 0.07749 0.24253
v -0.07596 0.07395 0.23703
v -0.07293 0.06610 0.26241
v -0.07588 0.05777 0.27309
v -0.07215 0.04979 0.28919
v -0.08370 0.03793 0.28876
v -0.07595 0.03859 0.29694
v -0.08459 0.02183 0.30087
v -0.07619 0.02217 0.30842
v -0.08471 0.00543 0.30893
v -0.07559 0.00628 0.31606
v -0.07967 -0.00584 0.31657
v -0.08357 -0.01812 0.31560
v -0.08813 -0.03294 0.31253
v -0.08091 -0.05081 0.31646
v -0.08473 -0.06561 0.30891
v -0.07573 -0.06657 0.31591
v -0.07633 -0.08220 0.30840
v -0.08464 -0.08188 0.30090
v -0.08031 -0.09395 0.29664
v -0.07319 -0.10623 0.29228
v -0.08046 -0.10568 0.28409
v -0.08377 -0.10953 0.27250
v -0.09160 -0.09546 0.27981
v -0.09206 -0.08224 0.29193
v -0.09270 -0.06597 0.30065
v -0.09182 -0.04628 0.30766
v -0.09977 -0.02602 0.30006
v -0.09166 -0.01390 0.30784
v -0.10032 -0.00927 0.29687
v -0.09267 0.00590 0.30063
v -0.10127 0.00656 0.28901
v -0.09203 0.02196 0.29202
v -0.09868 0.02017 0.28339
v -0.09232 0.03372 0.28074
v -0.09166 0.04103 0.27258
v -0.09325 0.04773 0.25833
v -0.09130 0.06090 0.23330
v -0.09850 0.05848 0.21509
v -0.10072 0.04872 0.23407
v -0.09177 0.07426 0.19274
v -0.08335 0.06861 0.23424
v -0.08113 0.08396 0.19402
v -0.09184 0.08185 0.17504
v -0.09924 0.07369 0.17453
v -0.09359 0.08964 0.15839
v -0.10016 0.08145 0.15979
v -0.08533 0.09707 0.15879
v -0.10093 0.09898 0.13452
v -0.08967 0.10800 0.13676
v -0.10078 0.10682 0.11967
v -0.09191 0.11413 0.12039
v -0.08567 0.12156 0.11155
v -0.10300 0.10885 0.10765
v -0.09989 0.11370 0.09656
v -0.10790 0.10636 0.09600
v -0.10871 0.09861 0.12000
v -0.10974 0.08797 0.13580
v -0.10689 0.07302 0.15898
v -0.10743 0.06596 0.16805
v -0.09985 0.06627 0.18867
v -0.10774 0.05876 0.17975
v -0.10826 0.05120 0.19439
v -0.10700 0.04048 0.22928
v -0.10841 0.03012 0.24651
v -0.10077 0.04228 0.24837
v -0.10626 0.02843 0.25674
v -0.10002 0.03397 0.26505
v -0.10805 0.01766 0.26584
v -0.10209 0.02293 0.27441
v -0.10959 0.00541 0.27369
v -0.11009 -0.01023 0.28122
v -0.10711 -0.01884 0.28897
v -0.10838 -0.03334 0.28778
v -0.10230 -0.04136 0.29626
v -0.10837 -0.04996 0.28441
v -0.10040 -0.05091 0.29678
v -0.10133 -0.06648 0.28907
v -0.10021 -0.08148 0.27966
v -0.10057 -0.09139 0.26485
v -0.10671 -0.08031 0.26419
v -0.09948 -0.09755 0.24919
v -0.10763 -0.08289 0.25265
v -0.10878 -0.08210 0.24114
v -0.09322 -0.10622 0.24219
v -0.09274 -0.10297 0.26399
v -0.08159 -0.11650 0.26019
v -0.07521 -0.11754 0.27273
v -0.07185 -0.12603 0.25255
v -0.08685 -0.11292 0.25176
v -0.08274 -0.11731 0.24078
v -0.07254 -0.12535 0.23389
v -0.07605 -0.11882 0.21765
v -0.08455 -0.11306 0.22383
v -0.08452 -0.10471 0.19768
v -0.07576 -0.11026 0.19159
v -0.06427 -0.11740 0.18962
v -0.07183 -0.11102 0.18062
v -0.07184 -0.11047 0.17229
v -0.07076 -0.11133 0.16430
v -0.06606 -0.11385 0.15641
v -0.07998 -0.10846 0.15649
v -0.08374 -0.10949 0.14734
v -0.07472 -0.11377 0.14481
v -0.08597 -0.11486 0.13254
v -0.07522 -0.11935 0.12950
v -0.08909 -0.12613 0.10603
v -0.10118 -0.11974 0.10902
v -0.09519 -0.10894 0.13560
v -0.10003 -0.10038 0.14530
v -0.09227 -0.10207 0.15378
v -0.09998 -0.09306 0.16017
v -0.08855 -0.10139 0.16429
v -0.10090 -0.08664 0.17637
v -0.09336 -0.09477 0.17645
v -0.09661 -0.09098 0.18796
v -0.09272 -0.09641 0.19771
v -0.10106 -0.08605 0.19893
v -0.09940 -0.09419 0.21930
v -0.09236 -0.10303 0.21844
v -0.09242 -0.10630 0.23263
v -0.10082 -0.09508 0.23254
v -0.10760 -0.08258 0.22511
v -0.10890 -0.07342 0.19929
v -0.10842 -0.07424 0.18462
v -0.10993 -0.07519 0.17264
v -0.10857 -0.08142 0.16409
v -0.11106 -0.08589 0.15055
v -0.11611 -0.07021 0.16120
v -0.11551 -0.06200 0.17616
v -0.11563 -0.05837 0.18818
v -0.11581 -0.05777 0.19888
v -0.11686 -0.06051 0.22264
v -0.12195 -0.03923 0.21757
v -0.12314 -0.02741 0.22465
v -0.12235 -0.00721 0.23000
v -0.11659 0.01976 0.22763
v -0.12018 0.02957 0.18018
v -0.11419 0.04606 0.18078
v -0.11715 0.04665 0.16884
v -0.11557 0.05783 0.15926
v -0.11799 0.06133 0.15046
v -0.11755 0.07849 0.13349
v -0.12491 0.07006 0.12816
v -0.11684 0.08770 0.12182
v -0.12395 0.08176 0.11241
v -0.11664 0.09488 0.10502
v -0.12396 0.08588 0.10063
v -0.12487 0.08656 0.08829
v -0.11614 0.09806 0.08806
v -0.10823 0.10604 0.07256
v -0.10458 0.11042 0.08455
v -0.09979 0.11379 0.07186
v -0.08965 0.12241 0.08078
v -0.08844 0.12267 0.09626
v -0.07257 0.12918 0.11272
v -0.07636 0.12182 0.12806
v -0.08074 0.11491 0.13636
v -0.07562 0.10102 0.16474
v -0.06757 0.10465 0.16808
v -0.06372 0.11128 0.15995
v -0.05603 0.10602 0.17885
v -0.06822 0.09096 0.20126
v -0.07255 0.09434 0.18413
v -0.08366 0.08959 0.17504
v -0.04455 0.08915 0.24533
v -0.04795 0.08077 0.26320
v -0.04718 0.07292 0.27954
v -0.05201 0.06560 0.28710
v -0.04830 0.05755 0.29986
v -0.04935 0.04743 0.30898
v -0.04943 0.02308 0.32421
v -0.04449 0.00595 0.33237
v -0.04828 0.01412 0.32834
v -0.05669 -0.01013 0.33110
v -0.04050 -0.00981 0.33714
v -0.03995 -0.02452 0.33870
v -0.05521 -0.02517 0.33323
v -0.04626 -0.04554 0.33596
v -0.04752 -0.06610 0.33135
v -0.04942 -0.07865 0.32616
v -0.04640 -0.08902 0.32263
v -0.03974 -0.10233 0.31721
v -0.04945 -0.10767 0.30888
v -0.04849 -0.11762 0.29987
v -0.05680 -0.11904 0.29233
v -0.04314 -0.12836 0.28954
v -0.04783 -0.13354 0.27630
v -0.03891 -0.14042 0.26764
v -0.04047 -0.14173 0.26003
v -0.05667 -0.13438 0.26047
v -0.04856 -0.14002 0.24980
v -0.04826 -0.13966 0.23377
v -0.04885 -0.13558 0.21696
v -0.04772 -0.13169 0.20415
v -0.04852 -0.12197 0.18064
v -0.04664 -0.11878 0.16455
v -0.04736 -0.11806 0.15650
v -0.05022 -0.11801 0.14720
v -0.05274 -0.11998 0.13543
v -0.04377 -0.12262 0.12271
v -0.05473 -0.12437 0.12083
v -0.04965 -0.13271 0.09341
v -0.04071 -0.13258 0.08616
v -0.05499 -0.13771 0.07138
v -0.04819 -0.13785 0.05714
v -0.04904 -0.13795 0.03787
v -0.04157 -0.13457 0.02509
v -0.05003 -0.13478 0.01260
v -0.04456 -0.13004 0.00031
v -0.04792 -0.12591 -0.01466
v -0.04432 -0.12012 -0.02423
v -0.05535 -0.11884 -0.03377
v -0.04286 -0.11134 -0.03768
v -0.05674 -0.11082 -0.04635
v -0.04991 -0.10254 -0.05296
v -0.05342 -0.09724 -0.06036
v -0.05231 -0.09126 -0.06750
v -0.03946 -0.09084 -0.06793
v -0.04612 -0.08639 -0.07614
v -0.04089 -0.08502 -0.08191
v -0.05445 -0.07942 -0.08447
v -0.03997 -0.08249 -0.09218
v -0.05154 -0.07733 -0.09087
v -0.05384 -0.07162 -0.10030
v -0.04445 -0.07780 -0.10299
v -0.05179 -0.07016 -0.11031
v -0.03610 -0.08199 -0.10905
v -0.03040 -0.08492 -0.10045
v -0.02809 -0.08642 -0.08698
v -0.03256 -0.08829 -0.07571
v -0.02561 -0.09103 -0.06539
v -0.04213 -0.09498 -0.06048
v -0.02777 -0.09516 -0.05386
v -0.03680 -0.10216 -0.04627
v -0.03374 -0.11352 -0.02610
v -0.03451 -0.12072 -0.01359
v -0.01979 -0.11450 -0.00855
v -0.01964 -0.12078 0.00755
v -0.03520 -0.12653 0.00080
v -0.02151 -0.12514 0.01978
v -0.03353 -0.13075 0.01996
v -0.01183 -0.12227 0.02496
v -0.01389 -0.12529 0.04115
v -0.01370 -0.12605 0.05643
v -0.01359 -0.12534 0.07238
v -0.02529 -0.12720 0.08889
v -0.01188 -0.12288 0.08703
v -0.02828 -0.12515 0.10146
v -0.03551 -0.12324 0.11546
v -0.03941 -0.11984 0.13521
v -0.03333 -0.11886 0.13970
v -0.03447 -0.11884 0.14814
v -0.03566 -0.11968 0.15852
v -0.03274 -0.12365 0.17150
v -0.03564 -0.13643 0.20463
v -0.02452 -0.13977 0.20553
v -0.02560 -0.14364 0.21812
v -0.03605 -0.14255 0.22481
v -0.01986 -0.14810 0.23283
v -0.03181 -0.14564 0.23585
v -0.03946 -0.14370 0.24422
v -0.02341 -0.14806 0.24422
v -0.03067 -0.14561 0.25591
v -0.02494 -0.14383 0.26929
v -0.03227 -0.13911 0.27687
v -0.03110 -0.13408 0.28757
v -0.03542 -0.12440 0.29891
v -0.03599 -0.11441 0.30911
v -0.02368 -0.11876 0.30902
v -0.02406 -0.10994 0.31645
v -0.02311 -0.10150 0.32255
v -0.03203 -0.09139 0.32631
v -0.03334 -0.07570 0.33276
v -0.02439 -0.06660 0.33758
v -0.03590 -0.05809 0.33699
v -0.03232 -0.03337 0.34075
v -0.02807 -0.01008 0.34025
v -0.03149 0.00543 0.33637
v -0.03236 0.02145 0.33075
v -0.03907 0.03336 0.32291
v -0.02344 0.03826 0.32444
v -0.03986 0.04238 0.31701
v -0.03553 0.05450 0.30906
v -0.03927 0.06577 0.29529
v -0.03191 0.07358 0.28807
v -0.03636 0.08088 0.27254
v -0.03227 0.08789 0.25992
v -0.02821 0.09624 0.23960
v -0.03974 0.09586 0.23043
v -0.02434 0.10994 0.19691
v -0.03956 0.10687 0.19435
v -0.03239 0.11554 0.17665
v -0.03194 0.12264 0.16161
v -0.03252 0.13297 0.14205
v -0.03237 0.13874 0.12917
v -0.02407 0.14549 0.11158
v -0.03975 0.14215 0.11198
v -0.02486 0.14821 0.08913
v -0.03534 0.14602 0.09369
v -0.04802 0.14235 0.09616
v -0.04810 0.14280 0.07978
v -0.05192 0.13826 0.11249
v -0.04714 0.13655 0.12401
v -0.04787 0.13087 0.13748
v -0.04765 0.11855 0.16013
v -0.04756 0.11268 0.17194
v -0.05687 0.09910 0.19635
v -0.06433 0.12235 0.14036
v -0.06295 0.12908 0.12764
v -0.06222 0.13442 0.11167
v -0.05954 0.13813 0.09633
v -0.07396 0.13150 0.09612
v -0.06909 0.13471 0.08421
v -0.06390 0.13633 0.07192
v -0.05430 0.13761 0.05666
v -0.06844 0.13157 0.05660
v -0.06233 0.12933 0.04077
v -0.07055 0.12148 0.03257
v -0.05706 0.12309 0.02318
v -0.06392 0.11285 0.01317
v -0.06418 0.10551 0.00461
v -0.06521 0.09538 -0.00451
v -0.07144 0.08146 -0.01107
v -0.05609 0.08136 -0.01907
v -0.06529 0.07178 -0.02005
v -0.05614 0.06592 -0.02677
v -0.06336 0.04945 -0.03027
v -0.06549 0.04149 -0.03319
v -0.07439 0.03310 -0.03509
v -0.06173 0.02622 -0.04429
v -0.06036 0.01147 -0.05131
v -0.06798 0.01790 -0.04558
v -0.06814 0.00860 -0.05028
v -0.06030 0.00232 -0.06011
v -0.06746 0.00107 -0.05790
v -0.05998 -0.00244 -0.06778
v -0.06093 -0.00805 -0.07868
v -0.06798 -0.00996 -0.07578
v -0.06707 -0.01402 -0.08359
v -0.06762 -0.02304 -0.09122
v -0.06246 -0.01373 -0.09085
v -0.06800 -0.02975 -0.09474
v -0.06125 -0.02128 -0.10387
v -0.06603 -0.03827 -0.10263
v -0.06749 -0.04610 -0.09929
v -0.06949 -0.05459 -0.09280
v -0.06372 -0.05379 -0.10376
v -0.06790 -0.06112 -0.09138
v -0.06067 -0.06346 -0.10050
v -0.06019 -0.07031 -0.09199
v -0.06819 -0.07076 -0.08395
v -0.06778 -0.07938 -0.07718
v -0.05944 -0.08442 -0.07518
v -0.07214 -0.08498 -0.07227
v -0.05979 -0.09150 -0.06745
v -0.06895 -0.10589 -0.05505
v -0.06775 -0.11730 -0.03991
v -0.06821 -0.12598 -0.02379
v -0.05969 -0.12533 -0.02295
v -0.06803 -0.13353 -0.00313
v -0.05649 -0.13079 -0.00768
v -0.05950 -0.13521 0.00655
v -0.06491 -0.13870 0.02253
v -0.06477 -0.14017 0.04314
v -0.05984 -0.13950 0.05655
v -0.07221 -0.13963 0.05953
v -0.06419 -0.13701 0.08009
v -0.07228 -0.13292 0.09590
v -0.06074 -0.13240 0.09836
v -0.07262 -0.12812 0.10947
v -0.06718 -0.12026 0.13087
v -0.06158 -0.11706 0.14446
v -0.08396 -0.13571 0.07734
v -0.07651 -0.13712 0.07612
v -0.07965 -0.13947 0.04009
v -0.09190 -0.13680 0.03638
v -0.08791 -0.13751 0.05680
v -0.09267 -0.13459 0.01667
v -0.09196 -0.13140 0.00027
v -0.08095 -0.13581 0.00862
v -0.09506 -0.12597 -0.01401
v -0.08441 -0.12523 -0.02304
v -0.09200 -0.11869 -0.03214
v -0.08472 -0.11697 -0.03861
v -0.09231 -0.10720 -0.04901
v -0.08018 -0.10845 -0.05169
v -0.08368 -0.09836 -0.06109
v -0.09266 -0.09480 -0.06073
v -0.08872 -0.08709 -0.06766
v -0.09132 -0.07410 -0.07247
v -0.08576 -0.06129 -0.07761
v -0.08622 -0.05274 -0.07814
v -0.08645 -0.04613 -0.07778
v -0.08641 -0.03879 -0.07656
v -0.08328 -0.02757 -0.07536
v -0.09234 -0.02644 -0.06870
v -0.08306 -0.01382 -0.06755
v -0.09961 -0.01735 -0.05984
v -0.08315 -0.00565 -0.06140
v -0.09168 0.00193 -0.05140
v -0.09134 0.01465 -0.04155
v -0.08290 0.02375 -0.03848
v -0.08131 0.03995 -0.02711
v -0.09176 0.03838 -0.02172
v -0.09188 0.05274 -0.01215
v -0.08943 0.07198 -0.00434
v -0.08835 0.08574 0.00437
v -0.08355 0.10539 0.02065
v -0.09631 0.09361 0.02025
v -0.08074 0.11428 0.03090
v -0.09201 0.10626 0.03210
v -0.09203 0.11397 0.04791
v -0.10079 0.10680 0.04875
v -0.10044 0.09847 0.03227
v -0.09611 0.08610 0.01226
v -0.09997 0.07055 0.00437
v -0.10067 0.05340 -0.00431
v -0.10454 0.04321 -0.00755
v -0.10719 0.03133 -0.01452
v -0.09913 0.03029 -0.02281
v -0.10861 0.00833 -0.03419
v -0.10013 0.00672 -0.04258
v -0.10834 -0.00966 -0.04863
v -0.09918 -0.00597 -0.05281
v -0.11684 -0.01964 -0.04684
v -0.11696 -0.03429 -0.05369
v -0.10744 -0.02643 -0.05902
v -0.10907 -0.03785 -0.06203
v -0.11486 -0.05019 -0.05939
v -0.11870 -0.06162 -0.05538
v -0.11156 -0.06994 -0.06087
v -0.11674 -0.08285 -0.05013
v -0.10748 -0.08238 -0.05947
v -0.10777 -0.09376 -0.05127
v -0.11564 -0.09355 -0.04308
v -0.10772 -0.10182 -0.04337
v -0.11664 -0.10242 -0.03205
v -0.10800 -0.11036 -0.03187
v -0.11685 -0.11168 -0.01634
v -0.10821 -0.11851 -0.01608
v -0.11655 -0.11947 0.00320
v -0.10762 -0.12495 0.00142
v -0.12487 -0.11102 0.00101
v -0.13273 -0.10248 0.00400
v -0.12448 -0.10512 -0.01385
v -0.13148 -0.09364 -0.01580
v -0.13187 -0.08638 -0.02343
v -0.13203 -0.07523 -0.03173
v -0.12429 -0.09106 -0.03335
v -0.13047 -0.06276 -0.03889
v -0.12360 -0.07335 -0.04622
v -0.13033 -0.05430 -0.04005
v -0.13051 -0.04514 -0.03898
v -0.12457 -0.03463 -0.04478
v -0.13143 -0.03218 -0.03368
v -0.12467 -0.01841 -0.03659
v -0.13153 -0.01727 -0.02532
v -0.12450 -0.00198 -0.02448
v -0.12481 0.01442 -0.00843
v -0.13147 -0.00323 -0.01433
v -0.13125 0.01168 0.00013
v -0.12334 0.03481 0.00981
v -0.13222 0.02072 0.01197
v -0.12421 0.04546 0.02006
v -0.13113 0.03443 0.02414
v -0.12373 0.06371 0.03168
v -0.13013 0.06010 0.04225
v -0.12303 0.07377 0.04063
v -0.12506 0.07799 0.05208
v -0.12349 0.08557 0.06372
v -0.13112 0.06905 0.05673
v -0.12511 0.08569 0.07597
v -0.13340 0.07026 0.07209
v -0.13209 0.07398 0.08838
v -0.13663 0.06413 0.08865
v -0.13481 0.06620 0.10011
v -0.13094 0.06901 0.11243
v -0.13074 0.05806 0.12631
v -0.13338 0.04740 0.12806
v -0.12327 0.04820 0.15009
v -0.12730 0.03937 0.14642
v -0.13057 0.02462 0.14414
v -0.13283 -0.02623 0.14468
v -0.12897 -0.04153 0.15089
v -0.13038 -0.04925 0.14453
v -0.12418 -0.05856 0.15316
v -0.12309 -0.07032 0.14561
v -0.13275 -0.07869 0.12074
v -0.12932 -0.08691 0.11889
v -0.12514 -0.10313 0.10366
v -0.13206 -0.09368 0.10417
v -0.13875 -0.08505 0.09979
v -0.14008 -0.07838 0.10443
v -0.13955 -0.06609 0.11706
v -0.14218 -0.05041 0.11930
v -0.14200 -0.03167 0.12387
v -0.13256 -0.00587 0.14469
v -0.13641 0.03410 0.12671
v -0.13870 0.03778 0.11898
v -0.13671 0.05403 0.11242
v -0.14052 0.05074 0.09643
v -0.14039 0.05347 0.08021
v -0.13695 0.05849 0.06406
v -0.13599 0.05373 0.05332
v -0.13987 0.04910 0.06435
v -0.13986 0.03051 0.04423
v -0.13847 0.01937 0.02589
v -0.13860 0.00418 0.00834
v -0.13365 0.03991 0.03501
v -0.13915 -0.00760 -0.00238
v -0.13975 -0.02712 -0.01529
v -0.13683 -0.01850 -0.01616
v -0.13824 -0.04207 -0.02446
v -0.13894 -0.05825 -0.02359
v -0.14021 -0.07020 -0.01613
v -0.13930 -0.07803 -0.01313
v -0.14576 -0.07415 0.00419
v -0.13863 -0.08580 -0.00669
v -0.13877 -0.09108 0.00164
v -0.14647 -0.08184 0.02000
v -0.14025 -0.09436 0.01633
v -0.14951 -0.06660 0.01408
v -0.15164 -0.06643 0.02752
v -0.15312 -0.05020 0.02456
v -0.15379 -0.03403 0.03126
v -0.15082 -0.02615 0.01955
v -0.14886 -0.01778 0.01803
v -0.14654 0.00162 0.03100
v -0.15132 -0.00827 0.04301
v -0.14558 0.01720 0.05107
v -0.14479 0.02568 0.06196
v -0.15136 -0.00203 0.06163
v -0.14632 0.02273 0.07291
v -0.15350 -0.01338 0.06738
v -0.15475 -0.02505 0.06877
v -0.15347 -0.03164 0.08451
v -0.15509 -0.04663 0.06729
v -0.15163 -0.06626 0.07208
v -0.14811 -0.07790 0.07237
v -0.14738 -0.08298 0.06244
v -0.14843 -0.08196 0.04790
v -0.15299 -0.06571 0.05583
v -0.15560 -0.04223 0.05567
v -0.15366 -0.01960 0.04476
v -0.15522 -0.03352 0.04667
v -0.15499 -0.05064 0.04304
v -0.15249 -0.06742 0.04110
v -0.14745 -0.08322 0.03377
v -0.13943 -0.09924 0.02948
v -0.14063 -0.09836 0.04829
v -0.13931 -0.09882 0.06352
v -0.14050 -0.09464 0.07212
v -0.13808 -0.09332 0.08701
v -0.14429 -0.08251 0.08432
v -0.14888 -0.06613 0.08833
v -0.14518 -0.06654 0.10178
v -0.14790 -0.05007 0.10386
v -0.15218 -0.05152 0.08595
v -0.14938 -0.03076 0.10317
v -0.14635 -0.03611 0.11233
v -0.15109 -0.02277 0.09528
v -0.14785 -0.00043 0.09982
v -0.15118 -0.01134 0.08926
v -0.14842 0.00913 0.08751
v -0.14301 0.03882 0.09796
v -0.14358 0.03993 0.08217
v -0.14098 0.03852 0.10997
v -0.14755 -0.01121 0.10606
v -0.14148 0.00507 0.12005
v -0.14379 -0.01600 0.11876
v -0.13214 -0.10177 0.08816
v -0.13203 -0.10685 0.07347
v -0.13196 -0.10981 0.05619
v -0.13208 -0.11021 0.04050
v -0.12408 -0.11807 0.05606
v -0.12407 -0.11861 0.03651
v -0.11525 -0.12519 0.05598
v -0.11993 -0.11941 0.07245
v -0.11599 -0.11811 0.08857
v -0.12456 -0.11081 0.08761
v -0.11706 -0.11135 0.10344
v -0.10776 -0.11892 0.10224
v -0.10071 -0.12824 0.08606
v -0.10777 -0.12574 0.08116
v -0.09931 -0.13309 0.06362
v -0.10893 -0.12860 0.06238
v -0.09993 -0.13410 0.04428
v -0.10798 -0.13016 0.03613
v -0.09918 -0.13307 0.02126
v -0.10878 -0.12723 0.01438
v -0.10107 -0.12754 -0.00150
v -0.11506 -0.12478 0.02445
v -0.11550 -0.12552 0.04022
v -0.12301 -0.11709 0.01656
v -0.13072 -0.10993 0.02121
v -0.09212 -0.13441 0.07236
v -0.08835 -0.13088 0.09307
v -0.11699 -0.10300 0.11832
v -0.10964 -0.10728 0.12185
v -0.12266 -0.09548 0.12014
v -0.10758 -0.09400 0.14470
v -0.11543 -0.07779 0.15313
v -0.12050 -0.05771 0.16381
v -0.12357 -0.04094 0.16777
v -0.11962 -0.04996 0.17666
v -0.12390 -0.02978 0.17522
v -0.12335 -0.02569 0.18532
v -0.12424 -0.01432 0.19003
v -0.12315 -0.01770 0.22833
v -0.12400 0.00624 0.18486
v -0.12186 0.01687 0.19072
v -0.12439 0.01956 0.16927
v -0.12395 0.03101 0.16195
v -0.12705 0.02360 0.15575
v -0.12672 0.00723 0.16293
v -0.12785 -0.01032 0.16028
v -0.12728 -0.02630 0.16078
v -0.12521 -0.00930 0.17585
v -0.12053 -0.04110 0.19281
v -0.14423 -0.00297 0.01673
v -0.14458 -0.01828 0.00283
v -0.14615 -0.02964 0.00013
v -0.15005 -0.04132 0.00878
v -0.14460 -0.04206 -0.00916
v -0.14573 -0.05753 -0.00590
v -0.14915 -0.05884 0.00734
v -0.13179 -0.06803 0.13100
v -0.11606 0.09737 0.07226
v -0.11604 0.09317 0.05601
v -0.11642 0.08485 0.04095
v -0.10913 0.09074 0.03551
v -0.10871 0.09861 0.04845
v -0.11685 0.06916 0.02425
v -0.10806 0.08345 0.02454
v -0.11643 0.04652 0.00913
v -0.10882 0.07066 0.01425
v -0.10905 0.05222 0.00360
v -0.11584 0.03052 -0.00529
v -0.10299 0.10886 0.06081
v -0.11698 0.00818 -0.02539
v -0.11638 -0.00330 -0.03595
v -0.12208 -0.05019 -0.05151
v -0.10023 -0.11927 -0.02433
v -0.10004 -0.11036 -0.03971
v -0.09936 -0.10137 -0.05095
v -0.10038 -0.08901 -0.06071
v -0.09947 -0.07743 -0.06725
v -0.10660 -0.06204 -0.06633
v -0.10445 -0.05461 -0.06829
v -0.10480 -0.04597 -0.06718
v -0.09967 -0.03441 -0.06756
v -0.10088 -0.06707 -0.06947
v -0.08826 0.12153 0.06421
v -0.07820 0.12914 0.07288
v -0.08020 0.12243 0.04794
v -0.07156 0.11367 0.02044
v -0.07968 0.10178 0.01227
v -0.07561 0.09752 0.00460
v -0.07958 0.08503 -0.00329
v -0.08027 0.07089 -0.01168
v -0.08000 0.05246 -0.02044
v -0.08312 0.01702 -0.04352
v -0.08443 0.00275 -0.05337
v -0.07646 -0.00293 -0.06057
v -0.07339 -0.00840 -0.06943
v -0.07521 -0.01483 -0.07481
v -0.07519 -0.02314 -0.08037
v -0.07658 -0.03384 -0.08442
v -0.07783 -0.04659 -0.08472
v -0.07624 -0.05878 -0.08443
v -0.07965 -0.06853 -0.07846
v -0.07638 -0.07738 -0.07577
v -0.07238 -0.04280 -0.09158
v -0.07634 -0.09885 -0.06178
v -0.07595 -0.11732 -0.04007
v -0.07613 -0.12590 -0.02387
v -0.07952 -0.13195 -0.00735
v -0.08012 -0.13832 0.02395
v -0.05833 -0.06126 -0.11003
v -0.06000 -0.05359 -0.11811
v -0.05518 -0.06182 -0.13076
v -0.05834 -0.05386 -0.13141
v -0.06004 -0.04611 -0.13238
v -0.05964 -0.04615 -0.16565
v -0.05779 -0.02189 -0.12266
v -0.05198 -0.01189 -0.15011
v -0.05987 -0.03035 -0.12799
v -0.06032 -0.03707 -0.13529
v -0.06180 -0.03832 -0.11886
v -0.06208 -0.02995 -0.11169
v -0.05838 -0.01437 -0.10172
v -0.05136 -0.00673 -0.09995
v -0.05218 -0.00503 -0.08627
v -0.05051 0.00077 -0.07409
v -0.04673 0.00190 -0.08378
v -0.04425 0.01001 -0.07587
v -0.04399 0.01811 -0.06781
v -0.04719 0.00990 -0.06778
v -0.05178 0.00992 -0.05984
v -0.04471 0.02524 -0.05955
v -0.04398 0.03060 -0.05178
v -0.05177 0.02398 -0.05116
v -0.04460 0.03594 -0.04401
v -0.05150 0.03291 -0.04302
v -0.04398 0.04190 -0.03968
v -0.03912 0.04908 -0.03802
v -0.04360 0.06391 -0.03208
v -0.04763 0.07358 -0.02655
v -0.04077 0.08718 -0.02127
v -0.05238 0.09417 -0.01215
v -0.04809 0.10588 -0.00366
v -0.05217 0.11456 0.00783
v -0.04161 0.12990 0.02512
v -0.04771 0.13496 0.04031
v -0.03992 0.14207 0.05633
v -0.04815 0.14175 0.06808
v -0.03325 0.14624 0.07264
v -0.01616 0.14836 0.06808
v -0.02409 0.14557 0.05723
v -0.03259 0.13877 0.03947
v -0.02294 0.13708 0.03099
v -0.01342 0.13117 0.01733
v -0.03241 0.12968 0.02037
v -0.02563 0.12358 0.00862
v -0.01620 0.12163 0.00415
v -0.01952 0.11413 -0.00413
v -0.02905 0.10302 -0.01287
v -0.02490 0.09483 -0.02009
v -0.02860 0.07934 -0.02897
v -0.02420 0.06545 -0.03589
v -0.01798 0.05789 -0.03947
v -0.03314 0.05850 -0.03657
v -0.01502 0.05331 -0.04359
v -0.02529 0.05060 -0.04186
v -0.02918 0.04751 -0.04332
v -0.01998 0.04685 -0.05178
v -0.02812 0.04179 -0.05387
v -0.02070 0.04238 -0.06356
v -0.03623 0.03719 -0.05178
v -0.03609 0.03327 -0.06076
v -0.02807 0.03412 -0.08069
v -0.01988 0.03901 -0.07896
v -0.03077 0.02619 -0.11945
v -0.02050 0.03426 -0.10650
v -0.02783 0.02574 -0.14141
v -0.02127 0.02749 -0.15744
v -0.02929 0.01983 -0.17259
v -0.01177 0.02986 -0.16396
v -0.01942 0.02441 -0.17985
v -0.01129 0.02470 -0.19296
v -0.00374 0.03331 -0.14984
v 0.00412 0.03391 -0.14474
v 0.00406 0.03899 -0.10328
v -0.00390 0.03923 -0.10150
v 0.00439 0.04496 -0.06889
v -0.00382 0.04320 -0.07755
v -0.00446 0.04962 -0.05360
v 0.00745 0.04994 -0.05247
v -0.00039 0.05539 -0.04359
v 0.00258 0.05814 -0.04085
v -0.00001 0.07136 -0.03549
v -0.00000 0.08640 -0.02792
v 0.00789 0.09782 -0.01995
v -0.00792 0.09778 -0.01997
v 0.00406 0.11502 -0.00484
v 0.00001 0.12573 0.00802
v 0.00893 0.13114 0.01672
v -0.00499 0.13917 0.03170
v 0.00028 0.14281 0.04085
v 0.00782 0.14696 0.05605
v -0.01146 0.14513 0.04936
v -0.00419 0.14876 0.06458
v 0.00002 0.15015 0.08023
v 0.00002 0.14972 0.09570
v -0.01168 0.14879 0.10137
v 0.00499 0.14620 0.11604
v 0.00383 0.14261 0.12816
v -0.00930 0.14493 0.11999
v -0.00003 0.13682 0.14170
v 0.00807 0.12289 0.16853
v -0.00172 0.12148 0.17201
v 0.00388 0.11206 0.19715
v 0.00002 0.09849 0.24294
v 0.00001 0.09057 0.26424
v 0.00804 0.08233 0.28087
v -0.00837 0.08235 0.28083
v 0.00001 0.07299 0.29608
v 0.00000 0.06217 0.30861
v 0.00822 0.05159 0.31751
v -0.00824 0.05125 0.31776
v 0.00796 0.04213 0.32409
v 0.00424 0.03048 0.33075
v -0.00659 0.03096 0.33046
v -0.00161 0.01045 0.33872
v 0.00766 0.00219 0.34056
v -0.00002 -0.01072 0.34319
v 0.00000 -0.02610 0.34442
v -0.00390 -0.04170 0.34404
v 0.00804 -0.04545 0.34340
v 0.00000 -0.05892 0.34161
v -0.00004 -0.07467 0.33734
v 0.00032 -0.09039 0.33103
v -0.00806 -0.10192 0.32433
v 0.00108 -0.11479 0.31549
v 0.00001 -0.12664 0.30411
v -0.00000 -0.13508 0.29318
v 0.00717 -0.14037 0.28382
v -0.00098 -0.14294 0.27908
v 0.00797 -0.14659 0.26824
v -0.00800 -0.14670 0.26784
v -0.00002 -0.14890 0.25979
v 0.00001 -0.15015 0.25063
v -0.00093 -0.15010 0.23736
v 0.00798 -0.14808 0.22547
v -0.00793 -0.14794 0.22484
v 0.00803 -0.14359 0.20995
v -0.00798 -0.14335 0.20927
v 0.00003 -0.13763 0.19379
v 0.00783 -0.12278 0.15960
v -0.00533 -0.12179 0.15696
v 0.00013 -0.11684 0.14155
v 0.00110 -0.11500 0.12951
v 0.00502 -0.11536 0.12084
v -0.00333 -0.11560 0.11582
v 0.00410 -0.11727 0.10648
v -0.00406 -0.12271 0.08000
v 0.00387 -0.12271 0.07933
v 0.00402 -0.12402 0.05622
v -0.00368 -0.12396 0.05219
v 0.00402 -0.12247 0.03503
v -0.00397 -0.12195 0.03223
v 0.00410 -0.11836 0.01611
v -0.00420 -0.11841 0.01618
v 0.00387 -0.11304 0.00075
v -0.00344 -0.11263 -0.00008
v 0.00404 -0.10128 -0.02453
v -0.00408 -0.09740 -0.03378
v 0.00654 -0.09142 -0.05491
v -0.00401 -0.08959 -0.06430
v 0.01018 -0.08842 -0.08336
v 0.00017 -0.08910 -0.09445
v 0.00406 -0.09402 -0.13255
v -0.00399 -0.09424 -0.13453
v 0.00403 -0.09751 -0.17201
v -0.00402 -0.09812 -0.18185
v 0.00389 -0.09878 -0.22042
v -0.00394 -0.09853 -0.22519
v -0.00398 -0.09679 -0.25713
v 0.00397 -0.09553 -0.26957
v -0.00449 -0.09372 -0.28163
v 0.00399 -0.09096 -0.29582
v -0.00411 -0.08891 -0.30416
v 0.00398 -0.08659 -0.31213
v -0.00406 -0.08377 -0.32003
v 0.00395 -0.07951 -0.32908
v -0.00395 -0.07787 -0.33155
v 0.00456 -0.07039 -0.34040
v -0.00462 -0.07036 -0.34038
v 0.00402 -0.06210 -0.34442
v -0.00398 -0.06210 -0.34442
v 0.00402 -0.05410 -0.34377
v -0.00398 -0.05410 -0.34377
v 0.00400 -0.04642 -0.33954
v -0.00396 -0.04660 -0.33968
v 0.00425 -0.03842 -0.33152
v -0.00438 -0.03831 -0.33136
v 0.00384 -0.01614 -0.30465
v -0.00391 -0.01452 -0.30251
v 0.00399 -0.00550 -0.28811
v -0.00396 -0.00578 -0.28860
v 0.00400 0.00244 -0.27192
v -0.00392 0.00355 -0.26950
v 0.00433 0.01129 -0.24887
v -0.00418 0.01065 -0.25069
v 0.00405 0.02074 -0.21598
v -0.00402 0.02051 -0.21693
v 0.00412 0.02837 -0.18046
v -0.00408 0.02677 -0.18853
v 0.01229 0.02648 -0.18275
v 0.02016 0.02165 -0.19185
v 0.02099 0.02773 -0.15676
v 0.01187 0.03280 -0.14379
v 0.02011 0.03453 -0.10583
v 0.02799 0.03066 -0.10122
v 0.03203 0.02581 -0.11410
v 0.03642 0.02245 -0.10030
v 0.03597 0.02591 -0.08746
v 0.04130 0.00927 -0.10194
v 0.04477 0.00239 -0.09451
v 0.04291 0.00835 -0.08488
v 0.04567 0.00976 -0.07140
v 0.04053 0.01835 -0.07926
v 0.03943 0.02604 -0.07142
v 0.03612 0.03265 -0.06239
v 0.04418 0.01797 -0.06748
v 0.04472 0.02533 -0.05935
v 0.05198 0.00984 -0.05974
v 0.05220 0.00243 -0.06836
v 0.06027 0.00230 -0.06017
v 0.06039 0.01147 -0.05131
v 0.05212 0.02063 -0.05250
v 0.06074 0.02661 -0.04449
v 0.05087 0.02563 -0.05047
v 0.05134 0.03299 -0.04303
v 0.06339 0.04945 -0.03027
v 0.05608 0.06606 -0.02675
v 0.04365 0.06394 -0.03206
v 0.04766 0.07360 -0.02655
v 0.05599 0.08157 -0.01899
v 0.05240 0.09421 -0.01213
v 0.04812 0.10589 -0.00365
v 0.04660 0.11559 0.00614
v 0.05595 0.12186 0.02044
v 0.05582 0.12901 0.03341
v 0.04705 0.13669 0.04475
v 0.05472 0.13647 0.05287
v 0.04963 0.14072 0.06388
v 0.06045 0.13777 0.07213
v 0.04814 0.14257 0.07607
v 0.06623 0.13405 0.06354
v 0.06473 0.13657 0.08192
v 0.06480 0.13604 0.09542
v 0.06473 0.13303 0.11295
v 0.06407 0.12968 0.12452
v 0.07381 0.11956 0.13616
v 0.06385 0.12246 0.14065
v 0.06445 0.11204 0.15794
v 0.06881 0.10478 0.16639
v 0.06412 0.09815 0.18795
v 0.05973 0.10561 0.17547
v 0.06418 0.09049 0.21094
v 0.05712 0.08300 0.24659
v 0.05220 0.08996 0.23299
v 0.06005 0.07396 0.26430
v 0.04703 0.08082 0.26402
v 0.05628 0.06847 0.27918
v 0.05160 0.06553 0.28761
v 0.04832 0.05757 0.29985
v 0.04964 0.04745 0.30881
v 0.05578 0.03327 0.31563
v 0.06454 0.02333 0.31622
v 0.04796 0.02588 0.32345
v 0.05624 0.01494 0.32458
v 0.06516 0.00504 0.32330
v 0.04842 0.00150 0.33211
v 0.05615 -0.01019 0.33137
v 0.05626 -0.02210 0.33257
v 0.05576 -0.03408 0.33304
v 0.05763 -0.04908 0.33084
v 0.06402 -0.06172 0.32492
v 0.04865 -0.05818 0.33290
v 0.05612 -0.07468 0.32483
v 0.05701 -0.09102 0.31652
v 0.04804 -0.08603 0.32345
v 0.06378 -0.09787 0.30783
v 0.04947 -0.10759 0.30896
v 0.06443 -0.10609 0.30047
v 0.04848 -0.11762 0.29990
v 0.05655 -0.11910 0.29250
v 0.05550 -0.12548 0.28414
v 0.06225 -0.12549 0.27637
v 0.04730 -0.13375 0.27640
v 0.06518 -0.12702 0.26829
v 0.04878 -0.13734 0.26480
v 0.06384 -0.13040 0.25973
v 0.04847 -0.14007 0.24984
v 0.05979 -0.13405 0.25151
v 0.07123 -0.12709 0.24127
v 0.05959 -0.13446 0.23999
v 0.07180 -0.12610 0.25257
v 0.04825 -0.13968 0.23376
v 0.06440 -0.12972 0.22634
v 0.04859 -0.13579 0.21718
v 0.05243 -0.12843 0.20161
v 0.03989 -0.13564 0.20632
v 0.04862 -0.12246 0.18202
v 0.04465 -0.11935 0.16676
v 0.05623 -0.11626 0.15926
v 0.04660 -0.11826 0.14837
v 0.05500 -0.11842 0.14226
v 0.04476 -0.11958 0.13643
v 0.05516 -0.12070 0.13278
v 0.05207 -0.12960 0.10430
v 0.03994 -0.12600 0.10968
v 0.04895 -0.13305 0.09152
v 0.04753 -0.13497 0.08127
v 0.05636 -0.13871 0.06389
v 0.04001 -0.13550 0.06377
v 0.04788 -0.13800 0.04427
v 0.05198 -0.13760 0.02779
v 0.04119 -0.13436 0.02453
v 0.04778 -0.13343 0.00915
v 0.05579 -0.13324 0.00091
v 0.05175 -0.12652 -0.01589
v 0.04125 -0.12629 -0.00745
v 0.05218 -0.11873 -0.03218
v 0.04434 -0.11972 -0.02495
v 0.04438 -0.11139 -0.03855
v 0.05615 -0.11017 -0.04695
v 0.04915 -0.10264 -0.05248
v 0.05389 -0.09476 -0.06332
v 0.04375 -0.09442 -0.06176
v 0.05202 -0.09106 -0.06778
v 0.03680 -0.09129 -0.06657
v 0.04460 -0.08646 -0.07655
v 0.04908 -0.08227 -0.08317
v 0.05123 -0.07748 -0.09094
v 0.05344 -0.07210 -0.09999
v 0.05220 -0.07039 -0.10825
v 0.04345 -0.07855 -0.10223
v 0.05098 -0.06967 -0.11857
v 0.04297 -0.07740 -0.11811
v 0.05096 -0.06897 -0.13640
v 0.04477 -0.07876 -0.16653
v 0.03584 -0.08607 -0.16266
v 0.04354 -0.07732 -0.13421
v 0.02810 -0.08970 -0.15214
v 0.02900 -0.08593 -0.12018
v 0.03583 -0.08262 -0.12595
v 0.03596 -0.08204 -0.10980
v 0.02012 -0.08793 -0.10736
v 0.02708 -0.08579 -0.10258
v 0.03078 -0.08540 -0.09105
v 0.01256 -0.08850 -0.09774
v 0.03099 -0.08665 -0.08348
v 0.02211 -0.08874 -0.07501
v 0.02338 -0.09121 -0.06360
v 0.00792 -0.09481 -0.04261
v 0.03131 -0.09426 -0.05822
v 0.01946 -0.10060 -0.03459
v 0.02691 -0.10545 -0.03237
v 0.03724 -0.11545 -0.02664
v 0.03295 -0.12095 -0.01098
v 0.01844 -0.11350 -0.00911
v 0.01906 -0.12046 0.00738
v 0.02017 -0.12531 0.02400
v 0.03391 -0.13084 0.01959
v 0.01381 -0.12418 0.03261
v 0.01398 -0.12589 0.04852
v 0.01337 -0.12568 0.06795
v 0.01310 -0.12315 0.08711
v 0.03166 -0.12898 0.09103
v 0.02530 -0.12071 0.11601
v 0.03597 -0.12147 0.12325
v 0.02289 -0.11807 0.13079
v 0.03345 -0.11884 0.13851
v 0.03400 -0.11931 0.15392
v 0.04185 -0.11873 0.15440
v 0.02485 -0.12079 0.15771
v 0.03256 -0.12182 0.16531
v 0.03322 -0.12510 0.17543
v 0.03194 -0.13350 0.19447
v 0.02466 -0.14151 0.21071
v 0.02367 -0.14589 0.22516
v 0.03639 -0.14248 0.22498
v 0.03183 -0.14564 0.23585
v 0.02339 -0.14807 0.24422
v 0.03944 -0.14372 0.24422
v 0.03161 -0.14570 0.25257
v 0.03439 -0.14300 0.26383
v 0.02513 -0.14385 0.26913
v 0.03207 -0.13920 0.27679
v 0.02550 -0.13555 0.28772
v 0.03831 -0.12665 0.29491
v 0.03257 -0.11722 0.30778
v 0.02727 -0.10970 0.31579
v 0.03910 -0.10451 0.31599
v 0.02442 -0.09949 0.32358
v 0.03911 -0.09324 0.32308
v 0.03197 -0.08609 0.32882
v 0.03178 -0.07530 0.33331
v 0.03214 -0.06231 0.33702
v 0.03123 -0.05004 0.33964
v 0.04010 -0.04032 0.33842
v 0.03228 -0.02683 0.34077
v 0.04041 -0.01007 0.33721
v 0.03185 0.00571 0.33620
v 0.03239 0.02111 0.33090
v 0.03199 0.03435 0.32454
v 0.02365 0.04104 0.32264
v 0.03656 0.04545 0.31605
v 0.02423 0.05020 0.31607
v 0.03274 0.05725 0.30750
v 0.03824 0.06597 0.29564
v 0.02527 0.07522 0.28839
v 0.04127 0.07373 0.28247
v 0.03618 0.08142 0.27157
v 0.03204 0.08774 0.26048
v 0.02382 0.09432 0.24814
v 0.03576 0.09606 0.23367
v 0.02392 0.09881 0.23447
v 0.03906 0.10591 0.19787
v 0.02445 0.10602 0.20981
v 0.03176 0.11256 0.18457
v 0.03187 0.12053 0.16578
v 0.03330 0.13121 0.14504
v 0.02432 0.13770 0.13556
v 0.03989 0.13737 0.12798
v 0.02824 0.14255 0.12048
v 0.04017 0.14358 0.10410
v 0.02886 0.14602 0.10429
v 0.03287 0.14655 0.09204
v 0.03652 0.14594 0.08013
v 0.02464 0.14823 0.07899
v 0.04755 0.14300 0.08835
v 0.05473 0.13898 0.10399
v 0.04928 0.13753 0.11887
v 0.05600 0.13008 0.13238
v 0.04657 0.12967 0.14059
v 0.04847 0.11995 0.15696
v 0.04760 0.11296 0.17129
v 0.05054 0.10511 0.18741
v 0.04783 0.09775 0.21398
v 0.04395 0.09025 0.24292
v 0.03956 0.14225 0.05659
v 0.03108 0.13919 0.03976
v 0.03571 0.13527 0.03254
v 0.04158 0.12935 0.02407
v 0.03983 0.12241 0.01215
v 0.03554 0.11012 -0.00424
v 0.02907 0.10315 -0.01276
v 0.04071 0.08722 -0.02128
v 0.03364 0.07477 -0.03006
v 0.02878 0.05714 -0.03806
v 0.03915 0.04909 -0.03802
v 0.04402 0.04190 -0.03968
v 0.03755 0.04198 -0.04310
v 0.03627 0.03716 -0.05181
v 0.04412 0.03085 -0.05121
v 0.02771 0.04211 -0.05373
v 0.02552 0.05035 -0.04200
v 0.01961 0.04813 -0.04913
v 0.01473 0.05322 -0.04377
v 0.02419 0.06550 -0.03588
v 0.01541 0.07207 -0.03442
v 0.02386 0.08220 -0.02818
v 0.02490 0.09483 -0.02009
v 0.01516 0.08680 -0.02681
v 0.02398 0.11394 -0.00335
v 0.02516 0.12343 0.00829
v 0.01620 0.12190 0.00448
v 0.02468 0.13071 0.01934
v 0.01586 0.13719 0.02928
v 0.01611 0.14202 0.04100
v 0.02379 0.14554 0.05686
v 0.02830 0.14673 0.06798
v 0.01535 0.14944 0.08825
v 0.01203 0.14918 0.07217
v 0.01203 0.14828 0.10424
v 0.01995 0.14591 0.11209
v 0.01504 0.13824 0.13728
v 0.01996 0.12448 0.16244
v 0.01702 0.11838 0.17696
v 0.01604 0.11317 0.19122
v 0.01165 0.09861 0.24085
v 0.01628 0.08962 0.26384
v 0.02389 0.08246 0.27623
v 0.01580 0.07444 0.29221
v 0.01975 0.06734 0.30083
v 0.01626 0.05948 0.30979
v 0.01666 0.02855 0.33070
v 0.01771 0.01134 0.33730
v 0.01956 -0.00866 0.34162
v 0.02481 -0.01672 0.34171
v 0.01271 -0.03010 0.34397
v 0.02257 -0.04175 0.34222
v 0.01598 -0.05884 0.34066
v 0.01596 -0.07423 0.33658
v 0.01668 -0.08949 0.33033
v 0.00780 -0.10216 0.32420
v 0.01494 -0.11088 0.31741
v 0.01626 -0.11995 0.30952
v 0.01995 -0.12733 0.30101
v 0.01592 -0.13446 0.29224
v 0.01594 -0.14281 0.27660
v 0.01607 -0.14851 0.25624
v 0.00736 -0.15013 0.24398
v 0.01573 -0.14897 0.23638
v 0.01584 -0.13767 0.19643
v 0.02080 -0.12507 0.16886
v 0.01840 -0.11899 0.14871
v 0.01598 -0.11759 0.14095
v 0.01192 -0.11761 0.11233
v 0.00823 0.10696 -0.01244
v 0.02015 0.04259 -0.06367
v 0.01198 0.04557 -0.06238
v 0.02002 0.03897 -0.07890
v 0.01200 0.04184 -0.07845
v 0.01193 0.03777 -0.10234
v 0.02887 0.03416 -0.07786
v 0.04424 0.03871 0.31774
v 0.04353 0.01251 0.33068
v 0.04349 -0.02610 0.33760
v 0.04356 -0.07313 0.33053
v 0.04032 -0.13301 0.28377
v 0.03542 -0.13341 0.07256
v 0.03255 -0.13348 0.05453
v 0.03441 -0.13367 0.03951
v 0.01072 -0.11933 0.01457
v 0.03205 -0.12668 0.00608
v 0.01146 -0.11387 -0.00152
v 0.01260 -0.10080 -0.02920
v 0.03597 -0.10167 -0.04645
v 0.03602 -0.08786 -0.07578
v 0.03971 -0.08169 -0.09516
v 0.01161 -0.09403 -0.14134
v 0.01954 -0.09347 -0.15573
v 0.02137 -0.09499 -0.19605
v 0.02775 -0.09196 -0.18558
v 0.02049 -0.09463 -0.23603
v 0.02815 -0.09133 -0.23244
v 0.02880 -0.08713 -0.26641
v 0.02030 -0.09093 -0.27264
v 0.02732 -0.08463 -0.28411
v 0.01964 -0.08610 -0.29696
v 0.01186 -0.08927 -0.29668
v 0.02086 -0.07920 -0.31408
v 0.01183 -0.08524 -0.31079
v 0.01261 -0.07882 -0.32511
v 0.02048 -0.07068 -0.32771
v 0.01242 -0.07207 -0.33481
v 0.02017 -0.06312 -0.33295
v 0.01233 -0.06272 -0.34058
v 0.02025 -0.05343 -0.33285
v 0.01193 -0.05381 -0.34035
v 0.01861 -0.04635 -0.33067
v 0.01202 -0.04610 -0.33587
v 0.01224 -0.03934 -0.32922
v 0.02028 -0.03788 -0.32058
v 0.02036 -0.02570 -0.30379
v 0.01236 -0.02836 -0.31536
v 0.01162 -0.01296 -0.29622
v 0.01987 -0.01437 -0.28913
v 0.01222 -0.00393 -0.28041
v 0.01983 -0.00617 -0.27533
v 0.02034 0.00292 -0.25546
v 0.01209 0.00333 -0.26488
v 0.02813 -0.00609 -0.25947
v 0.02930 -0.01346 -0.27019
v 0.02812 -0.02363 -0.28853
v 0.02870 -0.03657 -0.30688
v 0.02733 -0.04571 -0.31898
v 0.02875 -0.05422 -0.32075
v 0.02779 -0.06211 -0.32184
v 0.02890 -0.07015 -0.31360
v 0.02721 -0.07772 -0.30494
v 0.03542 -0.06952 -0.29827
v 0.03531 -0.06208 -0.30555
v 0.03660 -0.05423 -0.30399
v 0.03555 -0.04546 -0.30280
v 0.03659 -0.03849 -0.29365
v 0.03711 -0.03139 -0.28174
v 0.03584 -0.01645 -0.25782
v 0.03592 -0.00621 -0.23704
v 0.04151 -0.00639 -0.21420
v 0.03733 0.00206 -0.21017
v 0.04682 -0.02184 -0.22867
v 0.05101 -0.03027 -0.22979
v 0.05052 -0.03799 -0.24570
v 0.05573 -0.03815 -0.21458
v 0.05520 -0.03015 -0.20236
v 0.05170 -0.02208 -0.20250
v 0.05551 -0.02201 -0.16931
v 0.05860 -0.03804 -0.18549
v 0.05952 -0.04624 -0.17155
v 0.05769 -0.05441 -0.19045
v 0.05597 -0.06183 -0.17660
v 0.05174 -0.07008 -0.17339
v 0.05851 -0.05323 -0.14431
v 0.05999 -0.03769 -0.15314
v 0.05827 -0.03007 -0.16980
v 0.05208 -0.01158 -0.14603
v 0.05733 -0.02136 -0.12724
v 0.05474 -0.06272 -0.13021
v 0.05899 -0.05354 -0.12665
v 0.06011 -0.04552 -0.13307
v 0.06087 -0.03803 -0.12690
v 0.05972 -0.03073 -0.13227
v 0.06063 -0.02967 -0.11967
v 0.05996 -0.02226 -0.11084
v 0.06420 -0.02989 -0.10399
v 0.06321 -0.02210 -0.09978
v 0.06066 -0.01332 -0.09369
v 0.06731 -0.01397 -0.08328
v 0.06802 -0.00996 -0.07578
v 0.07572 -0.01563 -0.07519
v 0.06913 -0.02195 -0.08760
v 0.07634 -0.03343 -0.08454
v 0.06938 -0.02995 -0.09265
v 0.06953 -0.03785 -0.09506
v 0.07737 -0.04912 -0.08523
v 0.07181 -0.04961 -0.09167
v 0.07576 -0.06094 -0.08389
v 0.06776 -0.06130 -0.09148
v 0.06811 -0.07083 -0.08400
v 0.07647 -0.07739 -0.07577
v 0.06672 -0.07965 -0.07733
v 0.07542 -0.08965 -0.06880
v 0.06221 -0.08973 -0.06919
v 0.07616 -0.10541 -0.05561
v 0.06934 -0.10601 -0.05492
v 0.07600 -0.11733 -0.04005
v 0.06778 -0.11720 -0.04005
v 0.06818 -0.12582 -0.02413
v 0.07613 -0.12590 -0.02387
v 0.05924 -0.11676 -0.03863
v 0.05961 -0.12520 -0.02322
v 0.06465 -0.13201 -0.00760
v 0.06450 -0.13705 0.01237
v 0.06416 -0.13933 0.02868
v 0.06433 -0.14014 0.04424
v 0.07215 -0.14006 0.05159
v 0.06408 -0.13784 0.07555
v 0.07209 -0.13612 0.08365
v 0.06089 -0.13270 0.09727
v 0.07305 -0.13233 0.09766
v 0.06295 -0.12397 0.12185
v 0.06717 -0.11800 0.13748
v 0.06242 -0.11613 0.14858
v 0.07154 -0.11081 0.16531
v 0.05570 -0.11759 0.17387
v 0.07131 -0.11067 0.17239
v 0.06391 -0.11740 0.18894
v 0.07267 -0.11036 0.17934
v 0.06394 -0.12529 0.21016
v 0.07726 -0.10965 0.19337
v 0.07590 -0.11888 0.21733
v 0.08049 -0.11909 0.23666
v 0.07217 -0.11387 0.28380
v 0.07300 -0.10624 0.29250
v 0.07616 -0.09422 0.30036
v 0.07624 -0.08234 0.30842
v 0.06707 -0.08164 0.31549
v 0.07387 -0.06724 0.31710
v 0.06888 -0.05025 0.32466
v 0.07993 -0.05420 0.31641
v 0.08119 -0.04202 0.31762
v 0.07253 -0.03424 0.32420
v 0.06902 -0.02529 0.32624
v 0.06844 -0.01013 0.32495
v 0.07961 -0.00575 0.31662
v 0.07566 0.00652 0.31594
v 0.07618 0.02228 0.30840
v 0.06376 0.03753 0.30795
v 0.07618 0.03406 0.30032
v 0.06440 0.04602 0.30038
v 0.07609 0.04606 0.28919
v 0.06407 0.05389 0.29232
v 0.06859 0.05874 0.28115
v 0.07606 0.05778 0.27285
v 0.06896 0.06752 0.26540
v 0.07559 0.06930 0.25053
v 0.06766 0.07805 0.24273
v 0.08405 0.06189 0.25032
v 0.08419 0.05000 0.27259
v 0.08377 0.03798 0.28866
v 0.08466 0.02171 0.30090
v 0.08478 0.00545 0.30888
v 0.08389 -0.02602 0.31596
v 0.08471 -0.06562 0.30896
v 0.09163 -0.04621 0.30791
v 0.09270 -0.06586 0.30074
v 0.08460 -0.08200 0.30091
v 0.09203 -0.08213 0.29209
v 0.08396 -0.09406 0.29217
v 0.09204 -0.09432 0.28045
v 0.08453 -0.10441 0.27979
v 0.09298 -0.10274 0.26383
v 0.08442 -0.11054 0.26867
v 0.08161 -0.11652 0.26019
v 0.08290 -0.11713 0.24848
v 0.09254 -0.10636 0.25225
v 0.09244 -0.10716 0.24066
v 0.08235 -0.11631 0.22887
v 0.08422 -0.11155 0.21766
v 0.09318 -0.10375 0.22443
v 0.09136 -0.09847 0.20002
v 0.08338 -0.10417 0.19099
v 0.08306 -0.10340 0.17612
v 0.09197 -0.09563 0.18421
v 0.09465 -0.09502 0.16938
v 0.08526 -0.10411 0.16174
v 0.09156 -0.10277 0.15337
v 0.10163 -0.10053 0.14274
v 0.10019 -0.09457 0.15663
v 0.10046 -0.08717 0.17653
v 0.10016 -0.08646 0.19182
v 0.09955 -0.09018 0.20640
v 0.10179 -0.09175 0.22263
v 0.10103 -0.09557 0.24082
v 0.10050 -0.09460 0.25623
v 0.10030 -0.08980 0.26853
v 0.10096 -0.08290 0.27644
v 0.09874 -0.08027 0.28332
v 0.10131 -0.06698 0.28889
v 0.10037 -0.05090 0.29686
v 0.09976 -0.03412 0.30011
v 0.10037 -0.00924 0.29684
v 0.09273 0.00578 0.30065
v 0.09945 0.00641 0.29173
v 0.09215 0.02185 0.29199
v 0.09109 0.03299 0.28339
v 0.09272 0.03893 0.27373
v 0.10138 0.03028 0.26722
v 0.09231 0.04981 0.25653
v 0.09123 0.06103 0.23325
v 0.10069 0.04675 0.23911
v 0.09928 0.05878 0.21131
v 0.08359 0.07308 0.22018
v 0.09215 0.07425 0.19183
v 0.09986 0.06572 0.19019
v 0.09182 0.08192 0.17504
v 0.09955 0.07412 0.17294
v 0.09328 0.08950 0.15919
v 0.09943 0.08182 0.16058
v 0.08544 0.09636 0.15995
v 0.09254 0.10655 0.13507
v 0.10099 0.09900 0.13446
v 0.09202 0.11406 0.12040
v 0.10089 0.10675 0.11964
v 0.08754 0.12095 0.10883
v 0.10306 0.10881 0.10767
v 0.09110 0.12074 0.09611
v 0.09996 0.11366 0.09649
v 0.10825 0.10606 0.09582
v 0.10462 0.11042 0.08389
v 0.10011 0.11354 0.07192
v 0.10793 0.10636 0.07243
v 0.11212 0.10033 0.06345
v 0.10874 0.09860 0.04843
v 0.10080 0.10682 0.04875
v 0.09607 0.11462 0.05995
v 0.09228 0.11387 0.04807
v 0.09126 0.12063 0.07236
v 0.07844 0.12899 0.07212
v 0.08866 0.12312 0.08426
v 0.07908 0.12918 0.08876
v 0.07771 0.12825 0.10396
v 0.08014 0.12240 0.12071
v 0.08557 0.11136 0.13652
v 0.07619 0.09874 0.16859
v 0.08346 0.08964 0.17540
v 0.07598 0.09077 0.18652
v 0.08403 0.08228 0.19165
v 0.07570 0.08143 0.21477
v 0.08469 0.12206 0.05633
v 0.07209 0.12947 0.05575
v 0.07921 0.12153 0.04413
v 0.08095 0.11424 0.03105
v 0.06383 0.12971 0.04365
v 0.07015 0.12185 0.03280
v 0.07152 0.11372 0.02045
v 0.06372 0.11302 0.01322
v 0.07991 0.10513 0.01638
v 0.06420 0.10550 0.00459
v 0.08006 0.09361 0.00420
v 0.06522 0.09540 -0.00451
v 0.07970 0.08497 -0.00327
v 0.07134 0.08163 -0.01104
v 0.06532 0.07178 -0.02005
v 0.08136 0.03969 -0.02728
v 0.06550 0.04152 -0.03318
v 0.07459 0.03312 -0.03500
v 0.08261 0.02421 -0.03827
v 0.08308 0.01721 -0.04341
v 0.06952 0.02068 -0.04419
v 0.06818 0.00858 -0.05029
v 0.08434 0.00420 -0.05222
v 0.07549 0.00212 -0.05484
v 0.07887 -0.00745 -0.06501
v 0.06818 -0.00590 -0.06814
v 0.08349 -0.02780 -0.07531
v 0.08631 -0.03829 -0.07652
v 0.09212 -0.02634 -0.06880
v 0.08582 -0.04508 -0.07805
v 0.08521 -0.05317 -0.07875
v 0.08503 -0.06117 -0.07808
v 0.09150 -0.07401 -0.07244
v 0.07885 -0.06860 -0.07880
v 0.08872 -0.08714 -0.06764
v 0.09269 -0.09485 -0.06069
v 0.08378 -0.09847 -0.06097
v 0.09215 -0.10751 -0.04873
v 0.08410 -0.11063 -0.04798
v 0.08466 -0.11842 -0.03617
v 0.09212 -0.11892 -0.03165
v 0.08435 -0.12529 -0.02292
v 0.09474 -0.12603 -0.01415
v 0.07930 -0.13187 -0.00763
v 0.09192 -0.13145 0.00037
v 0.08415 -0.13498 0.00751
v 0.09253 -0.13462 0.01653
v 0.08025 -0.13874 0.02790
v 0.09929 -0.13306 0.02148
v 0.08871 -0.13778 0.03747
v 0.09982 -0.13415 0.04430
v 0.09918 -0.13317 0.06352
v 0.08775 -0.13756 0.05673
v 0.09204 -0.13444 0.07234
v 0.10012 -0.12979 0.08051
v 0.08820 -0.13101 0.09276
v 0.09955 -0.12548 0.09654
v 0.09232 -0.12606 0.10313
v 0.09753 -0.11932 0.11370
v 0.09540 -0.10851 0.13622
v 0.10734 -0.09401 0.14511
v 0.11108 -0.08582 0.15064
v 0.11565 -0.07760 0.15299
v 0.10843 -0.08174 0.16390
v 0.11608 -0.07040 0.16116
v 0.11184 -0.06990 0.17624
v 0.11576 -0.05863 0.18362
v 0.10976 -0.07178 0.18903
v 0.11584 -0.05778 0.19894
v 0.10881 -0.07360 0.19868
v 0.11697 -0.06028 0.22282
v 0.12214 -0.03861 0.22791
v 0.12354 -0.02164 0.22250
v 0.12192 0.01701 0.19015
v 0.11710 0.01411 0.23624
v 0.11672 0.03202 0.19687
v 0.12052 0.02703 0.18261
v 0.11418 0.04577 0.18149
v 0.11987 0.03416 0.17546
v 0.11595 0.05024 0.16771
v 0.12030 0.04559 0.16026
v 0.11532 0.06138 0.15574
v 0.12340 0.05388 0.14558
v 0.11752 0.07817 0.13404
v 0.12447 0.07033 0.12893
v 0.11704 0.08578 0.12462
v 0.11599 0.09322 0.11259
v 0.11613 0.09732 0.09621
v 0.12355 0.08552 0.10472
v 0.12515 0.08568 0.09246
v 0.12491 0.08655 0.08017
v 0.11617 0.09806 0.08037
v 0.11655 0.09049 0.05160
v 0.11671 0.08449 0.04101
v 0.10905 0.09081 0.03541
v 0.10811 0.08341 0.02452
v 0.10890 0.07066 0.01430
v 0.09981 0.08974 0.02038
v 0.10047 0.09846 0.03226
v 0.09206 0.10626 0.03213
v 0.08860 0.09756 0.01601
v 0.09178 0.08170 0.00440
v 0.08955 0.07177 -0.00439
v 0.08024 0.07081 -0.01175
v 0.09192 0.05282 -0.01210
v 0.08006 0.05239 -0.02045
v 0.09636 0.04203 -0.01583
v 0.09091 0.02749 -0.03111
v 0.10000 0.01342 -0.03697
v 0.09423 0.00360 -0.04877
v 0.10069 -0.00151 -0.04866
v 0.08397 -0.01306 -0.06638
v 0.10006 -0.01829 -0.06010
v 0.09981 -0.03446 -0.06750
v 0.10879 -0.03458 -0.06132
v 0.10502 -0.04603 -0.06705
v 0.10453 -0.05466 -0.06826
v 0.10662 -0.06201 -0.06633
v 0.11164 -0.06999 -0.06081
v 0.10093 -0.06707 -0.06946
v 0.10757 -0.08235 -0.05944
v 0.09950 -0.07743 -0.06725
v 0.10051 -0.08900 -0.06066
v 0.10779 -0.09379 -0.05124
v 0.09937 -0.10129 -0.05105
v 0.10779 -0.10184 -0.04331
v 0.09988 -0.11051 -0.03964
v 0.10789 -0.11046 -0.03188
v 0.10015 -0.11951 -0.02394
v 0.10819 -0.11869 -0.01573
v 0.10101 -0.12762 -0.00140
v 0.10774 -0.12493 0.00151
v 0.11190 -0.12575 0.01596
v 0.11631 -0.11881 0.00052
v 0.10805 -0.13014 0.03618
v 0.11561 -0.12542 0.03584
v 0.11528 -0.12519 0.05605
v 0.10897 -0.12862 0.06222
v 0.11998 -0.11940 0.07244
v 0.10758 -0.12509 0.08451
v 0.11593 -0.11812 0.08874
v 0.10766 -0.11776 0.10492
v 0.11706 -0.11126 0.10369
v 0.10842 -0.11036 0.11819
v 0.11694 -0.10294 0.11850
v 0.12315 -0.09494 0.12003
v 0.12313 -0.07736 0.13922
v 0.12692 -0.06535 0.14255
v 0.12385 -0.05952 0.15324
v 0.12042 -0.05790 0.16401
v 0.12332 -0.04261 0.16765
v 0.12477 -0.02533 0.17362
v 0.12245 -0.03210 0.18513
v 0.12418 -0.01705 0.18550
v 0.12441 -0.00336 0.18647
v 0.12463 0.00343 0.17952
v 0.12400 0.01435 0.17667
v 0.12578 0.02421 0.16009
v 0.12479 0.04193 0.15106
v 0.13068 0.05812 0.12652
v 0.13053 0.06538 0.11918
v 0.12509 0.07804 0.11626
v 0.13113 0.07069 0.10829
v 0.13207 0.07306 0.09587
v 0.13212 0.07397 0.08008
v 0.12319 0.08641 0.06495
v 0.12401 0.08174 0.05607
v 0.13103 0.06896 0.05612
v 0.13378 0.06901 0.07040
v 0.13715 0.05809 0.06420
v 0.14043 0.05343 0.08023
v 0.13993 0.05338 0.09570
v 0.13600 0.06566 0.08822
v 0.13652 0.06154 0.10030
v 0.14103 0.03851 0.10987
v 0.13678 0.05401 0.11233
v 0.13848 0.03725 0.12010
v 0.13679 0.03366 0.12600
v 0.14284 -0.00471 0.11900
v 0.13549 -0.01318 0.13846
v 0.12957 -0.05271 0.14463
v 0.14006 -0.06624 0.11577
v 0.13457 -0.07427 0.12128
v 0.12887 -0.08758 0.11907
v 0.13178 -0.09372 0.10482
v 0.13193 -0.10186 0.08870
v 0.13952 -0.08975 0.08951
v 0.13944 -0.09354 0.08098
v 0.14670 -0.08187 0.07262
v 0.14498 -0.07825 0.08837
v 0.14992 -0.06709 0.08218
v 0.14637 -0.06533 0.09926
v 0.14837 -0.05114 0.10204
v 0.15083 -0.04321 0.09586
v 0.15017 -0.01338 0.09663
v 0.14874 0.00303 0.09248
v 0.15031 -0.00027 0.08407
v 0.14705 0.01942 0.07839
v 0.14792 0.01246 0.05956
v 0.15314 -0.01156 0.06880
v 0.15500 -0.03458 0.07119
v 0.15490 -0.05048 0.06447
v 0.15317 -0.05052 0.08063
v 0.15230 -0.06667 0.06488
v 0.14769 -0.08324 0.05714
v 0.15087 -0.07466 0.04952
v 0.15560 -0.04563 0.05453
v 0.15515 -0.02748 0.05599
v 0.15190 -0.00762 0.04944
v 0.15103 -0.00007 0.06292
v 0.14478 0.02779 0.06618
v 0.14151 0.03267 0.05297
v 0.14010 0.04862 0.06472
v 0.14360 0.04004 0.08243
v 0.14303 0.03891 0.09799
v 0.14764 -0.01133 0.10592
v 0.14532 -0.02151 0.11570
v 0.14403 -0.03568 0.11864
v 0.14899 -0.03392 0.10443
v 0.14190 -0.05080 0.11983
v 0.13892 -0.08155 0.10411
v 0.13401 0.05564 0.04852
v 0.12464 0.07014 0.03962
v 0.12975 0.05491 0.03725
v 0.12548 0.04586 0.02235
v 0.13132 0.03822 0.02796
v 0.13037 0.02902 0.01701
v 0.12333 0.03500 0.00998
v 0.13188 0.00649 -0.00429
v 0.12466 0.01466 -0.00846
v 0.12441 -0.00157 -0.02430
v 0.13136 -0.01092 -0.02111
v 0.11684 0.00851 -0.02530
v 0.11574 0.03020 -0.00572
v 0.11635 0.04634 0.00885
v 0.11680 0.06905 0.02407
v 0.10000 0.07051 0.00434
v 0.09617 0.08606 0.01226
v 0.10909 0.04821 0.00118
v 0.10069 0.05340 -0.00431
v 0.10740 0.03071 -0.01485
v 0.09941 0.02943 -0.02332
v 0.10819 0.01172 -0.03162
v 0.10856 -0.00169 -0.04263
v 0.11651 -0.00929 -0.04047
v 0.10868 -0.01828 -0.05377
v 0.11603 -0.02587 -0.05106
v 0.11786 -0.03794 -0.05383
v 0.11504 -0.05024 -0.05925
v 0.11879 -0.06159 -0.05533
v 0.11684 -0.08276 -0.05011
v 0.11559 -0.09357 -0.04316
v 0.11659 -0.10247 -0.03207
v 0.12449 -0.09108 -0.03310
v 0.13176 -0.08654 -0.02355
v 0.13220 -0.07486 -0.03168
v 0.13063 -0.06282 -0.03866
v 0.12362 -0.07338 -0.04622
v 0.13050 -0.05428 -0.03982
v 0.13216 -0.04236 -0.03597
v 0.12453 -0.03466 -0.04489
v 0.13281 -0.02724 -0.02925
v 0.12382 -0.01952 -0.03850
v 0.13886 -0.05833 -0.02380
v 0.14173 -0.07068 -0.01202
v 0.14576 -0.05780 -0.00587
v 0.13918 -0.07820 -0.01343
v 0.13855 -0.08585 -0.00699
v 0.13860 -0.09156 0.00182
v 0.14027 -0.09444 0.01650
v 0.14480 -0.08256 0.01160
v 0.14916 -0.07502 0.02389
v 0.15318 -0.05052 0.02489
v 0.15490 -0.04215 0.03731
v 0.15203 -0.03453 0.02012
v 0.15365 -0.02345 0.03827
v 0.14898 -0.01344 0.02264
v 0.14889 -0.00091 0.03944
v 0.15373 -0.05863 0.03572
v 0.14397 0.01310 0.03661
v 0.13747 0.03161 0.03759
v 0.13600 0.02384 0.02449
v 0.14065 0.00515 0.01495
v 0.13867 -0.00160 0.00223
v 0.13903 -0.01149 -0.00609
v 0.14195 -0.02795 -0.01085
v 0.14011 -0.04280 -0.02065
v 0.14820 -0.03457 0.00423
v 0.14477 -0.04592 -0.00914
v 0.14916 -0.05877 0.00720
v 0.14906 -0.06708 0.01202
v 0.14972 -0.04575 0.00716
v 0.14744 -0.02178 0.00951
v 0.14434 -0.00788 0.01142
v 0.15296 -0.06621 0.04438
v 0.14747 -0.08324 0.03378
v 0.14502 -0.09011 0.04196
v 0.13875 -0.10119 0.04002
v 0.14043 -0.09818 0.05564
v 0.13888 -0.09907 0.06590
v 0.13219 -0.10586 0.07641
v 0.13129 -0.10962 0.06405
v 0.12457 -0.11077 0.08775
v 0.13211 -0.11020 0.04796
v 0.12417 -0.11842 0.05188
v 0.12413 -0.11823 0.03257
v 0.13200 -0.10986 0.03217
v 0.13243 -0.10648 0.01485
v 0.12302 -0.11712 0.01658
v 0.12481 -0.11112 0.00102
v 0.13192 -0.10186 -0.00011
v 0.13152 -0.09401 -0.01523
v 0.12442 -0.10520 -0.01388
v 0.11690 -0.11155 -0.01656
v 0.13905 -0.09902 0.02506
v 0.12518 -0.10303 0.10381
v 0.12218 -0.05032 -0.05143
v 0.15315 -0.03367 0.08608
v 0.15378 -0.02043 0.07679
v 0.13126 -0.04142 0.14563
v 0.13286 -0.02813 0.14449
v 0.13145 -0.00613 0.14817
v 0.13042 0.02491 0.14458
v 0.12605 0.03349 0.15302
v 0.13326 0.04720 0.12852
v 0.12756 0.00709 0.15949
v 0.12795 -0.01123 0.16009
v 0.12729 -0.02704 0.16056
v 0.12678 -0.04327 0.15627
v 0.12055 -0.04114 0.19258
v 0.11919 -0.05008 0.17972
v 0.11721 -0.05993 0.17281
v 0.10882 0.09851 0.12003
v 0.10858 0.09049 0.13437
v 0.10711 0.07639 0.15434
v 0.10727 0.06526 0.16951
v 0.10683 0.05078 0.20214
v 0.10751 0.04128 0.22486
v 0.10835 0.03033 0.24647
v 0.10058 0.03816 0.25711
v 0.10812 0.01835 0.26500
v 0.10681 0.00541 0.27987
v 0.10020 0.02112 0.28009
v 0.11013 -0.01033 0.28124
v 0.10716 -0.01883 0.28894
v 0.10840 -0.03333 0.28779
v 0.10510 -0.04245 0.29188
v 0.10830 -0.04998 0.28459
v 0.10802 -0.06635 0.27642
v 0.10715 -0.07975 0.26361
v 0.10851 -0.08207 0.24892
v 0.10825 -0.08225 0.22848
v 0.10768 -0.07727 0.17644
v 0.11216 -0.07385 0.22781
v 0.11575 -0.06516 0.24062
v 0.11544 -0.06366 0.25098
v 0.11240 -0.06594 0.26414
v 0.11749 -0.05164 0.25739
v 0.11405 -0.04957 0.27203
v 0.11499 -0.03771 0.27299
v 0.11545 -0.02684 0.27251
v 0.11616 -0.01046 0.26578
v 0.11209 0.00500 0.26733
v 0.11317 0.01414 0.25433
v 0.11677 0.00160 0.25470
v 0.11244 0.02965 0.22944
v 0.11994 0.00566 0.23182
v 0.12239 -0.00721 0.23000
v 0.12227 -0.02634 0.24051
v 0.11986 -0.05075 0.22844
v 0.11943 -0.05014 0.24429
v 0.11962 -0.04126 0.25469
v 0.11989 -0.02601 0.25655
v 0.11995 -0.00971 0.24982
v 0.11222 0.04229 0.19767
v 0.10767 0.05829 0.18093
v 0.08390 -0.11005 0.14558
v 0.07388 -0.11146 0.15497
v 0.08323 -0.11654 0.13101
v 0.07475 -0.11693 0.13596
v 0.08115 -0.12681 0.10939
v 0.08418 -0.13573 0.07708
v 0.07592 -0.13883 0.06392
v 0.07659 -0.13694 0.01231
v 0.06774 0.00078 -0.05815
v 0.06004 -0.00517 -0.07328
v 0.05063 0.00070 -0.07414
v 0.05218 -0.00498 -0.08602
v 0.05168 -0.00702 -0.09998
v 0.05154 -0.00757 -0.10803
v 0.05129 -0.00750 -0.11872
v 0.04462 0.00249 -0.10898
v 0.04401 0.00780 -0.13432
v 0.05558 -0.01362 -0.11114
v 0.04546 0.00345 -0.14827
v 0.04105 0.00985 -0.15600
v 0.03528 0.01751 -0.15427
v 0.03663 0.01980 -0.12628
v 0.02927 0.01925 -0.17574
v 0.03699 0.01004 -0.18288
v 0.02844 0.01030 -0.21586
v 0.02675 0.01702 -0.19509
v 0.02905 0.00236 -0.23779
v 0.02001 0.01001 -0.23608
v 0.01942 0.01619 -0.21631
v 0.01228 0.01877 -0.21745
v 0.01228 0.01170 -0.24218
v 0.04354 0.00094 -0.17897
v 0.02748 0.02537 -0.14649
v 0.03799 0.01830 -0.12036
v 0.04676 0.00190 -0.08378
v 0.09166 -0.01397 0.30788
v 0.09617 -0.02638 0.30456
v 0.07562 -0.11722 0.27272
v 0.08038 -0.01694 0.31807
v 0.06010 -0.08521 -0.07394
v 0.05882 -0.07745 -0.08378
v 0.06003 -0.07044 -0.09206
v 0.06135 -0.06299 -0.09995
v 0.06625 -0.05421 -0.09828
v 0.06768 -0.04604 -0.09894
v 0.06359 -0.03805 -0.11033
v 0.06302 -0.04578 -0.11146
v 0.06079 -0.05449 -0.11259
v 0.05826 -0.06165 -0.10965
v 0.04464 -0.07946 -0.19730
v 0.05106 -0.06980 -0.20973
v 0.04454 -0.07815 -0.22248
v 0.05322 -0.06335 -0.21887
v 0.05029 -0.06163 -0.24741
v 0.05129 -0.05451 -0.24895
v 0.05422 -0.04628 -0.23217
v 0.05110 -0.04565 -0.24980
v 0.04508 -0.02980 -0.25430
v 0.04410 -0.03857 -0.27219
v 0.04393 -0.04570 -0.27983
v 0.04565 -0.07063 -0.25481
v 0.04290 -0.07702 -0.24583
v 0.03558 -0.08586 -0.23733
v 0.03744 -0.07922 -0.26741
v 0.04047 -0.07009 -0.28005
v 0.04287 -0.06232 -0.28226
v 0.04456 -0.05420 -0.28001
v 0.03473 -0.07667 -0.28641
v 0.05513 -0.05426 -0.22172
v 0.05799 -0.04616 -0.19915
v 0.03673 -0.08666 -0.19907
v 0.01137 -0.09367 -0.27437
v 0.01265 -0.09550 -0.25651
v 0.01187 -0.09752 -0.22390
v 0.01204 -0.09704 -0.18018
v -0.01940 0.01696 -0.21349
v -0.01208 0.01707 -0.22393
v -0.01996 0.00942 -0.23826
v -0.01194 0.00975 -0.24821
v -0.02027 0.00218 -0.25709
v -0.02082 -0.00492 -0.27170
v -0.01214 0.00068 -0.27089
v -0.01985 -0.01451 -0.28931
v -0.01205 -0.00703 -0.28616
v -0.01111 -0.01445 -0.29866
v -0.02019 -0.02542 -0.30361
v -0.01221 -0.02734 -0.31416
v -0.02010 -0.03884 -0.32186
v -0.01225 -0.03972 -0.32968
v -0.01873 -0.04648 -0.33059
v -0.02022 -0.05340 -0.33284
v -0.01197 -0.05385 -0.34028
v -0.01198 -0.04610 -0.33587
v -0.02010 -0.06305 -0.33300
v -0.01227 -0.06268 -0.34060
v -0.02044 -0.07070 -0.32773
v -0.01238 -0.07189 -0.33500
v -0.01275 -0.07854 -0.32548
v -0.02026 -0.07820 -0.31679
v -0.01207 -0.08477 -0.31198
v -0.01943 -0.08466 -0.30230
v -0.01169 -0.09001 -0.29393
v -0.02125 -0.08704 -0.28997
v -0.02722 -0.08488 -0.28348
v -0.01971 -0.09293 -0.26057
v -0.03733 -0.08029 -0.26346
v -0.02971 -0.08774 -0.25855
v -0.02776 -0.09178 -0.22712
v -0.03592 -0.08586 -0.23288
v -0.03661 -0.08672 -0.19983
v -0.02784 -0.09179 -0.18324
v -0.03551 -0.08618 -0.16084
v -0.02800 -0.08976 -0.15244
v -0.02738 -0.08592 -0.11193
v -0.03647 -0.08218 -0.12553
v -0.02090 -0.08810 -0.11055
v -0.02008 -0.08742 -0.09321
v -0.01223 -0.08850 -0.09648
v -0.01917 -0.08825 -0.07975
v -0.00882 -0.09207 -0.05297
v -0.01431 -0.09685 -0.04006
v -0.02392 -0.10216 -0.03551
v -0.01242 -0.10300 -0.02436
v -0.01950 -0.09284 -0.14884
v -0.01186 -0.09440 -0.14475
v -0.02019 -0.09474 -0.17870
v -0.01196 -0.09747 -0.19207
v -0.02127 -0.09502 -0.20036
v -0.01202 -0.09719 -0.23302
v -0.02125 -0.09471 -0.22692
v -0.01311 -0.09463 -0.26374
v -0.04303 -0.07733 -0.11794
v -0.04349 -0.07739 -0.13513
v -0.05077 -0.06901 -0.13032
v -0.04473 -0.07878 -0.16715
v -0.05155 -0.06994 -0.16332
v -0.05142 -0.07009 -0.19900
v -0.04494 -0.07915 -0.19235
v -0.04447 -0.07858 -0.21804
v -0.05183 -0.06219 -0.23534
v -0.05035 -0.06892 -0.22413
v -0.05489 -0.06234 -0.19899
v -0.05628 -0.05435 -0.21004
v -0.05844 -0.04615 -0.19293
v -0.05632 -0.03833 -0.21061
v -0.05538 -0.03052 -0.20168
v -0.05530 -0.02238 -0.17384
v -0.05106 -0.01420 -0.17572
v -0.05842 -0.03022 -0.16723
v -0.05967 -0.03814 -0.16744
v -0.05821 -0.05432 -0.17578
v -0.05567 -0.06232 -0.17071
v -0.04461 0.00310 -0.15907
v -0.04040 0.00997 -0.16067
v -0.03535 0.01724 -0.15569
v -0.04271 0.00989 -0.13695
v -0.03655 0.01927 -0.13075
v -0.03815 0.01790 -0.12017
v -0.03604 0.02316 -0.10043
v -0.03616 0.02591 -0.08599
v -0.04295 0.00816 -0.08508
v -0.04462 0.00250 -0.09548
v -0.04322 0.00453 -0.10395
v -0.05301 -0.01113 -0.11963
v -0.05115 -0.00727 -0.11027
v -0.04635 0.00316 -0.13448
v -0.04044 0.01856 -0.07934
v -0.04331 0.00020 -0.18313
v -0.04264 -0.00609 -0.20735
v -0.03766 0.00286 -0.20643
v -0.02868 0.01051 -0.21406
v -0.03550 0.00908 -0.19378
v -0.02726 0.01746 -0.19115
v -0.02895 0.00283 -0.23687
v -0.03699 -0.00627 -0.23339
v -0.02925 -0.00496 -0.25444
v -0.03544 -0.01485 -0.25588
v -0.04295 -0.03045 -0.26315
v -0.02824 -0.01546 -0.27574
v -0.03738 -0.03007 -0.27857
v -0.03576 -0.03792 -0.29455
v -0.02833 -0.02749 -0.29402
v -0.03498 -0.04568 -0.30415
v -0.02853 -0.03794 -0.30893
v -0.03309 -0.05400 -0.31217
v -0.03772 -0.06234 -0.29931
v -0.03533 -0.06922 -0.29888
v -0.02873 -0.07015 -0.31386
v -0.02722 -0.07739 -0.30554
v -0.03491 -0.07681 -0.28559
v -0.04245 -0.06950 -0.27338
v -0.04531 -0.06266 -0.27165
v -0.04159 -0.05418 -0.29026
v -0.04204 -0.04595 -0.28587
v -0.04328 -0.03815 -0.27433
v -0.04447 -0.01815 -0.22990
v -0.05069 -0.03020 -0.23117
v -0.05024 -0.03816 -0.24724
v -0.04983 -0.04585 -0.25654
v -0.04960 -0.05406 -0.25824
v -0.05314 -0.05480 -0.23656
v -0.04514 -0.07143 -0.25442
v -0.04298 -0.07744 -0.24257
v -0.05508 -0.04618 -0.22598
v -0.05167 -0.02276 -0.20490
v -0.02805 -0.06212 -0.32133
v -0.02677 -0.05407 -0.32384
v -0.02699 -0.04565 -0.31935
v -0.01194 -0.11354 -0.00262
v -0.01086 -0.11837 0.01148
v -0.01207 -0.11789 0.11078
v -0.02620 -0.12034 0.11886
v -0.02024 -0.11766 0.12930
v -0.02074 -0.11793 0.14080
v -0.02070 -0.11939 0.15042
v -0.01684 -0.12411 0.16489
v -0.01631 -0.13592 0.19247
v -0.00773 -0.15009 0.24431
v -0.01614 -0.14849 0.25630
v -0.01580 -0.14124 0.28043
v -0.01619 -0.13433 0.29237
v -0.01209 -0.12469 0.30552
v -0.02389 -0.12664 0.30057
v -0.00826 -0.11133 0.31785
v -0.01615 -0.08910 0.33058
v -0.01521 -0.07479 0.33647
v -0.01859 -0.05829 0.34052
v -0.02732 -0.04357 0.34129
v -0.01137 -0.03412 0.34393
v -0.02259 -0.02513 0.34262
v -0.01555 -0.01676 0.34304
v -0.01609 -0.00136 0.34065
v -0.01598 0.01399 0.33659
v -0.01645 0.02526 0.33213
v -0.00792 0.04163 0.32440
v -0.02429 0.05000 0.31620
v -0.02339 0.05879 0.30887
v -0.01174 0.06412 0.30593
v -0.02388 0.06626 0.30081
v -0.01617 0.07391 0.29289
v -0.02351 0.08099 0.27924
v -0.01638 0.09028 0.26234
v -0.01574 0.09947 0.23669
v -0.00792 0.11212 0.19658
v -0.01717 0.11559 0.18405
v -0.01592 0.12221 0.16845
v -0.01650 0.13630 0.14090
v -0.01762 0.14137 0.12865
v -0.01532 0.14944 0.08021
v -0.00820 0.10660 -0.01276
v -0.01516 0.08675 -0.02684
v -0.01539 0.07204 -0.03443
v -0.01138 0.04999 -0.05041
v -0.01162 0.04541 -0.06322
v -0.01214 0.04186 -0.07812
v -0.01171 0.03747 -0.10499
v -0.01174 0.03359 -0.13745
v -0.03950 0.02591 -0.07144
v -0.03631 0.04201 -0.04406
v -0.03892 0.11271 -0.00050
v -0.04012 0.12213 0.01193
v -0.05280 0.01901 -0.05262
v -0.05239 0.00230 -0.06828
v -0.06298 -0.04578 -0.11151
v -0.03367 -0.13327 0.06803
v -0.04087 -0.13458 0.07449
v -0.03221 -0.13337 0.05509
v -0.03381 -0.13353 0.04055
v -0.05519 -0.11781 0.17433
v -0.06421 -0.12515 0.21031
v -0.06819 -0.12680 0.22525
v -0.05909 -0.13265 0.22579
v -0.05990 -0.13424 0.23972
v -0.07181 -0.12662 0.24426
v -0.05995 -0.13395 0.25142
v -0.06828 -0.12609 0.26457
v -0.05524 -0.13282 0.26861
v -0.06253 -0.12531 0.27631
v -0.05559 -0.12563 0.28376
v -0.06749 -0.11759 0.28370
v -0.06437 -0.10601 0.30058
v -0.06383 -0.09786 0.30778
v -0.05576 -0.09365 0.31551
v -0.06458 -0.08372 0.31608
v -0.05976 -0.07421 0.32305
v -0.06518 -0.06535 0.32324
v -0.06849 -0.05026 0.32487
v -0.05584 -0.05005 0.33148
v -0.05910 -0.03415 0.33144
v -0.07175 -0.02681 0.32470
v -0.06335 -0.00026 0.32587
v -0.06219 0.01321 0.32206
v -0.06702 0.02144 0.31550
v -0.05710 0.03073 0.31651
v -0.07292 -0.01653 0.32319
v -0.07295 -0.04136 0.32342
v -0.11467 0.03927 0.19238
v -0.11224 0.02953 0.23049
v -0.11301 0.01797 0.24899
v -0.11691 0.00616 0.24880
v -0.11473 0.00566 0.25846
v -0.11580 -0.01004 0.26659
v -0.11496 -0.02239 0.27305
v -0.11518 -0.03276 0.27314
v -0.11221 -0.05018 0.27614
v -0.11549 -0.05387 0.26407
v -0.10808 -0.06621 0.27632
v -0.11238 -0.06594 0.26410
v -0.11497 -0.06595 0.24900
v -0.11882 -0.05088 0.24918
v -0.12126 -0.03512 0.24617
v -0.12054 -0.02655 0.25307
v -0.11700 -0.04275 0.26533
v -0.11846 -0.01781 0.26043
v -0.11998 -0.00987 0.24953
v -0.11963 0.00625 0.23306
v -0.12128 -0.04264 0.23444
v -0.11788 -0.05839 0.23485
v -0.11290 -0.07229 0.22892
v -0.08446 -0.10287 0.18789
v -0.08499 -0.10192 0.17632
v -0.08459 0.05851 0.25614
v -0.08412 0.04996 0.27273
f 4 13 3
f 4 3 5
f 5 6 11
f 6 7 9
f 7 8 9
f 11 12 4
f 13 12 2153
f 15 14 16
f 23 24 25
f 33 32 28
f 27 34 33
f 24 35 34
f 85 35 83
f 36 37 38
f 39 38 37
f 41 40 39
f 42 41 43
f 76 43 44
f 48 45 46
f 69 46 49
f 50 51 49
f 53 49 52
f 55 52 54
f 56 58 57
f 58 60 59
f 60 61 62
f 59 62 65
f 57 65 66
f 55 66 67
f 67 53 55
f 69 68 70
f 48 71 72
f 72 74 48
f 75 76 74
f 78 75 77
f 78 77 79
f 38 80 81
f 83 82 84
f 83 84 85
f 86 2137 87
f 89 91 88
f 90 92 130
f 94 90 98
f 32 88 94
f 95 31 94
f 2104 99 100
f 110 109 108
f 121 110 108
f 114 112 113
f 115 379 114
f 113 116 115
f 117 116 113
f 118 117 119
f 120 118 119
f 121 120 119
f 125 127 126
f 127 125 128
f 129 102 99
f 102 129 128
f 130 131 127
f 132 126 131
f 611 136 135
f 135 137 611
f 134 133 138
f 2146 145 620
f 146 2127 147
f 489 148 149
f 152 150 151
f 155 156 154
f 159 637 158
f 160 159 158
f 160 162 161
f 165 166 317
f 169 317 166
f 169 166 167
f 170 169 168
f 316 170 172
f 8 316 171
f 9 171 51
f 9 51 10
f 173 172 167
f 56 173 167
f 173 56 54
f 51 173 52
f 171 172 51
f 8 174 298
f 8 7 174
f 175 174 7
f 177 178 293
f 2124 289 291
f 289 2124 180
f 181 2121 183
f 183 184 181
f 186 187 185
f 187 2118 188
f 190 2113 191
f 192 191 2113
f 193 194 195
f 2109 196 195
f 2107 197 196
f 200 201 270
f 204 2099 205
f 208 209 259
f 210 211 209
f 213 214 2096
f 219 218 370
f 219 221 220
f 221 222 220
f 221 223 222
f 223 224 222
f 224 225 241
f 226 227 241
f 227 226 228
f 228 230 229
f 232 231 230
f 229 230 231
f 232 233 234
f 237 234 236
f 231 237 238
f 229 231 238
f 239 229 238
f 227 239 240
f 241 227 240
f 243 241 242
f 1952 243 242
f 222 243 1952
f 222 1952 244
f 245 246 247
f 248 245 247
f 249 251 252
f 256 255 254
f 258 257 2042
f 262 261 2045
f 262 2045 263
f 264 263 265
f 264 265 266
f 267 264 266
f 268 267 266
f 270 269 271
f 272 270 271
f 273 197 272
f 279 277 278
f 277 279 191
f 280 191 279
f 284 283 2057
f 287 184 286
f 290 289 288
f 291 289 290
f 291 290 2066
f 292 2066 2067
f 2067 2069 292
f 293 292 2069
f 295 294 2071
f 298 296 297
f 301 300 299
f 306 304 305
f 308 306 305
f 170 316 300
f 298 300 316
f 315 314 169
f 314 313 317
f 318 317 313
f 318 319 164
f 321 319 320
f 323 324 325
f 665 327 328
f 665 328 329
f 331 719 332
f 333 332 719
f 713 338 337
f 341 339 340
f 340 343 342
f 343 345 344
f 674 344 345
f 674 345 346
f 347 346 348
f 350 349 348
f 352 351 349
f 354 356 355
f 358 357 356
f 355 356 357
f 357 358 359
f 230 360 359
f 225 365 364
f 365 225 223
f 366 223 221
f 369 370 371
f 375 374 213
f 379 378 210
f 109 112 381
f 382 383 377
f 386 385 384
f 385 687 384
f 687 387 389
f 387 388 389
f 388 686 389
f 686 390 391
f 391 392 393
f 396 397 398
f 681 399 680
f 405 404 403
f 404 405 406
f 407 406 405
f 433 409 408
f 410 672 409
f 672 410 671
f 411 671 410
f 413 412 411
f 412 413 670
f 414 670 413
f 414 669 670
f 415 669 414
f 666 416 424
f 417 420 419
f 425 424 416
f 426 414 427
f 430 431 432
f 432 431 433
f 441 442 443
f 444 441 443
f 444 443 445
f 444 445 446
f 446 445 447
f 449 448 447
f 454 453 455
f 464 463 462
f 464 465 463
f 466 467 465
f 469 468 467
f 470 471 468
f 474 473 471
f 475 473 474
f 476 477 475
f 480 479 478
f 486 152 154
f 152 486 487
f 489 488 490
f 636 496 495
f 609 500 499
f 497 503 502
f 493 492 505
f 578 579 506
f 491 507 578
f 509 576 508
f 484 511 510
f 511 512 514
f 482 512 511
f 513 512 480
f 512 513 514
f 514 513 515
f 518 516 515
f 517 516 472
f 516 474 472
f 521 519 469
f 521 520 519
f 523 461 459
f 634 523 524
f 529 528 530
f 526 529 531
f 532 533 531
f 538 541 539
f 543 542 541
f 551 550 549
f 552 555 546
f 553 534 554
f 552 554 555
f 551 555 556
f 550 556 557
f 549 560 561
f 563 561 562
f 564 565 566
f 567 564 566
f 577 570 568
f 571 570 577
f 572 571 573
f 574 576 510
f 575 540 542
f 511 514 575
f 508 576 577
f 579 577 568
f 569 566 504
f 505 579 569
f 570 572 545
f 568 566 569
f 565 563 502
f 563 501 502
f 501 563 562
f 581 560 582
f 584 582 583
f 585 584 583
f 591 592 116
f 594 595 596
f 597 598 596
f 451 600 599
f 598 599 600
f 601 450 599
f 602 585 601
f 558 604 583
f 558 453 604
f 604 452 603
f 604 603 585
f 601 603 450
f 597 601 599
f 592 594 605
f 606 592 605
f 592 606 115
f 497 136 611
f 137 496 611
f 496 137 495
f 612 613 495
f 620 146 621
f 487 150 152
f 490 622 489
f 626 493 613
f 627 615 616
f 624 619 621
f 627 618 619
f 627 624 625
f 142 617 616
f 628 139 140
f 628 614 139
f 627 616 617
f 616 615 628
f 626 613 615
f 493 495 613
f 614 612 138
f 136 498 609
f 499 580 589
f 591 588 593
f 588 587 593
f 589 581 587
f 500 562 580
f 581 580 561
f 581 561 560
f 549 563 548
f 564 547 548
f 567 547 564
f 546 551 547
f 545 546 567
f 546 544 552
f 630 631 536
f 633 632 631
f 635 526 531
f 635 632 634
f 535 536 631
f 537 629 536
f 534 533 555
f 533 632 635
f 532 531 529
f 528 527 455
f 529 526 528
f 527 525 456
f 526 634 524
f 633 520 522
f 521 466 520
f 464 520 466
f 630 520 631
f 630 519 520
f 521 469 466
f 469 519 470
f 629 517 519
f 519 517 470
f 629 516 517
f 517 472 470
f 540 514 515
f 476 513 480
f 509 485 510
f 509 510 576
f 493 504 494
f 636 503 497
f 503 565 502
f 501 498 502
f 497 502 498
f 498 501 500
f 562 500 501
f 609 498 500
f 136 497 498
f 497 611 496
f 636 494 503
f 509 488 487
f 509 487 486
f 484 485 483
f 481 482 483
f 157 481 483
f 481 637 479
f 478 638 639
f 641 423 640
f 639 643 642
f 645 642 643
f 645 644 642
f 427 647 644
f 647 471 644
f 646 427 644
f 642 644 473
f 640 643 639
f 638 641 639
f 648 422 641
f 479 480 482
f 478 639 477
f 477 642 475
f 476 475 518
f 642 473 475
f 471 473 644
f 472 474 471
f 471 647 468
f 647 649 468
f 468 469 470
f 468 649 467
f 649 650 467
f 465 650 434
f 650 432 434
f 469 467 466
f 650 465 467
f 465 464 466
f 434 463 465
f 435 651 463
f 460 441 458
f 458 441 444
f 462 463 651
f 523 459 457
f 525 457 456
f 527 456 455
f 446 454 458
f 455 458 454
f 528 455 453
f 453 454 452
f 603 452 450
f 599 450 451
f 390 449 652
f 450 448 449
f 449 447 652
f 652 447 653
f 447 448 446
f 445 653 447
f 445 654 653
f 458 444 446
f 443 654 445
f 443 655 654
f 442 655 443
f 442 656 655
f 407 660 436
f 407 405 660
f 657 658 661
f 439 440 460
f 437 659 438
f 651 435 438
f 434 435 463
f 436 434 432
f 433 407 432
f 431 409 433
f 650 430 432
f 650 649 430
f 431 429 410
f 431 430 429
f 649 647 428
f 427 413 429
f 427 429 428
f 647 427 428
f 646 426 427
f 646 425 426
f 425 645 424
f 645 643 424
f 424 643 418
f 418 643 423
f 640 423 643
f 322 663 162
f 421 662 664
f 419 664 327
f 666 417 665
f 418 423 420
f 668 416 667
f 415 425 416
f 668 332 669
f 415 414 426
f 669 334 670
f 414 413 427
f 670 336 412
f 410 429 413
f 412 338 411
f 672 671 342
f 410 409 431
f 672 673 408
f 675 406 674
f 676 677 404
f 679 355 357
f 682 678 677
f 405 403 660
f 656 399 398
f 681 363 398
f 655 656 398
f 654 397 394
f 653 654 394
f 395 684 393
f 392 653 394
f 652 653 392
f 390 652 392
f 388 600 390
f 596 385 386
f 376 383 375
f 389 369 372
f 686 369 389
f 683 363 364
f 363 681 361
f 680 360 681
f 681 360 361
f 357 359 360
f 691 689 692
f 695 1977 694
f 697 698 696
f 699 352 694
f 700 701 1995
f 350 702 701
f 703 704 702
f 703 705 1991
f 704 703 1991
f 707 706 705
f 715 714 336
f 337 336 714
f 716 715 336
f 716 335 717
f 719 718 333
f 2090 720 721
f 328 722 2091
f 723 324 724
f 725 724 324
f 323 310 725
f 310 726 725
f 728 780 729
f 730 731 732
f 741 739 740
f 743 745 744
f 746 744 745
f 746 745 747
f 754 752 753
f 759 758 757
f 760 886 887
f 766 764 765
f 768 767 766
f 774 1193 2080
f 777 776 731
f 781 779 780
f 785 1158 784
f 792 791 2074
f 796 794 795
f 802 803 801
f 803 805 804
f 807 809 808
f 819 820 818
f 822 1186 2048
f 826 827 825
f 829 830 828
f 832 833 834
f 834 835 836
f 837 838 839
f 843 844 845
f 846 845 844
f 845 846 1037
f 854 855 853
f 857 858 855
f 859 860 858
f 861 862 860
f 863 862 861
f 863 864 862
f 865 864 863
f 883 882 881
f 890 889 888
f 892 893 1863
f 899 901 900
f 902 901 896
f 902 896 903
f 902 903 905
f 902 905 904
f 900 906 907
f 906 909 908
f 910 909 906
f 917 918 1469
f 920 1464 1466
f 921 922 1462
f 923 924 1459
f 924 925 1459
f 927 930 929
f 932 931 1115
f 1117 934 933
f 1117 935 934
f 936 939 937
f 1122 942 940
f 1357 945 946
f 1355 1357 947
f 1353 1355 948
f 951 950 949
f 950 951 952
f 953 954 955
f 958 960 959
f 961 963 962
f 965 964 962
f 966 965 967
f 969 971 970
f 973 972 971
f 970 971 972
f 979 976 977
f 975 980 978
f 984 983 982
f 984 985 983
f 985 986 1330
f 988 990 989
f 989 990 991
f 999 1000 1001
f 1002 1004 1003
f 1004 1006 1003
f 1003 1006 1005
f 1006 1007 1005
f 1005 1007 1008
f 1013 1014 1012
f 1214 1016 1015
f 1017 1019 1018
f 1019 1021 1018
f 1022 1023 1277
f 1024 1023 1025
f 1027 1026 1024
f 1029 1027 1028
f 1031 1030 1027
f 1033 1032 1034
f 849 1033 1034
f 1035 849 1034
f 1040 1039 1038
f 1043 1039 1040
f 1043 1040 1041
f 1043 1042 1044
f 1209 1044 1042
f 1052 1051 993
f 1053 1052 993
f 1055 1054 1053
f 1056 1055 1057
f 1059 1058 1056
f 1062 1061 984
f 1062 984 1064
f 1062 1064 1063
f 1065 1063 1064
f 1072 1071 1204
f 1074 1182 1073
f 1076 1075 1074
f 1078 1077 1076
f 1173 1085 1172
f 1090 1089 1088
f 1089 1090 1091
f 1168 1092 1093
f 1094 1093 1095
f 1097 1099 1098
f 1098 1099 1100
f 1103 1102 1101
f 1108 1106 1107
f 1108 1109 1110
f 1113 1111 1112
f 1112 1111 1114
f 1109 1114 1111
f 1109 1116 1115
f 1107 1118 1117
f 1120 1101 1121
f 1122 1121 1101
f 1099 1123 1122
f 1120 1121 939
f 1119 1120 936
f 1118 1119 935
f 1116 1117 933
f 1112 1114 928
f 1132 1131 917
f 1133 916 1134
f 1134 1135 1136
f 1138 1137 1136
f 903 1139 1137
f 1139 1140 1136
f 1140 1139 1141
f 1140 1141 1142
f 1133 1140 1142
f 1132 1144 1145
f 1148 1150 1149
f 1153 1154 1125
f 1157 1156 1113
f 1160 1108 786
f 789 1161 1160
f 789 1162 1161
f 1164 1100 1102
f 1164 1098 1100
f 1165 1098 1164
f 794 1094 1166
f 794 1167 1094
f 1169 798 1091
f 1170 1089 800
f 1171 804 1172
f 1183 816 1072
f 1184 1072 816
f 818 1185 1070
f 1187 823 1063
f 825 1188 1062
f 1189 828 1058
f 831 832 1054
f 1157 1113 1155
f 776 1152 1151
f 1150 776 1149
f 774 1150 1148
f 1194 1196 1197
f 1196 1199 892
f 1139 1136 1137
f 913 1138 1136
f 1140 1134 1136
f 1133 1134 1140
f 1143 916 1133
f 1132 916 1143
f 1145 1131 1132
f 1146 1131 1145
f 1146 1130 1131
f 1149 1151 1128
f 1127 1151 1126
f 924 1126 1125
f 925 924 1124
f 1155 1124 1154
f 1158 1159 1110
f 1159 1108 1110
f 1108 1107 1116
f 1101 1099 1122
f 1097 1123 1099
f 1123 944 941
f 1097 1096 944
f 1165 1166 1097
f 945 944 1095
f 1167 1168 1094
f 1093 947 946
f 947 1092 948
f 1092 1169 1091
f 1090 948 1092
f 948 1090 1200
f 1200 1088 951
f 1170 1088 1089
f 1170 1087 1088
f 1087 951 1088
f 1201 952 951
f 1087 1201 951
f 1171 1087 1170
f 1171 1086 1087
f 1086 1201 1087
f 1085 955 954
f 1202 957 956
f 957 1083 958
f 1086 1171 1172
f 1086 1085 954
f 1083 1084 1175
f 1083 1082 960
f 1176 1081 1082
f 960 1081 1203
f 1178 1079 1080
f 1079 1178 1077
f 1074 967 965
f 1074 1181 1182
f 1072 1184 1071
f 1204 1071 971
f 1184 1070 1071
f 980 1064 982
f 1185 1068 1069
f 1069 1068 975
f 1185 1066 1068
f 1066 1187 1065
f 980 1067 1065
f 1062 1188 1061
f 1061 1060 985
f 1060 1189 1059
f 1058 1190 1056
f 1190 1191 1055
f 1056 1190 1055
f 1205 1206 997
f 1051 1205 995
f 1052 1050 1051
f 1051 1050 1205
f 1205 1049 1206
f 1048 1207 1206
f 1208 1044 1045
f 1045 1046 1047
f 1207 1047 1046
f 1045 1044 1209
f 1044 1208 1210
f 1044 1210 1043
f 1210 1211 1043
f 1209 1042 1004
f 1043 1211 1039
f 1041 1040 1212
f 1212 1040 1038
f 847 1036 1037
f 847 1035 1036
f 1038 1036 1013
f 1035 1034 1213
f 1032 1031 1214
f 1214 1031 1029
f 1215 1216 1030
f 1215 1905 1216
f 1026 1216 1218
f 1222 1223 1221
f 1227 1228 1226
f 1226 1228 1229
f 1228 1230 1229
f 1235 1236 1237
f 1235 1237 1238
f 1237 1240 1238
f 1239 1241 1242
f 1241 1243 1242
f 1243 1246 1245
f 1244 1243 1245
f 1242 1248 1249
f 1250 1239 1249
f 1239 1250 1238
f 1238 1250 1251
f 1229 1253 1254
f 1226 1254 1255
f 1254 1256 1255
f 1254 1257 1256
f 1890 1259 1260
f 1888 1262 1263
f 1264 1263 1265
f 1888 1264 1266
f 1270 1267 1271
f 1274 1278 1275
f 1284 1278 1285
f 1279 1286 1285
f 1286 1279 1287
f 1286 1287 1288
f 1291 1289 1292
f 1840 1294 1293
f 1298 1297 1299
f 1304 1488 1305
f 1305 1307 1306
f 1870 1306 1307
f 1322 996 1321
f 1325 1324 1323
f 1326 1324 1325
f 991 1326 1327
f 989 991 1327
f 1328 989 1327
f 987 1328 1832
f 987 1832 1329
f 1332 1335 1334
f 981 1334 1336
f 1383 981 1336
f 1338 969 970
f 1339 968 1338
f 966 1339 1340
f 964 966 1340
f 964 1340 1341
f 1345 1344 1343
f 1344 1345 1346
f 1349 1350 953
f 1351 953 1350
f 950 953 1351
f 950 1352 1353
f 1354 1353 1352
f 1353 1354 1355
f 1358 1357 1356
f 1358 1356 1359
f 1356 1365 1364
f 1354 1366 1365
f 1373 1372 1374
f 1375 1374 1376
f 1381 1379 1380
f 1379 1381 1377
f 1384 1386 1385
f 1388 1390 1389
f 1394 1392 1393
f 1389 1395 1396
f 1397 1386 1396
f 1375 1401 1402
f 1373 1403 1404
f 1405 1371 1404
f 1408 1407 1409
f 1409 1410 1408
f 1410 1797 1411
f 1412 1411 1797
f 1412 1794 1414
f 1414 1416 1415
f 1420 1415 1417
f 1419 1422 1421
f 1421 1424 1423
f 1435 1437 1436
f 1440 1438 1439
f 1445 1443 1444
f 1432 1445 1446
f 1432 1446 1447
f 1447 1448 1430
f 937 1425 1449
f 937 1450 1425
f 1450 1451 1425
f 1450 1452 1451
f 940 1454 1452
f 937 1449 934
f 931 1446 930
f 1460 1457 1458
f 1460 1459 1457
f 1459 1456 1457
f 1461 1460 1458
f 1465 1466 1464
f 1466 1467 1468
f 1469 1468 1558
f 1469 1558 1560
f 914 1469 1560
f 914 1560 1470
f 1471 914 1470
f 1473 911 1472
f 1477 1476 1474
f 1478 1477 1479
f 1481 1295 1566
f 1481 1483 1482
f 1486 1487 1488
f 1305 1488 1487
f 1491 1489 1490
f 1492 1491 1490
f 1494 1493 1492
f 1495 1494 1492
f 1496 1494 1495
f 1497 1496 1495
f 1498 1496 1497
f 1499 1498 1497
f 1500 1498 1499
f 1502 1500 1501
f 1506 1507 1505
f 1508 1507 1506
f 1509 1508 1506
f 1510 1509 1511
f 1512 1510 1511
f 1513 1512 1511
f 1392 1514 1393
f 1394 1515 1516
f 1518 1517 1519
f 1520 1519 1786
f 1521 1520 1786
f 1808 1806 1524
f 1529 1821 1528
f 1533 1532 1530
f 1532 1535 1534
f 1535 1536 1534
f 1539 1538 1536
f 1540 1538 1539
f 1616 1541 1540
f 1541 1543 1542
f 1544 1545 1542
f 1439 1438 1547
f 1550 1548 1690
f 1550 1552 1553
f 1439 1553 1440
f 1440 1553 1554
f 1442 1554 1458
f 1554 1463 1458
f 1555 1463 1554
f 1465 1555 1692
f 1465 1692 1556
f 1557 1467 1556
f 1558 1557 1559
f 1558 1559 1560
f 1560 1559 1561
f 1562 1470 1561
f 1470 1562 1473
f 1562 1696 1563
f 1564 1562 1563
f 1564 1563 1565
f 1566 1567 1483
f 1483 1567 1568
f 1572 1573 1574
f 1576 1575 1577
f 1577 1575 1578
f 1577 1578 1579
f 1579 1578 1580
f 1579 1580 1581
f 1581 1580 1582
f 1583 1581 1582
f 1583 1582 1584
f 1497 1583 1584
f 1586 1585 1584
f 1585 1586 1587
f 1503 1585 1587
f 1586 1588 1587
f 1595 1594 1593
f 1600 1393 1599
f 1515 1600 1516
f 1638 1516 1600
f 1517 1601 1602
f 1605 1604 1603
f 1607 1606 1608
f 1531 1528 1611
f 1778 1533 1612
f 1535 1778 1613
f 1535 1613 1537
f 1614 1539 1537
f 1617 1543 1616
f 1543 1617 1618
f 1544 1618 1619
f 1545 1544 1619
f 1624 1625 1667
f 1627 1626 1625
f 1627 1628 1626
f 1628 1630 1626
f 1626 1630 1629
f 1632 1634 1633
f 1634 1671 1633
f 1675 1637 1638
f 1675 1638 1639
f 1641 1639 1640
f 1644 1643 1645
f 1644 1645 1646
f 1673 1648 1772
f 1649 1673 1772
f 1658 1660 1749
f 1654 1662 1663
f 1665 1653 1666
f 1668 1665 1667
f 1652 1653 1665
f 1629 1631 1670
f 1671 1672 1673
f 1644 1675 1641
f 1676 1667 1666
f 1677 1622 1676
f 1622 1677 1621
f 1548 1621 1677
f 1678 1679 1677
f 1679 1678 1680
f 1679 1680 1681
f 1685 1683 1686
f 1687 1688 1684
f 1682 1688 1689
f 1679 1689 1690
f 1551 1690 1689
f 1551 1691 1692
f 1691 1551 1693
f 1694 1693 1561
f 1693 1688 1695
f 1559 1694 1561
f 1691 1693 1694
f 1689 1679 1682
f 1693 1689 1688
f 1688 1682 1684
f 1687 1697 1695
f 1698 1687 1699
f 1698 1699 1700
f 1700 1699 1701
f 1700 1701 1569
f 1569 1701 1702
f 1573 1705 1575
f 1705 1706 1578
f 1580 1706 1707
f 1706 1708 1707
f 1709 1708 1710
f 1710 1712 1711
f 1717 1716 1715
f 1685 1686 1717
f 1713 1718 1711
f 1720 1719 1718
f 1721 1725 1722
f 1726 1725 1745
f 1727 1733 1745
f 1728 1727 1729
f 1730 1729 1731
f 1663 1730 1732
f 1734 1732 1731
f 1734 1735 1666
f 1735 1678 1676
f 1736 1735 1737
f 1742 1743 1741
f 1746 1744 1720
f 1729 1746 1742
f 1748 1731 1747
f 1742 1746 1743
f 1748 1739 1738
f 1748 1738 1737
f 1734 1737 1735
f 1734 1748 1737
f 1730 1728 1729
f 1746 1727 1744
f 1733 1749 1726
f 1749 1660 1750
f 1750 1751 1769
f 1751 1753 1752
f 1755 1754 1642
f 1754 1755 1756
f 1757 1755 1640
f 1755 1757 1593
f 1756 1593 1759
f 1765 1767 1766
f 1722 1766 1709
f 1721 1722 1709
f 1721 1709 1710
f 35 36 83
f 1722 1723 1766
f 1767 1768 1707
f 1768 1582 1707
f 1769 1762 1724
f 1762 1764 1765
f 1752 1761 1769
f 1640 1770 1757
f 1597 1757 1770
f 1750 1725 1726
f 1719 1710 1718
f 1701 1715 1702
f 1705 1712 1708
f 1715 1714 1771
f 1711 1712 1704
f 1710 1711 1718
f 1710 1708 1712
f 1766 1708 1709
f 1767 1707 1708
f 1705 1708 1706
f 1712 1705 1573
f 1771 1704 1703
f 1702 1771 1703
f 1567 1700 1569
f 1715 1701 1717
f 1699 1717 1701
f 1699 1687 1685
f 1687 1684 1685
f 1683 1685 1684
f 1736 1683 1681
f 1683 1684 1682
f 1680 1736 1681
f 1681 1682 1679
f 1735 1680 1678
f 1690 1677 1679
f 1653 1732 1734
f 1663 1732 1653
f 1728 1661 1733
f 1660 1659 1751
f 1772 1657 1655
f 1655 1656 1661
f 1662 1655 1661
f 1773 1772 1655
f 1654 1773 1662
f 1652 1651 1654
f 1649 1670 1671
f 1648 1657 1772
f 1770 1640 1639
f 1639 1600 1770
f 1599 1770 1600
f 1600 1639 1638
f 1637 1675 1636
f 1613 1779 1537
f 1779 1630 1614
f 1614 1630 1615
f 1778 1612 1777
f 1778 1777 1632
f 1606 1782 1781
f 1780 1610 1781
f 1612 1611 1780
f 1634 1776 1775
f 1669 1626 1629
f 1627 1625 1623
f 1623 1624 1622
f 1617 1628 1618
f 1616 1615 1617
f 1614 1537 1779
f 1612 1531 1611
f 1611 1528 1610
f 1608 1609 1527
f 1608 1526 1607
f 1784 1785 1607
f 1785 1786 1605
f 1782 1606 1605
f 1601 1517 1516
f 1515 1393 1600
f 1599 1393 1598
f 1599 1597 1770
f 1598 1596 1597
f 1597 1595 1757
f 1596 1594 1595
f 1593 1591 1759
f 1759 1590 1760
f 1584 1582 1768
f 1495 1581 1583
f 1580 1707 1582
f 1578 1706 1580
f 1575 1705 1578
f 1576 1577 1489
f 1571 1572 1574
f 1703 1571 1570
f 1568 1567 1569
f 1563 1697 1565
f 1698 1565 1697
f 1697 1563 1696
f 1696 1562 1561
f 1561 1470 1560
f 1691 1557 1556
f 1556 1467 1465
f 1552 1692 1555
f 1553 1555 1554
f 1553 1439 1549
f 1552 1555 1553
f 1550 1692 1552
f 1677 1690 1548
f 1548 1549 1439
f 1620 1547 1438
f 1434 1542 1546
f 1435 1434 1546
f 1787 1541 1431
f 1423 1789 1788
f 1790 1420 1830
f 1420 1790 1422
f 1791 1416 1792
f 1793 1413 1795
f 1797 1796 1795
f 1799 1798 1407
f 1800 1801 1802
f 1405 1802 1801
f 1405 1404 1802
f 1802 1404 1803
f 1402 1804 1803
f 1806 1399 1398
f 1398 1397 1806
f 1524 1397 1396
f 1395 1518 1807
f 1809 1808 1525
f 1805 1806 1808
f 1810 1805 1809
f 1811 1810 1812
f 1811 1812 1813
f 1815 1816 1798
f 1817 1816 1819
f 1818 1817 1819
f 1822 1823 1527
f 1823 1526 1527
f 1824 1809 1525
f 1825 1809 1824
f 1827 1826 1823
f 1816 1828 1819
f 1815 1827 1816
f 1828 1827 1823
f 1825 1824 1526
f 1529 1819 1821
f 1529 1818 1819
f 1798 1799 1815
f 1800 1814 1815
f 1811 1803 1804
f 1409 1796 1797
f 1796 1817 1795
f 1817 1818 1795
f 1413 1797 1795
f 1818 1793 1795
f 1793 1820 1792
f 1792 1829 1791
f 1791 1532 1830
f 1830 1532 1534
f 1830 1420 1417
f 1830 1536 1790
f 1790 1536 1789
f 1422 1789 1424
f 1789 1423 1424
f 1789 1538 1788
f 1423 1788 1427
f 1788 1540 1787
f 1427 1787 1429
f 1538 1789 1536
f 1539 1536 1537
f 1536 1830 1534
f 1532 1829 1530
f 1528 1822 1610
f 1610 1822 1609
f 1520 1522 1807
f 1522 1520 1521
f 1604 1786 1519
f 1517 1518 1516
f 1831 1833 1514
f 1831 1834 1833
f 1834 1835 1833
f 1837 1507 1836
f 1321 1504 1507
f 1835 1510 1512
f 1833 1835 1513
f 1393 1514 1598
f 1514 1833 1513
f 1514 1513 1598
f 1598 1513 1596
f 1513 1835 1512
f 1596 1511 1594
f 1511 1509 1594
f 1836 1507 1508
f 1505 1589 1592
f 1589 1503 1587
f 1504 1502 1501
f 1502 1838 1500
f 1499 1497 1585
f 1498 1314 1496
f 1497 1495 1583
f 1495 1492 1581
f 1579 1581 1492
f 1487 1576 1489
f 1482 1483 1568
f 1483 1481 1566
f 1566 1295 1479
f 1294 1480 1479
f 1295 1294 1479
f 1480 1839 1478
f 1840 908 1480
f 907 908 1840
f 907 1840 1841
f 1843 898 1842
f 1282 1281 1845
f 1850 1849 1862
f 1863 1852 1851
f 1863 1851 1853
f 1851 1854 1853
f 1855 1854 1265
f 1858 1857 1245
f 1861 1860 1859
f 1859 1860 889
f 1856 1859 889
f 1861 1859 1858
f 1861 1858 1245
f 1855 1857 1858
f 1271 1264 1862
f 1271 1266 1264
f 1264 1265 1862
f 1863 1853 890
f 1864 1847 1852
f 897 1846 1864
f 1850 1854 1851
f 1844 1848 1845
f 1865 1841 1842
f 1474 1562 1564
f 1474 1473 1562
f 1472 1470 1473
f 1468 1467 1558
f 1557 1558 1467
f 919 1466 1468
f 1463 1464 1462
f 1463 1461 1458
f 1460 1461 922
f 1459 1460 923
f 1456 1444 1455
f 1443 1441 1455
f 1455 1441 1442
f 1441 1440 1442
f 1448 1428 1430
f 1449 1425 1426
f 1415 1420 1419
f 1416 1791 1417
f 1417 1415 1416
f 1414 1794 1416
f 1412 1413 1794
f 1412 1797 1413
f 1410 1409 1797
f 1366 1408 1410
f 1407 1408 1866
f 1367 1866 1408
f 1407 1866 1867
f 1799 1407 1867
f 1800 1406 1801
f 1406 1370 1405
f 1401 1375 1377
f 1804 1401 1400
f 1518 1395 1390
f 1394 1516 1390
f 1394 1393 1515
f 1392 1831 1514
f 1832 1391 1329
f 1397 1398 1386
f 1382 1383 1385
f 1376 1338 1868
f 1376 1377 1375
f 1339 1376 1374
f 1403 1373 1375
f 1340 1374 1372
f 1371 1372 1373
f 1370 1369 1371
f 1370 1346 1345
f 1368 1867 1866
f 1368 1866 1869
f 1367 1350 1866
f 1352 1351 1367
f 1408 1366 1367
f 1366 1410 1365
f 1410 1411 1365
f 1365 1356 1354
f 1411 1412 1365
f 1365 1412 1364
f 1364 1414 1363
f 1362 943 1360
f 1360 945 1358
f 1356 1355 1354
f 1354 1352 1366
f 1350 1349 1869
f 1343 961 1342
f 1342 962 964
f 1341 1342 964
f 1374 1340 1339
f 1376 1339 1338
f 1868 1338 970
f 1868 972 1379
f 1379 979 1380
f 1384 1336 1335
f 1326 1835 1834
f 1322 1837 1323
f 1502 1319 1838
f 1318 1001 1002
f 1317 1003 1316
f 1316 1005 1315
f 1311 1493 1494
f 1010 1310 1008
f 1309 1491 1493
f 1010 1308 1310
f 1307 1491 1309
f 1491 1307 1489
f 1307 1305 1489
f 1306 1871 1304
f 1871 1872 1304
f 1303 1872 1873
f 1873 1874 1303
f 1879 1283 1878
f 1877 1878 1284
f 1285 1877 1284
f 1878 1874 1879
f 1018 1879 1873
f 1017 1018 1873
f 1872 1017 1873
f 1302 1488 1304
f 1872 1303 1304
f 1874 1301 1303
f 1301 1874 1875
f 1482 1297 1481
f 1295 1293 1294
f 1842 1292 1843
f 1291 1296 1290
f 1298 1290 1296
f 1292 1293 1296
f 1848 1292 1289
f 1290 1876 1288
f 1291 1290 1289
f 1282 1289 1288
f 1282 1288 1287
f 1849 1281 1272
f 1279 1285 1274
f 1891 1884 1883
f 1881 1891 1883
f 1267 1268 1888
f 1268 1889 1888
f 1896 1884 1891
f 1891 1895 1896
f 1257 1896 1256
f 1895 1898 1256
f 1896 1895 1256
f 1895 1894 1898
f 1892 1894 1891
f 1886 1887 1268
f 1886 1899 1885
f 1900 1275 1899
f 1273 1900 1269
f 1275 1276 1883
f 1269 1886 1268
f 1885 1899 1884
f 1891 1881 1882
f 1276 1881 1883
f 1881 1880 1882
f 1279 1274 1273
f 1280 1273 1270
f 1266 1271 1267
f 1270 1269 1267
f 1269 1268 1267
f 1266 1267 1888
f 1857 1265 1263
f 1263 1247 1857
f 1264 1888 1263
f 1247 1263 1262
f 1261 1888 1889
f 1248 1262 1261
f 1260 1889 1890
f 1255 1256 1898
f 1253 1257 1254
f 1252 1233 1251
f 1235 1251 1233
f 1259 1251 1250
f 1261 1250 1249
f 1248 1242 1244
f 1857 1247 1245
f 1247 1244 1245
f 1244 1242 1243
f 1249 1239 1242
f 1240 1239 1238
f 1251 1235 1238
f 1230 866 1232
f 1229 1231 1253
f 1254 1226 1229
f 1224 1226 1255
f 1223 1224 1255
f 1223 1894 1221
f 1901 1220 1893
f 1217 1904 1219
f 1217 1220 1218
f 1218 1901 1024
f 1905 1217 1216
f 1021 1029 1028
f 1023 1022 1025
f 1879 1020 1283
f 1879 1018 1020
f 1016 1017 1872
f 1016 1872 1871
f 1016 1871 1015
f 1034 1015 1014
f 1871 1870 1015
f 1014 1015 1870
f 1013 1213 1014
f 1010 1012 1308
f 1041 1212 1007
f 1006 1041 1007
f 1001 1209 1004
f 1000 1046 1001
f 999 1318 1319
f 997 1206 998
f 996 998 1320
f 994 1322 1324
f 994 1051 995
f 992 1324 1326
f 990 1053 993
f 985 1060 986
f 983 985 1332
f 984 1061 985
f 982 983 1334
f 981 982 1334
f 976 975 978
f 969 1204 971
f 1338 968 969
f 1076 965 962
f 963 1078 962
f 961 962 1342
f 1203 963 961
f 1203 961 960
f 958 959 1344
f 1348 957 1347
f 955 1349 953
f 952 1201 954
f 950 952 953
f 949 1200 951
f 948 1200 949
f 948 1355 947
f 947 1357 946
f 1357 1358 945
f 1095 946 945
f 943 945 1360
f 945 943 944
f 941 943 1362
f 1123 941 942
f 940 942 941
f 1121 938 939
f 936 937 934
f 935 936 934
f 933 934 1448
f 933 1448 932
f 1115 1116 932
f 1447 931 932
f 931 1447 1446
f 1114 1115 931
f 930 1446 1444
f 925 1124 926
f 927 929 926
f 925 929 1456
f 1459 925 1456
f 1126 924 923
f 1127 1126 923
f 1460 922 923
f 1462 922 1461
f 1131 919 918
f 1134 916 914
f 1135 1134 914
f 1471 1135 914
f 912 1138 913
f 908 909 1476
f 908 1476 1839
f 1841 900 907
f 905 912 910
f 1199 903 896
f 901 902 904
f 901 904 900
f 1865 898 899
f 901 899 895
f 895 897 1864
f 1864 1852 895
f 893 894 1863
f 889 1853 1856
f 758 759 1906
f 1906 1907 1908
f 1908 1907 1909
f 1908 1909 1910
f 1916 1917 1918
f 1917 1919 1918
f 1930 1929 1928
f 1931 1932 1933
f 1934 1935 1937
f 1937 1936 1934
f 1941 1940 1938
f 1943 1942 1941
f 236 1945 1944
f 1950 240 848
f 1952 1951 1953
f 246 1952 1953
f 246 1953 2039
f 246 244 1952
f 1946 1944 1954
f 1954 1943 1956
f 1955 1956 1957
f 1959 1935 1961
f 1960 1938 1935
f 1948 1946 1955
f 236 1962 1945
f 1964 1966 1963
f 1940 1968 1969
f 1968 1967 1969
f 1980 1974 693
f 1982 1981 1972
f 1984 1998 1983
f 1986 1984 1983
f 752 1987 1989
f 1989 1993 1991
f 1988 1996 1993
f 1985 1987 754
f 1984 1986 1985
f 2000 1998 2002
f 2005 1999 2000
f 2002 2001 2000
f 2002 2003 2001
f 2000 2004 2005
f 2005 2004 2006
f 2005 2006 2007
f 2009 2008 2007
f 2008 2009 2010
f 2010 2012 2011
f 2011 2014 2013
f 2018 2017 2016
f 2021 2022 2016
f 2023 2016 2022
f 2008 2010 2025
f 2026 2007 2008
f 2005 2007 2026
f 1970 2031 2030
f 1936 2032 2021
f 1971 1970 2032
f 1973 2034 2031
f 1970 2030 2022
f 2034 2028 2029
f 2035 2026 2027
f 2024 2029 2025
f 2021 2016 2017
f 1936 2021 2020
f 1929 2019 2018
f 1926 2018 2036
f 2015 2038 2037
f 2036 1924 1926
f 2016 2015 2036
f 2023 2013 2015
f 2013 2014 2038
f 2014 1918 2038
f 2024 2011 2013
f 2012 1916 2014
f 2010 2009 2012
f 2006 1911 2009
f 1998 1999 1978
f 756 2002 1985
f 1978 1999 2035
f 1977 1976 1979
f 1975 2034 1974
f 1981 1974 1973
f 1972 1973 1970
f 1971 2033 1969
f 1966 1982 1967
f 1962 1964 1963
f 1963 1942 1945
f 1943 1941 1956
f 1958 1941 1938
f 1958 1938 1960
f 1939 2033 1936
f 1928 1929 1926
f 867 1927 1925
f 1923 1920 1919
f 1920 2038 1918
f 2014 1916 1918
f 1916 2012 1913
f 2009 1913 2012
f 1915 1913 1914
f 759 885 1907
f 1907 883 1909
f 883 881 1909
f 1909 881 1912
f 1917 1915 877
f 1241 1240 876
f 1917 877 875
f 1923 873 1922
f 872 1236 1234
f 871 1922 873
f 1925 869 867
f 868 1232 866
f 865 1927 867
f 864 866 1230
f 864 1230 1228
f 1932 861 859
f 857 1961 859
f 1903 858 1902
f 1959 857 856
f 1904 855 1903
f 855 1904 1905
f 852 1955 854
f 851 1215 1033
f 850 1948 852
f 1953 846 844
f 842 2040 844
f 2040 247 2039
f 251 2040 842
f 840 251 842
f 838 252 840
f 839 1047 1048
f 837 1048 1049
f 1050 836 1049
f 833 2041 835
f 2044 2043 831
f 265 2047 826
f 271 268 2048
f 2049 271 2048
f 2050 273 819
f 2053 2051 2052
f 2055 280 812
f 283 2056 2057
f 2058 2057 807
f 2058 807 2059
f 2061 2060 2059
f 802 290 2064
f 290 802 2065
f 2070 2069 2068
f 2071 2070 795
f 2075 299 2074
f 307 2079 726
f 2062 286 2061
f 285 2058 2060
f 2056 282 2055
f 2055 281 280
f 2043 2042 2041
f 834 1050 1192
f 832 834 1192
f 831 2043 833
f 830 831 1191
f 1190 830 1191
f 828 830 1190
f 2046 829 827
f 825 827 1188
f 268 824 822
f 2048 268 822
f 822 1187 1186
f 1185 821 1186
f 820 2049 821
f 819 2049 820
f 817 818 1184
f 815 816 1183
f 813 2052 814
f 813 1181 1180
f 1179 813 1180
f 811 2055 812
f 1178 811 1179
f 808 809 1176
f 2059 807 806
f 805 2061 806
f 803 2062 805
f 2068 799 797
f 797 1169 1168
f 796 1168 1167
f 2072 795 793
f 794 1165 793
f 2072 793 792
f 2073 792 2074
f 792 1164 791
f 789 1160 788
f 783 1156 782
f 782 1156 1157
f 728 781 780
f 778 779 1153
f 731 775 734
f 775 776 1150
f 2081 773 771
f 1147 771 772
f 768 769 1142
f 743 742 2083
f 767 768 1142
f 2084 2083 766
f 764 767 1195
f 764 1195 1197
f 765 763 2085
f 2086 2085 763
f 762 764 1198
f 886 891 888
f 756 758 2003
f 1985 754 756
f 1990 750 752
f 750 751 753
f 1997 706 2088
f 2089 746 748
f 749 746 750
f 2089 744 746
f 715 741 743
f 716 739 741
f 716 738 739
f 718 737 738
f 2081 737 773
f 736 737 718
f 736 2090 735
f 735 2080 736
f 2090 733 735
f 2091 732 733
f 722 729 730
f 780 777 730
f 727 781 728
f 724 726 728
f 723 724 729
f 723 722 328
f 330 721 720
f 719 331 720
f 333 717 334
f 718 738 717
f 716 741 715
f 714 715 744
f 2089 714 744
f 714 2089 712
f 2089 748 712
f 711 339 713
f 712 748 710
f 709 710 749
f 2088 709 749
f 340 2092 708
f 709 2088 706
f 708 707 2093
f 343 708 2093
f 709 708 2092
f 706 1997 705
f 707 705 2093
f 702 350 346
f 700 1994 352
f 699 698 353
f 356 2094 689
f 2094 698 692
f 1994 1996 695
f 694 1979 696
f 233 359 358
f 356 688 358
f 354 353 2094
f 682 351 353
f 352 699 351
f 676 349 677
f 351 677 349
f 352 349 700
f 349 676 348
f 676 675 348
f 348 675 347
f 345 2093 703
f 673 344 674
f 343 2093 345
f 672 342 344
f 340 708 343
f 339 711 340
f 2092 340 711
f 411 339 671
f 411 338 339
f 336 337 412
f 334 336 670
f 332 334 669
f 668 331 332
f 668 667 331
f 331 667 330
f 330 720 331
f 667 666 330
f 330 666 329
f 666 665 329
f 329 328 721
f 419 327 665
f 664 326 327
f 664 325 326
f 322 323 663
f 322 310 323
f 312 313 304
f 311 312 306
f 311 309 320
f 308 305 784
f 309 306 308
f 313 303 304
f 302 2076 2077
f 301 2075 2076
f 315 300 301
f 174 296 298
f 297 2072 2073
f 297 296 2072
f 295 296 175
f 296 2071 2072
f 294 295 176
f 294 2069 2070
f 180 288 289
f 290 288 2064
f 288 2063 2064
f 181 287 288
f 2063 287 2062
f 287 286 2062
f 185 285 2060
f 281 2055 282
f 2053 275 2051
f 275 2050 2051
f 275 274 2050
f 273 2050 274
f 273 272 2049
f 200 270 272
f 270 201 269
f 203 264 202
f 264 204 263
f 2047 263 2046
f 263 2045 2046
f 2044 2045 260
f 261 260 2045
f 2098 216 250
f 250 249 252
f 2098 250 252
f 250 248 249
f 246 2039 247
f 240 239 1949
f 1949 238 1947
f 234 235 1962
f 232 359 233
f 230 359 232
f 228 362 230
f 220 222 244
f 220 244 245
f 219 368 221
f 219 245 248
f 219 248 218
f 217 371 370
f 215 372 217
f 214 2097 2095
f 376 213 211
f 211 212 258
f 378 211 210
f 209 258 259
f 381 208 207
f 2099 108 205
f 105 106 2099
f 97 2104 2105
f 2107 2106 199
f 29 2110 194
f 29 194 2111
f 2112 2113 2114
f 2118 2117 2116
f 186 2120 2119
f 2123 2122 2124
f 17 2123 1
f 2122 19 2121
f 20 2121 19
f 2114 26 2112
f 2112 2111 192
f 2111 194 193
f 194 2110 2109
f 2110 96 2108
f 2108 2107 196
f 2101 101 2100
f 101 104 2100
f 2100 105 203
f 2099 204 105
f 105 204 203
f 202 2100 203
f 202 264 267
f 200 2103 201
f 196 274 275
f 2108 196 2109
f 196 275 195
f 193 195 276
f 193 276 277
f 192 2111 193
f 193 277 192
f 2112 192 2113
f 281 190 191
f 190 2114 2113
f 188 2115 189
f 189 282 188
f 284 188 282
f 187 284 2058
f 187 2058 285
f 186 2119 187
f 2122 182 180
f 182 181 288
f 2122 180 2124
f 179 1 2124
f 292 179 291
f 2 179 178
f 3 178 177
f 176 293 294
f 6 176 175
f 172 168 167
f 58 56 167
f 168 169 167
f 166 58 167
f 165 317 318
f 166 165 60
f 165 164 61
f 161 162 662
f 481 157 637
f 65 155 153
f 66 153 151
f 153 154 152
f 147 70 148
f 146 148 622
f 2127 71 147
f 2128 2127 145
f 2129 145 2130
f 2129 2130 2131
f 79 2131 2132
f 80 2132 2133
f 2134 2143 2135
f 2137 2138 89
f 2142 2141 2143
f 2144 2145 2142
f 618 143 2141
f 2139 2148 2149
f 92 2149 131
f 2149 2148 141
f 2141 2147 2140
f 2143 2140 2136
f 2140 2148 2139
f 2136 2140 2139
f 2139 92 91
f 2135 2137 84
f 81 80 2133
f 80 79 2132
f 2146 2130 145
f 144 620 619
f 144 619 618
f 618 617 143
f 143 142 2147
f 139 614 138
f 138 612 137
f 612 495 137
f 2149 132 131
f 124 122 123
f 122 135 120
f 136 120 135
f 119 117 111
f 608 116 117
f 608 591 116
f 592 115 116
f 380 114 379
f 111 117 113
f 110 119 111
f 107 108 2099
f 106 2151 107
f 2100 104 105
f 96 95 2106
f 2108 96 2106
f 32 94 31
f 94 88 90
f 93 90 130
f 32 87 88
f 87 2137 89
f 33 86 87
f 34 85 86
f 86 84 2137
f 82 83 36
f 38 81 36
f 38 40 80
f 2128 73 72
f 2127 72 71
f 147 71 70
f 150 68 67
f 151 67 66
f 66 55 54
f 66 54 57
f 153 66 65
f 65 57 59
f 155 65 62
f 155 62 64
f 62 63 64
f 60 165 61
f 56 57 54
f 52 55 53
f 49 53 69
f 51 50 10
f 50 49 46
f 46 2152 50
f 45 2153 2152
f 45 74 76
f 2153 45 44
f 43 76 78
f 41 42 40
f 85 34 35
f 34 27 24
f 86 33 34
f 27 33 28
f 33 87 32
f 28 32 30
f 30 31 96
f 30 32 31
f 29 28 30
f 29 2111 28
f 2112 28 2111
f 28 2112 26
f 24 27 26
f 25 26 2114
f 22 35 23
f 2120 22 2126
f 37 21 20
f 16 39 18
f 41 16 14
f 43 41 14
f 14 15 13
f 44 14 2153
f 12 11 2152
f 11 10 50
f 6 9 11
f 6 5 176
f 177 176 5
f 5 11 4
f 5 3 177
f 3 2 178
f 13 15 2
f 2 1 179
f 15 1 2
f 2123 2124 1
f 15 17 1
f 2152 46 45
f 98 93 99
f 1788 1538 1540
f 556 555 532
f 1139 1199 1194
f 245 244 246
f 133 122 124
f 666 667 416
f 430 649 428
f 2075 2074 790
f 2049 2048 821
f 1530 1529 1528
f 1697 1696 1695
f 750 746 747
f 1042 1043 1041
f 1321 1320 1502
f 1760 1761 1758
f 1759 1760 1758
f 854 1957 856
f 1214 1029 1019
f 1850 1847 1849
f 341 671 339
f 1989 1997 1990
f 1846 1844 1845
f 909 911 1475
f 356 689 688
f 2084 765 2085
f 757 2087 760
f 13 2 3
f 11 9 10
f 12 13 4
f 14 13 2153
f 18 17 16
f 20 19 18
f 25 24 26
f 26 27 28
f 63 61 163
f 22 37 36
f 43 78 42
f 46 69 47
f 130 128 129
f 68 53 67
f 47 70 71
f 73 74 72
f 40 79 80
f 85 84 86
f 89 88 87
f 91 90 88
f 98 90 93
f 95 98 97
f 100 99 102
f 100 102 101
f 110 111 112
f 111 113 112
f 114 113 115
f 123 122 120
f 125 126 124
f 129 93 130
f 133 126 132
f 132 139 133
f 122 133 134
f 122 134 135
f 134 138 137
f 132 141 140
f 162 63 163
f 144 2146 620
f 146 145 2127
f 153 152 151
f 186 184 183
f 168 172 170
f 316 172 171
f 51 172 173
f 177 293 176
f 179 2124 291
f 182 2121 181
f 198 2107 199
f 194 2109 195
f 213 212 211
f 198 199 200
f 207 208 259
f 208 210 209
f 212 257 258
f 216 215 217
f 218 217 370
f 225 226 241
f 233 235 234
f 231 234 237
f 249 248 247
f 275 276 195
f 259 258 2042
f 269 267 268
f 197 198 272
f 197 273 274
f 276 278 277
f 299 298 297
f 191 280 281
f 284 282 283
f 284 2057 2058
f 185 286 184
f 292 291 2066
f 293 2069 294
f 295 2071 296
f 221 367 366
f 308 310 309
f 309 311 306
f 170 300 315
f 298 316 8
f 314 317 169
f 318 313 312
f 327 326 328
f 334 332 333
f 336 334 335
f 339 338 713
f 342 341 340
f 343 344 342
f 347 674 346
f 361 360 230
f 361 230 362
f 363 361 362
f 363 362 364
f 366 365 223
f 367 370 369
f 386 383 382
f 371 372 369
f 375 373 374
f 376 375 213
f 378 377 376
f 378 379 377
f 210 380 379
f 606 382 377
f 407 408 406
f 375 386 384
f 385 387 687
f 388 390 686
f 391 390 392
f 392 394 393
f 394 395 393
f 394 396 395
f 394 397 396
f 399 681 398
f 400 680 399
f 156 486 154
f 409 672 408
f 411 410 413
f 415 416 668
f 666 418 417
f 418 420 417
f 419 421 664
f 422 420 423
f 425 415 426
f 430 428 429
f 435 434 436
f 435 436 437
f 435 437 438
f 440 442 441
f 451 450 449
f 456 458 455
f 457 458 456
f 460 457 459
f 481 479 482
f 484 483 482
f 492 579 505
f 490 488 507
f 495 494 636
f 504 493 505
f 523 462 461
f 506 491 578
f 507 488 508
f 508 488 509
f 509 486 485
f 485 484 510
f 482 480 512
f 515 476 518
f 527 526 525
f 525 526 524
f 544 553 554
f 534 632 533
f 534 535 632
f 538 539 537
f 541 540 539
f 541 542 540
f 546 545 544
f 567 546 547
f 546 555 551
f 544 554 552
f 553 541 538
f 559 549 550
f 554 534 555
f 567 568 545
f 563 564 548
f 563 565 564
f 575 510 511
f 568 570 545
f 571 574 573
f 503 566 565
f 573 575 542
f 540 515 539
f 539 515 537
f 575 514 540
f 578 508 577
f 579 578 577
f 569 579 568
f 571 576 574
f 505 569 504
f 594 593 595
f 573 542 543
f 570 571 572
f 582 560 559
f 559 583 582
f 590 499 589
f 597 586 602
f 596 595 597
f 597 599 598
f 453 558 530
f 453 530 528
f 585 583 604
f 601 585 603
f 597 602 601
f 490 623 622
f 594 596 386
f 605 594 386
f 586 595 587
f 605 382 606
f 593 592 591
f 608 590 591
f 590 608 607
f 609 607 608
f 610 136 609
f 146 622 621
f 148 489 622
f 626 627 625
f 621 622 623
f 624 621 623
f 584 581 582
f 627 619 624
f 618 627 617
f 620 621 619
f 628 142 616
f 628 615 614
f 615 613 614
f 614 613 612
f 120 136 610
f 610 609 608
f 608 118 610
f 588 591 590
f 607 499 590
f 590 589 588
f 595 593 587
f 587 588 589
f 602 584 585
f 587 584 586
f 557 559 550
f 583 559 558
f 589 580 581
f 580 562 561
f 563 549 561
f 548 551 549
f 550 551 556
f 543 572 573
f 545 572 544
f 553 536 535
f 537 516 629
f 629 630 536
f 632 633 634
f 526 635 634
f 631 520 633
f 535 631 632
f 629 519 630
f 538 537 536
f 532 557 556
f 553 535 534
f 532 555 533
f 531 533 635
f 529 558 557
f 523 633 522
f 525 524 457
f 523 457 524
f 492 625 506
f 522 464 462
f 520 464 522
f 537 515 516
f 518 474 516
f 513 476 515
f 507 508 578
f 494 504 503
f 499 500 580
f 607 609 499
f 497 496 636
f 493 494 495
f 626 492 493
f 491 624 623
f 625 624 506
f 487 489 150
f 491 490 507
f 483 156 157
f 648 637 159
f 484 482 511
f 479 637 638
f 639 641 640
f 644 645 646
f 425 646 645
f 477 639 642
f 638 648 641
f 480 477 476
f 638 478 479
f 439 461 651
f 475 474 518
f 471 470 472
f 461 462 651
f 448 452 454
f 459 439 460
f 457 460 458
f 448 454 446
f 452 604 453
f 449 600 451
f 656 440 661
f 657 438 658
f 657 661 440
f 437 660 659
f 437 436 660
f 460 440 441
f 440 439 657
f 674 408 673
f 651 438 439
f 438 659 658
f 641 422 423
f 648 421 422
f 421 648 662
f 648 161 662
f 662 162 663
f 662 325 664
f 662 663 325
f 420 422 421
f 421 419 420
f 417 419 665
f 418 666 424
f 415 668 669
f 675 404 406
f 403 678 402
f 403 404 677
f 401 678 679
f 678 355 679
f 360 679 357
f 679 360 680
f 400 679 680
f 402 660 403
f 351 682 677
f 402 658 659
f 400 658 401
f 683 398 363
f 661 400 399
f 656 661 399
f 655 398 397
f 685 393 684
f 654 655 397
f 396 683 395
f 387 600 388
f 686 391 685
f 372 384 687
f 385 598 387
f 385 596 598
f 382 605 386
f 377 383 376
f 373 375 384
f 367 686 685
f 687 389 372
f 684 367 685
f 368 219 370
f 366 395 365
f 358 235 233
f 395 683 365
f 223 225 224
f 683 364 365
f 689 690 688
f 708 706 707
f 694 1977 1979
f 699 694 696
f 700 350 701
f 702 346 703
f 714 713 337
f 709 711 710
f 713 712 710
f 711 713 710
f 740 743 741
f 717 333 718
f 721 2091 2090
f 721 328 2091
f 728 726 727
f 729 780 730
f 733 732 731
f 733 734 735
f 737 2081 738
f 738 2082 739
f 761 763 762
f 749 748 746
f 749 750 1990
f 754 753 755
f 754 755 756
f 759 757 887
f 757 760 887
f 760 761 886
f 762 765 764
f 772 2080 1193
f 766 767 764
f 773 772 771
f 800 799 2065
f 775 731 776
f 780 779 778
f 784 1158 783
f 785 787 786
f 790 789 788
f 2074 791 790
f 795 794 793
f 797 799 798
f 801 2065 802
f 1179 2054 813
f 811 812 1179
f 825 824 826
f 815 817 816
f 817 819 818
f 821 2048 1186
f 822 824 823
f 837 835 838
f 827 829 828
f 831 833 832
f 833 835 834
f 841 840 842
f 839 838 840
f 843 842 844
f 1037 1950 847
f 853 852 854
f 1950 848 847
f 848 1949 1035
f 1035 1949 849
f 850 852 851
f 866 865 867
f 854 856 855
f 856 857 855
f 857 859 858
f 859 861 860
f 866 869 868
f 869 870 868
f 870 873 872
f 874 873 875
f 876 875 877
f 877 878 876
f 879 880 878
f 882 885 884
f 881 882 880
f 884 887 886
f 904 906 900
f 888 891 890
f 1198 892 891
f 890 892 1863
f 894 895 1852
f 893 896 894
f 895 899 897
f 897 899 898
f 911 910 912
f 976 973 975
f 912 913 911
f 916 915 914
f 917 1469 915
f 919 920 1466
f 1464 920 921
f 921 1462 1464
f 926 929 925
f 927 926 928
f 939 938 937
f 941 1362 940
f 941 944 943
f 948 949 1353
f 952 954 953
f 959 960 961
f 964 965 966
f 966 967 968
f 993 991 990
f 976 978 977
f 982 981 980
f 986 1057 987
f 987 1057 988
f 997 995 1205
f 992 993 994
f 1011 1009 1212
f 996 997 998
f 998 1000 999
f 1001 1004 1002
f 1008 1007 1009
f 1012 1011 1013
f 1025 1020 1021
f 1016 1019 1017
f 1021 1020 1018
f 1033 1031 1032
f 1166 1095 1096
f 1038 1037 1036
f 1039 1037 1038
f 1046 1045 1209
f 1053 1054 1052
f 1067 1066 1065
f 1068 1066 1067
f 1071 1070 1069
f 1072 1204 1073
f 1073 1182 1072
f 1077 1075 1076
f 1079 1077 1078
f 1085 1173 1084
f 1086 1172 1085
f 1091 1090 1092
f 1094 1168 1093
f 1102 1099 1101
f 1097 1166 1096
f 928 1155 1112
f 1106 1105 1107
f 1109 1115 1114
f 1107 1117 1116
f 1122 938 1121
f 920 1130 1129
f 1124 1155 926
f 924 1125 1124
f 1129 921 920
f 1159 786 1108
f 1130 919 1131
f 916 1132 917
f 1143 1144 1132
f 1145 1147 1146
f 1151 1152 1126
f 1152 1125 1126
f 1125 1152 1153
f 1158 785 1159
f 1089 798 800
f 1160 1161 1106
f 1164 1102 1163
f 794 1166 1165
f 825 1063 823
f 1172 1174 1173
f 1175 1174 808
f 1175 808 1176
f 1178 1179 1077
f 1077 1179 1180
f 1184 818 1070
f 1185 1186 1066
f 1066 1186 1187
f 1154 1157 1155
f 1189 1188 828
f 1058 828 1190
f 1191 831 1054
f 1054 1192 1052
f 1052 1192 1050
f 1192 1054 832
f 1177 1178 1080
f 1175 1176 1082
f 1084 1174 1175
f 1173 1174 1084
f 1113 1112 1155
f 1148 1193 774
f 1153 779 1154
f 776 1151 1149
f 1146 1193 1130
f 769 1143 1133
f 1147 772 1146
f 1147 1145 1144
f 1141 1195 767
f 1142 769 1133
f 1141 767 1142
f 1196 1198 1197
f 1149 1129 1148
f 1196 1194 1199
f 1195 1194 1197
f 1139 1194 1141
f 1139 903 1199
f 1130 1148 1129
f 1156 1110 1111
f 1149 1128 921
f 1151 1127 1128
f 1125 1154 1124
f 1156 1111 1113
f 1105 1119 1118
f 1111 1110 1109
f 1108 1116 1109
f 1160 1106 1108
f 1105 1118 1107
f 1161 1105 1106
f 956 1085 1202
f 1161 1104 1105
f 1161 1162 1104
f 1104 1120 1119
f 1162 1103 1104
f 1104 1103 1120
f 1162 1163 1103
f 1103 1101 1120
f 1163 1102 1103
f 1165 1097 1098
f 1097 944 1123
f 1096 1095 944
f 1095 1093 946
f 1169 1092 1168
f 1093 1092 947
f 1090 1088 1200
f 1086 954 1201
f 1177 1081 1176
f 957 1202 1083
f 958 1083 960
f 1085 1084 1202
f 1202 1084 1083
f 1082 1083 1175
f 960 1082 1081
f 1079 1203 1080
f 1081 1080 1203
f 1181 1075 1180
f 1079 1078 963
f 1077 1180 1075
f 971 1069 973
f 1076 1074 965
f 967 1074 1073
f 1182 1183 1072
f 1060 1188 1189
f 973 1069 975
f 1070 1185 1069
f 975 1068 1067
f 1065 1187 1063
f 1064 980 1065
f 1057 1059 1056
f 1059 1189 1058
f 1035 1013 1036
f 1055 1191 1054
f 1207 1046 1000
f 1206 1049 1048
f 1050 1049 1205
f 1048 1047 1207
f 1047 1208 1045
f 1211 1037 1039
f 1221 1219 1222
f 1213 1034 1014
f 1033 1215 1030
f 1217 1219 1220
f 1231 1230 1232
f 1224 1223 1222
f 1224 1227 1226
f 1233 1232 1234
f 1233 1236 1235
f 1272 1287 1280
f 1241 1239 1240
f 1246 1861 1245
f 1244 1247 1248
f 1259 1250 1260
f 1261 1889 1260
f 1262 1888 1261
f 1273 1274 1900
f 1900 1274 1275
f 1275 1278 1276
f 1281 1282 1272
f 1300 1299 1297
f 1280 1287 1279
f 1278 1283 1276
f 1278 1284 1283
f 1290 1288 1289
f 1292 1296 1291
f 1840 1293 1292
f 1296 1293 1295
f 1296 1295 1297
f 1302 1301 1300
f 1307 1310 1308
f 1303 1302 1304
f 1305 1306 1304
f 1308 1870 1307
f 1311 1310 1309
f 1311 1313 1312
f 1313 1315 1312
f 1329 1330 987
f 1317 1316 1313
f 1002 1317 1318
f 1321 996 1320
f 1324 1322 1323
f 1330 1333 1332
f 1385 1399 1382
f 1336 1334 1335
f 1379 974 979
f 1343 1342 1341
f 1344 959 1343
f 1347 1344 1346
f 1357 1355 1356
f 1360 1358 1359
f 1362 1360 1361
f 1363 1359 1364
f 1366 1352 1367
f 1367 1351 1350
f 1345 1343 1369
f 1369 1370 1345
f 1371 1369 1372
f 1373 1374 1375
f 1378 1377 1376
f 1382 1380 1337
f 1382 1337 1383
f 1385 1383 1384
f 1386 1384 1387
f 1387 1388 1389
f 1390 1388 1391
f 1391 1831 1392
f 1390 1392 1394
f 1389 1390 1395
f 1386 1389 1396
f 1399 1381 1382
f 1430 1433 1432
f 1377 1381 1400
f 1418 1419 1453
f 1418 1415 1419
f 1425 1427 1426
f 1426 1429 1428
f 1428 1431 1430
f 1473 1475 911
f 1441 1438 1440
f 1443 1436 1441
f 1430 1432 1447
f 934 1449 1448
f 1451 1452 1453
f 1454 1453 1452
f 1453 1421 1451
f 1450 938 1452
f 1451 1423 1425
f 1449 1428 1448
f 1447 932 1448
f 1446 1445 1444
f 1444 1443 1455
f 929 1444 1456
f 1463 1462 1461
f 1465 1464 1463
f 1467 1466 1465
f 1471 1470 1472
f 1524 1525 1808
f 1478 1476 1477
f 1479 1480 1478
f 1489 1305 1487
f 1493 1491 1492
f 1501 1503 1504
f 1503 1505 1504
f 1510 1508 1509
f 1523 1522 1521
f 1523 1524 1522
f 1573 1576 1574
f 1528 1821 1822
f 1545 1546 1542
f 1546 1437 1435
f 1547 1548 1439
f 1551 1550 1690
f 1549 1550 1553
f 1566 1564 1565
f 1566 1565 1567
f 1570 1568 1569
f 1589 1591 1592
f 1585 1497 1584
f 1587 1590 1589
f 1621 1623 1622
f 1593 1592 1591
f 1593 1594 1592
f 1597 1596 1595
f 1599 1598 1597
f 1516 1638 1601
f 1519 1602 1603
f 1607 1605 1606
f 1533 1531 1612
f 1616 1539 1615
f 1672 1634 1775
f 1623 1625 1624
f 1628 1617 1630
f 1630 1631 1629
f 1674 1602 1636
f 1672 1775 1774
f 1672 1774 1674
f 1658 1657 1645
f 1636 1602 1637
f 1640 1642 1641
f 1643 1641 1642
f 1644 1641 1643
f 1652 1664 1653
f 1664 1652 1654
f 1655 1657 1656
f 1749 1656 1658
f 1658 1645 1643
f 1658 1659 1660
f 1668 1626 1669
f 1664 1654 1663
f 1664 1663 1653
f 1625 1668 1667
f 1668 1652 1665
f 1652 1668 1651
f 1670 1669 1629
f 1647 1672 1674
f 1670 1631 1633
f 1670 1633 1671
f 1647 1636 1646
f 1716 1741 1714
f 1646 1636 1675
f 1650 1669 1649
f 1624 1667 1676
f 1624 1676 1622
f 1621 1547 1620
f 1683 1682 1681
f 1551 1692 1550
f 1561 1693 1695
f 1561 1695 1696
f 1694 1557 1691
f 1693 1551 1689
f 1687 1695 1688
f 1698 1697 1687
f 1703 1569 1702
f 1716 1714 1715
f 1686 1716 1717
f 1699 1685 1717
f 1714 1718 1713
f 1737 1683 1736
f 1725 1723 1722
f 1725 1724 1723
f 1745 1733 1726
f 1745 1720 1744
f 1740 1742 1741
f 1739 1747 1740
f 1686 1740 1716
f 1720 1743 1746
f 1747 1742 1740
f 1747 1729 1742
f 1731 1748 1734
f 1732 1730 1731
f 1659 1754 1753
f 1729 1727 1746
f 1727 1728 1733
f 1744 1727 1745
f 1660 1751 1750
f 1751 1752 1769
f 1659 1753 1751
f 1768 1764 1588
f 1756 1755 1593
f 1752 1758 1761
f 1762 1763 1764
f 1710 1719 1721
f 1765 1724 1762
f 1588 1584 1768
f 1766 1767 1708
f 1723 1765 1766
f 1587 1760 1590
f 1765 1764 1767
f 1763 1588 1764
f 1763 1761 1760
f 1769 1761 1762
f 1756 1753 1754
f 1758 1752 1753
f 1724 1750 1769
f 1759 1758 1756
f 1757 1595 1593
f 1726 1749 1750
f 1725 1719 1745
f 1718 1743 1720
f 1704 1713 1711
f 1702 1715 1771
f 1771 1714 1713
f 1683 1739 1686
f 1704 1712 1573
f 1700 1565 1698
f 1728 1662 1661
f 1735 1736 1680
f 1677 1676 1678
f 1676 1666 1735
f 1667 1665 1666
f 1666 1653 1734
f 1663 1662 1730
f 1649 1651 1650
f 1733 1661 1749
f 1658 1643 1659
f 1662 1773 1655
f 1654 1651 1773
f 1657 1646 1645
f 1673 1649 1671
f 1648 1673 1647
f 1648 1647 1657
f 1632 1613 1778
f 1646 1675 1644
f 1643 1642 1754
f 1642 1640 1755
f 1638 1637 1601
f 1675 1639 1641
f 1610 1608 1606
f 1631 1779 1632
f 1782 1605 1783
f 1780 1777 1612
f 1610 1606 1781
f 1780 1611 1610
f 1775 1781 1782
f 1634 1777 1776
f 1776 1780 1781
f 1775 1783 1774
f 1635 1783 1603
f 1620 1619 1623
f 1635 1603 1602
f 1674 1774 1635
f 1631 1632 1633
f 1632 1777 1634
f 1630 1779 1631
f 1630 1617 1615
f 1627 1623 1619
f 1572 1703 1704
f 1627 1619 1618
f 1618 1628 1627
f 1544 1543 1618
f 1615 1539 1614
f 1607 1526 1784
f 1784 1523 1521
f 1784 1521 1785
f 1607 1785 1605
f 1605 1786 1604
f 1783 1605 1603
f 1637 1602 1601
f 1591 1590 1759
f 1589 1505 1503
f 1588 1763 1587
f 1584 1588 1586
f 1572 1704 1573
f 1546 1620 1438
f 1569 1703 1570
f 1565 1700 1567
f 1557 1694 1559
f 1691 1556 1692
f 1549 1548 1550
f 1547 1621 1548
f 1542 1431 1541
f 1807 1396 1395
f 1427 1788 1787
f 1422 1790 1789
f 1417 1791 1830
f 1416 1793 1792
f 1794 1413 1793
f 1805 1400 1399
f 1806 1805 1399
f 1397 1524 1806
f 1522 1524 1396
f 1810 1804 1805
f 1809 1805 1808
f 1798 1817 1796
f 1529 1793 1818
f 1810 1825 1812
f 1827 1814 1826
f 1826 1812 1825
f 1828 1816 1827
f 1828 1821 1819
f 1826 1825 1526
f 1823 1826 1526
f 1822 1828 1823
f 1814 1802 1813
f 1820 1529 1530
f 1815 1799 1800
f 1798 1409 1407
f 1826 1814 1813
f 1826 1813 1812
f 1813 1803 1811
f 1813 1802 1803
f 1533 1535 1532
f 1793 1416 1794
f 1829 1792 1820
f 1532 1791 1829
f 1429 1787 1431
f 1542 1543 1544
f 1787 1540 1541
f 1541 1616 1543
f 1540 1539 1616
f 1537 1536 1535
f 1523 1824 1525
f 1533 1530 1531
f 1829 1820 1530
f 1531 1530 1528
f 1609 1822 1527
f 1608 1527 1526
f 1784 1526 1824
f 1518 1520 1807
f 1786 1785 1521
f 1519 1603 1604
f 1592 1509 1506
f 1602 1519 1517
f 1831 1832 1834
f 1835 1325 1510
f 1325 1836 1510
f 1836 1325 1323
f 1323 1837 1836
f 1837 1321 1507
f 1504 1321 1502
f 1596 1513 1511
f 1510 1836 1508
f 1585 1501 1499
f 1506 1505 1592
f 1505 1507 1504
f 1302 1485 1486
f 1838 1498 1500
f 1501 1500 1499
f 1490 1577 1579
f 1579 1492 1490
f 1490 1489 1577
f 1487 1574 1576
f 1488 1302 1486
f 1484 1297 1482
f 1300 1484 1485
f 1571 1486 1485
f 1487 1486 1574
f 1571 1484 1570
f 1484 1568 1570
f 1281 1847 1845
f 908 1839 1480
f 1841 1840 1842
f 1847 1846 1845
f 1851 1847 1850
f 1848 1289 1282
f 1848 1843 1292
f 1856 1853 1854
f 1856 1854 1855
f 1265 1857 1855
f 1859 1855 1858
f 1860 888 889
f 1862 1272 1271
f 1859 1856 1855
f 1854 1850 1862
f 1864 1846 1847
f 1848 1282 1845
f 1846 1843 1844
f 1441 1437 1438
f 1479 1477 1564
f 1566 1479 1564
f 1478 1839 1476
f 909 1475 1476
f 1475 1474 1476
f 1477 1474 1564
f 915 1469 914
f 918 1468 1469
f 1555 1465 1463
f 1457 1442 1458
f 1456 1455 1457
f 1457 1455 1442
f 1442 1440 1554
f 1437 1546 1438
f 1436 1445 1435
f 1406 1799 1867
f 1435 1433 1434
f 1431 1434 1433
f 1431 1428 1429
f 1428 1449 1426
f 1429 1426 1427
f 1425 1423 1427
f 1423 1451 1421
f 1421 1422 1424
f 1421 1453 1419
f 1419 1420 1422
f 1453 1454 1418
f 1361 1418 1454
f 1363 1415 1418
f 1363 1414 1415
f 1364 1412 1414
f 1403 1803 1404
f 1867 1370 1406
f 1801 1406 1405
f 1405 1370 1371
f 1404 1371 1373
f 1388 1329 1391
f 1401 1804 1402
f 1375 1402 1403
f 1400 1805 1804
f 1377 1400 1401
f 1516 1518 1390
f 1391 1832 1831
f 1333 1387 1335
f 1333 1331 1388
f 1390 1391 1392
f 1370 1368 1346
f 1384 1335 1387
f 1386 1387 1389
f 1398 1385 1386
f 1383 1336 1384
f 1382 1381 1380
f 1378 1868 1379
f 1378 1376 1868
f 1378 1379 1377
f 1369 1341 1372
f 1337 981 1383
f 1368 1869 1347
f 1866 1350 1869
f 1359 1363 1361
f 1418 1361 1363
f 1362 1361 1454
f 1361 1360 1359
f 1356 1364 1359
f 1352 950 1351
f 1869 1349 1348
f 1346 1368 1347
f 959 961 1343
f 1341 1369 1343
f 1340 1372 1341
f 1868 970 972
f 972 974 1379
f 1380 979 977
f 1337 1380 977
f 1832 1327 1834
f 1334 983 1332
f 1333 1335 1332
f 988 989 1328
f 1838 1317 1498
f 1327 1326 1834
f 1835 1326 1325
f 1322 1321 1837
f 1502 1320 1319
f 1838 1319 1318
f 1314 1317 1313
f 1494 1314 1311
f 1312 1008 1310
f 1875 1876 1299
f 1311 1309 1493
f 1009 1010 1008
f 1870 1871 1306
f 1290 1298 1299
f 1290 1299 1876
f 1877 1286 1876
f 1283 1284 1878
f 1874 1877 1875
f 1889 1887 1890
f 1874 1873 1879
f 1299 1301 1875
f 1296 1297 1298
f 1295 1481 1297
f 1840 1480 1294
f 1842 1840 1292
f 1288 1876 1286
f 1272 1862 1849
f 1274 1285 1278
f 1881 1277 1880
f 1885 1887 1886
f 1897 1887 1885
f 1884 1897 1885
f 1896 1258 1897
f 1891 1882 1892
f 1892 1882 1893
f 1892 1893 1894
f 1895 1891 1894
f 1882 1901 1893
f 1893 1221 1894
f 1899 1275 1883
f 1269 1900 1886
f 1886 1900 1899
f 1899 1883 1884
f 1901 1218 1220
f 1901 1023 1024
f 1270 1272 1280
f 1277 1023 1880
f 1276 1277 1881
f 1280 1279 1273
f 1270 1273 1269
f 1259 1897 1258
f 1249 1248 1261
f 1251 1258 1252
f 1257 1252 1258
f 1253 1233 1252
f 1255 1898 1223
f 1224 1902 1225
f 1250 1261 1260
f 1262 1248 1247
f 1227 1224 1225
f 1027 1216 1026
f 1223 1898 1894
f 1903 1902 1222
f 1219 1903 1222
f 1221 1893 1220
f 1219 1904 1903
f 1905 1904 1217
f 1218 1216 1217
f 1026 1218 1024
f 1031 1027 1029
f 1021 1019 1029
f 1025 1021 1028
f 1022 1276 1283
f 1028 1027 1024
f 1214 1034 1032
f 1283 1020 1022
f 1019 1016 1214
f 1870 1012 1014
f 1006 1042 1041
f 1011 1038 1013
f 1212 1038 1011
f 1212 1009 1007
f 1005 1008 1315
f 1316 1003 1005
f 1320 999 1319
f 1002 1003 1317
f 1046 1209 1001
f 999 1001 1318
f 998 1207 1000
f 988 1055 990
f 1206 1207 998
f 1322 995 996
f 1322 994 995
f 994 993 1051
f 1324 992 994
f 1326 991 992
f 990 1055 1053
f 958 1347 957
f 987 988 1328
f 1330 986 987
f 986 1060 1059
f 1330 1332 985
f 982 1064 984
f 977 978 981
f 981 978 980
f 975 1067 980
f 974 976 979
f 972 973 974
f 969 1073 1204
f 1073 969 968
f 967 1073 968
f 1339 966 968
f 1078 1076 962
f 1349 956 1348
f 956 957 1348
f 930 928 1114
f 949 950 1353
f 1123 942 1122
f 1362 1454 940
f 938 1122 940
f 938 940 1452
f 938 1450 937
f 1120 939 936
f 1119 936 935
f 1117 1118 935
f 1116 933 932
f 1114 931 930
f 929 930 1444
f 913 1135 1471
f 1127 923 922
f 922 1128 1127
f 1128 922 921
f 918 919 1468
f 1131 918 917
f 916 917 915
f 1138 903 1137
f 913 1471 1472
f 913 1472 911
f 1138 912 905
f 907 906 908
f 905 910 906
f 900 1865 899
f 1923 1921 1920
f 893 1199 896
f 894 896 895
f 1863 894 1852
f 891 892 890
f 889 890 1853
f 759 887 885
f 1910 1912 1911
f 1911 1914 1913
f 1916 1913 1915
f 1920 1918 1919
f 1924 1922 1925
f 1924 1927 1926
f 1933 2019 1931
f 1928 1926 1927
f 1931 1929 1930
f 1932 1931 1930
f 1946 237 1944
f 1935 1934 1933
f 1936 2020 1934
f 1937 1939 1936
f 1940 1939 1938
f 1941 1942 1940
f 1944 1942 1943
f 1942 1944 1945
f 242 1950 1951
f 1947 238 237
f 1949 1947 1948
f 848 240 1949
f 1959 1958 1960
f 242 241 240
f 1948 1947 1946
f 1955 1946 1954
f 1954 1956 1955
f 1957 1956 1958
f 1968 1942 1965
f 1960 1935 1959
f 1966 1965 1963
f 1982 691 1981
f 1939 1940 1969
f 1969 1967 1971
f 1977 2035 1976
f 1977 1978 2035
f 1981 693 1974
f 1996 1995 1993
f 1978 1983 1998
f 1987 1985 1986
f 1989 1990 752
f 1992 1991 1993
f 1993 1989 1988
f 2030 2024 2023
f 1996 1983 1978
f 1997 1989 1991
f 1987 752 754
f 1988 1987 1986
f 1988 1986 1996
f 1984 1985 2002
f 2000 1999 1998
f 2026 1999 2005
f 2003 1906 2001
f 2000 2001 2004
f 2017 2018 2019
f 2017 2019 2020
f 1971 2032 2033
f 2028 2025 2029
f 2022 2032 1970
f 2022 2030 2023
f 1936 2033 2032
f 2029 2031 2034
f 1975 2028 2034
f 1976 2027 1975
f 1976 2035 2027
f 1999 2026 2035
f 1924 2037 1921
f 1970 1973 2031
f 2027 2008 2028
f 1975 2027 2028
f 2027 2026 2008
f 2028 2008 2025
f 2025 2011 2024
f 2024 2013 2023
f 2021 2017 2020
f 1980 1976 1975
f 2015 2037 2036
f 1929 2018 1926
f 2018 2016 2036
f 2023 2015 2016
f 2013 2038 2015
f 2011 2012 2014
f 2025 2010 2011
f 2007 2006 2009
f 2004 1910 2006
f 2001 1908 2004
f 2002 756 2003
f 1984 2002 1998
f 1971 1972 1970
f 1980 1975 1974
f 1973 1974 2034
f 1972 1981 1973
f 1968 1966 1967
f 1982 1972 1967
f 1966 690 1982
f 1961 1933 1932
f 1962 235 1964
f 1945 1962 1963
f 1954 1944 1943
f 1963 1965 1942
f 1958 1956 1941
f 1969 2033 1939
f 1938 1939 1937
f 1938 1937 1935
f 2037 1920 1921
f 1934 2020 2019
f 1931 2019 1929
f 888 884 886
f 1917 1916 1915
f 2009 1911 1913
f 1914 1911 1912
f 1911 2006 1910
f 1912 1910 1909
f 1910 2004 1908
f 1908 2001 1906
f 1907 1906 759
f 1906 2003 758
f 879 1912 881
f 884 1860 1861
f 1907 885 883
f 882 884 1861
f 882 1861 1246
f 880 882 1246
f 880 1246 1243
f 1915 879 877
f 878 880 1243
f 878 1243 1241
f 875 1923 1919
f 1241 876 878
f 1240 874 876
f 1919 1917 875
f 874 1240 1237
f 874 1236 872
f 869 1922 871
f 870 872 1234
f 868 1234 1232
f 1228 862 864
f 865 1928 1927
f 1928 865 863
f 1930 1928 863
f 862 1225 860
f 1930 863 861
f 1932 1930 861
f 860 1902 858
f 1215 853 1905
f 859 1961 1932
f 1959 1961 857
f 1903 855 858
f 1957 1959 856
f 853 855 1905
f 854 1955 1957
f 850 1949 1948
f 852 1948 1955
f 850 851 1033
f 1210 845 1211
f 849 850 1033
f 847 848 1035
f 1951 1950 846
f 845 1037 1211
f 844 2039 1953
f 843 1208 841
f 2040 2039 844
f 2040 249 247
f 1047 841 1208
f 826 266 265
f 837 839 1048
f 1049 836 837
f 2041 256 835
f 1050 834 836
f 2046 2045 829
f 2054 278 2052
f 268 266 824
f 819 273 2049
f 278 2053 2052
f 2054 280 279
f 2065 2066 290
f 2060 2058 2059
f 799 2067 2066
f 2050 815 2051
f 2068 2069 2067
f 2072 2071 795
f 2074 299 2073
f 305 2078 787
f 305 787 784
f 2079 307 784
f 2061 286 2060
f 2042 257 2041
f 2043 2041 833
f 830 2044 831
f 2045 2044 830
f 1188 827 828
f 827 2047 2046
f 826 2047 827
f 1187 822 823
f 820 821 1185
f 818 820 1185
f 817 2050 819
f 1184 816 817
f 815 2052 2051
f 814 1183 1182
f 811 2056 2055
f 814 1182 1181
f 813 814 1181
f 2052 813 2054
f 811 1177 810
f 809 2056 810
f 1177 809 810
f 1174 805 806
f 807 2057 809
f 1174 807 808
f 1174 806 807
f 803 2064 2063
f 805 2062 2061
f 804 805 1172
f 2063 2062 803
f 1171 803 804
f 1171 801 803
f 1164 793 1165
f 801 1170 800
f 1169 797 798
f 2068 797 796
f 796 797 1168
f 796 2070 2068
f 795 2070 796
f 796 1167 794
f 790 1163 1162
f 791 1164 1163
f 788 2076 790
f 2076 2075 790
f 790 1162 789
f 2078 788 786
f 781 2079 782
f 786 788 1160
f 787 2078 786
f 787 785 784
f 783 1158 1156
f 778 1152 777
f 781 782 1157
f 779 781 1157
f 780 778 777
f 774 734 775
f 776 777 1152
f 771 2082 2081
f 775 1150 774
f 1144 771 1147
f 770 740 2082
f 768 740 769
f 770 1144 769
f 768 2083 742
f 2086 751 2085
f 2085 747 2084
f 747 2085 751
f 2087 763 760
f 764 1197 1198
f 2087 753 2086
f 891 762 1198
f 2084 745 2083
f 886 761 891
f 756 755 758
f 758 755 757
f 755 2087 757
f 753 2087 755
f 750 753 752
f 750 747 751
f 2088 1990 1997
f 2088 749 1990
f 2080 737 736
f 745 743 2083
f 715 743 744
f 740 739 2082
f 2082 738 2081
f 736 720 2090
f 2090 2091 733
f 734 733 731
f 732 722 730
f 730 777 731
f 724 728 729
f 726 2079 727
f 324 323 725
f 725 726 724
f 723 729 722
f 722 732 2091
f 701 1993 1995
f 718 719 736
f 717 738 716
f 710 748 749
f 709 2092 711
f 1997 1991 705
f 705 703 2093
f 704 1991 1992
f 1992 701 702
f 1979 697 696
f 1994 700 1995
f 1994 694 352
f 2094 353 698
f 692 698 697
f 699 696 698
f 695 1996 1978
f 1994 695 694
f 695 1978 1977
f 691 693 1981
f 693 697 1980
f 235 690 1964
f 2094 692 689
f 326 324 723
f 356 354 2094
f 682 354 355
f 682 353 354
f 351 699 353
f 349 350 700
f 350 348 346
f 675 674 347
f 346 345 703
f 673 672 344
f 342 671 341
f 338 412 337
f 336 335 716
f 335 334 717
f 330 329 721
f 326 723 328
f 310 320 309
f 325 663 323
f 311 318 312
f 321 320 322
f 164 319 321
f 319 311 320
f 303 314 302
f 310 308 726
f 726 308 307
f 307 308 784
f 312 304 306
f 305 304 2078
f 304 2077 2078
f 2077 304 303
f 302 315 301
f 2077 303 302
f 260 2043 2044
f 2076 302 301
f 2075 301 299
f 299 297 2073
f 294 2070 2071
f 178 292 293
f 2063 288 287
f 286 185 2060
f 283 282 2056
f 198 200 272
f 2049 272 271
f 271 269 268
f 269 201 267
f 265 263 2047
f 205 206 262
f 255 2096 2095
f 2043 259 2042
f 253 2095 2097
f 256 254 835
f 255 2095 254
f 838 254 253
f 252 2097 2098
f 838 253 252
f 226 362 228
f 840 252 251
f 1951 1952 242
f 228 229 239
f 239 238 1949
f 236 234 1962
f 237 236 1944
f 231 232 234
f 218 250 217
f 227 228 239
f 364 226 225
f 243 224 241
f 222 224 243
f 245 219 220
f 215 374 373
f 216 217 250
f 217 372 371
f 215 373 372
f 216 2098 215
f 2098 214 215
f 259 261 207
f 213 374 214
f 2095 2096 214
f 211 378 376
f 258 209 211
f 208 380 210
f 208 381 380
f 261 206 207
f 207 109 381
f 109 205 108
f 2103 2101 2102
f 2102 2101 2100
f 2105 2106 97
f 2104 100 2103
f 2104 2103 2105
f 2119 2117 2118
f 2110 2108 2109
f 2116 2114 2115
f 186 2125 2120
f 2120 2126 2119
f 2117 25 2116
f 183 2121 2125
f 19 2123 17
f 2123 19 2122
f 2125 2121 20
f 2117 2126 23
f 2118 2116 188
f 189 2114 190
f 2116 25 2114
f 263 205 262
f 29 30 2110
f 30 96 2110
f 2108 2106 2107
f 282 190 281
f 203 204 264
f 2102 2100 202
f 201 2102 202
f 267 201 202
f 201 2103 2102
f 2105 2103 200
f 199 2105 200
f 274 196 197
f 192 277 191
f 321 61 164
f 2116 2115 188
f 187 188 284
f 187 2119 2118
f 185 187 285
f 287 181 184
f 182 2122 2121
f 288 180 182
f 178 179 292
f 295 175 176
f 174 175 296
f 169 170 315
f 164 165 318
f 162 321 322
f 158 156 155
f 648 159 161
f 160 161 159
f 158 64 160
f 157 158 637
f 2137 2136 2138
f 154 153 155
f 149 68 150
f 489 149 150
f 70 149 148
f 146 147 148
f 2128 72 2127
f 2135 2143 2136
f 91 2138 2139
f 2146 2145 2130
f 2138 2136 2139
f 2144 2132 2145
f 618 2145 144
f 2141 143 2147
f 2139 2149 92
f 2142 618 2141
f 2144 2134 2133
f 2135 82 2134
f 2134 2142 2143
f 2143 2141 2140
f 2140 2147 2148
f 2133 82 81
f 2131 2145 2132
f 2144 2133 2132
f 2128 2129 73
f 2131 77 2129
f 141 2147 142
f 142 143 617
f 140 142 628
f 2150 125 124
f 139 138 133
f 134 137 135
f 131 126 127
f 123 2150 124
f 121 2151 123
f 380 112 114
f 123 120 121
f 120 610 118
f 118 608 117
f 106 2150 2151
f 121 119 110
f 109 110 112
f 106 107 2099
f 103 128 125
f 105 104 106
f 103 2150 104
f 103 101 102
f 97 99 2104
f 2101 100 101
f 93 129 99
f 42 79 40
f 97 2106 95
f 95 96 31
f 95 94 98
f 130 92 131
f 91 92 90
f 36 81 82
f 75 2129 77
f 2131 79 77
f 2120 21 22
f 76 75 78
f 74 73 75
f 70 47 69
f 149 70 68
f 68 69 53
f 151 150 67
f 64 158 155
f 64 63 160
f 59 60 62
f 58 166 60
f 57 58 59
f 52 173 54
f 49 51 52
f 47 71 48
f 2152 11 50
f 48 46 47
f 2153 12 2152
f 45 48 74
f 76 44 45
f 16 41 39
f 39 40 38
f 18 39 37
f 23 35 24
f 2126 22 23
f 21 37 22
f 20 21 2125
f 18 37 20
f 17 18 19
f 15 16 17
f 44 43 14
f 171 9 8
f 7 6 175
f 121 107 2151
f 377 115 606
f 806 2061 2059
f 2073 2072 792
f 829 2045 830
f 1869 1348 1347
f 1773 1649 1772
f 256 257 255
f 400 401 679
f 783 2079 784
f 620 145 146
f 573 574 575
f 1445 1433 1435
f 735 774 2080
f 846 1953 1951
f 1650 1668 1669
f 1996 1986 1983
f 2084 766 765
f 897 898 1846
f 1025 1028 1024
f 1862 1265 1854
f 436 432 407
f 702 704 1992
f 1988 1989 1987
f 901 895 896
f 898 1865 1842
f 892 1199 893
f 35 22 36
f 63 62 61
f 130 127 128
f 133 124 126
f 132 140 139
f 132 2149 141
f 162 160 63
f 186 185 184
f 198 197 2107
f 213 2096 212
f 212 255 257
f 275 2053 276
f 276 2053 278
f 299 300 298
f 221 368 367
f 367 368 370
f 386 375 383
f 407 433 408
f 156 485 486
f 492 506 579
f 523 522 462
f 527 528 526
f 544 543 553
f 553 543 541
f 559 560 549
f 567 566 568
f 575 574 510
f 503 504 566
f 571 577 576
f 594 592 593
f 597 595 586
f 490 491 623
f 626 615 627
f 584 587 581
f 602 586 584
f 557 558 559
f 548 547 551
f 543 544 572
f 553 538 536
f 532 529 557
f 529 530 558
f 523 634 633
f 492 626 625
f 491 506 624
f 487 488 489
f 483 485 156
f 648 638 637
f 480 478 477
f 439 459 461
f 448 450 452
f 449 390 600
f 656 442 440
f 657 439 438
f 674 406 408
f 675 676 404
f 403 677 678
f 401 402 678
f 678 682 355
f 402 659 660
f 402 401 658
f 400 661 658
f 683 396 398
f 685 391 393
f 387 598 600
f 372 373 384
f 367 369 686
f 684 366 367
f 366 684 395
f 358 688 235
f 689 691 690
f 708 709 706
f 714 712 713
f 740 742 743
f 761 760 763
f 762 763 765
f 772 773 2080
f 800 798 799
f 801 800 2065
f 1179 812 2054
f 825 823 824
f 837 836 835
f 841 839 840
f 843 841 842
f 1037 846 1950
f 853 851 852
f 866 864 865
f 866 867 869
f 869 871 870
f 870 871 873
f 874 872 873
f 876 874 875
f 877 879 878
f 879 881 880
f 882 883 885
f 884 885 887
f 904 905 906
f 911 909 910
f 976 974 973
f 993 992 991
f 997 996 995
f 1011 1010 1009
f 1012 1010 1011
f 1025 1022 1020
f 1033 1030 1031
f 1166 1094 1095
f 1102 1100 1099
f 928 926 1155
f 920 919 1130
f 1159 785 786
f 1089 1091 798
f 825 1062 1063
f 1154 779 1157
f 1148 1130 1193
f 1146 772 1193
f 769 1144 1143
f 1141 1194 1195
f 1196 892 1198
f 1149 921 1129
f 1156 1158 1110
f 1105 1104 1119
f 956 955 1085
f 1177 1080 1081
f 1079 963 1203
f 1181 1074 1075
f 971 1071 1069
f 1060 1061 1188
f 1057 986 1059
f 1035 1213 1013
f 1221 1220 1219
f 1231 1229 1230
f 1233 1231 1232
f 1233 1234 1236
f 1272 1282 1287
f 1300 1301 1299
f 1302 1303 1301
f 1307 1309 1310
f 1311 1312 1310
f 1311 1314 1313
f 1313 1316 1315
f 1329 1331 1330
f 1330 1331 1333
f 1385 1398 1399
f 1399 1400 1381
f 1430 1431 1433
f 1473 1474 1475
f 1524 1523 1525
f 1573 1575 1576
f 1589 1590 1591
f 1621 1620 1623
f 1672 1671 1634
f 1674 1635 1602
f 1658 1656 1657
f 1749 1661 1656
f 1668 1625 1626
f 1670 1649 1669
f 1647 1673 1672
f 1647 1674 1636
f 1716 1740 1741
f 1714 1741 1718
f 1737 1738 1683
f 1745 1719 1720
f 1739 1748 1747
f 1686 1739 1740
f 1747 1731 1729
f 1659 1643 1754
f 1768 1767 1764
f 1765 1723 1724
f 1587 1763 1760
f 1763 1762 1761
f 1756 1758 1753
f 1724 1725 1750
f 1725 1721 1719
f 1718 1741 1743
f 1704 1771 1713
f 1683 1738 1739
f 1728 1730 1662
f 1649 1773 1651
f 1657 1647 1646
f 1632 1779 1613
f 1610 1609 1608
f 1780 1776 1777
f 1775 1776 1781
f 1775 1782 1783
f 1635 1774 1783
f 1620 1545 1619
f 1572 1571 1703
f 1546 1545 1620
f 1542 1434 1431
f 1807 1522 1396
f 1810 1811 1804
f 1798 1816 1817
f 1529 1820 1793
f 1810 1809 1825
f 1827 1815 1814
f 1828 1822 1821
f 1814 1800 1802
f 1798 1796 1409
f 1533 1778 1535
f 1523 1784 1824
f 1518 1519 1520
f 1592 1594 1509
f 1585 1503 1501
f 1302 1300 1485
f 1484 1300 1297
f 1571 1574 1486
f 1571 1485 1484
f 1484 1482 1568
f 1281 1849 1847
f 1851 1852 1847
f 1848 1844 1843
f 1846 898 1843
f 1441 1436 1437
f 1436 1443 1445
f 1406 1800 1799
f 1403 1402 1803
f 1388 1331 1329
f 1333 1388 1387
f 1370 1867 1368
f 1337 977 981
f 1832 1328 1327
f 1838 1318 1317
f 1314 1498 1317
f 1494 1496 1314
f 1312 1315 1008
f 1875 1877 1876
f 1877 1285 1286
f 1874 1878 1877
f 1889 1268 1887
f 1897 1890 1887
f 1884 1896 1897
f 1896 1257 1258
f 1882 1880 1901
f 1901 1880 1023
f 1270 1271 1272
f 1259 1890 1897
f 1251 1259 1258
f 1257 1253 1252
f 1253 1231 1233
f 1224 1222 1902
f 1027 1030 1216
f 1022 1277 1276
f 1214 1015 1034
f 1870 1308 1012
f 1006 1004 1042
f 1320 998 999
f 988 1057 1055
f 958 1344 1347
f 1349 955 956
f 930 927 928
f 913 1136 1135
f 1138 905 903
f 900 1841 1865
f 1923 1922 1921
f 1924 1921 1922
f 1924 1925 1927
f 1933 1934 2019
f 1946 1947 237
f 242 240 1950
f 1959 1957 1958
f 1968 1940 1942
f 1982 690 691
f 1996 1994 1995
f 2030 2029 2024
f 2022 2021 2032
f 2029 2030 2031
f 1924 2036 2037
f 1980 1979 1976
f 1971 1967 1972
f 1968 1965 1966
f 1966 1964 690
f 1961 1935 1933
f 2037 2038 1920
f 888 1860 884
f 879 1914 1912
f 1915 1914 879
f 875 873 1923
f 874 1237 1236
f 869 1925 1922
f 868 870 1234
f 1228 1227 862
f 862 1227 1225
f 860 1225 1902
f 1215 851 853
f 850 849 1949
f 1210 843 845
f 843 1210 1208
f 2040 251 249
f 1047 839 841
f 826 824 266
f 2054 279 278
f 2054 812 280
f 2065 799 2066
f 799 2068 2067
f 2050 817 815
f 815 814 2052
f 814 815 1183
f 811 810 2056
f 811 1178 1177
f 809 2057 2056
f 1177 1176 809
f 1174 1172 805
f 803 802 2064
f 1171 1170 801
f 1164 792 793
f 790 791 1163
f 788 2077 2076
f 2078 2077 788
f 781 727 2079
f 778 1153 1152
f 774 735 734
f 771 770 2082
f 1144 770 771
f 770 769 740
f 768 742 740
f 768 766 2083
f 2086 753 751
f 2087 2086 763
f 891 761 762
f 2084 747 745
f 2080 773 737
f 736 719 720
f 701 1992 1993
f 1979 1980 697
f 691 692 693
f 693 692 697
f 235 688 690
f 326 325 324
f 310 322 320
f 311 319 318
f 303 313 314
f 302 314 315
f 260 259 2043
f 255 212 2096
f 253 254 2095
f 838 835 254
f 252 253 2097
f 226 364 362
f 218 248 250
f 215 214 374
f 2098 2097 214
f 259 260 261
f 261 262 206
f 207 206 109
f 109 206 205
f 2103 100 2101
f 2105 199 2106
f 2119 2126 2117
f 186 183 2125
f 2117 23 25
f 189 2115 2114
f 263 204 205
f 282 189 190
f 321 163 61
f 162 163 321
f 158 157 156
f 2137 2135 2136
f 91 89 2138
f 2146 144 2145
f 618 2142 2145
f 2144 2142 2134
f 2135 84 82
f 2133 2134 82
f 2131 2130 2145
f 2128 145 2129
f 141 2148 2147
f 140 141 142
f 2150 103 125
f 123 2151 2150
f 380 381 112
f 106 104 2150
f 103 102 128
f 103 104 101
f 97 98 99
f 42 78 79
f 75 73 2129
f 2120 2125 21
f 121 108 107
f 377 379 115
f 256 2041 257
f 783 782 2079
f 1445 1432 1433
f 1650 1651 1668
